{"type":"FeatureCollection","name":"Masque hydrographique Calais","metadata":{"source":"OpenStreetMap — ODbL 1.0","purpose":"exclusion"},"features":[{"type":"Feature","properties":{"constraint":"water"},"geometry":{"type":"MultiPolygon","coordinates":[[[[1.8429173,50.9548815],[1.8426585,50.9548557],[1.8424656,50.9547896],[1.8423677,50.954704],[1.8422882,50.9545289],[1.842164,50.9544205],[1.840991,50.9540609],[1.8408203,50.9539977],[1.8405442,50.9538956],[1.8403689,50.9538616],[1.8403329,50.9538995],[1.8403405,50.9539225],[1.8403215,50.9539526],[1.840304,50.9539804],[1.8419497,50.954478],[1.8420364,50.9545195],[1.8421053,50.9545783],[1.8421304,50.9546134],[1.8421584,50.9546704],[1.842189,50.9547282],[1.8422222,50.9547869],[1.8422992,50.9548762],[1.8424373,50.9549439],[1.8433447,50.9550451],[1.8435783,50.9549889],[1.8437327,50.9549288],[1.8438153,50.9548325],[1.8439009,50.9547633],[1.8440484,50.9547277],[1.8455891,50.9546279],[1.8448453,50.9556348],[1.8440923,50.9566956],[1.8440675,50.9567264],[1.8439999,50.9567338],[1.8439355,50.9568175],[1.8436526,50.9570464],[1.8435064,50.957092],[1.8433924,50.9572128],[1.8433478,50.9573265],[1.8432677,50.9575304],[1.8431892,50.9576132],[1.8431389,50.9577682],[1.8431067,50.9581851],[1.8432782,50.9583985],[1.843399,50.958425],[1.8434756,50.9584644],[1.84351,50.9585432],[1.8435549,50.959125],[1.8435486,50.9596833],[1.8436182,50.9596816],[1.843656,50.9599243],[1.8437782,50.9599366],[1.8437989,50.9599074],[1.8438373,50.9599229],[1.8439022,50.9599322],[1.8439313,50.9599154],[1.8439433,50.9598989],[1.8438743,50.9598589],[1.8438503,50.9597343],[1.843863,50.9594493],[1.8438851,50.9589685],[1.8439031,50.9585788],[1.84387,50.9583409],[1.8436709,50.95806],[1.8436783,50.9575681],[1.8437681,50.9574612],[1.8439804,50.9571745],[1.8442076,50.9570134],[1.8443336,50.9569651],[1.8443747,50.9568912],[1.8443427,50.9568841],[1.8443774,50.9568294],[1.8449257,50.9561026],[1.845566,50.9551551],[1.8472421,50.9548176],[1.8475143,50.954743],[1.8474488,50.9546207],[1.8474485,50.9546166],[1.84745,50.9546133],[1.8474537,50.9546105],[1.8474639,50.9546079],[1.8477765,50.9545425],[1.8477826,50.9545426],[1.8477898,50.9545439],[1.8477965,50.9545476],[1.8477998,50.954553],[1.8478537,50.9546525],[1.8483583,50.9546317],[1.8484226,50.9546271],[1.8503244,50.9545577],[1.8503307,50.9545454],[1.8503379,50.954535],[1.8503514,50.9545229],[1.8503667,50.954515],[1.8503875,50.9545082],[1.8504067,50.9545059],[1.8504244,50.9545058],[1.8508226,50.9545061],[1.8508355,50.9545073],[1.8508518,50.9545106],[1.8508666,50.954518],[1.8508821,50.9545283],[1.8508947,50.9545404],[1.8509021,50.9545516],[1.8509059,50.9545643],[1.8545961,50.9545505],[1.854594,50.954489],[1.8550535,50.9544851],[1.8551935,50.9544888],[1.8554806,50.9546767],[1.855852,50.954677],[1.8561025,50.9548494],[1.856205,50.95492],[1.8564668,50.9551019],[1.856647,50.955227],[1.857025,50.95549],[1.8571044,50.955545],[1.857411,50.955757],[1.857861,50.956068],[1.857959,50.956135],[1.8581553,50.956017],[1.8581925,50.9560174],[1.8584142,50.9561558],[1.858738,50.9563789],[1.8588865,50.9564872],[1.8586699,50.9566188],[1.858674,50.9566646],[1.8590003,50.9568702],[1.8590502,50.9569067],[1.8591305,50.9569703],[1.8596092,50.9573098],[1.8600406,50.957587],[1.8604319,50.9578598],[1.8605746,50.9579794],[1.8606316,50.9580174],[1.8606736,50.9580624],[1.8606956,50.9580994],[1.8607046,50.9581364],[1.8607076,50.9581854],[1.860555,50.958436],[1.860363,50.958815],[1.860178,50.959186],[1.859989,50.959567],[1.85978,50.959983],[1.85961,50.960323],[1.85945,50.960658],[1.85926,50.961053],[1.859071,50.961438],[1.858867,50.961848],[1.858352,50.96209],[1.857853,50.962327],[1.857331,50.96257],[1.857299,50.962647],[1.857403,50.962793],[1.857569,50.963031],[1.857619,50.963037],[1.857633,50.963048],[1.857682,50.963122],[1.857679,50.96314],[1.857534,50.963179],[1.857368,50.963205],[1.857225,50.963246],[1.857231,50.963258],[1.856416,50.963478],[1.856387,50.963471],[1.856243,50.963509],[1.856235,50.963526],[1.855665,50.96368],[1.855627,50.963675],[1.8554957,50.9637189],[1.8556175,50.9637943],[1.8556113,50.9639106],[1.8556244,50.9639302],[1.8557931,50.9638855],[1.8557773,50.9638651],[1.8563685,50.9637065],[1.8563888,50.9637164],[1.8565398,50.9636738],[1.8565334,50.9636575],[1.8567774,50.9635905],[1.857352,50.963434],[1.857366,50.963446],[1.857511,50.963406],[1.8576607,50.9633494],[1.857714,50.9633372],[1.857758,50.963335],[1.857791,50.963349],[1.857805,50.963371],[1.857803,50.963396],[1.85779,50.963411],[1.857713,50.963436],[1.857804,50.963564],[1.858116,50.96348],[1.858161,50.963487],[1.858192,50.963502],[1.858202,50.96353],[1.85819,50.963552],[1.858168,50.963567],[1.858051,50.963601],[1.85799,50.96366],[1.858222,50.963996],[1.858312,50.964016],[1.858965,50.963849],[1.859927,50.963603],[1.860244,50.963524],[1.860277,50.96345],[1.86026,50.963441],[1.860465,50.962956],[1.86072,50.962362],[1.8608822,50.9619698],[1.860954,50.96181],[1.861159,50.961323],[1.861436,50.960663],[1.861688,50.960068],[1.861888,50.95959],[1.862072,50.959158],[1.862226,50.958791],[1.862479,50.95819],[1.862636,50.957818],[1.862712,50.95764],[1.8623647,50.9575684],[1.86216,50.9575508],[1.8615604,50.9574444],[1.861538,50.957417],[1.861491,50.95743],[1.861443,50.957431],[1.861402,50.957413],[1.861353,50.957354],[1.861089,50.957363],[1.861062,50.957395],[1.861029,50.957426],[1.860992,50.957442],[1.86095,50.957446],[1.860917,50.957435],[1.860706,50.957295],[1.860675,50.957267],[1.860673,50.957235],[1.860689,50.957211],[1.860735,50.957178],[1.860669,50.957134],[1.860651,50.957142],[1.860299,50.956897],[1.859798,50.956547],[1.859361,50.956242],[1.859295,50.956238],[1.859182,50.956309],[1.859098,50.956359],[1.859069,50.956369],[1.859041,50.956366],[1.858917,50.956284],[1.8585584,50.9560398],[1.858424,50.955944],[1.858372,50.955903],[1.858587,50.955776],[1.858223,50.955522],[1.857804,50.955229],[1.857475,50.955003],[1.857089,50.954733],[1.8568424,50.9545691],[1.8567291,50.9544027],[1.8566911,50.9543509],[1.8566292,50.954261],[1.8566132,50.95423],[1.8566172,50.954209],[1.8566492,50.954177],[1.856792,50.954054],[1.856829,50.954028],[1.856864,50.954008],[1.856889,50.954003],[1.856934,50.954001],[1.8569677,50.9539774],[1.857024,50.953938],[1.857124,50.953864],[1.857247,50.953776],[1.857349,50.953702],[1.857377,50.95368],[1.857478,50.953586],[1.857698,50.953369],[1.857852,50.953216],[1.85815,50.952923],[1.858611,50.952469],[1.858891,50.952192],[1.859112,50.951975],[1.859278,50.951812],[1.859508,50.951584],[1.859712,50.951381],[1.859956,50.951141],[1.860225,50.950877],[1.860372,50.950734],[1.860543,50.950566],[1.860647,50.950399],[1.860723,50.950278],[1.860902,50.95011],[1.861146,50.94988],[1.8613801,50.9496534],[1.861427,50.949608],[1.861498,50.949539],[1.8615685,50.9494718],[1.8615396,50.9494572],[1.8616742,50.9493423],[1.8617881,50.9492984],[1.8617602,50.9492844],[1.8617705,50.9492548],[1.8618346,50.9492052],[1.8618844,50.9491936],[1.862029,50.949051],[1.862276,50.948809],[1.862438,50.948649],[1.8625687,50.9485313],[1.8625235,50.9485113],[1.8629767,50.9480795],[1.8630138,50.9480642],[1.86305,50.94805],[1.863194,50.947911],[1.863304,50.947806],[1.863506,50.947615],[1.863684,50.947443],[1.863972,50.947168],[1.86414,50.947006],[1.864357,50.946799],[1.864883,50.94629],[1.865078,50.946102],[1.865215,50.945971],[1.865291,50.945897],[1.865481,50.945716],[1.865619,50.94558],[1.8656728,50.9454802],[1.865796,50.9453503],[1.865935,50.945214],[1.866107,50.945058],[1.8662205,50.9449478],[1.8663487,50.9448359],[1.8664344,50.944761],[1.8665012,50.944701],[1.866596,50.94462],[1.8666882,50.9445255],[1.866852,50.944358],[1.8668747,50.944358],[1.8668952,50.944358],[1.866941,50.944358],[1.867069,50.944242],[1.8672108,50.944101],[1.8673338,50.943987],[1.8675018,50.943832],[1.867723,50.943637],[1.86787,50.943501],[1.868029,50.943353],[1.868187,50.943207],[1.868266,50.943135],[1.868423,50.942986],[1.868536,50.94288],[1.868651,50.942758],[1.86873,50.942672],[1.868891,50.942483],[1.868928,50.942436],[1.869007,50.942323],[1.869068,50.942238],[1.869117,50.942168],[1.869148,50.94212],[1.86922,50.942006],[1.869293,50.941893],[1.869368,50.941772],[1.869404,50.941716],[1.869478,50.94161],[1.869524,50.941547],[1.869592,50.941455],[1.869668,50.941358],[1.869711,50.941303],[1.869771,50.941228],[1.869848,50.941131],[1.869916,50.941045],[1.870014,50.940921],[1.870068,50.940854],[1.8701485,50.9407398],[1.870312,50.940544],[1.870401,50.940432],[1.870498,50.940307],[1.870485,50.940301],[1.870479,50.940294],[1.870474,50.94028],[1.870473,50.940259],[1.870478,50.940244],[1.870509,50.940207],[1.870521,50.940192],[1.870536,50.940173],[1.870561,50.940149],[1.8705994,50.9401311],[1.8706571,50.9401184],[1.8705873,50.9400982],[1.8705941,50.9400903],[1.8706604,50.9399986],[1.8706894,50.940008],[1.8707234,50.9400035],[1.8707469,50.9399854],[1.870794,50.939918],[1.870902,50.939744],[1.870988,50.939601],[1.871013,50.939553],[1.871099,50.939378],[1.871181,50.939201],[1.871212,50.939131],[1.871233,50.939079],[1.871276,50.938953],[1.871328,50.938795],[1.871372,50.938645],[1.871431,50.9384],[1.871484,50.938192],[1.871531,50.938014],[1.871556,50.93791],[1.8715901,50.9377436],[1.8716208,50.9376243],[1.8716598,50.9374734],[1.87169,50.937388],[1.871713,50.937297],[1.87173,50.937234],[1.871756,50.937131],[1.8719699,50.9364519],[1.8720309,50.9362451],[1.872049,50.936152],[1.8720567,50.9360785],[1.8720586,50.9359942],[1.8720569,50.9359068],[1.8720494,50.935844],[1.8720457,50.9357837],[1.8720325,50.9357016],[1.8720229,50.9356431],[1.8720011,50.9355776],[1.8719613,50.935473],[1.8719273,50.9353934],[1.8718722,50.9352876],[1.8718018,50.9351761],[1.8717371,50.9350802],[1.8716584,50.9349831],[1.871562,50.9348677],[1.8714642,50.9347662],[1.8713786,50.9346838],[1.8712982,50.9346163],[1.8711628,50.9345098],[1.870981,50.934382],[1.870838,50.934278],[1.870725,50.934187],[1.870605,50.934091],[1.8705203,50.9340216],[1.870471,50.933978],[1.8703379,50.9338558],[1.8702124,50.9337372],[1.870193,50.9337125],[1.8701459,50.9336603],[1.8700598,50.933547],[1.8699851,50.9334421],[1.8698405,50.9332406],[1.8696999,50.9329267],[1.8696426,50.9327573],[1.8696125,50.9326354],[1.8695814,50.9325229],[1.8695505,50.9323823],[1.8695447,50.9320959],[1.8695392,50.9319475],[1.8695672,50.9317259],[1.8695793,50.9316296],[1.8696116,50.9313391],[1.8696619,50.9310452],[1.8697123,50.930675],[1.8697687,50.9303527],[1.8698158,50.930044],[1.8698574,50.929741],[1.8698705,50.9294947],[1.8698602,50.9292448],[1.8698485,50.9290553],[1.8698425,50.9289275],[1.8698137,50.9286968],[1.8697631,50.928475],[1.8696688,50.9281136],[1.8696128,50.9278165],[1.8695106,50.9274082],[1.8694542,50.9272012],[1.8694223,50.9270252],[1.8694113,50.9268826],[1.8694126,50.9268016],[1.8693498,50.9267635],[1.8693921,50.9266711],[1.8694193,50.9266781],[1.8694585,50.9266681],[1.8694933,50.926595],[1.8695268,50.9265038],[1.8696201,50.9263016],[1.8697533,50.9260919],[1.8698858,50.9259083],[1.8700582,50.9257206],[1.8703885,50.9254192],[1.8705408,50.9252908],[1.8707937,50.9250774],[1.8711381,50.9247898],[1.8713465,50.9246036],[1.8713722,50.9245742],[1.8714093,50.9245588],[1.8717216,50.9243128],[1.8719822,50.9241202],[1.8721903,50.9239591],[1.8722874,50.9238984],[1.8726165,50.9237225],[1.8728631,50.9236031],[1.8733598,50.9233472],[1.8736766,50.9231872],[1.8744239,50.9227987],[1.8748357,50.9225513],[1.8752577,50.9223255],[1.8756168,50.9221618],[1.8760311,50.9219869],[1.8763647,50.9218568],[1.8766585,50.9217603],[1.8767548,50.9217357],[1.8769774,50.9216821],[1.8777393,50.9215211],[1.8784369,50.9213604],[1.8792048,50.9211948],[1.8800964,50.9209877],[1.8809728,50.920789],[1.8818402,50.9205912],[1.8826533,50.9204108],[1.8835539,50.9202029],[1.884235,50.9200421],[1.8850857,50.9198544],[1.8860297,50.9196375],[1.8870053,50.919416],[1.8871531,50.9193626],[1.8875922,50.9192552],[1.8887199,50.9190132],[1.8891567,50.9189086],[1.8899496,50.9187265],[1.8908378,50.9185307],[1.8917278,50.9183208],[1.8925605,50.9181329],[1.8932428,50.9179815],[1.8941596,50.9177765],[1.8948435,50.9176222],[1.8952889,50.9175261],[1.8961193,50.9173468],[1.8968333,50.9171815],[1.897436,50.9170444],[1.8980462,50.9169055],[1.8988113,50.9167302],[1.8997009,50.9165334],[1.9003307,50.9163909],[1.9011078,50.91621],[1.9017556,50.916061],[1.9025823,50.9158712],[1.9035168,50.9156552],[1.9041786,50.9155023],[1.9049562,50.9153252],[1.9054922,50.9151978],[1.9062558,50.9150206],[1.9071081,50.9148206],[1.9074672,50.9147401],[1.907882,50.9146472],[1.9086591,50.9144673],[1.90934,50.9143072],[1.9101831,50.9141127],[1.9109662,50.91393],[1.911689,50.9137712],[1.9123179,50.9136201],[1.9123519,50.9136119],[1.9130974,50.9134392],[1.913915,50.9132473],[1.9145266,50.9131093],[1.9152764,50.9129423],[1.9158984,50.9127925],[1.9160812,50.9127466],[1.9161504,50.9127284],[1.9162115,50.9127216],[1.9162726,50.9127172],[1.9163284,50.9127177],[1.9163763,50.9127239],[1.9164357,50.9127343],[1.9164756,50.9127502],[1.9165409,50.9127878],[1.916611,50.9128458],[1.9166765,50.9128776],[1.916738,50.912911],[1.9168113,50.9129404],[1.9168989,50.9129666],[1.9169933,50.9129831],[1.9171112,50.912994],[1.917202,50.9129948],[1.917306,50.9129876],[1.9174115,50.9129689],[1.9175107,50.9129468],[1.9176129,50.9129034],[1.9177361,50.9128504],[1.9178192,50.9127896],[1.9178816,50.9127303],[1.9179527,50.9126427],[1.9179837,50.9125794],[1.9179966,50.9125246],[1.9179906,50.9124466],[1.9179735,50.9123447],[1.9179527,50.9122871],[1.9179579,50.9122305],[1.9179825,50.9121758],[1.91802,50.9121285],[1.9180541,50.9121091],[1.9181237,50.9120778],[1.9182336,50.9120353],[1.9185374,50.9119183],[1.9188212,50.9118241],[1.9194915,50.9115658],[1.9195896,50.9115323],[1.9196251,50.9115145],[1.9196438,50.9114901],[1.91972,50.9114489],[1.9197844,50.9114151],[1.9200251,50.9113285],[1.9203799,50.9111936],[1.9212556,50.9108606],[1.9226949,50.9103453],[1.9241426,50.9098006],[1.9243737,50.9097159],[1.9255324,50.9092914],[1.9267179,50.9088607],[1.9275069,50.9085731],[1.928304,50.9082729],[1.9295837,50.9078053],[1.9305741,50.9074501],[1.9309758,50.907306],[1.9321533,50.9068801],[1.9329772,50.9065971],[1.9342931,50.9061314],[1.9357635,50.9056065],[1.936506,50.9053604],[1.9366266,50.9053632],[1.9390405,50.9045311],[1.940255,50.9040945],[1.9413824,50.9037043],[1.94229,50.9033797],[1.9423516,50.9033499],[1.9423821,50.9033215],[1.9424207,50.9032784],[1.9424917,50.9032355],[1.9432156,50.9029773],[1.9437517,50.902781],[1.9442446,50.9026073],[1.9454387,50.9021845],[1.9461943,50.9019035],[1.9468135,50.9016858],[1.9474703,50.9014463],[1.9479676,50.9012772],[1.948826,50.900964],[1.9494114,50.9007563],[1.9498951,50.9005819],[1.9504435,50.9003861],[1.9509659,50.9002004],[1.9515125,50.9000063],[1.9521189,50.8997981],[1.9526776,50.8995936],[1.9534274,50.8993299],[1.954342,50.8990027],[1.9548043,50.898842],[1.9553785,50.8986388],[1.9558409,50.8984694],[1.956332,50.8982922],[1.9567323,50.898153],[1.957177,50.8979979],[1.9577539,50.8977971],[1.9582781,50.8976097],[1.9588276,50.8974033],[1.9596918,50.8970715],[1.960268,50.8968556],[1.96075,50.8966747],[1.9613614,50.8964451],[1.9620228,50.8961939],[1.962223,50.8961192],[1.9625075,50.8960131],[1.9630671,50.895801],[1.9634557,50.8956524],[1.9639054,50.8954771],[1.9642938,50.8953326],[1.964733,50.8951728],[1.9652095,50.8949867],[1.9656397,50.8948228],[1.9661559,50.8946266],[1.9665962,50.8944593],[1.9670085,50.8943126],[1.9673368,50.8941919],[1.9678065,50.8940208],[1.9681229,50.8939087],[1.968466,50.8937907],[1.9687912,50.8936893],[1.9691355,50.893577],[1.9693411,50.8935146],[1.9695535,50.8934459],[1.969718,50.8933999],[1.9697563,50.8933954],[1.969796,50.8933968],[1.9698325,50.8934038],[1.969904,50.8934161],[1.9699467,50.8934213],[1.9699972,50.8934188],[1.9700355,50.8934143],[1.970077,50.8934002],[1.9701641,50.893373],[1.97024,50.8933552],[1.9702149,50.8933144],[1.9702125,50.8932844],[1.9702348,50.8932431],[1.9702536,50.8932229],[1.970306,50.8932002],[1.9703889,50.8931835],[1.9704887,50.8931593],[1.97081,50.893045],[1.9713657,50.8929309],[1.9722301,50.8927307],[1.9728918,50.8925907],[1.9734402,50.8924747],[1.9739809,50.8923537],[1.9740513,50.892338],[1.9745918,50.8922161],[1.9746503,50.8922029],[1.9749971,50.8921249],[1.9754574,50.892037],[1.9761552,50.8919184],[1.9765968,50.8918488],[1.9767929,50.8918225],[1.977069,50.8917765],[1.9772837,50.8917397],[1.9774395,50.8917063],[1.9782063,50.8915419],[1.9789432,50.8913801],[1.979806,50.8911904],[1.9804509,50.8910442],[1.9809037,50.8909486],[1.9809626,50.8909361],[1.9811785,50.8908901],[1.9812537,50.8908743],[1.9813904,50.8908416],[1.9818946,50.8906991],[1.9824803,50.8905331],[1.9827723,50.8904534],[1.9829538,50.8903989],[1.9831213,50.8903521],[1.9837048,50.8902189],[1.9843804,50.8900662],[1.9849807,50.8899303],[1.985627,50.889787],[1.9859955,50.8897032],[1.9864882,50.8896011],[1.9872635,50.889428],[1.9878367,50.8893008],[1.9879221,50.8892819],[1.9885959,50.8891359],[1.9892731,50.8889794],[1.990125,50.8887934],[1.990894,50.8886289],[1.9917015,50.8884483],[1.992878,50.8881973],[1.9929823,50.8881741],[1.9939678,50.8879551],[1.9951399,50.8877054],[1.9959823,50.887513],[1.9971068,50.8872669],[1.9979556,50.8870773],[1.9982227,50.8870126],[1.9985612,50.8869472],[1.9990509,50.8868789],[1.9993498,50.8868472],[1.9995379,50.8868379],[1.9996504,50.8868347],[1.9998651,50.8868311],[2.0000735,50.8868401],[2.0003044,50.8868498],[2.0005167,50.8868684],[2.0006427,50.8868774],[2.0006656,50.8868917],[2.0006999,50.8868975],[2.0007234,50.8868817],[2.0008486,50.886891],[2.0008893,50.8868939],[2.0009908,50.8869124],[2.0010443,50.8869249],[2.001237,50.8869775],[2.0017907,50.8871092],[2.0018738,50.8871373],[2.0020105,50.8871713],[2.0026718,50.8873416],[2.0033273,50.8875104],[2.0050454,50.8879476],[2.0067578,50.8883992],[2.0093595,50.8890904],[2.0111191,50.889562],[2.0119718,50.8897831],[2.0128431,50.8900163],[2.0135209,50.8901904],[2.0143872,50.8904278],[2.0151855,50.8906368],[2.0159102,50.8908256],[2.016689,50.8910327],[2.018364,50.8914774],[2.0190142,50.8916504],[2.019828,50.8918678],[2.0220331,50.8924504],[2.0225083,50.8925716],[2.0233649,50.8927964],[2.0238448,50.8929243],[2.024432,50.8930708],[2.0255743,50.893377],[2.0275786,50.8939072],[2.0282587,50.894083],[2.028955,50.8942701],[2.0299516,50.894525],[2.03041,50.8946466],[2.0306398,50.8947092],[2.0310507,50.8948212],[2.0315821,50.8949631],[2.0326629,50.8952399],[2.034104,50.8956266],[2.035271,50.8959357],[2.0361137,50.8961539],[2.0376232,50.8965566],[2.038283,50.8967367],[2.0388632,50.8968916],[2.0397769,50.8971342],[2.0404518,50.8973133],[2.041008,50.897456],[2.0420191,50.8977312],[2.0427596,50.8979174],[2.0438987,50.8982204],[2.0450552,50.898531],[2.0456222,50.8986807],[2.0466973,50.898961],[2.0472364,50.8991026],[2.0481009,50.899331],[2.0486841,50.8994886],[2.0496257,50.899737],[2.0511358,50.9001274],[2.0513878,50.9001986],[2.0513931,50.9002084],[2.051665,50.9002779],[2.0528259,50.9005869],[2.0533634,50.9007315],[2.0539228,50.9008752],[2.0543858,50.9009955],[2.0551439,50.9011991],[2.055795,50.9013672],[2.0564165,50.9015302],[2.0568779,50.9016524],[2.0573581,50.9017737],[2.0578041,50.9018899],[2.0581336,50.9019705],[2.0586822,50.9021053],[2.0591968,50.9022299],[2.0596258,50.9023311],[2.0600255,50.9024192],[2.0607763,50.9025922],[2.0619658,50.9028695],[2.0626359,50.9030254],[2.0626615,50.9030301],[2.0626834,50.9030307],[2.0627123,50.903032],[2.0627465,50.9030357],[2.0636484,50.9032493],[2.0646746,50.9034885],[2.0651877,50.9036051],[2.0655083,50.903663],[2.0658538,50.9037269],[2.066194,50.9037843],[2.0664432,50.903822],[2.0666166,50.9038436],[2.0667923,50.9038649],[2.0670157,50.903882],[2.0673867,50.9039304],[2.0674036,50.9039165],[2.067419,50.9039142],[2.067458,50.9039077],[2.0674846,50.903913],[2.0675046,50.9039125],[2.0675311,50.9039235],[2.0682888,50.9039122],[2.0690429,50.9039075],[2.0700522,50.9039042],[2.070718,50.9039049],[2.0712621,50.9039008],[2.0720365,50.9038994],[2.072817,50.9038934],[2.0739955,50.9038556],[2.0746625,50.9038331],[2.0750408,50.9038168],[2.0755713,50.9037815],[2.0763079,50.9037339],[2.0771141,50.9036708],[2.0778255,50.9036156],[2.0784475,50.9035649],[2.0788362,50.9035328],[2.0791625,50.9035033],[2.0794008,50.9034838],[2.0797859,50.9034623],[2.0799955,50.9034458],[2.0805938,50.9033949],[2.0811042,50.903353],[2.0814524,50.9033237],[2.0818734,50.9032768],[2.0820967,50.9032487],[2.0826079,50.9031673],[2.0830008,50.9030957],[2.0832261,50.9030494],[2.0833854,50.9030122],[2.0837245,50.9029273],[2.0844996,50.9027242],[2.0852984,50.9025127],[2.0859786,50.9023302],[2.0866365,50.9021635],[2.0870486,50.9020547],[2.087827,50.9018537],[2.0881306,50.9017716],[2.0881842,50.9017706],[2.0882243,50.9017549],[2.0883119,50.9017241],[2.0886462,50.9016338],[2.0892957,50.9014649],[2.0899961,50.9012814],[2.0906965,50.9011011],[2.0913105,50.900932],[2.0920414,50.9007434],[2.0926553,50.9005816],[2.0933895,50.9003909],[2.0937354,50.9003018],[2.0942822,50.9001572],[2.0944375,50.9001162],[2.095009,50.8999648],[2.0953855,50.8998674],[2.0961146,50.8996799],[2.0965775,50.8995596],[2.0971202,50.8994155],[2.0977562,50.8992443],[2.0981766,50.8991386],[2.0985276,50.8990496],[2.0992618,50.8988556],[2.0998299,50.8987063],[2.1004149,50.898555],[2.1008967,50.8984157],[2.1013411,50.898286],[2.1015305,50.8982234],[2.1016943,50.8981639],[2.1018755,50.8980934],[2.1020987,50.8980023],[2.1023419,50.8979019],[2.102365,50.8979128],[2.1024456,50.8978801],[2.1024425,50.897853],[2.102651,50.8977495],[2.1028915,50.8976289],[2.1035213,50.8973281],[2.1038637,50.8971681],[2.1041881,50.897016],[2.1045524,50.8968576],[2.1048741,50.8967167],[2.1055593,50.8964303],[2.1066844,50.8959693],[2.1070804,50.8958054],[2.1076386,50.8955699],[2.1080081,50.895412],[2.1084427,50.8952142],[2.1089545,50.8949875],[2.109456,50.8947676],[2.1100122,50.8945139],[2.1105662,50.8942723],[2.1112296,50.8939873],[2.1113828,50.8939188],[2.111725,50.8937659],[2.1123331,50.8934918],[2.1129441,50.8932261],[2.1135085,50.8929761],[2.1140833,50.8927276],[2.1145397,50.8925139],[2.1150087,50.8922962],[2.1155526,50.8920316],[2.1160763,50.8917745],[2.1164893,50.8915705],[2.1168615,50.8913904],[2.1170146,50.8913118],[2.1171046,50.8912767],[2.1171554,50.8912667],[2.117247,50.8912231],[2.1172686,50.8911979],[2.1172915,50.891179],[2.1173275,50.8911582],[2.1178796,50.8908901],[2.1184915,50.8905938],[2.1188924,50.8903993],[2.1193004,50.8902067],[2.1195041,50.8900832],[2.1195412,50.8900708],[2.1195654,50.890069],[2.1195812,50.8900711],[2.1195927,50.8900752],[2.1196694,50.8900231],[2.1196163,50.8899941],[2.1198394,50.8898874],[2.119988,50.8898131],[2.1200634,50.8898317],[2.1201411,50.8897921],[2.1201836,50.8897639],[2.120218,50.8897278],[2.120451,50.8896125],[2.1207109,50.8894869],[2.1210335,50.8893316],[2.1212787,50.8891972],[2.1215187,50.8890745],[2.1216295,50.8889992],[2.1218045,50.8888432],[2.1220365,50.8885684],[2.1222382,50.8883037],[2.1224346,50.8880268],[2.1225451,50.8878185],[2.1226652,50.8875272],[2.1227378,50.8872637],[2.1227678,50.8871026],[2.1227825,50.8869377],[2.122779,50.8867091],[2.1227832,50.8864817],[2.1227979,50.8861042],[2.1228245,50.8857144],[2.1226177,50.8857063],[2.1226332,50.8855934],[2.122573,50.8855773],[2.122521,50.8855818],[2.1225171,50.8856079],[2.1224213,50.8856919],[2.1223434,50.8856913],[2.1222916,50.8861188],[2.1222315,50.8865626],[2.1222083,50.8867786],[2.1221814,50.8869028],[2.1221527,50.8869787],[2.1219527,50.8873004],[2.1214675,50.888118],[2.1211081,50.8887124],[2.1210106,50.888862],[2.1209629,50.888935],[2.1209235,50.8889714],[2.1208787,50.8889918],[2.120832,50.889011],[2.1207815,50.8890217],[2.1207388,50.8890299],[2.1206963,50.8890296],[2.1206539,50.8890268],[2.1206076,50.8890191],[2.1205846,50.8890129],[2.1205461,50.8890003],[2.1205155,50.8889867],[2.1204117,50.889151],[2.1203279,50.8892835],[2.120313,50.8893395],[2.1202964,50.8893896],[2.1202706,50.8894435],[2.1202343,50.889498],[2.1201894,50.8895419],[2.1201304,50.8895834],[2.1200191,50.8896498],[2.1198351,50.889731],[2.1198347,50.8897508],[2.1198315,50.8897639],[2.1198177,50.8897827],[2.1197213,50.889846],[2.119538,50.8899322],[2.1195119,50.889899],[2.119404,50.8899378],[2.1193302,50.8899834],[2.1186509,50.8903258],[2.1179629,50.8906587],[2.1173036,50.890976],[2.1165522,50.8913402],[2.1162381,50.8914947],[2.1157394,50.8917399],[2.1148696,50.8921581],[2.1140781,50.8925269],[2.1132701,50.8929013],[2.1124294,50.8932725],[2.1116685,50.8935992],[2.1112096,50.89382],[2.110945,50.8939149],[2.11059,50.894084],[2.1100936,50.8942983],[2.109379,50.894613],[2.1085204,50.8949832],[2.1080986,50.8951656],[2.1078269,50.8952831],[2.1070764,50.8956051],[2.106299,50.8959297],[2.1057259,50.8961598],[2.1053103,50.8963299],[2.1050371,50.8964493],[2.1045604,50.8966639],[2.1041441,50.8968547],[2.1035865,50.8970975],[2.1029452,50.8973901],[2.1026417,50.8975338],[2.1025653,50.8975577],[2.10251,50.8975676],[2.1024476,50.8975624],[2.1023986,50.8975545],[2.1023408,50.897539],[2.10227,50.8975065],[2.1021624,50.8974492],[2.1020595,50.897487],[2.101954,50.8975257],[2.1019757,50.8975598],[2.1019956,50.897608],[2.1019934,50.8976428],[2.1019762,50.8976879],[2.1019532,50.8977225],[2.1019122,50.8977627],[2.10187,50.8977935],[2.1017949,50.8978268],[2.1016405,50.8978812],[2.1014696,50.897942],[2.1011391,50.8980571],[2.1003873,50.8982851],[2.0995277,50.8985079],[2.0987748,50.8987039],[2.0980491,50.8988914],[2.0973114,50.8990864],[2.0965941,50.8992773],[2.0958819,50.8994639],[2.0947354,50.8997657],[2.0944737,50.8998292],[2.0940843,50.8999356],[2.0933139,50.9001301],[2.0926294,50.9003117],[2.0916188,50.900575],[2.090657,50.9008407],[2.0899229,50.9010273],[2.0892537,50.9011973],[2.0886145,50.9013652],[2.0878147,50.901574],[2.0871178,50.9017641],[2.0863732,50.9019537],[2.085698,50.9021303],[2.085114,50.9022858],[2.0843824,50.9024815],[2.0836581,50.9026691],[2.0830911,50.9028043],[2.082885,50.9028517],[2.0825569,50.9029103],[2.0823512,50.9029471],[2.0823258,50.9029495],[2.0822845,50.9029466],[2.082272,50.9029417],[2.0822753,50.9029],[2.0822981,50.9028231],[2.0822914,50.9028161],[2.0822418,50.9028104],[2.0821439,50.9029594],[2.082142,50.9029689],[2.0821329,50.9029775],[2.0821196,50.9029826],[2.0820556,50.9029927],[2.081555,50.9030488],[2.0808426,50.9031127],[2.0796713,50.9032137],[2.0786341,50.9032931],[2.0774653,50.9033882],[2.0768586,50.9034422],[2.0762943,50.9034771],[2.0756972,50.9035234],[2.0750089,50.9035576],[2.0743668,50.9035961],[2.0738506,50.9036059],[2.0726067,50.9036338],[2.0710625,50.9036459],[2.0695924,50.9036539],[2.0683417,50.9036622],[2.0679993,50.903664],[2.0678835,50.9036669],[2.0677437,50.9036778],[2.0676063,50.9036836],[2.0673428,50.9036754],[2.0672722,50.9037064],[2.0671929,50.9037015],[2.0671575,50.903658],[2.0671019,50.9036533],[2.0669764,50.9036427],[2.0669183,50.9036374],[2.0668905,50.9036377],[2.0668473,50.9036422],[2.0667915,50.903653],[2.0667534,50.9036596],[2.0667278,50.9036738],[2.0666787,50.9036793],[2.066586,50.9036737],[2.0664454,50.9036577],[2.0662554,50.9036258],[2.0657844,50.9035519],[2.0649754,50.9033885],[2.0640737,50.9031769],[2.0628765,50.9029018],[2.0617492,50.9026459],[2.0607882,50.9024289],[2.0607105,50.9024096],[2.0598135,50.902199],[2.0590703,50.9020262],[2.0582761,50.9018292],[2.0580321,50.9017879],[2.0575782,50.9016607],[2.0570375,50.9015191],[2.0563959,50.9013451],[2.055563,50.901131],[2.0550348,50.9009905],[2.0542221,50.9007806],[2.0538277,50.9006688],[2.0537406,50.9006427],[2.0536777,50.9006281],[2.0535287,50.9005852],[2.0532218,50.9005079],[2.05249,50.9003173],[2.0510602,50.899938],[2.0504692,50.8997796],[2.0492386,50.8994652],[2.0486546,50.899303],[2.0483035,50.8992162],[2.0478577,50.8990892],[2.0469493,50.8988597],[2.0463716,50.8987003],[2.0459784,50.898598],[2.0453291,50.8984279],[2.0447822,50.8982796],[2.0444307,50.8981853],[2.0439967,50.8980722],[2.0435146,50.8979426],[2.0430059,50.8978127],[2.0423821,50.8976436],[2.0416352,50.8974413],[2.0414266,50.8974066],[2.040931,50.8972617],[2.0406273,50.8971968],[2.0402224,50.8970879],[2.0395173,50.8968891],[2.0390215,50.8967596],[2.0386639,50.8966707],[2.0386076,50.8966436],[2.0385753,50.8966342],[2.0385379,50.8966233],[2.0385186,50.8966404],[2.037828,50.896441],[2.0371306,50.8962545],[2.0365847,50.8961076],[2.0362311,50.8960132],[2.035729,50.8958787],[2.0353687,50.8957819],[2.0345915,50.8955806],[2.0338762,50.8954103],[2.0325188,50.8950263],[2.0311219,50.8946667],[2.0303351,50.8944556],[2.0296223,50.8942769],[2.0275822,50.8937332],[2.0267398,50.893513],[2.0259949,50.8933134],[2.0253378,50.8931412],[2.0238316,50.8927462],[2.0231703,50.8925783],[2.0222201,50.8923185],[2.0221712,50.8923151],[2.0221361,50.8923045],[2.0216437,50.8921764],[2.0198132,50.8916858],[2.0191584,50.8915102],[2.0187292,50.891396],[2.018192,50.8912505],[2.0176825,50.8911192],[2.0171998,50.8909899],[2.0167189,50.8908637],[2.0163575,50.8907732],[2.0160498,50.8906831],[2.0156283,50.890572],[2.0153877,50.8905175],[2.0150814,50.8904337],[2.0145508,50.8902949],[2.0142957,50.890221],[2.0138178,50.8900949],[2.0134802,50.8900193],[2.0129523,50.8898813],[2.0126515,50.8897891],[2.0119098,50.8895944],[2.0113592,50.8894463],[2.0109472,50.8893408],[2.0105344,50.8892267],[2.0100534,50.8891065],[2.0096528,50.8890041],[2.0092802,50.8889012],[2.0087927,50.8887719],[2.008242,50.8886299],[2.0077862,50.8885057],[2.0071841,50.888345],[2.0064967,50.8881672],[2.0059318,50.888019],[2.0053181,50.8878618],[2.0049081,50.887752],[2.0044542,50.8876248],[2.0040536,50.8875266],[2.0036176,50.8874208],[2.0026034,50.8871587],[2.0019006,50.8869874],[2.0015383,50.8868944],[2.0012487,50.8868165],[2.0008616,50.8867166],[2.0007048,50.886677],[2.0006293,50.8866569],[2.0005222,50.8866298],[2.000347,50.8865961],[2.0002013,50.8865791],[2.0001658,50.8865764],[2.0000728,50.8865671],[1.999974,50.8865565],[1.9998854,50.886552],[1.9997447,50.8865585],[1.9995948,50.8865688],[1.9994386,50.8865859],[1.9993572,50.8866036],[1.999136,50.8866597],[1.9978543,50.8869416],[1.9970132,50.8871239],[1.996172,50.8873101],[1.9952356,50.8875186],[1.9944528,50.8876888],[1.9937406,50.8878451],[1.9929025,50.8880283],[1.9922424,50.8881754],[1.9913321,50.8883725],[1.9901531,50.8886359],[1.9890863,50.8888684],[1.9879825,50.8891131],[1.9869479,50.8893382],[1.9859317,50.8895604],[1.9849077,50.8897884],[1.9843294,50.889915],[1.9838883,50.8900116],[1.9829964,50.8902059],[1.9821243,50.8904062],[1.9811065,50.8906255],[1.9805632,50.8907387],[1.9805459,50.8907588],[1.9803878,50.8907952],[1.9803728,50.8907815],[1.9793581,50.8910018],[1.978291,50.89124],[1.9773268,50.8914468],[1.9763719,50.8916621],[1.975765,50.8917982],[1.9749132,50.8919979],[1.9741943,50.8921572],[1.973387,50.8923312],[1.9724754,50.8925297],[1.9714934,50.8927525],[1.971075,50.8928329],[1.9707602,50.8929026],[1.9705743,50.8929513],[1.9703576,50.8930054],[1.970201,50.8930427],[1.970123,50.893043],[1.9700727,50.8930397],[1.9700072,50.8930285],[1.9699677,50.8930185],[1.9699284,50.8929978],[1.969906,50.8929744],[1.9698821,50.8929491],[1.9698697,50.8929058],[1.9698733,50.8928244],[1.9697352,50.892678],[1.9696601,50.8926205],[1.9694281,50.8924767],[1.9692457,50.8922703],[1.9689721,50.891937],[1.9685993,50.8915343],[1.9684169,50.8913228],[1.9678938,50.8907298],[1.967749,50.8905767],[1.9675827,50.890394],[1.9673091,50.8900996],[1.9670516,50.8898085],[1.9666359,50.8893534],[1.9664696,50.8891335],[1.9662443,50.8888813],[1.9658607,50.8884634],[1.9653833,50.8879456],[1.964989,50.8874888],[1.9647288,50.8871808],[1.9645496,50.8869939],[1.9642997,50.8866817],[1.964018,50.8863805],[1.9636962,50.8860048],[1.9633046,50.8855716],[1.9630685,50.8852891],[1.9626689,50.8848423],[1.9622773,50.8843914],[1.9620292,50.8841308],[1.9618508,50.8839235],[1.9615638,50.8835986],[1.9613922,50.8833972],[1.9611454,50.8831062],[1.9607645,50.882656],[1.9602656,50.8820942],[1.959866,50.881639],[1.9596514,50.8813885],[1.9593859,50.8810941],[1.9591981,50.8808622],[1.9589292,50.8805642],[1.9585624,50.8801582],[1.9580716,50.8796065],[1.9578221,50.8792934],[1.9575566,50.8789956],[1.9570792,50.8784506],[1.956937,50.8783017],[1.9566581,50.8779801],[1.9564784,50.8777838],[1.9563872,50.8775926],[1.9563952,50.8774673],[1.9564341,50.877398],[1.9565052,50.8772795],[1.9566205,50.8771382],[1.9567828,50.8769461],[1.9568042,50.87682],[1.9568002,50.8767041],[1.9567506,50.8765644],[1.9566849,50.8763918],[1.9566232,50.8762454],[1.9565548,50.8760685],[1.9563764,50.875587],[1.9561484,50.875037],[1.9559969,50.874657],[1.955891,50.8744209],[1.9557703,50.8741484],[1.9556254,50.8737997],[1.9555101,50.8735255],[1.9553947,50.8732784],[1.9553465,50.873165],[1.9553223,50.8730533],[1.9553143,50.872906],[1.9553974,50.8727757],[1.9555852,50.8726521],[1.955781,50.8725387],[1.9560519,50.8723796],[1.9562182,50.8722798],[1.9564086,50.872174],[1.9568002,50.8719463],[1.9577658,50.8713844],[1.958828,50.8707919],[1.9592464,50.8705482],[1.9597399,50.8702621],[1.9604722,50.8698474],[1.9611239,50.8694852],[1.9613305,50.8693549],[1.9615933,50.8691754],[1.9619071,50.8688995],[1.9625321,50.8683866],[1.9627976,50.8681581],[1.9631383,50.8678754],[1.9638169,50.8672982],[1.9642943,50.8668682],[1.9645625,50.8666481],[1.9649005,50.866357],[1.9652867,50.8660387],[1.9658741,50.8655342],[1.9667029,50.8648334],[1.9669336,50.8646649],[1.9669966,50.8645871],[1.9670302,50.8645261],[1.9669309,50.8644669],[1.9668129,50.8645862],[1.9666761,50.864698],[1.9660512,50.8651737],[1.9654718,50.8656544],[1.9652009,50.8658779],[1.9646698,50.8663705],[1.9642755,50.866682],[1.9635755,50.8672677],[1.9630015,50.8677315],[1.9628111,50.8679126],[1.9622961,50.8683629],[1.9618991,50.868693],[1.9611427,50.8693007],[1.9607243,50.8695157],[1.9602388,50.8697916],[1.9595253,50.8701826],[1.9581521,50.8709544],[1.9574761,50.8713607],[1.9567278,50.8717838],[1.956591,50.8718625],[1.9564314,50.8719565],[1.9562651,50.8720487],[1.9561538,50.8721156],[1.9559902,50.8722061],[1.955836,50.8723043],[1.9556308,50.8724423],[1.9553679,50.8725895],[1.9552311,50.8727114],[1.9551533,50.8728231],[1.9551051,50.8729433],[1.9551319,50.8730871],[1.9552472,50.8734206],[1.9553491,50.8736237],[1.9554484,50.873903],[1.9555423,50.8741602],[1.9558091,50.8747323],[1.9558601,50.8748626],[1.9559298,50.8750141],[1.9560465,50.8753331],[1.9561887,50.8756429],[1.9563456,50.8760364],[1.9564904,50.8763605],[1.9565763,50.8765399],[1.9566178,50.8767083],[1.9566058,50.8768623],[1.9565575,50.876958],[1.9564609,50.8770459],[1.9564287,50.8771052],[1.9562691,50.8772694],[1.9562182,50.8773827],[1.956194,50.8774843],[1.9562048,50.8775604],[1.9562289,50.8776467],[1.9562665,50.8777466],[1.9564006,50.8779192],[1.9566554,50.8782306],[1.9568914,50.8785065],[1.9574064,50.8790887],[1.9576129,50.8793273],[1.9578999,50.8796336],[1.9584283,50.8802191],[1.9585946,50.8803985],[1.9587904,50.880627],[1.9589701,50.8808267],[1.9592035,50.8810822],[1.959461,50.8814071],[1.9597265,50.8816948],[1.959925,50.8819233],[1.9600859,50.8821213],[1.9605902,50.8826797],[1.9609201,50.8830774],[1.9611481,50.883338],[1.9614699,50.8836866],[1.9618428,50.8841139],[1.9621378,50.8844354],[1.9623014,50.8846257],[1.9625482,50.8849168],[1.9629532,50.8853923],[1.9634038,50.8858728],[1.9639483,50.886482],[1.9642299,50.8868001],[1.9644579,50.8870742],[1.9647315,50.8873923],[1.9651794,50.8878678],[1.9658044,50.8886005],[1.9661665,50.8890082],[1.9665876,50.8894837],[1.9667432,50.8896546],[1.9670141,50.8899557],[1.9672823,50.8902671],[1.9674298,50.8904346],[1.9676042,50.8906173],[1.9676608,50.8906793],[1.967639,50.8906985],[1.967694,50.8907484],[1.9677142,50.8907378],[1.9677356,50.8907611],[1.9680145,50.8910674],[1.9682774,50.8913702],[1.9685,50.8916071],[1.9687387,50.8918812],[1.968897,50.8920724],[1.9691062,50.8923058],[1.9693074,50.8925055],[1.9694549,50.8926933],[1.9695112,50.8927804],[1.9696373,50.8929217],[1.9696619,50.892964],[1.9697067,50.8930046],[1.9697149,50.893051],[1.969711,50.8930858],[1.9697011,50.8931205],[1.969679,50.8931561],[1.9696521,50.8931974],[1.969638,50.8932137],[1.969607,50.8932347],[1.9695838,50.8932451],[1.9695469,50.8932545],[1.969464,50.893275],[1.9693948,50.8932928],[1.9692509,50.8933553],[1.9690914,50.893407],[1.9683782,50.8936524],[1.9679123,50.8938154],[1.9675814,50.8939297],[1.9674445,50.8939796],[1.9664272,50.8943594],[1.9655262,50.8947008],[1.9645162,50.8950795],[1.9635561,50.8954424],[1.9628049,50.895727],[1.9620408,50.8960173],[1.9612621,50.8963064],[1.9599632,50.8967997],[1.9590844,50.8971308],[1.9582558,50.8974345],[1.9575234,50.8976984],[1.9568535,50.8979353],[1.9566912,50.8979927],[1.9558092,50.8983017],[1.9550194,50.8985871],[1.9542113,50.8988712],[1.9539527,50.8989626],[1.9532534,50.8992097],[1.9523656,50.899529],[1.9513539,50.8998913],[1.9503646,50.9002353],[1.9495101,50.9005422],[1.9486703,50.9008433],[1.947899,50.9011231],[1.9470704,50.9014139],[1.9463064,50.9016925],[1.9453299,50.9020343],[1.9444457,50.9023513],[1.9437687,50.902597],[1.9431619,50.9028155],[1.942559,50.9030248],[1.9418784,50.9032635],[1.9409628,50.9035884],[1.9402933,50.9038214],[1.9395849,50.9040703],[1.938795,50.9043498],[1.9380423,50.9046123],[1.9373673,50.9048441],[1.9366349,50.9050962],[1.9358673,50.9053643],[1.9351514,50.9056201],[1.9342764,50.905929],[1.9334699,50.906213],[1.9328441,50.9064326],[1.9323508,50.9066032],[1.931635,50.9068531],[1.9309652,50.9070954],[1.9303141,50.9073204],[1.9301769,50.9073302],[1.9301039,50.9073607],[1.9296264,50.9075304],[1.9291293,50.9077064],[1.9284476,50.907957],[1.9277945,50.9081989],[1.9272909,50.9083795],[1.9265071,50.9086606],[1.9257258,50.9089489],[1.9253573,50.9090842],[1.9248687,50.9092635],[1.9241123,50.9095397],[1.9233113,50.9098393],[1.9231764,50.9098891],[1.9225849,50.9101075],[1.9219214,50.9103517],[1.921127,50.9106431],[1.9205576,50.9108568],[1.9204909,50.9108818],[1.9199032,50.9111013],[1.9192646,50.9113317],[1.9184282,50.9116424],[1.917974,50.9118098],[1.9177869,50.9118786],[1.917578,50.9119308],[1.9175063,50.9119458],[1.9172852,50.9119651],[1.9168389,50.9119115],[1.9165799,50.9120086],[1.9164499,50.9122507],[1.9164158,50.9122867],[1.9163305,50.9123645],[1.9162853,50.9124003],[1.9161956,50.9124417],[1.9160753,50.9124922],[1.9159159,50.91254],[1.9157646,50.9125739],[1.9152167,50.9127011],[1.9137558,50.9130421],[1.9115059,50.9135611],[1.9105576,50.9137782],[1.9097714,50.9139657],[1.9087766,50.9141899],[1.9079545,50.914377],[1.9069806,50.9146033],[1.906471,50.9147239],[1.9054611,50.9149549],[1.9048982,50.9150872],[1.9044548,50.9151884],[1.9036582,50.915372],[1.9029262,50.9155414],[1.9024625,50.9156463],[1.9023085,50.9156886],[1.9020218,50.9157509],[1.9020455,50.9157916],[1.9018406,50.9158394],[1.9018169,50.9157986],[1.9012181,50.9159381],[1.9007161,50.9160506],[1.8999931,50.9162159],[1.8993423,50.9163658],[1.8985352,50.9165492],[1.8983096,50.9165991],[1.8975764,50.9167614],[1.8967198,50.9169519],[1.895851,50.9171498],[1.8946571,50.9174095],[1.8939642,50.9175634],[1.8933542,50.9176987],[1.8928022,50.9178206],[1.8926752,50.9178487],[1.8919909,50.917998],[1.8915092,50.9181145],[1.8909332,50.9182441],[1.8905207,50.9183411],[1.8901516,50.9184366],[1.8899324,50.9184993],[1.8898949,50.9185177],[1.8898851,50.9185316],[1.8898784,50.9185476],[1.8898864,50.9185644],[1.8899004,50.9186013],[1.889777,50.9186309],[1.8897488,50.9186186],[1.8896851,50.918628],[1.8888186,50.9188384],[1.887813,50.9190682],[1.8873943,50.9191618],[1.8873455,50.9191707],[1.887299,50.9191689],[1.8872567,50.9191672],[1.8872019,50.9191627],[1.8871216,50.9191592],[1.8870603,50.9191587],[1.8869774,50.9191779],[1.8865864,50.9192611],[1.8859421,50.9194141],[1.8851917,50.9195821],[1.8842328,50.919807],[1.8832761,50.9200252],[1.8822918,50.9202511],[1.8813523,50.9204587],[1.8806314,50.9206297],[1.8798661,50.9208029],[1.8792221,50.9209425],[1.8786437,50.9210773],[1.8778764,50.9212438],[1.8773385,50.9213697],[1.8767708,50.9214993],[1.876311,50.9216272],[1.8758252,50.9217843],[1.8754668,50.9219159],[1.8753193,50.9219675],[1.8751488,50.9220374],[1.8749479,50.9221275],[1.8746786,50.9222492],[1.8742867,50.9224541],[1.8739354,50.9226406],[1.8738424,50.9226865],[1.8737945,50.9226987],[1.8737301,50.9226954],[1.8736703,50.9226693],[1.8734685,50.9227676],[1.8735056,50.9227878],[1.8735137,50.922815],[1.8734968,50.9228556],[1.8734568,50.9228933],[1.8733355,50.9229683],[1.8730665,50.9231228],[1.87273,50.9233107],[1.8726099,50.9233818],[1.87232,50.9235703],[1.8719309,50.9238344],[1.8716281,50.9240622],[1.8712224,50.9243754],[1.8708735,50.9246616],[1.8705673,50.9249249],[1.8702429,50.9252041],[1.8700375,50.925378],[1.8698755,50.9255168],[1.8697713,50.925623],[1.8697015,50.9256942],[1.8695606,50.9258735],[1.8694479,50.9260507],[1.869339,50.9262288],[1.8692637,50.9263886],[1.8691585,50.9266249],[1.8692682,50.926642],[1.8692108,50.9267416],[1.8691185,50.92673],[1.8691008,50.9267411],[1.8690937,50.9267538],[1.8690794,50.9267853],[1.8690034,50.9269733],[1.8689794,50.9271215],[1.8689899,50.9272152],[1.8690111,50.9272912],[1.8690966,50.9274533],[1.8692026,50.9276938],[1.8693094,50.9279809],[1.8693746,50.9282047],[1.8694045,50.9283349],[1.869444,50.9285471],[1.8694849,50.9287315],[1.8694946,50.928895],[1.869492,50.9289698],[1.869487,50.929117],[1.8695,50.929259],[1.869508,50.929342],[1.8695,50.9296],[1.869495,50.929764],[1.869484,50.929836],[1.869405,50.930373],[1.869305,50.931043],[1.8692766,50.9314877],[1.8691873,50.9321864],[1.8691626,50.9323274],[1.8690543,50.9330309],[1.8690417,50.9331301],[1.8690792,50.933207],[1.869204,50.9334984],[1.869387,50.9336194],[1.86977,50.933883],[1.869964,50.934013],[1.870091,50.934096],[1.8704183,50.9343163],[1.8706457,50.9344695],[1.8708159,50.9345905],[1.8709573,50.9346968],[1.8710537,50.934771],[1.8711237,50.9348366],[1.8711984,50.9349058],[1.8712802,50.9349901],[1.8713567,50.9350798],[1.8714139,50.9351587],[1.8714707,50.9352487],[1.8715583,50.9354086],[1.8715996,50.9354898],[1.871629,50.9355475],[1.871662,50.9356653],[1.8716855,50.9357448],[1.871714,50.9359873],[1.8717216,50.9361101],[1.8717016,50.9363529],[1.8716872,50.9364098],[1.8716529,50.9365449],[1.8716095,50.9367072],[1.8715763,50.9367592],[1.8715078,50.9369764],[1.8714677,50.9371035],[1.871294,50.937621],[1.8712576,50.9377665],[1.8712077,50.9379421],[1.8711558,50.9381419],[1.8710988,50.9383617],[1.8710514,50.9385366],[1.8710177,50.9386542],[1.8709632,50.9388727],[1.8709339,50.9389693],[1.8708593,50.9391457],[1.8707993,50.9392833],[1.8707534,50.9393747],[1.8707016,50.9394706],[1.8706364,50.9395864],[1.8705806,50.9396797],[1.8705193,50.9397965],[1.8704643,50.9398797],[1.8704444,50.9399112],[1.8704521,50.9399368],[1.870474,50.9399516],[1.8705005,50.9399594],[1.8704399,50.9400523],[1.8704137,50.9400427],[1.8703755,50.9400458],[1.8703511,50.9400543],[1.8703571,50.9400663],[1.8703601,50.9400783],[1.8703299,50.9401044],[1.8702882,50.9401836],[1.8702642,50.9401936],[1.8702478,50.9402124],[1.8701512,50.9403206],[1.8700432,50.9404556],[1.8699652,50.9405536],[1.8698952,50.9406416],[1.8697857,50.9407757],[1.8696747,50.9409137],[1.8695937,50.9410177],[1.8694826,50.9411518],[1.8693743,50.9412918],[1.8693112,50.9413835],[1.8692105,50.9415021],[1.8691292,50.9416123],[1.8690193,50.9417479],[1.868954,50.9418454],[1.8687552,50.9420846],[1.8686727,50.9421851],[1.8686212,50.942264],[1.8685452,50.94236],[1.8684612,50.942466],[1.8683592,50.942594],[1.8682966,50.9426725],[1.8682316,50.9427555],[1.8681626,50.9428395],[1.8681266,50.9428845],[1.868045,50.9429895],[1.868014,50.9430265],[1.867973,50.9430655],[1.867937,50.9431005],[1.86784,50.9431945],[1.8677451,50.943278],[1.8676701,50.9433451],[1.8673727,50.9436396],[1.8671377,50.943856],[1.8668795,50.9440985],[1.8666658,50.9443105],[1.8664067,50.9445521],[1.866252,50.9447059],[1.8661296,50.9448111],[1.8660556,50.9448934],[1.8658873,50.9450695],[1.8658079,50.9451418],[1.8657006,50.9452629],[1.8656603,50.9452539],[1.8655896,50.9452773],[1.865391,50.9454707],[1.8651597,50.9457251],[1.8648881,50.9459985],[1.8645729,50.9462923],[1.864287,50.9465661],[1.8640164,50.9468227],[1.8637328,50.9470766],[1.863451,50.947312],[1.863177,50.947577],[1.862996,50.947754],[1.86269,50.948053],[1.8624993,50.948246],[1.862241,50.948488],[1.861961,50.94876],[1.8617075,50.9490365],[1.8614905,50.9492226],[1.8614967,50.9492471],[1.8615102,50.9492778],[1.8613226,50.9494438],[1.8612571,50.9494372],[1.8611871,50.949512],[1.8611889,50.949521],[1.8611513,50.9495586],[1.8611395,50.9495572],[1.861015,50.949664],[1.860859,50.949811],[1.860715,50.94995],[1.860575,50.950081],[1.860422,50.950229],[1.860072,50.950574],[1.8600256,50.9506193],[1.859947,50.950696],[1.859846,50.950796],[1.859669,50.950966],[1.859506,50.951118],[1.859342,50.95128],[1.859166,50.951448],[1.858998,50.951611],[1.858848,50.951761],[1.85868,50.951926],[1.858489,50.952112],[1.858321,50.952274],[1.858244,50.952348],[1.858136,50.95247],[1.857935,50.952644],[1.857757,50.952795],[1.857569,50.952954],[1.857364,50.953125],[1.857284,50.953092],[1.857259,50.953117],[1.857152,50.953223],[1.857002,50.953372],[1.856943,50.953434],[1.856885,50.953514],[1.856776,50.953662],[1.856723,50.953737],[1.8566138,50.9538763],[1.856596,50.953899],[1.85662,50.953913],[1.85663,50.953927],[1.856636,50.953944],[1.856634,50.953953],[1.8566028,50.9539922],[1.856599,50.953997],[1.8564765,50.9541109],[1.8564669,50.9541236],[1.8564525,50.9541427],[1.8564335,50.9541507],[1.8564155,50.9541557],[1.8563955,50.9541567],[1.8563735,50.9541547],[1.8563735,50.9541607],[1.855945,50.954173],[1.8549438,50.9541972],[1.8549538,50.9542905],[1.8549681,50.9543753],[1.8548703,50.9543766],[1.8544245,50.9543773],[1.8543113,50.9543161],[1.8510132,50.9543293],[1.8510117,50.9543386],[1.8510068,50.9543478],[1.8509982,50.9543582],[1.8509867,50.9543682],[1.850973,50.9543773],[1.8509586,50.9543836],[1.8509399,50.9543877],[1.8509207,50.9543895],[1.8505209,50.9543904],[1.8504918,50.9543845],[1.8504715,50.9543751],[1.8504551,50.9543641],[1.8504441,50.9543516],[1.8504389,50.9543312],[1.8482683,50.9543354],[1.8477436,50.9544505],[1.8477527,50.9544666],[1.8477536,50.9544705],[1.847753,50.954474],[1.8477519,50.9544769],[1.847749,50.9544799],[1.8477462,50.9544818],[1.8477414,50.9544831],[1.847426,50.9545512],[1.84742,50.9545516],[1.8474144,50.9545505],[1.8474108,50.9545488],[1.8474082,50.954545],[1.8473904,50.9545117],[1.8473429,50.954423],[1.8470497,50.9544864],[1.8469231,50.9545138],[1.8460583,50.9544833],[1.8456803,50.9545092],[1.8439512,50.9546276],[1.8437585,50.9546756],[1.8435494,50.9548358],[1.843479,50.9549092],[1.8432628,50.954916],[1.8429792,50.9548877],[1.8429173,50.9548815]],[[1.8590085,50.9564039],[1.8590086,50.9564163],[1.858952,50.956443],[1.858943,50.9564494],[1.8589111,50.9564452],[1.8587685,50.9563568],[1.858559,50.956212],[1.8584472,50.9561325],[1.85829,50.956021],[1.8582314,50.9559824],[1.8582366,50.9559678],[1.8582921,50.9559372],[1.8583277,50.9559371],[1.8585042,50.9560645],[1.8588795,50.9563196],[1.8590085,50.9564039]]],[[[1.9314605,50.9602002],[1.9315886,50.9602057],[1.9317477,50.9601779],[1.9454747,50.9569971],[1.9540899,50.9550072],[1.9575935,50.954214],[1.9579261,50.9541447],[1.9580226,50.9541076],[1.9581058,50.9540687],[1.9581755,50.9540113],[1.9582158,50.9539538],[1.9608978,50.9487749],[1.9608469,50.9487563],[1.9605411,50.9493005],[1.9581299,50.9539487],[1.9580334,50.9540366],[1.9579636,50.954067],[1.9559186,50.9545368],[1.9500553,50.9558838],[1.9497327,50.9559478],[1.939745,50.9582605],[1.9328471,50.9598576],[1.9317343,50.9601153],[1.9316323,50.9601372],[1.9315116,50.9601423],[1.9313925,50.9601291],[1.9289217,50.9597397],[1.9252237,50.9591696],[1.9230666,50.9588437],[1.9229366,50.9588241],[1.9205575,50.9584647],[1.917456,50.9579848],[1.9157187,50.9577235],[1.911489,50.9570874],[1.9114625,50.957157],[1.9174156,50.9580866],[1.9192855,50.9583662],[1.9193209,50.9583715],[1.919673,50.9584241],[1.9205265,50.9585517],[1.9313103,50.9601751],[1.9314605,50.9602002]]],[[[1.9317993,50.9378511],[1.9317484,50.9378308],[1.931679,50.9378202],[1.9169157,50.9368159],[1.9168275,50.9368194],[1.9167541,50.9368264],[1.9166874,50.9368439],[1.9164366,50.9369536],[1.9163898,50.9369743],[1.9163686,50.9370062],[1.9163619,50.9370439],[1.9163574,50.9371426],[1.9163627,50.9372132],[1.9163788,50.9372456],[1.9164088,50.937273],[1.9164585,50.937288],[1.9165171,50.9372989],[1.9315764,50.9382574],[1.9316438,50.9382499],[1.9317108,50.9382347],[1.931743,50.9382009],[1.9317672,50.9381621],[1.9318423,50.9379187],[1.9318342,50.9378832],[1.9317993,50.9378511]]],[[[1.9288651,50.9340182],[1.9288473,50.9340369],[1.9288236,50.9340518],[1.9288078,50.9340767],[1.9288019,50.9341066],[1.9287999,50.9341377],[1.9288039,50.9341614],[1.928794,50.9341838],[1.9287742,50.9342087],[1.9287703,50.9342311],[1.9287644,50.9342585],[1.9287446,50.9342884],[1.928713,50.9343133],[1.9287031,50.9343382],[1.9287308,50.9343532],[1.9287762,50.9343569],[1.9288138,50.9343482],[1.9288454,50.9343332],[1.928875,50.9343083],[1.9289027,50.9342785],[1.9289283,50.9342386],[1.928956,50.9342025],[1.9289837,50.9341651],[1.9290173,50.9341303],[1.9290509,50.9340842],[1.9290765,50.9340381],[1.9290844,50.9340033],[1.9290943,50.9339709],[1.929037,50.9339472],[1.9289936,50.9339385],[1.9289659,50.9339373],[1.9289264,50.9339472],[1.9289007,50.9339684],[1.9288849,50.9339896],[1.9288651,50.9340182]]],[[[1.9267328,50.9341159],[1.9266916,50.934131],[1.9266745,50.9341483],[1.9266539,50.9341689],[1.9266385,50.9341927],[1.9266213,50.9342316],[1.926599,50.9342586],[1.9265819,50.9342899],[1.9265819,50.934317],[1.9265956,50.9343386],[1.9266179,50.9343516],[1.9266573,50.9343678],[1.9266934,50.934371],[1.9267311,50.9343721],[1.9267654,50.9343797],[1.9267791,50.9343991],[1.9268031,50.9344099],[1.9268443,50.9344294],[1.9268906,50.9344283],[1.9269387,50.9344143],[1.9269695,50.934398],[1.9269901,50.934371],[1.9270055,50.9343375],[1.9270313,50.934304],[1.927057,50.9342716],[1.9270536,50.9342348],[1.9270364,50.9341959],[1.927009,50.9341808],[1.9269832,50.93417],[1.9269455,50.9341602],[1.9269181,50.9341494],[1.9268786,50.9341386],[1.9268117,50.9341235],[1.9267654,50.9341127],[1.9267328,50.9341159]]],[[[1.9237554,50.9378798],[1.9235972,50.9378696],[1.9231614,50.94057],[1.9233196,50.9405802],[1.9237554,50.9378798]]],[[[1.9222128,50.943999],[1.9221989,50.9440513],[1.9221811,50.9441085],[1.9221693,50.9441596],[1.9221495,50.9442094],[1.9221357,50.9442592],[1.9221594,50.9443077],[1.9222049,50.9443189],[1.9222661,50.9443164],[1.9223116,50.9442903],[1.9223412,50.944248],[1.9223491,50.9441994],[1.9223708,50.9441446],[1.9223985,50.9440923],[1.9224341,50.9440301],[1.9224676,50.9439753],[1.9224834,50.9439131],[1.9224499,50.9438695],[1.9223886,50.9438533],[1.9223353,50.9438508],[1.922276,50.9438546],[1.9222503,50.9438707],[1.9222305,50.9439068],[1.9222207,50.9439479],[1.9222128,50.943999]]],[[[1.9213463,50.9438843],[1.9212777,50.9438788],[1.9212005,50.943868],[1.921101,50.9438583],[1.9209449,50.9438507],[1.9208231,50.9438497],[1.9206327,50.9438432],[1.920125,50.9438097],[1.9200272,50.9438021],[1.9199569,50.9437978],[1.9199123,50.9437924],[1.919878,50.9437956],[1.9198368,50.9438032],[1.9197922,50.9438118],[1.9197614,50.9438281],[1.9197219,50.9438594],[1.9197065,50.9438886],[1.9197065,50.9439134],[1.9197202,50.9439372],[1.9197562,50.9439523],[1.9198042,50.9439621],[1.9198574,50.9439621],[1.919926,50.9439556],[1.9199895,50.9439469],[1.920053,50.9439459],[1.9201147,50.9439621],[1.920173,50.9439675],[1.9202279,50.9439642],[1.9202811,50.9439621],[1.9203531,50.9439664],[1.9204183,50.9439783],[1.9204784,50.9439891],[1.9205538,50.9439869],[1.920643,50.9439761],[1.9207322,50.9439631],[1.9208489,50.9439448],[1.9209192,50.9439361],[1.9209895,50.9439459],[1.9210873,50.9439599],[1.9211559,50.9439826],[1.9212382,50.9440172],[1.9213189,50.9440399],[1.9214183,50.9440647],[1.9215075,50.9440701],[1.9215727,50.9440604],[1.9216225,50.9440388],[1.9216551,50.9440042],[1.9216791,50.9439631],[1.9216928,50.943921],[1.9217117,50.9438767],[1.9217357,50.943841],[1.9216774,50.943841],[1.921619,50.9438529],[1.9215607,50.9438724],[1.9215075,50.9438897],[1.9214647,50.9438961],[1.9214046,50.9438918],[1.9213463,50.9438843]]],[[[1.9192435,50.9386233],[1.9192586,50.938669],[1.9192978,50.9387109],[1.9193613,50.9387604],[1.9194398,50.9388041],[1.9194821,50.9388441],[1.9194821,50.9388974],[1.9195757,50.9388955],[1.9196542,50.9388745],[1.9197599,50.9388555],[1.9199169,50.9388174],[1.9200196,50.9387718],[1.920089,50.9387071],[1.9201374,50.9386557],[1.9201615,50.9385986],[1.9201494,50.9385453],[1.9200921,50.938513],[1.9200166,50.9384901],[1.919935,50.9384692],[1.9198323,50.9384597],[1.9197267,50.9384673],[1.9196572,50.9384787],[1.9195787,50.9384958],[1.9194972,50.9385168],[1.9194217,50.9385301],[1.919316,50.9385434],[1.9192616,50.938572],[1.9192435,50.9386233]]],[[[1.9195967,50.9442208],[1.9195779,50.9442543],[1.9195642,50.9442922],[1.919571,50.9443192],[1.9196036,50.9443419],[1.9196534,50.9443559],[1.9196911,50.9443538],[1.9197168,50.9443375],[1.9197357,50.944304],[1.919746,50.9442641],[1.9197408,50.9442305],[1.9197151,50.944197],[1.9196825,50.9441646],[1.9196654,50.9441354],[1.9196688,50.9441063],[1.9196842,50.9440771],[1.9196585,50.9440479],[1.9196088,50.9440457],[1.9195916,50.9440652],[1.9195813,50.9440922],[1.9195779,50.9441246],[1.9195916,50.9441506],[1.9196036,50.944183],[1.9195967,50.9442208]]],[[[1.9190059,50.9433642],[1.91899,50.9434115],[1.9189763,50.9434516],[1.9189468,50.9434803],[1.9189263,50.9435133],[1.9189445,50.943542],[1.9190014,50.9435535],[1.9190765,50.9435578],[1.9191425,50.9435535],[1.9192153,50.9435549],[1.919295,50.9435649],[1.9193769,50.9435563],[1.9194384,50.9435348],[1.9194816,50.9434947],[1.9194839,50.9434488],[1.9194702,50.9434158],[1.9194884,50.9433728],[1.9194862,50.9433269],[1.9194315,50.9432925],[1.9193519,50.943281],[1.9192904,50.9432839],[1.9192381,50.9432781],[1.9191812,50.9432724],[1.9191083,50.9432753],[1.919056,50.9432953],[1.9190264,50.943324],[1.9190059,50.9433642]]],[[[1.9179451,50.9591526],[1.9179827,50.9591827],[1.9180329,50.9592101],[1.9180683,50.9592237],[1.9181045,50.9592341],[1.9181482,50.9592426],[1.918205,50.9592478],[1.9182752,50.9592457],[1.9183128,50.9592406],[1.9183458,50.9592337],[1.9183761,50.9592251],[1.9184329,50.9592019],[1.9184648,50.9591835],[1.9184872,50.9591671],[1.9185117,50.9591443],[1.9185302,50.9591211],[1.9185414,50.9591023],[1.9185555,50.959059],[1.918553,50.959006],[1.9185413,50.9589747],[1.9185195,50.9589418],[1.9184988,50.9589201],[1.9184707,50.9588977],[1.9184482,50.9588835],[1.9183989,50.9588601],[1.9183685,50.9588497],[1.9183233,50.9588385],[1.918248,50.9588295],[1.9181661,50.9588322],[1.9181353,50.9588366],[1.9180775,50.9588505],[1.9180537,50.9588587],[1.9180128,50.9588768],[1.9179901,50.9588897],[1.9179554,50.9589152],[1.917923,50.9589497],[1.9179122,50.958966],[1.9178937,50.959015],[1.9178929,50.959057],[1.9179034,50.9590941],[1.9179204,50.9591239],[1.9179451,50.9591526]]],[[[1.9183328,50.9597378],[1.9183536,50.9597198],[1.9183872,50.9596804],[1.918401,50.959657],[1.918416,50.959615],[1.9184194,50.95959],[1.9184159,50.9595461],[1.9184008,50.9595042],[1.9183798,50.959471],[1.918349,50.9594376],[1.9183239,50.959417],[1.918264,50.959381],[1.918201,50.9593559],[1.9181472,50.9593416],[1.9180728,50.9593306],[1.917984,50.9593292],[1.9179232,50.9593356],[1.9178522,50.9593511],[1.9177917,50.9593727],[1.9177606,50.9593876],[1.9177439,50.959397],[1.9177114,50.9594187],[1.9176718,50.9594543],[1.9176379,50.959502],[1.9176242,50.959536],[1.9176179,50.959581],[1.9176211,50.9596129],[1.9176286,50.9596389],[1.9176381,50.95966],[1.9176545,50.9596862],[1.9177008,50.9597346],[1.9177245,50.9597523],[1.917757,50.9597721],[1.9178104,50.9597966],[1.917877,50.959817],[1.9179294,50.959827],[1.917983,50.9598323],[1.918029,50.9598333],[1.9181316,50.9598231],[1.9181675,50.9598153],[1.918241,50.959791],[1.9182991,50.9597614],[1.9183328,50.9597378]]],[[[1.9175174,50.960348],[1.9171366,50.9603449],[1.9168388,50.9603019],[1.9168022,50.9604003],[1.9177444,50.9605371],[1.9178005,50.9603865],[1.9175174,50.960348]]],[[[1.9169585,50.958849],[1.9169492,50.95891],[1.9169611,50.958956],[1.9169749,50.958981],[1.9169916,50.9590025],[1.91703,50.959037],[1.9170598,50.9590562],[1.9171364,50.9590887],[1.9171869,50.9591012],[1.9172391,50.9591083],[1.917297,50.95911],[1.9173636,50.959104],[1.9174129,50.9590938],[1.9174501,50.9590822],[1.9175141,50.9590521],[1.9175453,50.9590307],[1.9175873,50.9589878],[1.9176005,50.9589671],[1.9176151,50.958928],[1.9176179,50.958908],[1.9176142,50.9588669],[1.9176051,50.9588408],[1.9175843,50.9588069],[1.9175324,50.9587584],[1.9174541,50.9587179],[1.9174226,50.9587076],[1.9173793,50.9586973],[1.917313,50.9586893],[1.917292,50.9586886],[1.917251,50.9586895],[1.9171991,50.9586953],[1.917154,50.9587049],[1.917121,50.958715],[1.9170674,50.9587383],[1.9170164,50.9587723],[1.9169811,50.958809],[1.9169585,50.958849]]],[[[1.917088,50.95919],[1.9170349,50.9591915],[1.9169417,50.9592053],[1.9168657,50.9592287],[1.9168167,50.9592515],[1.9167681,50.959283],[1.916732,50.9593159],[1.9167029,50.9593547],[1.9166864,50.9593907],[1.9166779,50.959436],[1.9166799,50.959469],[1.9166874,50.9594981],[1.9166969,50.95952],[1.9167238,50.9595604],[1.9167587,50.9595951],[1.9167991,50.959624],[1.9168739,50.9596601],[1.9169061,50.959671],[1.9169681,50.9596858],[1.917043,50.9596947],[1.917092,50.9596956],[1.917145,50.9596923],[1.9171922,50.9596855],[1.9172397,50.9596746],[1.9172747,50.9596637],[1.9173367,50.9596368],[1.9173781,50.9596117],[1.9174146,50.9595818],[1.9174381,50.9595561],[1.9174593,50.9595243],[1.917475,50.9594852],[1.9174806,50.95944],[1.9174766,50.959407],[1.9174533,50.9593511],[1.9174144,50.9593037],[1.917385,50.959279],[1.917321,50.959241],[1.9172712,50.9592208],[1.9172232,50.9592068],[1.9171498,50.9591939],[1.917088,50.95919]]],[[[1.9152264,50.9694544],[1.9152585,50.9697044],[1.9154302,50.9698666],[1.9156126,50.9699206],[1.915913,50.9699612],[1.9161812,50.9699747],[1.9163743,50.9700084],[1.9165245,50.9700625],[1.916795,50.9700508],[1.9168357,50.970049],[1.9171039,50.9699544],[1.9171575,50.9698936],[1.9171039,50.9697855],[1.9171468,50.9696774],[1.9172541,50.9696031],[1.9173614,50.9696031],[1.9174043,50.969495],[1.9173721,50.9694071],[1.9173399,50.9693193],[1.9173507,50.9691572],[1.9172756,50.9690963],[1.9170503,50.968968],[1.9169859,50.9688599],[1.9169322,50.9687315],[1.9169644,50.9685896],[1.9168786,50.9684545],[1.9166962,50.9683802],[1.9165889,50.9683261],[1.9165031,50.9682113],[1.9162778,50.9680964],[1.9160525,50.9680356],[1.9157843,50.9680018],[1.9156233,50.9680018],[1.9154624,50.9680626],[1.915398,50.9681572],[1.9153658,50.9683058],[1.9151512,50.9685491],[1.9149581,50.9688801],[1.9149367,50.9691099],[1.9150225,50.9692788],[1.9152264,50.9694544]]],[[[1.9165309,50.9561712],[1.9167347,50.9562067],[1.9167548,50.9561957],[1.9169104,50.955862],[1.9165617,50.9557894],[1.9163418,50.9559136],[1.9162935,50.9560521],[1.9163069,50.9560665],[1.9164933,50.9560969],[1.9165309,50.9561712]]],[[[1.9158684,50.9564618],[1.9155505,50.9564154],[1.915454,50.9564196],[1.9153252,50.9564475],[1.9153024,50.9564644],[1.9152937,50.9564893],[1.9152971,50.9565057],[1.9153185,50.9565205],[1.9153775,50.9565387],[1.9157289,50.9565792],[1.9158724,50.9566139],[1.9164839,50.9567313],[1.9165067,50.9567313],[1.9165443,50.9567203],[1.9166422,50.9564888],[1.9166435,50.9564559],[1.9166073,50.956439],[1.9161755,50.9563621],[1.9161379,50.9563655],[1.9159207,50.9564551],[1.9158684,50.9564618]]],[[[1.916369,50.959269],[1.916376,50.959287],[1.916387,50.959302],[1.91641,50.959318],[1.916429,50.959326],[1.916395,50.959424],[1.916326,50.959431],[1.916299,50.95944],[1.916273,50.959455],[1.916256,50.959471],[1.916241,50.95949],[1.916235,50.959514],[1.916238,50.959537],[1.916243,50.959549],[1.916254,50.959564],[1.916267,50.959577],[1.916295,50.959594],[1.916331,50.959607],[1.916362,50.959612],[1.916393,50.959613],[1.916432,50.959609],[1.916462,50.959599],[1.916486,50.959588],[1.916511,50.95957],[1.916525,50.959552],[1.916534,50.959532],[1.916534,50.959505],[1.916522,50.95948],[1.916509,50.959464],[1.916491,50.959453],[1.916538,50.959323],[1.916562,50.959312],[1.916582,50.959292],[1.91659,50.959275],[1.916589,50.959251],[1.916583,50.959238],[1.916574,50.959227],[1.916557,50.959214],[1.916525,50.959202],[1.916489,50.959195],[1.916459,50.959196],[1.91643,50.959202],[1.916407,50.959212],[1.916385,50.959228],[1.916373,50.95925],[1.916369,50.959269]]],[[[1.9154695,50.9763776],[1.9155216,50.9763623],[1.9155634,50.9763338],[1.915586,50.9762944],[1.915579,50.9762528],[1.915546,50.9762221],[1.9155095,50.9762013],[1.9154573,50.976198],[1.9154086,50.9762035],[1.9153668,50.9762342],[1.9153494,50.9762605],[1.9153442,50.9762889],[1.9153494,50.9763174],[1.9153808,50.9763535],[1.9154121,50.9763711],[1.9154695,50.9763776]]],[[[1.915061,50.938102],[1.9149978,50.9381319],[1.9149444,50.938173],[1.9148812,50.9382277],[1.9148397,50.9382838],[1.9147469,50.938417],[1.914656,50.9385253],[1.9145769,50.938615],[1.9144801,50.9387345],[1.914405,50.9388416],[1.9143576,50.9389362],[1.914324,50.9390159],[1.9143003,50.9390619],[1.9142608,50.9390943],[1.9142272,50.939118],[1.9141778,50.9391317],[1.9141521,50.9391454],[1.9141442,50.9391703],[1.914164,50.9392101],[1.9141996,50.9392462],[1.9141423,50.9393433],[1.9141166,50.939352],[1.9140612,50.939352],[1.9140257,50.9393595],[1.913998,50.9393782],[1.9139684,50.939423],[1.9139486,50.9394778],[1.913915,50.9395376],[1.9138577,50.9396048],[1.9137945,50.9396932],[1.9137609,50.9397542],[1.9137589,50.9398364],[1.9137906,50.9399036],[1.9138419,50.9399571],[1.9138854,50.940002],[1.9139328,50.9400418],[1.914002,50.9400605],[1.9140632,50.9400368],[1.9140948,50.9400082],[1.9141027,50.9399596],[1.9140948,50.9399248],[1.914083,50.9398438],[1.9140929,50.9397754],[1.9141126,50.9396957],[1.9141423,50.9396259],[1.9141936,50.9395649],[1.9142569,50.9394965],[1.9142608,50.9394566],[1.9142391,50.9394068],[1.9142193,50.939362],[1.9143082,50.9392549],[1.9144031,50.9392325],[1.9144722,50.9392001],[1.9145137,50.9391653],[1.9145473,50.9391217],[1.914573,50.939057],[1.9146046,50.9389947],[1.914656,50.9389337],[1.9147251,50.9388889],[1.9148417,50.9388403],[1.9149306,50.938793],[1.9149701,50.9387557],[1.9150037,50.9386946],[1.9150334,50.9386287],[1.9150432,50.9385602],[1.915063,50.9384892],[1.9151045,50.9384282],[1.9151598,50.9383622],[1.9152151,50.9383],[1.9152843,50.9382277],[1.9153594,50.9381518],[1.9154068,50.9380771],[1.9153949,50.9380472],[1.9153712,50.9380248],[1.9153396,50.9380173],[1.915306,50.9380186],[1.9152507,50.938031],[1.9152033,50.9380497],[1.9151262,50.9380709],[1.915061,50.938102]]],[[[1.9128576,50.936891],[1.9122253,50.9370093],[1.9118973,50.9370902],[1.9113856,50.9372645],[1.9111208,50.9373579],[1.9107573,50.9374936],[1.9106249,50.9375596],[1.9106051,50.9375995],[1.9106841,50.9376518],[1.9107493,50.9376605],[1.9108047,50.9376692],[1.9108679,50.9376605],[1.9109351,50.9376393],[1.9110773,50.9375845],[1.9116622,50.9373392],[1.91184,50.9372932],[1.9121285,50.9371923],[1.9122688,50.9371649],[1.912409,50.9371251],[1.9126382,50.9370753],[1.9127449,50.9370616],[1.9131421,50.937089],[1.9133318,50.9371351],[1.9143039,50.9373729],[1.9143572,50.9374202],[1.9144007,50.9374438],[1.914454,50.9374413],[1.9144679,50.9374127],[1.9147761,50.936886],[1.9146951,50.9368512],[1.9144797,50.9367989],[1.9142802,50.9367964],[1.913806,50.9368076],[1.9131282,50.9368462],[1.9128576,50.936891]]],[[[1.9140151,50.9762029],[1.914057,50.9761954],[1.9140872,50.9761847],[1.9141199,50.9761666],[1.9141409,50.9761426],[1.9141422,50.976117],[1.9141278,50.9760915],[1.9141042,50.9760716],[1.9140727,50.9760642],[1.914036,50.9760659],[1.913998,50.9760749],[1.9139561,50.9760857],[1.9139338,50.9761022],[1.9139246,50.976122],[1.9139181,50.976141],[1.9139207,50.9761624],[1.9139312,50.9761798],[1.9139521,50.9761954],[1.9139823,50.976202],[1.9140151,50.9762029]]],[[[1.9137801,50.9400759],[1.9137622,50.9401003],[1.9137533,50.9401313],[1.9137533,50.9401669],[1.9137652,50.9401932],[1.9137875,50.9402082],[1.9138367,50.9402091],[1.9138605,50.9401772],[1.9138754,50.9401491],[1.9138843,50.9401219],[1.9138813,50.9400984],[1.9138605,50.9400712],[1.9138188,50.9400609],[1.9137801,50.9400759]]],[[[1.9135879,50.977964],[1.9134968,50.9776972],[1.913368,50.9776668],[1.9130622,50.9776972],[1.912735,50.9777411],[1.9125741,50.9777917],[1.9125151,50.9778593],[1.9125204,50.9779572],[1.9125419,50.9780957],[1.9126277,50.9782376],[1.9127511,50.9782747],[1.9129603,50.978295],[1.9130622,50.978295],[1.9133787,50.9782477],[1.9135236,50.9782274],[1.913604,50.9781937],[1.9136416,50.9781295],[1.9135879,50.977964]]],[[[1.9127227,50.9305147],[1.9126624,50.9304668],[1.9126519,50.9304189],[1.9126546,50.9303776],[1.91261,50.9303577],[1.9126179,50.9303181],[1.9126257,50.9302768],[1.9125943,50.9302305],[1.9125287,50.9302041],[1.9124658,50.9302123],[1.9124265,50.930252],[1.9123374,50.9303049],[1.9122482,50.9303412],[1.9121486,50.9303809],[1.9121014,50.9304304],[1.9120804,50.930485],[1.9119861,50.9305164],[1.9119179,50.9305428],[1.9119126,50.9305874],[1.9118891,50.9306469],[1.9118288,50.9306452],[1.9117527,50.9306188],[1.9116033,50.9306238],[1.9115378,50.9306535],[1.9114775,50.9307113],[1.9114329,50.930751],[1.9113385,50.9307675],[1.9112599,50.9307873],[1.9111812,50.9308138],[1.9111026,50.93086],[1.9110685,50.930898],[1.911058,50.9309443],[1.9110921,50.9310005],[1.9111445,50.9310385],[1.9111917,50.9310666],[1.9112782,50.9310814],[1.9113569,50.9310732],[1.9115482,50.931022],[1.9116793,50.9310005],[1.9117842,50.930979],[1.9118314,50.930946],[1.9118995,50.9309162],[1.9119834,50.9308881],[1.9120437,50.9308518],[1.9121355,50.9308435],[1.9121591,50.930865],[1.9122115,50.9308666],[1.9122692,50.930832],[1.9123269,50.9308419],[1.9123714,50.9308286],[1.9124134,50.9307989],[1.9124999,50.9307857],[1.9125707,50.9307774],[1.9126362,50.9307708],[1.9127096,50.9307642],[1.9128119,50.9307576],[1.9128722,50.9307312],[1.9129272,50.9307014],[1.9129115,50.9306502],[1.9128695,50.930599],[1.9127961,50.9305527],[1.9127227,50.9305147]]],[[[1.912589,50.9420841],[1.9125776,50.9421414],[1.9125708,50.9421945],[1.9125799,50.9422475],[1.9125913,50.9423035],[1.9125913,50.9423551],[1.9125799,50.9424024],[1.9125526,50.9424512],[1.9125116,50.9424856],[1.9124661,50.9425301],[1.9124411,50.9425745],[1.9124252,50.942629],[1.9123865,50.9427079],[1.9123364,50.9427982],[1.9123,50.9429846],[1.9122841,50.9430564],[1.9122681,50.9431381],[1.9122545,50.9432241],[1.912234,50.9433001],[1.9122181,50.943369],[1.9122317,50.9434048],[1.9122749,50.9433991],[1.9123068,50.9433546],[1.9123273,50.9432872],[1.9123637,50.9432012],[1.9123842,50.9431137],[1.9124161,50.943052],[1.9124821,50.9429746],[1.912457,50.9429359],[1.9124798,50.9428384],[1.9125025,50.9427681],[1.9125572,50.9426907],[1.9126209,50.942619],[1.9127415,50.9424426],[1.9127711,50.9423637],[1.9128371,50.9422189],[1.9128872,50.9420683],[1.9129168,50.9419822],[1.9129145,50.9419335],[1.9128963,50.9419034],[1.9128576,50.9418962],[1.9128303,50.9418646],[1.9128098,50.9417987],[1.9127939,50.9417743],[1.9127438,50.9417743],[1.912721,50.9418044],[1.9127324,50.9418646],[1.9127097,50.9419191],[1.9126732,50.9419736],[1.9126323,50.9420296],[1.912589,50.9420841]]],[[[1.9122467,50.9637949],[1.9124113,50.9638061],[1.9125935,50.9630297],[1.9122771,50.9630776],[1.9120417,50.9638778],[1.9120617,50.963905],[1.9120139,50.964042],[1.9122518,50.9640659],[1.9122847,50.9639304],[1.9122214,50.9639017],[1.9122467,50.9637949]]],[[[1.9111471,50.9769473],[1.9110291,50.9769642],[1.9109057,50.9769642],[1.9107984,50.9769507],[1.9106322,50.9769406],[1.9104712,50.976971],[1.9104189,50.9770542],[1.9103639,50.9771601],[1.9103639,50.9772952],[1.9104176,50.9774371],[1.9105892,50.9775418],[1.9110291,50.9776026],[1.911314,50.9776179],[1.9114678,50.9775395],[1.9114792,50.9774004],[1.9114636,50.97715],[1.9114422,50.9770689],[1.9113671,50.976998],[1.9112437,50.9769473],[1.9111471,50.9769473]]],[[[1.9106734,50.9328448],[1.9104489,50.9328638],[1.9103467,50.9329244],[1.9102285,50.9329674],[1.9101082,50.9329408],[1.9100461,50.9329712],[1.9100341,50.9329857],[1.9100198,50.9330489],[1.910032,50.9331505],[1.910173,50.9335694],[1.910326,50.9338919],[1.9103482,50.9338969],[1.9104248,50.9338653],[1.9106233,50.9337986],[1.9107355,50.9337227],[1.9108838,50.9336292],[1.9110321,50.933532],[1.9112987,50.933273],[1.9111223,50.9331417],[1.9110181,50.9330583],[1.9109379,50.9329004],[1.9106734,50.9328448]]],[[[1.9112328,50.9570373],[1.9073859,50.9564245],[1.9066733,50.956311],[1.906638,50.9563833],[1.9112284,50.9571125],[1.9112328,50.9570373]]],[[[1.9091327,50.938424],[1.9090519,50.9384763],[1.9090057,50.9385301],[1.9090057,50.9385796],[1.9090034,50.9386348],[1.908985,50.938693],[1.9089388,50.9387701],[1.9088834,50.9388442],[1.9087727,50.9388937],[1.9087311,50.9389155],[1.9086711,50.9389329],[1.9086019,50.9389475],[1.9085211,50.9389577],[1.9084427,50.9389664],[1.908385,50.9389795],[1.9083296,50.9390144],[1.9082142,50.9391176],[1.9081427,50.9391845],[1.9080873,50.9392325],[1.9080504,50.9392907],[1.9080319,50.9393445],[1.9080065,50.9393983],[1.9079696,50.9394564],[1.9079119,50.9395161],[1.9079304,50.9395408],[1.9079719,50.9395437],[1.9080319,50.9395248],[1.9080988,50.9394855],[1.9081934,50.9394375],[1.9085165,50.9392325],[1.9086734,50.9391453],[1.9088396,50.9390536],[1.9089365,50.9389911],[1.9090381,50.9389169],[1.9091211,50.9388282],[1.9091673,50.9387468],[1.909195,50.9386828],[1.9092157,50.9386057],[1.9093196,50.9385243],[1.9097165,50.9382582],[1.9098504,50.9381753],[1.9099658,50.9381026],[1.9101042,50.9380299],[1.9102565,50.9379528],[1.9103742,50.9378946],[1.910455,50.9378481],[1.9105081,50.9377914],[1.910515,50.9377478],[1.9104873,50.9377041],[1.910425,50.9376939],[1.9103673,50.9376867],[1.9103188,50.9377099],[1.9102219,50.9377536],[1.9100881,50.9378321],[1.9099242,50.9379324],[1.9097304,50.9380459],[1.9094557,50.9381957],[1.9092619,50.9383396],[1.9091327,50.938424]]],[[[1.9091279,50.9336112],[1.9089981,50.9336531],[1.9089045,50.9337026],[1.9088411,50.9337787],[1.9087022,50.9338377],[1.9086025,50.933929],[1.9085119,50.9340223],[1.9084213,50.9341003],[1.9083186,50.9341593],[1.9082039,50.934224],[1.9081435,50.9342811],[1.908065,50.934342],[1.9079925,50.9343782],[1.9079472,50.9344201],[1.9079623,50.9344486],[1.9080136,50.9344581],[1.9080891,50.9344676],[1.9081344,50.9345],[1.9081737,50.9345361],[1.908228,50.9345666],[1.9082975,50.9345818],[1.9084062,50.9345685],[1.9084726,50.9345476],[1.9085451,50.9345152],[1.9086085,50.9345057],[1.908675,50.9345209],[1.9087324,50.9345533],[1.9088199,50.934597],[1.9091008,50.9347474],[1.9092397,50.9348482],[1.9093303,50.9349358],[1.9093937,50.9350043],[1.909442,50.9350861],[1.9094813,50.9351775],[1.9095477,50.9352384],[1.909599,50.9352841],[1.9096715,50.9353107],[1.909747,50.935324],[1.9098225,50.9353202],[1.909901,50.9353031],[1.9099705,50.9352745],[1.9100097,50.9352251],[1.9100188,50.9351242],[1.9100248,50.935029],[1.9100037,50.9349263],[1.9099554,50.9348026],[1.9098134,50.9345647],[1.9097349,50.9344086],[1.9096443,50.9342469],[1.9095809,50.9341232],[1.9095688,50.9340242],[1.9095507,50.9339271],[1.9095235,50.933832],[1.9094933,50.9337501],[1.9094662,50.9336912],[1.9093786,50.9336283],[1.9092669,50.9335998],[1.9091279,50.9336112]]],[[[1.9082104,50.9372227],[1.9082625,50.9372206],[1.9089804,50.9369409],[1.9090157,50.9369112],[1.9090073,50.9368869],[1.9089602,50.9368805],[1.9084155,50.9371104],[1.9082104,50.937174],[1.9081902,50.9371973],[1.9082104,50.9372227]]],[[[1.9085772,50.942466],[1.9085294,50.9424918],[1.9084952,50.9425205],[1.9084725,50.9425492],[1.9084907,50.9425936],[1.9085157,50.9426438],[1.9085681,50.9426797],[1.9086386,50.9427127],[1.9087342,50.9427256],[1.908848,50.9427112],[1.9089299,50.9426854],[1.9089891,50.9426381],[1.9089208,50.9425262],[1.9088867,50.9424933],[1.9088366,50.9424746],[1.9087524,50.9424488],[1.9086841,50.9424402],[1.9086295,50.9424488],[1.9085772,50.942466]]],[[[1.9070903,50.9308882],[1.9069919,50.9308834],[1.9068859,50.9308858],[1.9068456,50.9309031],[1.9068627,50.9309545],[1.9069891,50.9310013],[1.9070209,50.9310691],[1.907004,50.9311001],[1.9070083,50.9311369],[1.9070604,50.9311411],[1.9070712,50.9311675],[1.9070411,50.9312104],[1.9069727,50.9312351],[1.9069148,50.9312736],[1.9068868,50.9313381],[1.906856,50.9313612],[1.9067956,50.9313725],[1.9066881,50.9313989],[1.9066901,50.9314396],[1.9066866,50.9314755],[1.9066698,50.9315314],[1.9066447,50.9315985],[1.9066129,50.9316119],[1.9065322,50.9316072],[1.9064354,50.9315922],[1.9063415,50.9315671],[1.9063342,50.9315454],[1.9063602,50.931518],[1.9063303,50.931473],[1.9062512,50.9313849],[1.9062246,50.9312889],[1.9062261,50.9311515],[1.9062821,50.9311363],[1.9063583,50.9311399],[1.9063747,50.9311107],[1.9063278,50.9310109],[1.9064451,50.9308311],[1.9063974,50.9307708],[1.9060246,50.9305405],[1.9058375,50.9304135],[1.9055983,50.9302956],[1.9053015,50.9301625],[1.905171,50.9300816],[1.9050649,50.9300494],[1.9049453,50.9300439],[1.9048556,50.9300804],[1.9046396,50.9302415],[1.9045315,50.930346],[1.9044659,50.930448],[1.9043479,50.9305424],[1.9042162,50.9305187],[1.9041641,50.930543],[1.9040223,50.9305363],[1.9039104,50.9305041],[1.9037349,50.930498],[1.903513,50.9304554],[1.9033915,50.9304652],[1.9032767,50.9304615],[1.9031224,50.9304287],[1.9028389,50.9304044],[1.9025042,50.9303643],[1.9023798,50.9303497],[1.9023648,50.9303494],[1.9022553,50.9303472],[1.9021724,50.9303643],[1.9021251,50.9304171],[1.9021001,50.9304591],[1.9021406,50.9305035],[1.9021232,50.9305709],[1.9020653,50.9305861],[1.9020248,50.9305661],[1.9020036,50.9306038],[1.9019843,50.9306828],[1.901939,50.930749],[1.901913,50.9308135],[1.901858,50.9308439],[1.9017876,50.9308579],[1.9017143,50.9308493],[1.9016624,50.9308649],[1.9015323,50.9308229],[1.9012783,50.9307807],[1.9011972,50.9307501],[1.901097,50.9307351],[1.9009842,50.9307642],[1.9008909,50.9307415],[1.9008038,50.930777],[1.9007076,50.9307826],[1.9005935,50.9307892],[1.9004741,50.9307829],[1.9002198,50.93076],[1.90021,50.9308127],[1.9002743,50.9308858],[1.9002965,50.9309375],[1.9002732,50.9309809],[1.9002704,50.931008],[1.9003331,50.9310518],[1.9003949,50.9310621],[1.9004006,50.9311053],[1.9004498,50.9311405],[1.9005543,50.9311857],[1.90058,50.9312226],[1.9006524,50.9312627],[1.9007194,50.9312694],[1.9009244,50.9313204],[1.9010034,50.9313539],[1.9011594,50.9313927],[1.9012557,50.9314317],[1.901313,50.931456],[1.9013666,50.9314794],[1.9013931,50.9315125],[1.9013762,50.9315268],[1.9013256,50.9315213],[1.9012947,50.9315055],[1.9012156,50.9314864],[1.9010681,50.9314648],[1.9009316,50.9314378],[1.9008183,50.9314308],[1.900702,50.9314223],[1.9006051,50.9314122],[1.9005005,50.9314296],[1.9004604,50.9314168],[1.9004113,50.9314153],[1.9003881,50.9314335],[1.9003625,50.931539],[1.9003545,50.9315715],[1.9003351,50.9316496],[1.9003379,50.9317244],[1.9003524,50.9318043],[1.9004214,50.9318772],[1.9004291,50.9319608],[1.9004349,50.9319961],[1.900528,50.9320575],[1.9006432,50.9321347],[1.9007927,50.9322079],[1.9009046,50.9322593],[1.9010352,50.9323049],[1.901106,50.9323266],[1.9011751,50.9323134],[1.9012301,50.9322918],[1.9012599,50.9322837],[1.901331,50.9322913],[1.90138,50.9322677],[1.9013835,50.9321721],[1.9013507,50.9320705],[1.9012899,50.9320171],[1.9012822,50.9319727],[1.9013188,50.9319089],[1.9013443,50.9318974],[1.9014404,50.9318542],[1.9015773,50.931808],[1.9016728,50.9317308],[1.9017586,50.9316469],[1.9017923,50.9316191],[1.9018493,50.9315721],[1.9019361,50.9315423],[1.9019737,50.9315606],[1.9019708,50.931608],[1.901912,50.9316286],[1.9018802,50.9316669],[1.9018597,50.9317441],[1.9018444,50.9317864],[1.9018753,50.9318323],[1.9019461,50.9318537],[1.9020549,50.9318643],[1.9020827,50.9319228],[1.9020554,50.931994],[1.9019286,50.932064],[1.9019036,50.9320988],[1.902031,50.9321155],[1.9020277,50.9322104],[1.9019284,50.9322742],[1.9019164,50.9322787],[1.90183,50.9323113],[1.9018107,50.9323556],[1.9018185,50.9323609],[1.9018503,50.9323824],[1.9018474,50.932448],[1.9018223,50.9325009],[1.901787,50.9325483],[1.9016694,50.9325265],[1.901594,50.9325182],[1.9015176,50.9325413],[1.9014849,50.9326521],[1.9015044,50.9328707],[1.9014206,50.9328921],[1.9014031,50.9329954],[1.9014641,50.9330382],[1.9015419,50.9330489],[1.9016734,50.9330235],[1.9017756,50.9330215],[1.9018524,50.9330273],[1.901891,50.9330473],[1.9019345,50.9330446],[1.901953,50.9330141],[1.901892,50.9329666],[1.9019008,50.9329266],[1.9018637,50.9328575],[1.9019119,50.9328482],[1.9019888,50.9328627],[1.9021156,50.9328868],[1.9021883,50.9328734],[1.9022563,50.9328381],[1.9023315,50.9328535],[1.9023595,50.932907],[1.9023889,50.9329673],[1.9024375,50.9330316],[1.9025469,50.9330443],[1.9025695,50.9330513],[1.9026219,50.9330674],[1.9026676,50.9331069],[1.902678,50.9332712],[1.902678,50.9333117],[1.902678,50.9333872],[1.902711,50.9335136],[1.9027644,50.9335585],[1.902768,50.9336439],[1.9027685,50.933654],[1.9027125,50.9337007],[1.9026773,50.9337301],[1.9026089,50.9337867],[1.9025378,50.9339059],[1.9024265,50.9340783],[1.9018029,50.9352818],[1.9018525,50.9352987],[1.9024434,50.934163],[1.9025244,50.9340073],[1.902696,50.9339583],[1.9032392,50.9338298],[1.9036134,50.9337546],[1.9039004,50.9336566],[1.9040352,50.9335809],[1.9041361,50.9335282],[1.9041603,50.9334797],[1.9043058,50.9334133],[1.904437,50.933437],[1.9044766,50.9334413],[1.9045865,50.9333896],[1.904736,50.9333683],[1.9049607,50.9333331],[1.9050707,50.9333507],[1.9051961,50.9333355],[1.9052964,50.9332942],[1.9054584,50.933192],[1.9055741,50.9331027],[1.9057256,50.9330413],[1.9060467,50.9329416],[1.906066,50.9329051],[1.9061065,50.9328486],[1.9060766,50.9327331],[1.9061056,50.9326431],[1.9062406,50.9325568],[1.9063612,50.9325501],[1.906365,50.9325945],[1.9063033,50.9326419],[1.9062667,50.9326821],[1.9062599,50.932727],[1.9062956,50.9327672],[1.9063236,50.9327854],[1.9064055,50.9327854],[1.9064287,50.9327605],[1.9063891,50.9327252],[1.9063805,50.9326814],[1.9064161,50.9326292],[1.9064962,50.9326729],[1.9065203,50.9327276],[1.9066206,50.9327398],[1.9066197,50.9327751],[1.9065714,50.9328377],[1.906501,50.9328918],[1.9064065,50.9328802],[1.9063245,50.9329167],[1.9062657,50.9330644],[1.9061316,50.9332413],[1.9060265,50.9333027],[1.9060371,50.9333793],[1.906012,50.933434],[1.9060043,50.9335026],[1.9059831,50.933558],[1.9060689,50.9335811],[1.9061673,50.9335634],[1.9062531,50.933558],[1.9062956,50.9335598],[1.9062551,50.9336017],[1.9062319,50.9336534],[1.9062744,50.9337099],[1.9062175,50.9337488],[1.9060699,50.9337379],[1.9059947,50.9337561],[1.9059812,50.9337853],[1.9059889,50.9338145],[1.9059223,50.9338977],[1.9058982,50.9339774],[1.905903,50.9340448],[1.90593,50.9340771],[1.9059841,50.9340546],[1.9061615,50.9340242],[1.9063293,50.9339871],[1.9063795,50.9339482],[1.9063834,50.9338752],[1.9063563,50.9338212],[1.9063457,50.933744],[1.9064567,50.9336935],[1.9065753,50.9336181],[1.9067151,50.9335184],[1.9068868,50.9334607],[1.907017,50.9334224],[1.9071193,50.9333446],[1.9072225,50.9332704],[1.9073893,50.9332194],[1.9074877,50.9331847],[1.9075417,50.9331361],[1.9076854,50.9331136],[1.9077153,50.9330693],[1.9077481,50.9330121],[1.9078889,50.9329124],[1.9080127,50.9328152],[1.9081735,50.9327416],[1.9083623,50.9326776],[1.9084759,50.9325173],[1.9085023,50.9324085],[1.9084668,50.9323141],[1.9084126,50.9322018],[1.9083154,50.9321642],[1.9080693,50.9321909],[1.9078146,50.9321889],[1.9074568,50.9321465],[1.9074438,50.9321231],[1.90744,50.932083],[1.9074453,50.9320237],[1.9075099,50.9319417],[1.907587,50.9318894],[1.9075697,50.9318165],[1.9075282,50.931735],[1.9074829,50.9316329],[1.907372,50.9315052],[1.9072475,50.931377],[1.9072234,50.9312135],[1.907235,50.9310816],[1.9073777,50.9310019],[1.9076246,50.9307997],[1.9076401,50.9307855],[1.9081165,50.9303904],[1.9084869,50.9301339],[1.9086441,50.9299485],[1.9087685,50.9297454],[1.9088039,50.9295534],[1.9085809,50.9294671],[1.9084763,50.9295029],[1.9082681,50.9297004],[1.9081489,50.929907],[1.9079536,50.9301131],[1.907772,50.9301789],[1.9071945,50.9306755],[1.9071559,50.9307819],[1.9071154,50.9308147],[1.9070903,50.9308882]],[[1.9032478,50.9334735],[1.903298,50.9334954],[1.9035159,50.933465],[1.9037108,50.9334175],[1.9037609,50.9334151],[1.9038361,50.9334455],[1.9039249,50.933454],[1.9040753,50.93342],[1.9041043,50.9334455],[1.9039827,50.9335245],[1.9039272,50.933594],[1.9037703,50.9336743],[1.9034256,50.9337681],[1.9031104,50.9337986],[1.9027953,50.9338222],[1.9026826,50.9338256],[1.9026491,50.9338239],[1.9027403,50.9337318],[1.9028087,50.9336481],[1.9028127,50.9335619],[1.9028234,50.9335209],[1.9028662,50.9335094],[1.9029777,50.9334795],[1.9031224,50.9334492],[1.9032478,50.9334735]]],[[[1.9081976,50.9730433],[1.9082135,50.9730823],[1.90824,50.973118],[1.9082754,50.9731447],[1.9083356,50.9731615],[1.9083816,50.9731659],[1.9083975,50.9731603],[1.9084081,50.9731425],[1.9083834,50.9731225],[1.9083533,50.9731035],[1.9083515,50.9730857],[1.9083781,50.9730801],[1.908417,50.9730935],[1.9084418,50.9731057],[1.9084878,50.9731057],[1.9085373,50.9730946],[1.9085886,50.9730801],[1.9086223,50.9730701],[1.9086346,50.9730445],[1.9086541,50.9730211],[1.9086293,50.9729887],[1.9085851,50.9729631],[1.9085426,50.9729453],[1.9084772,50.9729364],[1.9083975,50.9729353],[1.9083444,50.9729308],[1.9082613,50.9729185],[1.9082064,50.9728996],[1.9081639,50.9728851],[1.9080772,50.9728561],[1.9080082,50.9728439],[1.907918,50.9728339],[1.9078879,50.9728339],[1.9078259,50.9728339],[1.9077799,50.9728394],[1.907764,50.9728495],[1.907741,50.9728613],[1.9077261,50.9728878],[1.9077304,50.9729353],[1.9078082,50.972962],[1.9078914,50.9729743],[1.9080436,50.9729965],[1.9081427,50.9730121],[1.9081922,50.9730222],[1.9081976,50.9730433]]],[[[1.9085723,50.9747472],[1.9086176,50.9747244],[1.9086402,50.9746959],[1.9086432,50.9746597],[1.9086236,50.974635],[1.9085934,50.9746198],[1.9085557,50.9746188],[1.9085119,50.9746341],[1.9084666,50.9746588],[1.90845,50.9746806],[1.9084485,50.9747063],[1.9084605,50.9747339],[1.9084892,50.974751],[1.9085345,50.9747558],[1.9085723,50.9747472]]],[[[1.9084147,50.9700431],[1.9075203,50.9699971],[1.9072519,50.9697001],[1.9062031,50.9696233],[1.9060567,50.9696898],[1.9061217,50.9698844],[1.9060648,50.9699766],[1.9060854,50.9701316],[1.905943,50.9701406],[1.9059188,50.9699794],[1.9057794,50.9697887],[1.9039589,50.9698435],[1.9038532,50.9701251],[1.904024,50.9702582],[1.9050972,50.9702582],[1.9053574,50.9705244],[1.9059022,50.9705142],[1.9060567,50.9704272],[1.905998,50.9702533],[1.9060999,50.9702401],[1.9062271,50.9704037],[1.9074146,50.970463],[1.9077235,50.9701968],[1.9080976,50.9701558],[1.9085122,50.9703708],[1.9086017,50.9703094],[1.9084147,50.9700431]]],[[[1.9070528,50.940667],[1.9069169,50.9411428],[1.9067644,50.9417069],[1.9067539,50.9418021],[1.9067841,50.9418677],[1.9068686,50.9418896],[1.9070045,50.9418982],[1.9070528,50.9418829],[1.9070679,50.9418439],[1.9071162,50.9416499],[1.9072355,50.9412265],[1.9072869,50.9410904],[1.9074092,50.9407679],[1.9074831,50.9405966],[1.9075707,50.9403749],[1.9076372,50.940217],[1.9077761,50.9399373],[1.9078954,50.9397051],[1.9078712,50.9396804],[1.9077851,50.9396547],[1.9076915,50.9396461],[1.9074847,50.9399049],[1.907311,50.9400714],[1.9072204,50.9402408],[1.9070528,50.940667]]],[[[1.9061874,50.97086],[1.9060027,50.9708579],[1.9059221,50.9708198],[1.9055224,50.9707881],[1.9054754,50.9708071],[1.9053646,50.9707775],[1.9050623,50.9707564],[1.9048273,50.970731],[1.9046896,50.9707331],[1.9046493,50.9707669],[1.9046996,50.9708113],[1.9049885,50.9708431],[1.9062075,50.9709763],[1.9063016,50.9710545],[1.9064795,50.9710905],[1.9068422,50.9711116],[1.90699,50.9711412],[1.9071646,50.9711708],[1.9073426,50.971173],[1.9074938,50.971173],[1.9075676,50.9711391],[1.9076348,50.9711095],[1.9076214,50.9710588],[1.90744,50.9710186],[1.9071478,50.9709594],[1.9067583,50.9709086],[1.9065501,50.9708388],[1.9062579,50.9708156],[1.9061874,50.97086]]],[[[1.9068945,50.9553149],[1.9072793,50.9555606],[1.9072967,50.955611],[1.9073095,50.9556754],[1.9073319,50.9557192],[1.9073866,50.9557243],[1.9074506,50.9557075],[1.9074623,50.9556921],[1.9074739,50.9556628],[1.9074541,50.9556342],[1.9070537,50.9553064],[1.9069688,50.9552654],[1.9068605,50.955283],[1.9068945,50.9553149]]],[[[1.9065882,50.972347],[1.9065795,50.9722405],[1.9065591,50.9721267],[1.9065795,50.9720202],[1.9066903,50.9718972],[1.9068127,50.9717871],[1.9069177,50.9716953],[1.906941,50.97162],[1.906906,50.971541],[1.9067457,50.9714933],[1.906492,50.9714603],[1.9062821,50.9713887],[1.9060576,50.9713005],[1.9057165,50.9711371],[1.9053754,50.971038],[1.9051655,50.9709627],[1.9047777,50.9709021],[1.9045007,50.9709187],[1.9043171,50.9709517],[1.904183,50.9710252],[1.9041159,50.9711206],[1.9040984,50.9712069],[1.9039264,50.9715759],[1.9037456,50.9719486],[1.9036844,50.9720716],[1.9038477,50.9721304],[1.9041217,50.9721708],[1.9042704,50.9721983],[1.9044016,50.9721579],[1.9042733,50.9720716],[1.9040488,50.9720422],[1.9038972,50.9719358],[1.9040255,50.9716989],[1.9042296,50.971183],[1.9043725,50.9710894],[1.9045561,50.9710527],[1.9048564,50.9710325],[1.9051538,50.971071],[1.9054978,50.97115],[1.9056028,50.9713189],[1.9058564,50.9714309],[1.9061247,50.9714805],[1.9063667,50.9715594],[1.9063987,50.9716934],[1.9061772,50.9718788],[1.9060605,50.9720239],[1.9058943,50.9720679],[1.9057048,50.9720973],[1.9054862,50.972123],[1.9052413,50.9721212],[1.9051043,50.9721047],[1.9049993,50.9721304],[1.9050576,50.9721763],[1.9056028,50.9722772],[1.9059789,50.9723855],[1.9061218,50.9724608],[1.9063288,50.972492],[1.9064483,50.9724773],[1.9065503,50.9724204],[1.9065882,50.972347]]],[[[1.9060062,50.9343354],[1.9058944,50.9343281],[1.9057738,50.9343737],[1.9057931,50.9345445],[1.9058693,50.9346095],[1.9059194,50.9346241],[1.9060873,50.9346046],[1.9061827,50.9345189],[1.9063313,50.9343639],[1.9064673,50.934277],[1.906529,50.9341439],[1.9065058,50.9340977],[1.9064962,50.9340783],[1.9064297,50.9340467],[1.9063197,50.9340527],[1.9062483,50.9341111],[1.9062117,50.9342187],[1.9060766,50.934305],[1.9060062,50.9343354]]],[[[1.90471,50.9335367],[1.9047485,50.9335829],[1.9047505,50.9336084],[1.9047138,50.9336558],[1.9046695,50.9336972],[1.9045074,50.9337336],[1.9043512,50.9337409],[1.9042046,50.9337433],[1.9040541,50.9337579],[1.9039229,50.9337968],[1.9038728,50.9338284],[1.9038361,50.9338953],[1.9037628,50.9339196],[1.9036934,50.9339208],[1.9036355,50.9339488],[1.903568,50.9340217],[1.9035198,50.9341372],[1.9035622,50.9344314],[1.9036105,50.9346502],[1.9036259,50.9347147],[1.9036722,50.9347147],[1.9037011,50.9346928],[1.9037069,50.93466],[1.9036915,50.9346004],[1.903676,50.9344922],[1.903649,50.9343658],[1.9036336,50.9343099],[1.903649,50.9342795],[1.9037243,50.9342795],[1.9037956,50.9342868],[1.9038323,50.9342479],[1.9039307,50.9342588],[1.9039962,50.9342685],[1.9041043,50.9342649],[1.9041737,50.9342855],[1.9042393,50.9343232],[1.9042528,50.9343949],[1.9041756,50.9344241],[1.9040831,50.9345177],[1.9040136,50.9345785],[1.9040329,50.9345907],[1.9041004,50.9346065],[1.9040908,50.9346296],[1.9040445,50.9346587],[1.904004,50.9347049],[1.9039133,50.9347414],[1.9037898,50.9348265],[1.9038207,50.9348727],[1.9037763,50.934914],[1.9037262,50.9349019],[1.903676,50.9348739],[1.9035854,50.9348909],[1.9035063,50.9348873],[1.9034214,50.9348715],[1.9032902,50.9348921],[1.9032208,50.9349225],[1.9031475,50.9349627],[1.9031475,50.9350247],[1.9030993,50.9351231],[1.9030916,50.935317],[1.9031089,50.9353693],[1.9032044,50.9353912],[1.903486,50.9353814],[1.9038747,50.9353662],[1.9040397,50.9353298],[1.9042952,50.9352459],[1.9045692,50.9351499],[1.9048218,50.9350636],[1.9050784,50.9350392],[1.9051864,50.9350016],[1.9055491,50.9349128],[1.9056571,50.9348618],[1.9057227,50.9348156],[1.9057497,50.9347645],[1.9057343,50.9347037],[1.9056841,50.9346454],[1.9056301,50.9346356],[1.9055028,50.9345919],[1.9054333,50.9345651],[1.905306,50.9345676],[1.9052134,50.9346235],[1.9051826,50.9347013],[1.9049395,50.9347669],[1.9046695,50.9348253],[1.9045962,50.9347645],[1.9046347,50.9346721],[1.9045962,50.9346284],[1.9045769,50.9345676],[1.9046425,50.93448],[1.9046463,50.9344241],[1.9046232,50.9343901],[1.9045884,50.9342564],[1.9045499,50.9340448],[1.9044843,50.9339306],[1.9044804,50.9338722],[1.9045614,50.933826],[1.9047293,50.9337968],[1.9048489,50.93373],[1.9048643,50.9336838],[1.904845,50.9336279],[1.9049106,50.9335999],[1.904982,50.9335938],[1.9051189,50.9336084],[1.9053118,50.9336352],[1.9054504,50.9336315],[1.9055414,50.9336291],[1.9056282,50.933589],[1.9056667,50.9335488],[1.9057072,50.9335002],[1.9058056,50.9334674],[1.9058731,50.9334188],[1.9058963,50.933341],[1.9058905,50.9332972],[1.9058519,50.9332814],[1.905769,50.9332814],[1.9056455,50.9333312],[1.9053813,50.9334929],[1.9052424,50.9335148],[1.9051016,50.933516],[1.9044553,50.9334929],[1.9043782,50.9335197],[1.9043647,50.9335525],[1.9044264,50.9335634],[1.9045016,50.933589],[1.9045769,50.9335914],[1.9046347,50.9335756],[1.90471,50.9335367]]],[[[1.9054793,50.9258155],[1.905407,50.9258484],[1.9053201,50.9259232],[1.9051913,50.9260819],[1.9051421,50.9261622],[1.9051088,50.9262243],[1.9051016,50.9262818],[1.9051233,50.9263164],[1.9051942,50.9263356],[1.9053042,50.9263511],[1.9053925,50.9263657],[1.9054504,50.9263739],[1.9054924,50.9263684],[1.905598,50.9263858],[1.9056516,50.9263775],[1.9057022,50.9262973],[1.9058629,50.9259862],[1.9058673,50.9259241],[1.9058253,50.9258703],[1.9057674,50.9258475],[1.9056255,50.9258238],[1.9054793,50.9258155]]],[[[1.9057799,50.9674367],[1.9057287,50.9674007],[1.9056733,50.9673522],[1.9056438,50.9672965],[1.9055654,50.9672276],[1.9056378,50.9671883],[1.9056666,50.9671394],[1.9056035,50.9670874],[1.9055493,50.9670545],[1.9055549,50.9669985],[1.9054793,50.9669934],[1.9054172,50.9670663],[1.9054742,50.9671246],[1.9055153,50.9671817],[1.9054567,50.9672458],[1.905396,50.9671912],[1.9053682,50.967128],[1.9052898,50.9671978],[1.9050618,50.9671881],[1.9049277,50.9671326],[1.9048141,50.9671262],[1.9048347,50.9672396],[1.9049022,50.967299],[1.9049595,50.9673676],[1.9050095,50.9673649],[1.9050122,50.9674375],[1.9050398,50.9675439],[1.9051329,50.9676014],[1.9051808,50.9676158],[1.9052951,50.9676069],[1.9054251,50.9675839],[1.9055025,50.967563],[1.9055332,50.9675228],[1.905611,50.9675186],[1.9057079,50.967479],[1.9057799,50.9674367]]],[[[1.9053227,50.9733854],[1.9052523,50.9733854],[1.9052186,50.9734047],[1.9051849,50.9734259],[1.9051574,50.9734548],[1.905139,50.9734934],[1.9051298,50.9735281],[1.9051206,50.9735686],[1.9050869,50.9736168],[1.905041,50.9736572],[1.9049798,50.9736939],[1.9049553,50.9737575],[1.9049859,50.9738192],[1.905041,50.9738539],[1.9051237,50.9738828],[1.9052094,50.9738867],[1.9053074,50.9738809],[1.9053962,50.9739137],[1.9054911,50.973931],[1.905583,50.973906],[1.9056381,50.9738693],[1.9056381,50.9738096],[1.9056197,50.9737536],[1.9056167,50.9737074],[1.9056503,50.9736553],[1.9056993,50.9736052],[1.9056963,50.9735473],[1.9056534,50.973503],[1.9055952,50.9734895],[1.9055217,50.9734876],[1.9054789,50.9734991],[1.9054237,50.9734934],[1.905387,50.9734606],[1.9053809,50.9734317],[1.9053778,50.9734027],[1.9053227,50.9733854]]],[[[1.9051382,50.9342807],[1.9052154,50.9342807],[1.9052694,50.9342843],[1.9052983,50.9343147],[1.905308,50.9343536],[1.9053465,50.9343779],[1.9053157,50.9344022],[1.9053215,50.9344387],[1.9054295,50.9344314],[1.9054854,50.9344655],[1.9055182,50.9344837],[1.9055664,50.9344667],[1.9055433,50.9344022],[1.9055182,50.9343743],[1.9054835,50.9343281],[1.9054314,50.9342965],[1.9053774,50.9342612],[1.9053427,50.9342126],[1.9053542,50.9341433],[1.9053639,50.9340716],[1.9053485,50.9340169],[1.9053041,50.9339512],[1.9052231,50.9338625],[1.905117,50.9338163],[1.9049144,50.9337908],[1.9047756,50.9338163],[1.9046251,50.9338613],[1.9045923,50.9339257],[1.9046328,50.9340473],[1.9046849,50.9341688],[1.9046984,50.934288],[1.9047428,50.9343086],[1.9048083,50.9343062],[1.9048681,50.9342624],[1.9049299,50.934232],[1.9050147,50.9342017],[1.9051151,50.9342272],[1.9051382,50.9342807]]],[[[1.9049152,50.9414137],[1.9049014,50.9414341],[1.9049291,50.941466],[1.9050168,50.9414748],[1.9050722,50.9414777],[1.9050883,50.9415009],[1.9050929,50.9415388],[1.9051299,50.9415664],[1.9051829,50.941578],[1.9052729,50.9415896],[1.9053306,50.9415867],[1.9053606,50.9415722],[1.9053699,50.9415329],[1.9053791,50.9415009],[1.9053745,50.941466],[1.9053399,50.9414355],[1.9052752,50.9414253],[1.9051991,50.9414297],[1.9051299,50.9414282],[1.9050583,50.941421],[1.9049868,50.9414122],[1.9049152,50.9414137]]],[[[1.9045935,50.9728758],[1.9046027,50.9728392],[1.9046394,50.9727987],[1.9046823,50.9727563],[1.9047068,50.9727119],[1.9046915,50.9726464],[1.9046333,50.9725885],[1.9045292,50.9725442],[1.9044526,50.9725249],[1.9043485,50.9725172],[1.9041709,50.9725249],[1.9040821,50.972523],[1.9038494,50.9725056],[1.9035524,50.972496],[1.9034054,50.9725326],[1.9033258,50.9725635],[1.9032707,50.9726233],[1.9032278,50.9726984],[1.9031819,50.9727968],[1.9031054,50.9728913],[1.9030288,50.9729645],[1.9029492,50.9730282],[1.9028604,50.9731265],[1.9028053,50.9732036],[1.9027961,50.9732749],[1.9028114,50.9733444],[1.9028726,50.9734003],[1.9029951,50.9734388],[1.9031697,50.9734716],[1.9033166,50.9734986],[1.9034544,50.9735237],[1.9035646,50.9735487],[1.9037147,50.9735777],[1.903782,50.9735989],[1.9039015,50.9736259],[1.9040178,50.973649],[1.904076,50.9736201],[1.9040699,50.9735372],[1.9040637,50.973462],[1.9040913,50.9733926],[1.904125,50.9733309],[1.9041648,50.9732884],[1.9042383,50.9732537],[1.9043148,50.9732422],[1.9044189,50.9732383],[1.90452,50.9732422],[1.9046118,50.9732364],[1.9046731,50.9732267],[1.9047282,50.973219],[1.9048384,50.9732692],[1.9048323,50.9731824],[1.9048262,50.9731246],[1.9048384,50.9730744],[1.9047833,50.9730339],[1.9047006,50.9729973],[1.9046394,50.9729587],[1.9046118,50.9729105],[1.9045935,50.9728758]]],[[[1.8777869,50.9518313],[1.8777386,50.951828],[1.8776957,50.9518584],[1.8776689,50.9519057],[1.8776065,50.9520076],[1.8774738,50.9520061],[1.8771583,50.9519684],[1.8770888,50.951955],[1.8770936,50.9518968],[1.8770457,50.9518914],[1.8770018,50.9518865],[1.8769642,50.951918],[1.8769244,50.9519197],[1.8768852,50.9521302],[1.8769028,50.9521459],[1.8769776,50.9521751],[1.8771779,50.9522181],[1.8773773,50.9522615],[1.8774615,50.9522984],[1.8775059,50.9523396],[1.87732,50.9533487],[1.8770765,50.9539431],[1.8769044,50.9543446],[1.8767847,50.9545053],[1.8761401,50.9549757],[1.8760037,50.9551154],[1.8759654,50.9552359],[1.8758401,50.9557056],[1.8756446,50.9564496],[1.8752416,50.9579118],[1.8751666,50.9581263],[1.8751216,50.9582767],[1.8751379,50.9584359],[1.8752896,50.9585861],[1.8753971,50.9586739],[1.875515,50.958722],[1.8756574,50.9587756],[1.8758054,50.9588522],[1.8758496,50.9589422],[1.875821,50.9592426],[1.875764,50.9596446],[1.8757287,50.9599076],[1.8754917,50.9604716],[1.875327,50.9608884],[1.8752453,50.9610095],[1.8745429,50.9615713],[1.8740531,50.9632697],[1.8741187,50.963319],[1.8740974,50.9633785],[1.8740112,50.9634147],[1.873467,50.9654943],[1.8734606,50.9655533],[1.8734912,50.9656292],[1.8735608,50.9657122],[1.873754,50.9658659],[1.8739092,50.9660125],[1.8739381,50.9660398],[1.8739482,50.9661736],[1.8737385,50.9675418],[1.8737363,50.9675561],[1.8735698,50.9676413],[1.8734572,50.9676604],[1.8733606,50.9676469],[1.8732614,50.9678208],[1.8734545,50.9678631],[1.8736703,50.9678194],[1.8737282,50.9678004],[1.8739109,50.9677403],[1.8740658,50.967594],[1.874085,50.9674509],[1.8742689,50.9660769],[1.8738285,50.965641],[1.8737587,50.9655252],[1.8737465,50.965331],[1.8742868,50.9634586],[1.8742482,50.9634078],[1.8742761,50.9633408],[1.8743139,50.9633162],[1.8744331,50.9628929],[1.874785,50.9618021],[1.8748493,50.9616027],[1.8754041,50.9611169],[1.8755825,50.9608116],[1.8758645,50.9603217],[1.8761055,50.9598398],[1.8761341,50.9597073],[1.8760676,50.9588696],[1.8759946,50.9587462],[1.8757343,50.958468],[1.8753578,50.958039],[1.8753798,50.9579478],[1.875458,50.9578999],[1.8757939,50.9567617],[1.8761438,50.9554106],[1.8762038,50.955244],[1.8762335,50.9551799],[1.8763179,50.9550985],[1.8766525,50.9547962],[1.8768915,50.9545971],[1.8770062,50.9545146],[1.8770727,50.954455],[1.8771267,50.9543677],[1.8771768,50.9542738],[1.8774635,50.9536136],[1.8775835,50.9533106],[1.8776512,50.9530181],[1.8777403,50.9523729],[1.8777722,50.952142],[1.8777702,50.9520887],[1.8777628,50.9520313],[1.8777815,50.9519158],[1.8778405,50.9519091],[1.8832536,50.9527495],[1.8861297,50.953196],[1.8910745,50.9539637],[1.8964158,50.9547853],[1.9044695,50.9560419],[1.904507,50.9559642],[1.8964655,50.954716],[1.8899212,50.9537001],[1.8841702,50.9528109],[1.8778566,50.9518347],[1.8777869,50.9518313]]],[[[1.9024058,50.9432722],[1.9023106,50.9432803],[1.9022643,50.9433014],[1.9022978,50.9433338],[1.9023827,50.9433549],[1.9024702,50.9433711],[1.9025628,50.9434035],[1.9026451,50.9434506],[1.9028381,50.9434814],[1.903188,50.9435251],[1.9033115,50.9435381],[1.9033578,50.94353],[1.9033784,50.9435089],[1.9033681,50.9434927],[1.9033064,50.9434668],[1.9031314,50.943436],[1.9028381,50.9433954],[1.9026811,50.9433711],[1.902622,50.9433419],[1.9025422,50.9433079],[1.9024058,50.9432722]]],[[[1.9023159,50.9740585],[1.9021234,50.9740365],[1.9019514,50.9740273],[1.9018523,50.9739447],[1.9016745,50.9738988],[1.9015374,50.9738676],[1.9014908,50.9738695],[1.9014325,50.9739209],[1.9014033,50.9739906],[1.9013917,50.9740328],[1.9014237,50.9740585],[1.9015753,50.9740934],[1.9017328,50.9741246],[1.9018231,50.9741191],[1.9019456,50.9741687],[1.9020797,50.9742219],[1.902173,50.974266],[1.9023071,50.9742862],[1.9024296,50.974288],[1.9025637,50.9743192],[1.9026337,50.9743394],[1.9027182,50.974389],[1.9027998,50.9744349],[1.9028727,50.9744698],[1.9029398,50.9744881],[1.9030214,50.9744863],[1.9030768,50.9744569],[1.9030826,50.9744312],[1.9030418,50.9743651],[1.9030039,50.9742586],[1.9030127,50.9741889],[1.9029981,50.974132],[1.9028698,50.974143],[1.9025753,50.9741191],[1.9023159,50.9740585]]],[[[1.9026653,50.9348934],[1.9027694,50.9349019],[1.9028678,50.9348691],[1.9029315,50.9348666],[1.9030125,50.9348338],[1.9030221,50.934784],[1.9029913,50.9347694],[1.902916,50.9347937],[1.9028215,50.9348143],[1.9027405,50.9347998],[1.9027135,50.934739],[1.9027752,50.934666],[1.9028504,50.9346174],[1.9028832,50.9345615],[1.9028543,50.9344922],[1.9027675,50.934463],[1.9026556,50.9344497],[1.9025611,50.934463],[1.9024897,50.9345044],[1.9024762,50.9345688],[1.9023952,50.9346478],[1.9023528,50.9347183],[1.9022891,50.9348618],[1.9023026,50.9349481],[1.9023971,50.9349724],[1.9024492,50.9349554],[1.9024762,50.9349201],[1.9025148,50.9349043],[1.9026653,50.9348934]]],[[[1.901644,50.9334117],[1.9016789,50.9334202],[1.9017003,50.9334422],[1.9017151,50.9334633],[1.9017459,50.9334776],[1.9017607,50.9334954],[1.9018076,50.933503],[1.9018545,50.9335081],[1.9019135,50.9335039],[1.9019323,50.9334996],[1.9019524,50.9334819],[1.9019538,50.933465],[1.9019457,50.9334523],[1.9018907,50.9334447],[1.9018653,50.9334413],[1.9018076,50.9334261],[1.9017754,50.9334109],[1.9017271,50.9333881],[1.9016829,50.933372],[1.9016413,50.9333365],[1.9016118,50.9333145],[1.9016118,50.9332976],[1.9016239,50.9332909],[1.9016346,50.9332714],[1.901652,50.9332638],[1.901711,50.9332275],[1.9017473,50.9332089],[1.9017647,50.933203],[1.9018022,50.933203],[1.9018384,50.9332063],[1.9018626,50.9331886],[1.9018612,50.9331489],[1.9018519,50.9331311],[1.9018317,50.93311],[1.9018103,50.933088],[1.9017687,50.9330753],[1.9017298,50.9330736],[1.9017084,50.9330846],[1.901707,50.9331032],[1.9017204,50.9331235],[1.9017285,50.9331404],[1.9017124,50.9331582],[1.9016815,50.9331869],[1.9016641,50.933203],[1.9016011,50.9332376],[1.9015702,50.9332469],[1.9015179,50.9332418],[1.9014991,50.9332283],[1.901467,50.9332173],[1.901424,50.9332224],[1.9014026,50.9332401],[1.9014053,50.9332731],[1.9014562,50.9333213],[1.9014844,50.9333559],[1.9015367,50.933383],[1.901589,50.933399],[1.901644,50.9334117]]],[[[1.9014202,50.9302086],[1.9013611,50.9302071],[1.9012905,50.9302086],[1.9012541,50.9302201],[1.9012245,50.9302444],[1.9012177,50.930286],[1.9012245,50.9303276],[1.9012222,50.9303735],[1.9011881,50.9304309],[1.9011585,50.9304783],[1.9010971,50.9305227],[1.9010811,50.9305715],[1.9011153,50.9306031],[1.9011699,50.9306246],[1.9012336,50.9306432],[1.9013429,50.9306662],[1.9014225,50.9306891],[1.9014817,50.9306863],[1.9015613,50.9306705],[1.901641,50.9306633],[1.9017002,50.9306762],[1.9017685,50.9306719],[1.9018071,50.9306504],[1.901839,50.9306016],[1.9018504,50.93055],[1.9018527,50.930484],[1.9018322,50.9304309],[1.9017844,50.9303764],[1.9017685,50.930352],[1.9017229,50.9303162],[1.9016683,50.9302903],[1.9016046,50.9302631],[1.9015477,50.930243],[1.9014862,50.9302244],[1.9014202,50.9302086]]],[[[1.9011032,50.965998],[1.9012374,50.9657218],[1.9009682,50.9656699],[1.900834,50.9659461],[1.9011032,50.965998]]],[[[1.90083,50.9364359],[1.9011424,50.9363487],[1.900743,50.936234],[1.9003199,50.9362889],[1.9001222,50.9363412],[1.9000431,50.9363213],[1.899616,50.936391],[1.8994302,50.9364658],[1.8994381,50.9365032],[1.8995014,50.9364882],[1.8995725,50.9364907],[1.8996279,50.9365754],[1.899877,50.9365281],[1.899964,50.9365455],[1.9002883,50.9365206],[1.90083,50.9364359]]],[[[1.9008288,50.9294196],[1.9007987,50.9293676],[1.900772,50.9293283],[1.900705,50.9292984],[1.9006492,50.9292781],[1.900556,50.9292798],[1.9004471,50.9293148],[1.9003016,50.9294089],[1.9001841,50.9295177],[1.900162,50.9295574],[1.900179,50.9295949],[1.900245,50.9296162],[1.9003118,50.9295867],[1.9003972,50.9295601],[1.9004856,50.9295469],[1.9005659,50.9295749],[1.9005949,50.9296088],[1.9005922,50.9296494],[1.9005887,50.9297156],[1.9005759,50.9297773],[1.9005381,50.9298068],[1.9004491,50.9298495],[1.9004023,50.9298782],[1.9003788,50.9299099],[1.9003873,50.9299381],[1.9004168,50.9299618],[1.9004597,50.9299668],[1.9005026,50.9299659],[1.9007873,50.9298866],[1.9009396,50.9298358],[1.9010274,50.9297986],[1.9010784,50.9297594],[1.9011059,50.9297188],[1.9010719,50.929621],[1.901115,50.9295503],[1.9011085,50.9294856],[1.901067,50.9294443],[1.9009809,50.9294373],[1.9008841,50.9294471],[1.9008288,50.9294196]]],[[[1.901043,50.9328375],[1.9010589,50.9327996],[1.9010624,50.9327572],[1.9010571,50.9327293],[1.9010377,50.9327148],[1.9010147,50.9327159],[1.9009881,50.9327237],[1.900951,50.9327338],[1.9009457,50.9327605],[1.900951,50.9327862],[1.9009687,50.9328163],[1.9009651,50.9328364],[1.9009492,50.9328564],[1.9009333,50.9328821],[1.9009368,50.9329055],[1.900981,50.9329111],[1.9010164,50.9329066],[1.9010359,50.932901],[1.9010394,50.9328899],[1.9010288,50.9328787],[1.9010271,50.9328598],[1.901043,50.9328375]]],[[[1.900411,50.9386115],[1.9001972,50.9383145],[1.8999902,50.9380259],[1.8997663,50.93773],[1.8995626,50.9374584],[1.8994414,50.9373343],[1.8993993,50.937313],[1.8993235,50.9373597],[1.8994262,50.9375655],[1.8994868,50.9376674],[1.8996535,50.9378721],[1.899773,50.9380026],[1.8997713,50.9380514],[1.8999043,50.9382222],[1.9000878,50.9385012],[1.9002157,50.9386624],[1.9003083,50.9387059],[1.9003403,50.938777],[1.9003723,50.9388778],[1.9004935,50.9390698],[1.9006518,50.9392565],[1.9007999,50.9394655],[1.9008874,50.9395334],[1.900948,50.9395419],[1.9009946,50.9395481],[1.9010289,50.9395185],[1.9010087,50.9394761],[1.9009918,50.9394421],[1.9009413,50.9393902],[1.900874,50.9392989],[1.9007191,50.9390677],[1.9005912,50.9388926],[1.90048,50.9387484],[1.900411,50.9386115]]],[[[1.9006643,50.9324148],[1.9006908,50.9324549],[1.9007386,50.9324661],[1.9007829,50.9324583],[1.900797,50.9324427],[1.9007705,50.932417],[1.9007351,50.9323947],[1.9007085,50.9323535],[1.9006855,50.9322843],[1.9006537,50.9322676],[1.9006041,50.9322676],[1.9005758,50.9322776],[1.900551,50.9322921],[1.9005493,50.9323155],[1.90059,50.9323434],[1.9006271,50.932378],[1.9006643,50.9324148]]],[[[1.8995052,50.9555321],[1.899738,50.9555512],[1.8998987,50.9555629],[1.90076,50.9556231],[1.9007414,50.9555879],[1.9006552,50.9555717],[1.9002222,50.9554955],[1.8995308,50.9553987],[1.8993469,50.9554031],[1.8993842,50.955472],[1.8995052,50.9555321]]],[[[1.9001861,50.9318625],[1.9001707,50.9318246],[1.9001346,50.9317803],[1.9001055,50.9317414],[1.9000729,50.93171],[1.90003,50.9316776],[1.8999734,50.9316484],[1.8999168,50.93167],[1.8999219,50.9317046],[1.899946,50.9317371],[1.8999528,50.9317684],[1.8999545,50.9317965],[1.8999614,50.9318138],[1.8999871,50.931816],[1.9000043,50.9318333],[1.8999906,50.9318571],[1.9000043,50.9318808],[1.900018,50.9319046],[1.9000472,50.9319349],[1.9000832,50.931949],[1.9001209,50.931949],[1.9001552,50.9319414],[1.9001741,50.9319252],[1.9001844,50.9318938],[1.9001861,50.9318625]]],[[[1.8995474,50.9309265],[1.8996338,50.9309854],[1.8996991,50.9310457],[1.8997085,50.9311031],[1.8997318,50.9311502],[1.8997879,50.9311796],[1.8998462,50.9312179],[1.8998649,50.9312606],[1.8998766,50.9313268],[1.8998789,50.9313886],[1.8998719,50.9314386],[1.8998929,50.9314828],[1.8999256,50.9315063],[1.899977,50.9315019],[1.900019,50.9314637],[1.9000354,50.9314048],[1.900026,50.9313342],[1.9000237,50.9312679],[1.9000027,50.9312164],[1.8999653,50.9311738],[1.899921,50.9311355],[1.8999,50.9310928],[1.8998976,50.9310575],[1.8998719,50.9310281],[1.8998089,50.9309927],[1.8997645,50.9309589],[1.8997342,50.9309192],[1.8997365,50.9308691],[1.8997178,50.9308206],[1.8997125,50.9308128],[1.8996875,50.9307764],[1.8996291,50.9307558],[1.8995614,50.9307426],[1.8994867,50.930747],[1.8994446,50.9307764],[1.8994073,50.9308338],[1.8993652,50.9308853],[1.8992975,50.9309501],[1.8992391,50.9310178],[1.8992578,50.9310339],[1.8992999,50.9310266],[1.8993349,50.9309898],[1.8993816,50.9309545],[1.8994236,50.9309044],[1.8994773,50.9308897],[1.8995474,50.9309265]]],[[[1.8985322,50.9370634],[1.8982781,50.9370549],[1.8980125,50.9370647],[1.8977895,50.9370573],[1.8977449,50.9371661],[1.8978147,50.9371661],[1.8980144,50.9371685],[1.8982219,50.9371893],[1.898377,50.9371893],[1.8985516,50.9371942],[1.8986349,50.9371991],[1.8986912,50.9372186],[1.8987649,50.9372235],[1.8988017,50.9372101],[1.8989181,50.9372052],[1.8989588,50.9372174],[1.8990712,50.9372052],[1.8991663,50.9372015],[1.8992167,50.9371649],[1.8992555,50.9371368],[1.8992283,50.9371062],[1.8991488,50.9370952],[1.8990014,50.937094],[1.8988172,50.937083],[1.8985322,50.9370634]]],[[[1.8982209,50.9615328],[1.8982539,50.9615084],[1.8982898,50.9614751],[1.8983257,50.9614197],[1.8984013,50.9612377],[1.8984164,50.9611466],[1.8984221,50.9609753],[1.8984079,50.9609461],[1.898372,50.9609033],[1.8983352,50.960867],[1.8982927,50.9608348],[1.8982398,50.9608182],[1.8981803,50.9608087],[1.8981255,50.9608057],[1.8980678,50.9608182],[1.8979838,50.9608497],[1.8979139,50.9608866],[1.8978723,50.9609271],[1.8978449,50.9609777],[1.8978336,50.9610092],[1.8978326,50.9610342],[1.8978194,50.9611109],[1.8978071,50.9611704],[1.8977825,50.961243],[1.8977504,50.9613037],[1.8977438,50.9613388],[1.8977315,50.9613567],[1.897707,50.9613656],[1.8977051,50.961384],[1.8977155,50.9613989],[1.8977136,50.9614156],[1.8977117,50.9614578],[1.8977192,50.9614828],[1.8977353,50.9615024],[1.8977627,50.9615221],[1.8977977,50.9615364],[1.8978638,50.961559],[1.8979309,50.9615744],[1.8979847,50.9615816],[1.8980565,50.9615846],[1.8981151,50.9615756],[1.8981689,50.9615619],[1.8982209,50.9615328]]],[[[1.8981853,50.9668629],[1.8981714,50.9668295],[1.8981184,50.9668193],[1.8980561,50.9668455],[1.8976914,50.9673527],[1.8977838,50.9673948],[1.8981853,50.9668629]]],[[[1.8966915,50.9726924],[1.8965797,50.9726962],[1.896533,50.9727218],[1.896533,50.9729049],[1.8965594,50.972919],[1.8966692,50.9729356],[1.8968074,50.9729394],[1.8970818,50.9729292],[1.8972912,50.9729241],[1.8974558,50.9729087],[1.8976205,50.972887],[1.8977811,50.9728614],[1.8979071,50.9728383],[1.8980128,50.9728102],[1.8979864,50.9727602],[1.8978116,50.9727628],[1.8976286,50.9727628],[1.8973969,50.9727602],[1.8971184,50.9727359],[1.896909,50.9727129],[1.8966915,50.9726924]]],[[[1.8975769,50.9736613],[1.897627,50.9736424],[1.8977001,50.9736148],[1.8977648,50.9735721],[1.897771,50.9735197],[1.8977556,50.9734557],[1.8977309,50.9734227],[1.8976909,50.9734091],[1.8976385,50.9734149],[1.8974136,50.9734421],[1.8972071,50.9734634],[1.8969822,50.9734751],[1.8967758,50.9734828],[1.8965755,50.9734828],[1.8964307,50.9734848],[1.8963691,50.9734848],[1.8963229,50.9735022],[1.8963229,50.9735352],[1.896326,50.9735682],[1.8963907,50.9736167],[1.8965232,50.9736516],[1.8967419,50.9736768],[1.8969607,50.9736962],[1.897164,50.9736613],[1.8973704,50.973638],[1.8974598,50.9736342],[1.897466,50.9736671],[1.8975769,50.9736613]]],[[[1.896348,50.9729279],[1.8963886,50.9729074],[1.8963988,50.9728857],[1.8964151,50.9726962],[1.8961671,50.9726758],[1.8958357,50.9726732],[1.8952615,50.9726787],[1.8952564,50.9727449],[1.8952666,50.9727743],[1.8953763,50.9728012],[1.8955552,50.9728281],[1.8958195,50.9728767],[1.8959821,50.9728985],[1.8962016,50.9729164],[1.896348,50.9729279]]],[[[1.8963895,50.9370735],[1.8963612,50.9370183],[1.8962069,50.936934],[1.895947,50.9368708],[1.8956074,50.9368027],[1.8948126,50.9367031],[1.894766,50.9366973],[1.8947539,50.9367353],[1.8947351,50.9367946],[1.8953526,50.9368902],[1.8956511,50.9369373],[1.8961477,50.9370702],[1.8962866,50.937114],[1.8963484,50.9371026],[1.8963895,50.9370735]]],[[[1.8948487,50.9412596],[1.8949381,50.9412686],[1.8950418,50.9412699],[1.8951272,50.9412622],[1.8951536,50.941225],[1.8951556,50.9412135],[1.8950967,50.9411879],[1.8949422,50.9411776],[1.8948324,50.9411699],[1.8948345,50.9411328],[1.8948731,50.9411033],[1.8949991,50.9410931],[1.8951211,50.9410893],[1.8952125,50.9410828],[1.8952695,50.9410483],[1.8952837,50.9409842],[1.895304,50.9408971],[1.8953386,50.9407767],[1.8952999,50.9407562],[1.8952654,50.9407626],[1.8952186,50.9408446],[1.8951638,50.9408536],[1.8951028,50.9409791],[1.8949828,50.9409957],[1.8948345,50.9409932],[1.894747,50.9410624],[1.8947125,50.9410957],[1.8946881,50.9411302],[1.8946515,50.9411559],[1.8945844,50.9411559],[1.894493,50.9411405],[1.8944421,50.9411354],[1.8944015,50.9411405],[1.8943547,50.9411712],[1.8943527,50.9412084],[1.8944055,50.9412301],[1.8944787,50.9412455],[1.8946312,50.9412494],[1.8946576,50.9412378],[1.8947409,50.9412558],[1.8948487,50.9412596]]],[[[1.8915124,50.9545184],[1.8910422,50.9557122],[1.893496,50.9560864],[1.8950209,50.9563345],[1.8950387,50.9562793],[1.8935158,50.9560418],[1.8913875,50.9557226],[1.891478,50.9554909],[1.8914251,50.9554837],[1.8915435,50.9551666],[1.8915944,50.955175],[1.8916625,50.9550114],[1.89159,50.9549999],[1.8917228,50.954658],[1.8921165,50.9547214],[1.8923737,50.9547629],[1.8925507,50.9547914],[1.8925673,50.9547563],[1.892627,50.9547647],[1.8926397,50.9547305],[1.892702,50.9547389],[1.8927151,50.9547064],[1.8923098,50.954643],[1.8921093,50.9546117],[1.8915124,50.9545184]]],[[[1.8939266,50.9371066],[1.893773,50.9372744],[1.893575,50.9373884],[1.893237,50.9375304],[1.8928376,50.9377025],[1.8926362,50.9378101],[1.8924177,50.938036],[1.892387,50.9380898],[1.892445,50.938122],[1.8925304,50.9380898],[1.8926055,50.938036],[1.8926737,50.9379349],[1.8927864,50.9378488],[1.8929844,50.9377606],[1.89322,50.9376531],[1.8935887,50.9374853],[1.8937355,50.9374078],[1.8939232,50.937311],[1.8940427,50.9371927],[1.8940905,50.9370916],[1.8941793,50.9370184],[1.894251,50.9369345],[1.8943636,50.9367947],[1.8944148,50.9366893],[1.8943602,50.9366462],[1.8942305,50.9366118],[1.8940086,50.9365817],[1.8936843,50.9366054],[1.8934521,50.9366462],[1.8932473,50.9367151],[1.8931005,50.9368033],[1.89308,50.9368291],[1.8930902,50.93687],[1.8931449,50.9368829],[1.8933224,50.9368162],[1.8934828,50.9367473],[1.8938174,50.9367],[1.8941144,50.9366936],[1.8942271,50.9367258],[1.8942305,50.936799],[1.8941076,50.9369238],[1.8939266,50.9371066]]],[[[1.8915147,50.9674937],[1.8913829,50.9677843],[1.89218,50.9679202],[1.8923288,50.9676083],[1.891561,50.9674822],[1.8915147,50.9674937]]],[[[1.8918733,50.9358265],[1.8918711,50.9357126],[1.8918941,50.9356574],[1.8911582,50.9352185],[1.8911035,50.9352151],[1.8910667,50.935221],[1.8910174,50.9352509],[1.8909809,50.9352695],[1.8909312,50.9353226],[1.8908834,50.9356075],[1.8908856,50.9359424],[1.8909146,50.9361],[1.8909593,50.9361464],[1.8910762,50.9362153],[1.8911836,50.9363088],[1.8912025,50.9363725],[1.8911709,50.9364799],[1.8911488,50.9365914],[1.8911615,50.9367824],[1.8913807,50.937876],[1.8916712,50.9378482],[1.8915133,50.9369527],[1.8915322,50.9366503],[1.8916396,50.9364314],[1.8919301,50.936113],[1.8919364,50.9360493],[1.8918733,50.9358265]]],[[[1.889656,50.9355074],[1.8896339,50.9355671],[1.8896592,50.9356925],[1.8897634,50.9358636],[1.8900571,50.9361203],[1.8902149,50.9362079],[1.8903854,50.9361681],[1.8904991,50.9361044],[1.8905149,50.9360427],[1.8905149,50.9352089],[1.8904896,50.9351492],[1.8904012,50.9351333],[1.889656,50.9355074]]],[[[1.8879721,50.9410767],[1.8877749,50.9411528],[1.8876301,50.9411841],[1.8875737,50.9412128],[1.8875644,50.9412694],[1.8876019,50.9413987],[1.8876676,50.9414519],[1.8877521,50.9414824],[1.8878581,50.9415001],[1.8888639,50.9413176],[1.8888143,50.9410227],[1.8886922,50.9409703],[1.8885005,50.9409449],[1.8883462,50.9409441],[1.8882188,50.9409669],[1.8879721,50.9410767]]],[[[1.8869635,50.9381111],[1.8870528,50.9381364],[1.8871791,50.938216],[1.8874349,50.9381674],[1.8879124,50.9380393],[1.8877122,50.9378568],[1.887632,50.9377966],[1.8875304,50.937783],[1.8871884,50.9378742],[1.8867909,50.9379946],[1.8863103,50.9381305],[1.8857341,50.9383227],[1.8855893,50.9383538],[1.8855955,50.9383868],[1.8857126,50.9383693],[1.8861193,50.9382781],[1.8862671,50.9382334],[1.8864612,50.9381752],[1.8866554,50.9381441],[1.8868772,50.9381053],[1.8869635,50.9381111]]],[[[1.8821974,50.9714206],[1.8820693,50.9714129],[1.8819413,50.9714142],[1.881799,50.971427],[1.881738,50.9714411],[1.881675,50.9714641],[1.8816526,50.9714987],[1.8816506,50.9715435],[1.8816607,50.9716075],[1.8816912,50.9716485],[1.8817441,50.9716856],[1.8817847,50.9716933],[1.8818274,50.971683],[1.8822645,50.9715],[1.8823376,50.9714693],[1.8823498,50.9714501],[1.8823458,50.971436],[1.8823153,50.9714283],[1.8821974,50.9714206]]],[[[1.8810536,50.9717585],[1.8811282,50.9717355],[1.8811891,50.9716945],[1.8812237,50.9716549],[1.8812278,50.9716088],[1.8812278,50.9715653],[1.8811952,50.9715384],[1.8811485,50.9715192],[1.8810753,50.9715166],[1.8809594,50.9715269],[1.8807562,50.9715512],[1.8804065,50.9715921],[1.8801362,50.9716254],[1.880002,50.9716523],[1.879941,50.9716728],[1.8799126,50.9717189],[1.8799085,50.9717457],[1.8799228,50.9717765],[1.8799573,50.9718149],[1.8800346,50.9718379],[1.88025,50.9718584],[1.8803923,50.9718673],[1.8805509,50.9718494],[1.880744,50.9718264],[1.8809229,50.9718021],[1.8810245,50.9717675],[1.8810536,50.9717585]]],[[[1.8782874,50.9381567],[1.8782756,50.9381839],[1.8781938,50.9381999],[1.8780722,50.9382682],[1.8780185,50.9385292],[1.8779849,50.9388827],[1.8780202,50.9392409],[1.8780972,50.9395183],[1.8781616,50.9397504],[1.8783604,50.9397295],[1.8784422,50.9396697],[1.8781905,50.9388866],[1.8781794,50.9387827],[1.8784361,50.9382361],[1.8783842,50.9381628],[1.8783995,50.9380831],[1.878403,50.9380647],[1.8784298,50.938058],[1.8784754,50.9379502],[1.878635,50.9378782],[1.878985,50.9377203],[1.8800738,50.9371972],[1.8802494,50.9370952],[1.8806907,50.9368389],[1.8806201,50.9367659],[1.880022,50.9371293],[1.8792361,50.9375079],[1.8786632,50.9378049],[1.8784647,50.937864],[1.8783967,50.9379021],[1.878352,50.9379587],[1.8783279,50.9380128],[1.8783378,50.9380412],[1.8783215,50.9380785],[1.8782874,50.9381567]]],[[[1.8793238,50.9457098],[1.8795127,50.945601],[1.8796527,50.9455251],[1.8797472,50.9454738],[1.8798514,50.9454],[1.8799523,50.9453035],[1.8800305,50.9452194],[1.8800989,50.9451065],[1.8803399,50.9445587],[1.8805483,50.9440764],[1.8805972,50.9439123],[1.8805874,50.943861],[1.880493,50.9436476],[1.880151,50.9428534],[1.8800709,50.9427972],[1.8794326,50.9424862],[1.8792967,50.942398],[1.8792481,50.9423368],[1.8785979,50.9403727],[1.8785423,50.9402859],[1.878488,50.9401328],[1.8784087,50.9401445],[1.8783491,50.9401537],[1.8783535,50.9401861],[1.8783718,50.9402627],[1.8783919,50.9403813],[1.8790095,50.9423284],[1.8790448,50.9424008],[1.8790934,50.9424509],[1.8791818,50.9425121],[1.8799751,50.9429294],[1.8803562,50.943863],[1.8800409,50.9446183],[1.879884,50.9449526],[1.8798058,50.9451414],[1.8797439,50.9452255],[1.8796364,50.945324],[1.8794736,50.9454348],[1.8792131,50.9455744],[1.8790698,50.9456441],[1.8789884,50.9456934],[1.8789493,50.9457283],[1.8789167,50.9457755],[1.8789069,50.945835],[1.8788425,50.9459812],[1.878814,50.9460154],[1.8776827,50.9495942],[1.8770899,50.9515081],[1.8770464,50.9515143],[1.877033,50.9515701],[1.8770973,50.9515768],[1.8770893,50.9515954],[1.8771916,50.951609],[1.8772911,50.9515614],[1.8781166,50.9489152],[1.8788247,50.9466643],[1.8790178,50.9460222],[1.8789813,50.9459978],[1.8790093,50.9459383],[1.8790377,50.9458462],[1.8790991,50.9458329],[1.8791772,50.9457878],[1.8793238,50.9457098]]],[[[1.8801938,50.9488804],[1.8801652,50.9489649],[1.8804764,50.9490199],[1.8804933,50.9489674],[1.8801938,50.9488804]]],[[[1.8794705,50.9363545],[1.8795328,50.9364018],[1.8794534,50.9364167],[1.8793482,50.9364288],[1.8792666,50.9364748],[1.8792709,50.936533],[1.8793847,50.9365289],[1.8795392,50.9365195],[1.8795328,50.9365993],[1.8794426,50.936721],[1.8795049,50.9367765],[1.8796122,50.936794],[1.8797174,50.9367954],[1.8797281,50.9367697],[1.8796938,50.9367291],[1.8796315,50.9366764],[1.8796616,50.9366047],[1.8797066,50.9365479],[1.879844,50.9365587],[1.8799148,50.9365912],[1.8799985,50.9366358],[1.8800522,50.9366412],[1.8800822,50.9365709],[1.8800543,50.9365276],[1.8799857,50.9364924],[1.8799127,50.9364978],[1.8798247,50.9364627],[1.8798011,50.9363937],[1.8797174,50.9363572],[1.8796272,50.9363085],[1.8795736,50.936253],[1.8795821,50.9361894],[1.8795972,50.9361326],[1.8795435,50.9360393],[1.8794448,50.9359433],[1.8792988,50.9359311],[1.8792538,50.9360041],[1.8793418,50.9362544],[1.879389,50.9363666],[1.8794705,50.9363545]]],[[[1.8797372,50.9698904],[1.8796391,50.9698625],[1.879534,50.9698375],[1.8794523,50.9698375],[1.8794056,50.9698449],[1.8793753,50.9698654],[1.8793543,50.9698993],[1.8793636,50.969939],[1.8793799,50.9699713],[1.8794243,50.9700257],[1.8794897,50.9700551],[1.8795457,50.9700625],[1.8796064,50.9700551],[1.8797162,50.970036],[1.8797559,50.9700228],[1.8797862,50.9700022],[1.8797886,50.9699728],[1.8797652,50.969914],[1.8797372,50.9698904]]],[[[1.8781626,50.9783869],[1.878214,50.9784259],[1.8782374,50.9783281],[1.8782409,50.9782399],[1.8782199,50.9781451],[1.8780319,50.9775916],[1.8778264,50.9769932],[1.8778145,50.9769975],[1.8776139,50.9770697],[1.8778054,50.9776577],[1.8779338,50.9780444],[1.8779875,50.9781605],[1.8780809,50.9782972],[1.8781626,50.9783869]]],[[[1.8773641,50.9760699],[1.8773781,50.976114],[1.8775205,50.9765669],[1.8775532,50.9766521],[1.8775765,50.9766992],[1.8776536,50.976783],[1.8777447,50.9767712],[1.8776489,50.9764772],[1.8775065,50.9760214],[1.8774761,50.976017],[1.8774458,50.976017],[1.8774038,50.9760243],[1.8773734,50.9760435],[1.8773641,50.9760699]]],[[[1.8770616,50.9728447],[1.8771112,50.9730016],[1.8776989,50.9729241],[1.8776474,50.9727706],[1.8770616,50.9728447]]],[[[1.8768737,50.9742894],[1.876757,50.9743071],[1.8770021,50.9750305],[1.8770442,50.9751069],[1.8771166,50.9751981],[1.8771726,50.975251],[1.8772286,50.9752451],[1.8769227,50.9743468],[1.8769064,50.974313],[1.8768737,50.9742894]]],[[[1.8745939,50.9676567],[1.8747964,50.9676994],[1.8749452,50.9673953],[1.874734,50.9673535],[1.8745939,50.9676567]]],[[[1.8748406,50.9668552],[1.8749271,50.9666783],[1.8746851,50.9666339],[1.8746053,50.9668087],[1.8748406,50.9668552]]],[[[1.8746723,50.9672129],[1.8748212,50.9668979],[1.8745811,50.9668544],[1.8744993,50.967177],[1.8746723,50.9672129]]],[[[1.8745027,50.9678539],[1.8747045,50.9678928],[1.8747897,50.9677154],[1.8745838,50.9676778],[1.8745027,50.9678539]]],[[[1.8461007,50.9779096],[1.8470609,50.978298],[1.8473468,50.9783543],[1.8476445,50.9784719],[1.8476819,50.9785432],[1.849987,50.9794799],[1.8502777,50.9795286],[1.8504912,50.9796156],[1.8505623,50.9797039],[1.8528207,50.980633],[1.85315,50.9806906],[1.8533594,50.9807725],[1.8534244,50.9808557],[1.8538879,50.9810029],[1.8546257,50.9811731],[1.8553819,50.9812767],[1.8559369,50.981351],[1.8562763,50.9813292],[1.8565203,50.9813599],[1.8591505,50.9817841],[1.8594895,50.9817555],[1.8597425,50.9817967],[1.8598452,50.9818713],[1.8613334,50.9820785],[1.8626128,50.9822468],[1.8629437,50.9822245],[1.8631101,50.9822378],[1.8632109,50.9822635],[1.8633419,50.9823415],[1.8638639,50.982386],[1.8643435,50.9823972],[1.8648177,50.9823871],[1.8657149,50.9823348],[1.866106,50.9823114],[1.8662458,50.9822345],[1.8665024,50.9822178],[1.866651,50.9822802],[1.867819,50.9822167],[1.8695036,50.9821253],[1.8696416,50.9820518],[1.8699035,50.9820407],[1.8700504,50.9820941],[1.8729402,50.9819348],[1.8730641,50.9818758],[1.8733118,50.9818535],[1.8734905,50.9818903],[1.8741382,50.9817755],[1.8745063,50.9814903],[1.8727417,50.976074],[1.8728163,50.9760072],[1.8727085,50.9758908],[1.8725314,50.9758123],[1.8721863,50.9757279],[1.8707582,50.9759078],[1.8702121,50.9759757],[1.8699317,50.9759423],[1.8697992,50.9758574],[1.8697572,50.9757168],[1.8696353,50.9753304],[1.8695781,50.9750826],[1.8695431,50.9748187],[1.869452,50.9746224],[1.8692687,50.9745342],[1.8691753,50.9745056],[1.869034,50.9745092],[1.8686966,50.9744041],[1.8685367,50.9743593],[1.8674252,50.9741328],[1.8661445,50.9738594],[1.8649781,50.9736109],[1.8593668,50.9724482],[1.8581134,50.9721841],[1.8577529,50.9721123],[1.8573447,50.9721055],[1.8568594,50.9721821],[1.8563973,50.9723063],[1.8547443,50.9728272],[1.8541774,50.9730086],[1.8538369,50.9730484],[1.8534764,50.9730038],[1.8525506,50.9728117],[1.8515107,50.9725934],[1.8503784,50.9723567],[1.849887,50.9722578],[1.8495758,50.9721918],[1.8492477,50.9721618],[1.8488425,50.9721802],[1.8482078,50.9722869],[1.8470155,50.9725343],[1.8458447,50.9727913],[1.8446616,50.9730562],[1.8439837,50.9732007],[1.8432104,50.9732783],[1.842645,50.97332],[1.841921,50.9733316],[1.8416005,50.9733326],[1.8410783,50.9733258],[1.8410742,50.9733868],[1.8450868,50.9772003],[1.8452531,50.9772003],[1.8453711,50.9772442],[1.8455642,50.9773354],[1.8455911,50.9774435],[1.8456822,50.9776732],[1.8461007,50.9779096]]],[[[1.8657195,50.9347737],[1.8658551,50.9347869],[1.8660777,50.9348176],[1.8668917,50.9349732],[1.8672569,50.9350171],[1.8675387,50.9350587],[1.86773,50.9349929],[1.8677856,50.9349425],[1.8677822,50.9349162],[1.8676604,50.934868],[1.8665125,50.9346532],[1.8659108,50.9345304],[1.8658482,50.9345304],[1.8647166,50.9347953],[1.8643275,50.9348736],[1.8642493,50.934915],[1.8642201,50.9349564],[1.8641943,50.934997],[1.8642352,50.935031],[1.8643559,50.9350762],[1.8644568,50.9350894],[1.8647664,50.9350127],[1.8654447,50.9348351],[1.8657195,50.9347737]]],[[[1.8604188,50.9350813],[1.8605004,50.9355302],[1.861913,50.9354282],[1.8618314,50.9349792],[1.8604188,50.9350813]]],[[[1.855942,50.932531],[1.856075,50.932553],[1.856082,50.932554],[1.856091,50.932532],[1.854885,50.932335],[1.853363,50.932097],[1.852272,50.931931],[1.852259,50.931939],[1.852252,50.93195],[1.853355,50.932119],[1.854877,50.932357],[1.855942,50.932531]]],[[[1.8531406,50.9560692],[1.8531078,50.9560388],[1.8530866,50.9559888],[1.8530326,50.9559434],[1.8529772,50.9559207],[1.8529021,50.955911],[1.8528287,50.9558832],[1.8527363,50.9558921],[1.8527053,50.9559024],[1.8526615,50.955917],[1.8526551,50.9559264],[1.8526591,50.9559385],[1.8527624,50.9559645],[1.8527347,50.9560321],[1.8532027,50.9561251],[1.8532267,50.9561198],[1.853227,50.9561002],[1.8531847,50.9560904],[1.8531406,50.9560692]]],[[[1.852892,50.9556023],[1.8528846,50.9556092],[1.8528814,50.9556172],[1.8528827,50.9556254],[1.8528883,50.9556329],[1.8528976,50.9556387],[1.8529095,50.9556422],[1.8529215,50.955643],[1.8529333,50.9556415],[1.8529437,50.9556376],[1.8529517,50.9556319],[1.8529565,50.955625],[1.8529576,50.9556174],[1.8529548,50.95561],[1.8529486,50.9556035],[1.8529395,50.9555985],[1.8529283,50.9555956],[1.8529152,50.9555951],[1.8529026,50.9555975],[1.852892,50.9556023]]],[[[1.8516976,50.9522175],[1.851725,50.9522003],[1.8517426,50.9521786],[1.8517486,50.9521545],[1.8517426,50.9521304],[1.851725,50.9521087],[1.8516976,50.9520915],[1.8516631,50.9520804],[1.8516249,50.9520766],[1.8515826,50.9520813],[1.8515454,50.9520948],[1.8515178,50.9521156],[1.8515032,50.952141],[1.8515032,50.952168],[1.8515178,50.9521934],[1.8515454,50.9522142],[1.8515826,50.9522277],[1.8516249,50.9522324],[1.8516631,50.9522286],[1.8516976,50.9522175]]],[[[1.8483392,50.9388948],[1.848592,50.938798],[1.84903,50.938632],[1.849332,50.938517],[1.849393,50.938499],[1.849446,50.938498],[1.84956,50.938514],[1.849883,50.938561],[1.849926,50.938567],[1.849965,50.938569],[1.85001,50.938565],[1.850046,50.938558],[1.850099,50.938543],[1.850156,50.938518],[1.8501297,50.9385032],[1.850101,50.938487],[1.850038,50.938511],[1.849999,50.938522],[1.849953,50.938524],[1.849729,50.93849],[1.84947,50.938451],[1.849407,50.938452],[1.849356,50.938458],[1.849305,50.938474],[1.849209,50.938511],[1.848849,50.938648],[1.8485,50.93878],[1.848101,50.938931],[1.847699,50.939084],[1.847597,50.939123],[1.846846,50.939409],[1.846792,50.939432],[1.846654,50.939486],[1.846388,50.939587],[1.846163,50.939672],[1.84594,50.939756],[1.845672,50.939858],[1.845429,50.939946],[1.845167,50.94004],[1.844877,50.940144],[1.844697,50.940209],[1.844434,50.940291],[1.844253,50.940343],[1.843951,50.940431],[1.843639,50.94052],[1.843608,50.940527],[1.843388,50.94058],[1.843044,50.940664],[1.842728,50.940732],[1.842553,50.940769],[1.842455,50.940789],[1.842115,50.940853],[1.841923,50.940885],[1.841524,50.940954],[1.841457,50.940966],[1.841131,50.941021],[1.840774,50.941079],[1.840582,50.941101],[1.84022,50.941144],[1.840079,50.941153],[1.83978,50.941173],[1.839458,50.941185],[1.839092,50.941187],[1.8390284,50.9411917],[1.8389393,50.9412268],[1.8389467,50.9412989],[1.8390401,50.9412394],[1.839092,50.941235],[1.839447,50.94123],[1.839645,50.941227],[1.839762,50.94122],[1.840227,50.941191],[1.840626,50.941143],[1.840794,50.941123],[1.840932,50.941101],[1.841059,50.94108],[1.841207,50.941056],[1.841453,50.941015],[1.841477,50.941011],[1.841544,50.940998],[1.841558,50.940996],[1.841719,50.94097],[1.842096,50.940906],[1.842572,50.940814],[1.842711,50.940786],[1.84319,50.940681],[1.843211,50.940673],[1.843711,50.940545],[1.844141,50.940426],[1.84443,50.94034],[1.844751,50.940243],[1.844955,50.940174],[1.845248,50.940072],[1.845526,50.939968],[1.845838,50.939851],[1.84622,50.939706],[1.8466,50.939558],[1.84683,50.939471],[1.846887,50.939449],[1.847172,50.939341],[1.847452,50.939233],[1.847778,50.939109],[1.848109,50.938983],[1.8483392,50.9388948]]],[[[1.850108,50.961206],[1.849524,50.961115],[1.848818,50.961009],[1.848305,50.960931],[1.848251,50.961053],[1.848073,50.961445],[1.848126,50.961499],[1.848305,50.961524],[1.848985,50.961623],[1.849383,50.961682],[1.849643,50.961721],[1.849697,50.961736],[1.849737,50.961761],[1.849762,50.961787],[1.849786,50.961787],[1.8497806,50.9617986],[1.8499086,50.961793],[1.849907,50.96178],[1.849932,50.961778],[1.849956,50.961747],[1.849992,50.961725],[1.850083,50.961694],[1.850088,50.961577],[1.850108,50.961206]]],[[[1.84847,50.937648],[1.848495,50.937614],[1.848507,50.937578],[1.848503,50.937534],[1.848485,50.937497],[1.848459,50.93747],[1.848431,50.937451],[1.848389,50.937428],[1.848347,50.937413],[1.848316,50.937406],[1.848253,50.9374],[1.84819,50.937406],[1.848141,50.937416],[1.848088,50.937437],[1.848054,50.937458],[1.848024,50.937483],[1.848005,50.93751],[1.847993,50.937539],[1.84799,50.937573],[1.847997,50.937604],[1.848014,50.937633],[1.848032,50.937654],[1.848056,50.937675],[1.848085,50.937691],[1.848109,50.937701],[1.848099,50.937734],[1.848238,50.937755],[1.848249,50.937727],[1.848276,50.937726],[1.848311,50.937722],[1.84835,50.937715],[1.848387,50.937702],[1.848433,50.937679],[1.84847,50.937648]]],[[[1.847463,50.937854],[1.847482,50.937875],[1.847504,50.937895],[1.847536,50.937915],[1.847563,50.937928],[1.847609,50.937943],[1.847667,50.937952],[1.847727,50.937952],[1.847769,50.937948],[1.847822,50.937935],[1.84785,50.937923],[1.847891,50.9379],[1.847924,50.937871],[1.847938,50.937854],[1.847981,50.93786],[1.848009,50.937772],[1.847957,50.937766],[1.847951,50.937749],[1.847943,50.937731],[1.847925,50.937708],[1.847892,50.93768],[1.847854,50.937658],[1.847814,50.937643],[1.847765,50.937632],[1.847716,50.937627],[1.847657,50.93763],[1.847611,50.937637],[1.847555,50.937656],[1.847521,50.937672],[1.847486,50.9377],[1.847462,50.937727],[1.84745,50.937752],[1.847444,50.93778],[1.847445,50.937807],[1.847451,50.93783],[1.847463,50.937854]]],[[[1.847193,50.938421],[1.847249,50.938431],[1.847292,50.938432],[1.847345,50.938428],[1.847389,50.938416],[1.847428,50.938398],[1.847462,50.938376],[1.847489,50.938345],[1.847506,50.938311],[1.847508,50.938276],[1.847502,50.938258],[1.847489,50.938231],[1.847469,50.938207],[1.847446,50.938189],[1.847404,50.938168],[1.847377,50.938158],[1.847339,50.93815],[1.8473,50.938146],[1.847262,50.938146],[1.847201,50.938155],[1.847169,50.938163],[1.847152,50.93817],[1.847116,50.93819],[1.847087,50.938215],[1.847065,50.938243],[1.847057,50.938268],[1.847054,50.938296],[1.847061,50.938324],[1.847075,50.938349],[1.847096,50.938371],[1.847127,50.938395],[1.847148,50.938405],[1.847193,50.938421]]],[[[1.8470645,50.9619087],[1.8470757,50.9619086],[1.8471906,50.9619328],[1.847186,50.961948],[1.8473083,50.9619724],[1.8473447,50.9619723],[1.8473814,50.9618955],[1.8474184,50.9618216],[1.8473863,50.9618117],[1.847393,50.9618006],[1.847266,50.9617753],[1.847257,50.9617914],[1.8471364,50.9617654],[1.8471274,50.961761],[1.8471249,50.9617528],[1.8472224,50.9615478],[1.846683,50.961413],[1.846115,50.961274],[1.845518,50.961125],[1.84448,50.960867],[1.8441249,50.9607786],[1.844038,50.960757],[1.844005,50.960769],[1.843215,50.960575],[1.842748,50.960461],[1.842046,50.960291],[1.841741,50.960218],[1.840827,50.959995],[1.840323,50.959871],[1.84,50.959793],[1.839546,50.959683],[1.839231,50.959608],[1.838854,50.959516],[1.838326,50.959388],[1.8380599,50.9598214],[1.8395122,50.9603982],[1.8416342,50.9609155],[1.8416329,50.9609067],[1.8417194,50.9608798],[1.8431278,50.9612226],[1.843068,50.9613217],[1.8446739,50.9617112],[1.844733,50.9616142],[1.8453314,50.9617581],[1.8462478,50.9619777],[1.8465506,50.962025],[1.8465555,50.9620127],[1.8469962,50.9620779],[1.8470101,50.9620486],[1.8469914,50.9620433],[1.8470526,50.9619136],[1.8470645,50.9619087]]],[[[1.8472,50.937948],[1.84717,50.937926],[1.847148,50.937914],[1.847118,50.937902],[1.847072,50.93789],[1.847038,50.937886],[1.846991,50.937886],[1.846963,50.937889],[1.846925,50.937897],[1.846894,50.937907],[1.846865,50.937921],[1.846836,50.93794],[1.846813,50.937962],[1.846801,50.93798],[1.84679,50.938003],[1.846786,50.938029],[1.846793,50.938061],[1.846808,50.938091],[1.846831,50.938115],[1.84687,50.93814],[1.84692,50.93816],[1.846973,50.938171],[1.847026,50.938173],[1.847073,50.938169],[1.847133,50.938153],[1.847168,50.938136],[1.847199,50.938112],[1.847223,50.938086],[1.847237,50.938058],[1.847241,50.93803],[1.847235,50.937998],[1.847222,50.937973],[1.8472,50.937948]]],[[[1.8335233,50.9596515],[1.8334629,50.9596879],[1.8334267,50.9597698],[1.8333856,50.9598821],[1.833428,50.9599025],[1.8335326,50.9599084],[1.8336774,50.959943],[1.8337539,50.959976],[1.8338947,50.9600131],[1.8339944,50.9600235],[1.8340985,50.9600596],[1.8341691,50.9600942],[1.8342648,50.9600984],[1.834462,50.9601753],[1.8345492,50.9601863],[1.8346927,50.9602454],[1.8348772,50.9602609],[1.8349555,50.9602953],[1.8350588,50.9603037],[1.8351325,50.9603645],[1.8353578,50.9604051],[1.8354611,50.9604296],[1.8355349,50.9604186],[1.8356998,50.9604532],[1.8359064,50.960465],[1.8360976,50.9605076],[1.8361679,50.9605529],[1.8362644,50.960596],[1.8364012,50.9606272],[1.836575,50.9606952],[1.8367217,50.9607522],[1.8368424,50.9607886],[1.8369591,50.9608114],[1.837221,50.9608682],[1.8374553,50.9609195],[1.8375948,50.960971],[1.8377075,50.9609989],[1.8377793,50.9610059],[1.8380776,50.9610242],[1.8382628,50.9610789],[1.8383418,50.9611095],[1.8385652,50.9611276],[1.8387455,50.9612151],[1.8389668,50.9613131],[1.8391097,50.9613295],[1.8392216,50.9613908],[1.8393677,50.961439],[1.83964,50.9614956],[1.8398385,50.9615294],[1.8399283,50.9615234],[1.8402703,50.9615792],[1.8404173,50.9616309],[1.8405774,50.961667],[1.8408295,50.9617236],[1.8409918,50.9617954],[1.8410817,50.9618005],[1.8411536,50.9618262],[1.8413365,50.9618275],[1.8415336,50.9618613],[1.8418917,50.9618833],[1.8419856,50.9618731],[1.8420808,50.9618791],[1.842205,50.9619072],[1.842286,50.9619365],[1.8425623,50.9619956],[1.8426588,50.9620074],[1.8427514,50.9620362],[1.8429963,50.962045],[1.8431,50.9621004],[1.8431912,50.9621122],[1.84332,50.9621578],[1.8433937,50.9622009],[1.8434388,50.9622173],[1.8435493,50.9622465],[1.8435962,50.9622507],[1.8437693,50.9622617],[1.8438993,50.9622963],[1.8440925,50.962336],[1.8443808,50.9623656],[1.8444626,50.962396],[1.8446571,50.962407],[1.8447818,50.9624568],[1.8449293,50.9624686],[1.8453713,50.9625314],[1.8456481,50.9625759],[1.8458882,50.9626038],[1.8461028,50.9626148],[1.8463509,50.962657],[1.8465234,50.962665],[1.8467136,50.962756],[1.8467666,50.9627246],[1.8467921,50.9626857],[1.8468333,50.9625984],[1.8469511,50.9626228],[1.847177,50.9626694],[1.8471995,50.9626203],[1.8472166,50.9625828],[1.8469923,50.9625387],[1.8468756,50.9625158],[1.8469107,50.9624292],[1.846761,50.9624028],[1.8466064,50.9623656],[1.8463046,50.9623191],[1.8461307,50.9623015],[1.8455127,50.9622972],[1.8447874,50.9622759],[1.8436512,50.9619863],[1.8428063,50.9617785],[1.8426352,50.9617368],[1.8424308,50.9616417],[1.8421806,50.9615284],[1.842066,50.9615015],[1.8418729,50.9614204],[1.8414579,50.9612772],[1.8409832,50.9612092],[1.8407705,50.9611112],[1.8403769,50.9610344],[1.8400804,50.9609948],[1.8396511,50.960882],[1.839173,50.9607594],[1.8388393,50.9606906],[1.8379833,50.9603783],[1.8376244,50.9602807],[1.8371989,50.9601491],[1.8369522,50.9601033],[1.8367984,50.9600304],[1.8364996,50.9599608],[1.8360489,50.9598233],[1.8357708,50.9596123],[1.8355764,50.959388],[1.8353796,50.9591806],[1.8353364,50.9591828],[1.8352479,50.9592267],[1.8351191,50.9592622],[1.835013,50.9592442],[1.8346824,50.9590705],[1.8343037,50.9588386],[1.8340762,50.9587198],[1.8340207,50.958759],[1.833931,50.9588159],[1.8340149,50.9589106],[1.8338893,50.959013],[1.833884,50.9591414],[1.8338639,50.9592081],[1.8336776,50.9594897],[1.8335233,50.9596515]]],[[[1.8465414,50.9634],[1.8465277,50.9633812],[1.8464605,50.9633694],[1.8463385,50.9633697],[1.84627,50.9633842],[1.8462083,50.9634186],[1.8462161,50.9634702],[1.8462597,50.9635227],[1.8462888,50.9635397],[1.846321,50.9635418],[1.8463756,50.9635283],[1.8464518,50.9634907],[1.8465078,50.9634532],[1.8465349,50.9634259],[1.8465414,50.9634]]],[[[1.84514,50.9354881],[1.8452571,50.9354512],[1.8453341,50.9354493],[1.8453587,50.9354745],[1.8453495,50.9355037],[1.8453033,50.9355211],[1.8451338,50.9355425],[1.8450968,50.9355736],[1.8448319,50.9358939],[1.8447333,50.9359677],[1.8446994,50.9359988],[1.8447518,50.9360027],[1.8448719,50.9359949],[1.8449366,50.9360007],[1.8450106,50.9360163],[1.8450845,50.9359988],[1.8451585,50.9359968],[1.8452509,50.9359405],[1.8454327,50.9357036],[1.8455159,50.9355794],[1.8457254,50.9353561],[1.8457315,50.935294],[1.84575,50.9352668],[1.8455867,50.9352318],[1.8455282,50.9352357],[1.8452725,50.9352318],[1.8451369,50.935226],[1.8450137,50.9352299],[1.8449181,50.9352182],[1.8448812,50.9351639],[1.8448688,50.9350998],[1.8448688,50.9349503],[1.8448843,50.9348843],[1.8448688,50.9348085],[1.8448504,50.9347658],[1.8447795,50.9347814],[1.8447733,50.9352396],[1.8447394,50.9352726],[1.8446655,50.9353095],[1.8446193,50.9354221],[1.8446254,50.9354687],[1.8447764,50.9354901],[1.8450013,50.9355056],[1.84514,50.9354881]]],[[[1.8448273,50.9329703],[1.8446118,50.9328781],[1.8445061,50.9328063],[1.8442784,50.9326936],[1.8441565,50.9326603],[1.8440752,50.9326475],[1.8439898,50.9326885],[1.8439491,50.9327628],[1.8440182,50.9328063],[1.844315,50.9329754],[1.844437,50.9330113],[1.8445224,50.9330164],[1.844624,50.9330241],[1.8447216,50.9330523],[1.8447744,50.9330907],[1.8447947,50.9331958],[1.8447907,50.9335519],[1.8448801,50.9335519],[1.8448598,50.9335083],[1.8448761,50.9332086],[1.8448842,50.9331343],[1.8449045,50.9330651],[1.8448882,50.9330215],[1.8448273,50.9329703]]],[[[1.8397598,50.9358613],[1.8398564,50.9358511],[1.839969,50.935868],[1.8401031,50.9358883],[1.840366,50.9358917],[1.8405967,50.9358849],[1.8407576,50.9358748],[1.8410473,50.9358714],[1.8412136,50.9358748],[1.8414389,50.9359052],[1.8417661,50.935912],[1.8419163,50.9359086],[1.8422382,50.9359086],[1.8424206,50.9359086],[1.8427478,50.9359154],[1.8429516,50.9359356],[1.843295,50.9359289],[1.8435578,50.9359356],[1.8436597,50.935939],[1.8439119,50.9359458],[1.8440621,50.9359221],[1.8441533,50.935912],[1.8443088,50.9359356],[1.8444215,50.9359661],[1.8444859,50.9359661],[1.8445502,50.9359221],[1.8445985,50.9358478],[1.8445932,50.9357599],[1.8445341,50.9357091],[1.8444322,50.9356246],[1.8443357,50.9355705],[1.8442498,50.9355198],[1.8441962,50.9354624],[1.8441694,50.935415],[1.8441908,50.9353812],[1.8442606,50.9353508],[1.8443947,50.9353339],[1.844459,50.9353069],[1.8444322,50.9352528],[1.8444,50.9352325],[1.8441801,50.9352122],[1.8439923,50.9351987],[1.843869,50.9351987],[1.8437939,50.9352156],[1.8437188,50.9352494],[1.8437027,50.935317],[1.8437027,50.9353643],[1.8437617,50.9353812],[1.8437992,50.9353947],[1.843826,50.9354286],[1.8437778,50.9354691],[1.8436597,50.9355029],[1.8435793,50.9355367],[1.8434023,50.9355367],[1.8431716,50.9355063],[1.8429946,50.9355334],[1.8428926,50.9355401],[1.8427746,50.9355739],[1.8427317,50.9356179],[1.8427317,50.9356753],[1.8426781,50.9357294],[1.8425922,50.9357565],[1.8424688,50.9357768],[1.8422543,50.9357768],[1.8420772,50.9357835],[1.8419056,50.9357666],[1.8418305,50.9356787],[1.8418305,50.9356145],[1.841868,50.9355638],[1.8421094,50.9355638],[1.8423079,50.9355739],[1.8424098,50.9355739],[1.84256,50.9355503],[1.842662,50.9355469],[1.8427102,50.9355401],[1.8428765,50.9354995],[1.8430107,50.9354387],[1.8431287,50.9354049],[1.8432413,50.9353778],[1.8433969,50.9353677],[1.8435149,50.9353677],[1.8435686,50.9353947],[1.8436383,50.9353812],[1.843649,50.9353102],[1.8436383,50.9352528],[1.8435471,50.9352054],[1.8434398,50.9352122],[1.8432038,50.9352088],[1.8429892,50.9352122],[1.8427639,50.9352223],[1.8426351,50.935246],[1.8425386,50.935246],[1.8424206,50.9352325],[1.8423079,50.9352325],[1.8420933,50.935219],[1.8420236,50.9352122],[1.8419217,50.9352325],[1.8417983,50.9352629],[1.8417339,50.9353102],[1.8416588,50.9353711],[1.8416159,50.9354184],[1.8415891,50.935486],[1.8415676,50.9355367],[1.841453,50.9355883],[1.8412371,50.9356248],[1.8410489,50.9356404],[1.8409893,50.9356708],[1.8408914,50.935703],[1.8407524,50.9357508],[1.8404588,50.9357239],[1.8402988,50.9357262],[1.8402091,50.9357369],[1.8400549,50.9357227],[1.8398081,50.935628],[1.8396042,50.9356212],[1.839556,50.9356787],[1.8395399,50.9357362],[1.839556,50.9357869],[1.8396311,50.9358444],[1.8397598,50.9358613]]],[[[1.842688,50.9327528],[1.8427343,50.932735],[1.8427392,50.9327035],[1.8426586,50.9326982],[1.8425613,50.9326987],[1.8424183,50.9327122],[1.8423016,50.9327341],[1.8422454,50.9327369],[1.8422242,50.9327113],[1.8422808,50.9326867],[1.842348,50.9326778],[1.8423976,50.9326778],[1.8424259,50.9326644],[1.8423728,50.9326577],[1.8422702,50.9326488],[1.8421958,50.9326265],[1.8421888,50.9326042],[1.8422779,50.9326],[1.8423969,50.9326013],[1.8425108,50.9326065],[1.8426205,50.9326039],[1.8427018,50.9326039],[1.842836,50.9326039],[1.8429498,50.9326013],[1.8430352,50.9326167],[1.8431043,50.9326423],[1.8430799,50.9326808],[1.8430393,50.9326987],[1.8430027,50.9327013],[1.8428929,50.9326936],[1.8427953,50.932709],[1.8428238,50.9327525],[1.8428563,50.9327653],[1.8429214,50.9327833],[1.842958,50.9328268],[1.8429254,50.9328576],[1.8428319,50.9328883],[1.8425839,50.9329729],[1.8426083,50.9330779],[1.8426978,50.9330779],[1.8428441,50.9330805],[1.8430108,50.9330856],[1.8430759,50.9330625],[1.8431409,50.9330267],[1.8431897,50.9329882],[1.8432263,50.9329652],[1.8433279,50.9329549],[1.8434499,50.9329754],[1.8435353,50.9330446],[1.8436694,50.9330958],[1.8439052,50.9330958],[1.8440109,50.9330805],[1.8440963,50.9330625],[1.8441004,50.9330292],[1.8440516,50.933001],[1.8439459,50.9329703],[1.8438768,50.9329421],[1.8437182,50.9328832],[1.8436369,50.9328268],[1.8436206,50.9327807],[1.8437385,50.9327448],[1.8438361,50.9326603],[1.8438442,50.9326141],[1.8437954,50.9325783],[1.8436613,50.9325475],[1.8434621,50.9325373],[1.8432466,50.9325501],[1.843023,50.9325578],[1.8428604,50.9325322],[1.842649,50.9325168],[1.8421936,50.9325296],[1.8417627,50.9325065],[1.8416733,50.9325373],[1.8415635,50.9325322],[1.8414253,50.9324886],[1.8395592,50.9324912],[1.8395633,50.932568],[1.8407171,50.9325603],[1.8414407,50.9325527],[1.8415139,50.9325911],[1.8415139,50.9326551],[1.841522,50.9327294],[1.8415871,50.9328038],[1.8416521,50.9328704],[1.8417822,50.9329165],[1.8417253,50.9329677],[1.8416562,50.9330215],[1.8416643,50.9330728],[1.8417212,50.933083],[1.8419123,50.9330779],[1.8421034,50.9330677],[1.8423351,50.9330753],[1.8425181,50.9330702],[1.8425111,50.9329687],[1.8424074,50.9329377],[1.8423492,50.9328944],[1.8423465,50.9328369],[1.8424377,50.9327972],[1.8425744,50.9327737],[1.842688,50.9327528]]],[[[1.8391966,50.9312554],[1.8391717,50.9313426],[1.8391637,50.9315153],[1.839322,50.931496],[1.8393259,50.9313237],[1.8393487,50.931249],[1.8393902,50.9311957],[1.8394393,50.9311484],[1.8394983,50.9311106],[1.8399712,50.9307972],[1.8403479,50.930529],[1.8402933,50.9304985],[1.8402518,50.9304753],[1.8401697,50.9305369],[1.8398425,50.930787],[1.8393489,50.93109],[1.8392817,50.9311383],[1.8392266,50.9311987],[1.8391966,50.9312554]]],[[[1.8386405,50.9501144],[1.8386353,50.9498174],[1.8386562,50.9496146],[1.8386076,50.9495384],[1.8384201,50.9494728],[1.8383655,50.9495771],[1.8383142,50.9496749],[1.8382728,50.9500768],[1.8382501,50.9510008],[1.8381487,50.9525572],[1.8382229,50.9528984],[1.8383052,50.9531349],[1.838483,50.9531966],[1.8386072,50.9530895],[1.8386071,50.9528123],[1.8384886,50.9514085],[1.8385089,50.9512603],[1.8385852,50.9510306],[1.8386423,50.9506939],[1.8386405,50.9501144]]],[[[1.8372923,50.9377946],[1.8368952,50.9378013],[1.8369651,50.9379433],[1.8373781,50.9379433],[1.837834,50.938038],[1.8380755,50.9381225],[1.8381613,50.9379974],[1.8377107,50.9378487],[1.8372923,50.9377946]]],[[[1.837394,50.930416],[1.837394,50.930407],[1.837372,50.930354],[1.837303,50.930282],[1.837215,50.93022],[1.836915,50.930003],[1.836773,50.929898],[1.836328,50.929561],[1.836317,50.929554],[1.836284,50.929544],[1.836238,50.92954],[1.836159,50.929469],[1.836135,50.929417],[1.836148,50.929415],[1.836147,50.929412],[1.836135,50.929412],[1.836132,50.929408],[1.8359937,50.9294307],[1.836008,50.929489],[1.835985,50.929589],[1.835978,50.929589],[1.835962,50.929593],[1.835948,50.9296],[1.835932,50.929616],[1.835926,50.92962],[1.835913,50.929648],[1.835907,50.929666],[1.835903,50.929691],[1.835906,50.929726],[1.835916,50.929765],[1.835935,50.929899],[1.835936,50.929968],[1.835951,50.930077],[1.835958,50.930207],[1.835952,50.930276],[1.835951,50.930395],[1.835935,50.930567],[1.835925,50.930648],[1.835896,50.9308],[1.83586,50.931015],[1.835804,50.931207],[1.835776,50.931297],[1.835699,50.931502],[1.83562,50.931678],[1.83552,50.931864],[1.835495,50.931906],[1.835465,50.931952],[1.835358,50.932137],[1.83528,50.932245],[1.835246,50.932299],[1.835174,50.932396],[1.835157,50.93243],[1.835154,50.93245],[1.835172,50.932474],[1.835181,50.932483],[1.835207,50.932504],[1.835228,50.932516],[1.835271,50.932537],[1.835331,50.932556],[1.835354,50.932562],[1.835415,50.932575],[1.835462,50.932581],[1.835507,50.932585],[1.83556,50.932579],[1.835564,50.932576],[1.835635,50.932571],[1.835697,50.932564],[1.835753,50.932553],[1.835823,50.932528],[1.835866,50.932507],[1.835924,50.93246],[1.836013,50.932333],[1.836086,50.932236],[1.836259,50.931997],[1.836435,50.931764],[1.836554,50.931598],[1.836663,50.931458],[1.8368,50.931264],[1.836915,50.931112],[1.837015,50.930976],[1.837177,50.930765],[1.83731,50.930595],[1.837364,50.930509],[1.837373,50.930493],[1.837392,50.930441],[1.837394,50.930416]]],[[[1.8359404,50.9382171],[1.8358331,50.9381225],[1.8356508,50.9382205],[1.8354576,50.9383727],[1.8352913,50.9385856],[1.8351894,50.9388764],[1.8353987,50.9388763],[1.8354839,50.9386624],[1.8356775,50.93842],[1.8359404,50.9382171]]],[[[1.835377,50.933792],[1.835387,50.933776],[1.835387,50.933753],[1.835378,50.933729],[1.835361,50.933715],[1.835339,50.933699],[1.835318,50.933692],[1.835281,50.933685],[1.835243,50.933686],[1.83521,50.933694],[1.835185,50.933704],[1.835172,50.933714],[1.83516,50.933726],[1.835153,50.933741],[1.835149,50.933757],[1.83515,50.933775],[1.835159,50.933792],[1.835173,50.933804],[1.835192,50.933817],[1.835212,50.933826],[1.835242,50.933832],[1.835283,50.933835],[1.835319,50.933829],[1.83536,50.93381],[1.835377,50.933792]]],[[[1.834621,50.933475],[1.835,50.933717],[1.835201,50.933593],[1.834825,50.933348],[1.834621,50.933475]]],[[[1.8272629,50.9443027],[1.8275849,50.9443363],[1.8279157,50.944341],[1.8283283,50.944316],[1.8290303,50.9442436],[1.82932,50.9441179],[1.8295024,50.9439894],[1.8295975,50.9438459],[1.829512,50.9436082],[1.8294502,50.9434208],[1.8294665,50.9431647],[1.8293807,50.9430498],[1.8290266,50.9429957],[1.8287798,50.9430295],[1.8286404,50.9430092],[1.828576,50.9429348],[1.828478,50.9429441],[1.8284279,50.9429987],[1.8283635,50.9431115],[1.8282896,50.9432252],[1.8282431,50.9432843],[1.8281131,50.9433615],[1.8278548,50.9434336],[1.8276069,50.9434358],[1.8274259,50.943415],[1.8271853,50.9433624],[1.8269355,50.9433756],[1.8268432,50.9434086],[1.8268536,50.9434404],[1.8270069,50.9434576],[1.827242,50.9434629],[1.8272724,50.943493],[1.8272459,50.943512],[1.8269023,50.9435027],[1.8267628,50.9434757],[1.826677,50.9434419],[1.826615,50.9434783],[1.8265366,50.9435036],[1.8263244,50.9435045],[1.8261243,50.943522],[1.8259721,50.9435581],[1.8258912,50.9436085],[1.8258192,50.9436051],[1.8257849,50.9436036],[1.8256953,50.9437403],[1.8255525,50.9438435],[1.8255558,50.9438631],[1.825563,50.9439067],[1.8256271,50.943952],[1.8260749,50.9440051],[1.8262625,50.9440105],[1.8266117,50.9440467],[1.8269275,50.9441277],[1.8270893,50.9442384],[1.8272629,50.9443027]]],[[[1.8289401,50.955934],[1.8289135,50.9559709],[1.8288816,50.9560194],[1.8288577,50.9560697],[1.8288364,50.9561283],[1.8288072,50.9562036],[1.8287965,50.9563292],[1.8288018,50.9563979],[1.8288231,50.9564464],[1.8288683,50.9564648],[1.8289427,50.9564682],[1.8290065,50.9564514],[1.8290677,50.9564029],[1.8291049,50.9563493],[1.8291581,50.9562857],[1.8291926,50.9562237],[1.8292112,50.9561551],[1.8292272,50.9560981],[1.8292245,50.9560127],[1.8292059,50.9559625],[1.8291794,50.9559412],[1.8291424,50.9559234],[1.8291177,50.9559103],[1.8290822,50.9559004],[1.8290456,50.9558997],[1.8290101,50.9559054],[1.8289775,50.9559134],[1.8289401,50.955934]]],[[[1.8232676,50.9343166],[1.8232622,50.9342887],[1.8229923,50.9342753],[1.8226728,50.9342845],[1.8225587,50.9342945],[1.8226449,50.9343212],[1.8229362,50.9343453],[1.8232676,50.9343166]]],[[[1.8219822,50.9408234],[1.8220573,50.9409248],[1.822347,50.9408977],[1.8225508,50.9409789],[1.8226367,50.9411208],[1.8227861,50.9411424],[1.82298,50.9411141],[1.8231302,50.9409586],[1.8230014,50.9407828],[1.82298,50.9406341],[1.8230765,50.9404313],[1.8230444,50.9403028],[1.8228512,50.9400662],[1.8228083,50.9398634],[1.8228727,50.9396944],[1.8228727,50.9394848],[1.8228405,50.939282],[1.8227547,50.9389777],[1.8226367,50.9388425],[1.8224328,50.938687],[1.8222719,50.9386735],[1.8223363,50.9387546],[1.8225079,50.938856],[1.8225079,50.9390251],[1.8225401,50.9392008],[1.8226474,50.9394037],[1.8226259,50.939593],[1.8223577,50.9397687],[1.8221324,50.9398566],[1.8219393,50.9399648],[1.821714,50.9398701],[1.8215531,50.9399175],[1.8213599,50.9399039],[1.8212634,50.9399851],[1.8215101,50.9400459],[1.8217033,50.940073],[1.8219929,50.9400662],[1.822347,50.940073],[1.8226474,50.9401879],[1.822744,50.940438],[1.8225401,50.9406544],[1.822111,50.9407625],[1.8219822,50.9408234]]],[[[1.8194733,50.9372606],[1.8195434,50.9373086],[1.8195803,50.937327],[1.8196129,50.9373248],[1.8196266,50.9373037],[1.8196326,50.9372442],[1.8196609,50.9371734],[1.8197289,50.9370618],[1.8198558,50.9368786],[1.8198998,50.9367957],[1.8199416,50.9367542],[1.820024,50.9366828],[1.8201098,50.9365822],[1.8201784,50.9365131],[1.8201905,50.9364794],[1.8202506,50.9364264],[1.8202605,50.9363787],[1.8202969,50.9363312],[1.8203742,50.9363215],[1.8203862,50.9363734],[1.8204102,50.9364297],[1.8204583,50.936434],[1.820496,50.9364156],[1.8205321,50.9363572],[1.8205372,50.9362955],[1.8205063,50.936249],[1.8205218,50.9359667],[1.8205535,50.9359443],[1.8205652,50.9359027],[1.8206525,50.9358565],[1.820684,50.9357845],[1.820633,50.9356883],[1.8206501,50.9356158],[1.8206982,50.935553],[1.8207045,50.9354746],[1.8207291,50.9354265],[1.8207771,50.9353994],[1.8208173,50.935402],[1.8208634,50.9353393],[1.820872,50.9352992],[1.8209039,50.9352682],[1.8209629,50.9352224],[1.8210162,50.9351997],[1.8210968,50.9351835],[1.8211209,50.9351532],[1.8211089,50.9351261],[1.8211758,50.9350742],[1.8212992,50.9350089],[1.8214007,50.9349812],[1.8216019,50.9349339],[1.8216533,50.9349302],[1.821731,50.9349532],[1.8218487,50.9349608],[1.8219689,50.9349402],[1.8219956,50.9349172],[1.8219798,50.9348415],[1.821975,50.9347413],[1.8219398,50.9346962],[1.8219094,50.9346648],[1.8218694,50.9346587],[1.821867,50.9346472],[1.8218924,50.9346296],[1.8219058,50.9346097],[1.8219167,50.9345141],[1.8218852,50.9344499],[1.8218872,50.9344166],[1.8218758,50.9344017],[1.8218499,50.934399],[1.8217711,50.9344116],[1.821748,50.9344108],[1.8217007,50.9343994],[1.8216812,50.9343955],[1.8216388,50.9344124],[1.8215902,50.9344246],[1.8215222,50.9344483],[1.8214822,50.934446],[1.8213875,50.9344521],[1.821287,50.9344884],[1.8212238,50.9345552],[1.8211834,50.93458],[1.8210567,50.9345892],[1.8209491,50.9346293],[1.8209021,50.9346942],[1.8208088,50.934731],[1.8207672,50.9347272],[1.8206979,50.9347193],[1.8206786,50.9346901],[1.8207641,50.9346572],[1.8208019,50.9346364],[1.8208239,50.9346248],[1.8208746,50.9346211],[1.8208807,50.934608],[1.8208434,50.9345956],[1.8208308,50.9345794],[1.820825,50.9345636],[1.8208365,50.9345243],[1.8208804,50.9344894],[1.8209173,50.9344399],[1.8208824,50.9344266],[1.820855,50.9344035],[1.8208619,50.9343817],[1.8209058,50.9343453],[1.8209012,50.9342943],[1.8208804,50.9342507],[1.8208226,50.9342128],[1.8208004,50.9341629],[1.8208042,50.9340789],[1.8208261,50.9340086],[1.8208893,50.9339079],[1.820952,50.933833],[1.8210246,50.9337728],[1.8211496,50.9337047],[1.821236,50.9336554],[1.8212966,50.9336089],[1.821303,50.9335681],[1.8212984,50.9335171],[1.8212568,50.9334604],[1.8212176,50.9334516],[1.8211689,50.9334637],[1.8211021,50.933523],[1.820956,50.9336231],[1.8205823,50.9338896],[1.820416,50.9340622],[1.8203238,50.9340964],[1.8202459,50.9340911],[1.8201367,50.9340688],[1.8200821,50.9340438],[1.8200404,50.9340124],[1.8200091,50.9339707],[1.8199843,50.9339247],[1.8199962,50.9338368],[1.8200009,50.9338084],[1.8200191,50.933774],[1.8200469,50.9337457],[1.8200874,50.9337235],[1.8201267,50.9337064],[1.8201967,50.9336879],[1.8202984,50.9336801],[1.8203478,50.9336667],[1.8203841,50.9336455],[1.8204578,50.933603],[1.8205109,50.9335448],[1.8205283,50.933476],[1.8205039,50.9334109],[1.8205016,50.9333337],[1.8205368,50.9332752],[1.820594,50.9331896],[1.820694,50.9331086],[1.8207713,50.9330406],[1.8207834,50.9329888],[1.8207765,50.9329539],[1.8207349,50.9329175],[1.8206887,50.932916],[1.8206149,50.9329545],[1.8204894,50.9330604],[1.8202693,50.9332269],[1.8201274,50.9333779],[1.8200805,50.9333805],[1.820009,50.933382],[1.819922,50.9333502],[1.8198398,50.9332874],[1.8197969,50.9332363],[1.8197976,50.9331783],[1.8198374,50.9330817],[1.8198791,50.9330343],[1.8199256,50.9330036],[1.8199423,50.9329631],[1.8199685,50.9329015],[1.8199923,50.9328715],[1.8200254,50.9327763],[1.8200084,50.9326692],[1.8199566,50.9325607],[1.8198946,50.9324571],[1.8198152,50.9323369],[1.8197159,50.9322634],[1.8195301,50.9321282],[1.8193236,50.9319971],[1.8177803,50.9312097],[1.8177451,50.9311992],[1.8177272,50.9312033],[1.8177183,50.9312134],[1.8177164,50.9312295],[1.8177379,50.9314041],[1.8177689,50.9315212],[1.8177997,50.9315523],[1.817838,50.9315783],[1.8179708,50.9316411],[1.8187576,50.9320242],[1.8188516,50.9320917],[1.8189696,50.9321279],[1.8190082,50.9321416],[1.8190006,50.9321729],[1.8189158,50.9322529],[1.8188124,50.9323501],[1.8187214,50.9324],[1.8186814,50.9324056],[1.8184312,50.9323095],[1.8183359,50.9322945],[1.8182666,50.9322839],[1.8180238,50.9321714],[1.817938,50.9321534],[1.8178928,50.9321669],[1.8178734,50.9321911],[1.817879,50.9323222],[1.8179047,50.9323651],[1.8179544,50.9324024],[1.8180226,50.9324389],[1.8191459,50.9330092],[1.8191598,50.9330351],[1.8188998,50.9332502],[1.8188505,50.9332615],[1.8187457,50.9332405],[1.8186664,50.9332066],[1.8185622,50.9331759],[1.8185012,50.9331466],[1.8184666,50.933116],[1.8183123,50.9330531],[1.8181882,50.9329912],[1.8181358,50.9329822],[1.8180619,50.9329882],[1.818031,50.9330092],[1.8180147,50.933056],[1.8180292,50.9331663],[1.8180447,50.933221],[1.8180881,50.9332555],[1.8181931,50.9333131],[1.8183897,50.9334157],[1.8187675,50.9336023],[1.8193135,50.9338786],[1.8193127,50.9339026],[1.8190506,50.9341113],[1.8190159,50.9341134],[1.8189156,50.9340649],[1.8187509,50.9340177],[1.818566,50.9339399],[1.8184431,50.9339086],[1.8184157,50.9339235],[1.8183836,50.9339732],[1.8183407,50.9339867],[1.8182877,50.933963],[1.8182263,50.9339567],[1.8182025,50.9340017],[1.8182406,50.9340843],[1.8183073,50.9341353],[1.8185283,50.9342367],[1.8188509,50.9344074],[1.8194819,50.9347372],[1.8194085,50.934842],[1.8190808,50.9350207],[1.8187287,50.9348358],[1.8186507,50.9347944],[1.8185621,50.9348105],[1.8184998,50.9348347],[1.8183991,50.9347867],[1.8183802,50.9347845],[1.8183733,50.9348051],[1.8184096,50.9349376],[1.8184317,50.9349619],[1.8185312,50.9350355],[1.8190902,50.9353229],[1.8196176,50.9355908],[1.819637,50.9356169],[1.8196336,50.9356355],[1.8194003,50.9358196],[1.8193569,50.9358317],[1.8193162,50.9358292],[1.8191458,50.9357531],[1.8191097,50.935765],[1.8190806,50.9357758],[1.818993,50.9357564],[1.8189163,50.9357115],[1.8188693,50.9356826],[1.8186064,50.9356187],[1.8185587,50.9356114],[1.818521,50.9356125],[1.8184943,50.9356409],[1.8184969,50.935699],[1.8185141,50.9357706],[1.8185862,50.9358342],[1.8188643,50.9359781],[1.8198183,50.9364481],[1.819829,50.9364714],[1.8195784,50.9366704],[1.8195131,50.9366964],[1.8194803,50.936691],[1.819472,50.9366896],[1.8191591,50.9365587],[1.8189038,50.9364602],[1.8188958,50.9364571],[1.8188694,50.9364649],[1.8188162,50.9364584],[1.8187842,50.9364446],[1.8187355,50.9364519],[1.8187046,50.936426],[1.8186669,50.9364389],[1.8186445,50.9364653],[1.8186583,50.9365904],[1.8186907,50.9366404],[1.8187012,50.9366986],[1.8187235,50.9367645],[1.8188084,50.9368714],[1.8189216,50.9369548],[1.8191346,50.9370642],[1.8193629,50.9371667],[1.8194733,50.9372606]]],[[[1.8204694,50.9385653],[1.8205435,50.938399],[1.8205971,50.9382638],[1.820168,50.9382976],[1.820286,50.9385275],[1.8204694,50.9385653]]],[[[1.8154488,50.9411224],[1.8160375,50.9411952],[1.8166775,50.941257],[1.8176227,50.9413282],[1.8182387,50.9413703],[1.8183463,50.9413742],[1.8183439,50.9414335],[1.8183493,50.9414534],[1.8183675,50.9414549],[1.8183869,50.9414566],[1.8184028,50.9414347],[1.8184118,50.9413766],[1.8185994,50.9413844],[1.818619,50.9413056],[1.8186327,50.9411992],[1.8186379,50.9410806],[1.8186362,50.940979],[1.8186173,50.9408718],[1.818589,50.9407604],[1.8185449,50.9406366],[1.8184988,50.9405425],[1.8184345,50.9404251],[1.8183744,50.9403333],[1.8182868,50.9402315],[1.8182058,50.9401414],[1.8181126,50.9400573],[1.817995,50.9399584],[1.8178637,50.9398675],[1.8177441,50.9397943],[1.8176303,50.9397323],[1.8175246,50.9396783],[1.8174114,50.9396301],[1.817287,50.9395793],[1.8171643,50.9395373],[1.8169986,50.9394895],[1.8168672,50.9394562],[1.816662,50.9394145],[1.8164861,50.9393842],[1.8163076,50.9393602],[1.8161633,50.939345],[1.8159945,50.9393388],[1.8158427,50.939338],[1.8157123,50.9393396],[1.8153523,50.9393652],[1.8150289,50.9394161],[1.814753,50.9394711],[1.8143401,50.9396124],[1.8140412,50.9397573],[1.8137556,50.9399372],[1.8135367,50.9401466],[1.8134308,50.940264],[1.8133236,50.9403979],[1.8132237,50.9405717],[1.8134209,50.940617],[1.8136479,50.9406605],[1.8139038,50.9406888],[1.8141781,50.9407108],[1.8143144,50.9407186],[1.8146291,50.9409997],[1.8154488,50.9411224]]],[[[1.8143095,50.9425233],[1.8145064,50.9426061],[1.8146865,50.9426646],[1.8148717,50.942717],[1.8150516,50.9427519],[1.8152128,50.9427798],[1.8153766,50.9428012],[1.815543,50.9428162],[1.8157262,50.9428287],[1.8158982,50.9428319],[1.8160612,50.9428289],[1.8162154,50.9428195],[1.81637,50.942802],[1.8165187,50.9427854],[1.8166632,50.9427599],[1.8167996,50.9427316],[1.8169655,50.9426872],[1.8170977,50.9426522],[1.8171767,50.9426238],[1.8173005,50.9425794],[1.8174874,50.9425005],[1.8176695,50.9424102],[1.8178358,50.9423079],[1.8179522,50.9422324],[1.8180796,50.9421338],[1.8182046,50.9420114],[1.8182941,50.9419294],[1.8183685,50.941818],[1.8183594,50.9418174],[1.8183558,50.9417527],[1.8183511,50.9417354],[1.8183331,50.9417359],[1.8183154,50.9417364],[1.818306,50.9417542],[1.8183006,50.9418135],[1.8168436,50.9417164],[1.8157707,50.9416111],[1.8146955,50.9414717],[1.8134664,50.9412503],[1.813093,50.9411702],[1.8131083,50.9413191],[1.813234,50.941638],[1.8134058,50.941891],[1.8136761,50.9421511],[1.8137939,50.9422375],[1.8139419,50.9423387],[1.8141131,50.9424302],[1.8143095,50.9425233]]],[[[1.8142375,50.9497526],[1.8143127,50.9498043],[1.8144193,50.9498329],[1.8146325,50.9498494],[1.8149681,50.949866],[1.8150974,50.9498638],[1.8151621,50.9498406],[1.8151796,50.9498087],[1.8152198,50.9497713],[1.8152984,50.9497503],[1.8153578,50.9497768],[1.8153613,50.9498285],[1.8153963,50.9498605],[1.8154994,50.9498638],[1.8156917,50.9498737],[1.8158402,50.9498528],[1.8159241,50.9498274],[1.815994,50.9497856],[1.8160412,50.9497459],[1.8160447,50.9496788],[1.8160045,50.9495544],[1.8159451,50.9493529],[1.8159049,50.9492427],[1.8158875,50.9491726],[1.8155239,50.9492196],[1.8146902,50.9493407],[1.8144962,50.9493892],[1.8141012,50.9493319],[1.8139872,50.949335],[1.8139911,50.949376],[1.8140925,50.9494442],[1.8141571,50.9494861],[1.8141938,50.9495323],[1.8141991,50.9495918],[1.8142026,50.9496733],[1.8142375,50.9497526]]],[[[1.8138281,50.9489765],[1.8138721,50.9490292],[1.8139121,50.9490742],[1.8139556,50.9490824],[1.8140291,50.9490726],[1.8141271,50.9490563],[1.8142661,50.949029],[1.8143501,50.9489887],[1.8144707,50.9489357],[1.8145559,50.9488907],[1.8146309,50.9487985],[1.8146417,50.9487214],[1.8145692,50.9486635],[1.81436,50.9484607],[1.8141722,50.9483458],[1.8138289,50.948214],[1.8137269,50.9481835],[1.8135231,50.948241],[1.8135016,50.9482917],[1.8135392,50.9483627],[1.8137109,50.9486499],[1.8137913,50.9488257],[1.8138239,50.9488934],[1.8138281,50.9489765]]],[[[1.8119162,50.9388003],[1.8118627,50.9388432],[1.8117948,50.9388738],[1.811705,50.9389089],[1.8116491,50.9389533],[1.8116224,50.9390038],[1.8116273,50.9390436],[1.8116588,50.939065],[1.8117001,50.9390711],[1.8117608,50.939065],[1.8118166,50.9390359],[1.811904,50.9389961],[1.8120327,50.9389487],[1.8121298,50.9389304],[1.8122463,50.9389242],[1.8123507,50.9389411],[1.8124551,50.9389732],[1.8125546,50.9390176],[1.8126032,50.9390466],[1.812642,50.9390956],[1.8126663,50.9391292],[1.8127197,50.9391721],[1.8128848,50.9392638],[1.8130377,50.939325],[1.8131421,50.9393464],[1.813244,50.9393832],[1.8132926,50.9394092],[1.8133314,50.9394122],[1.81338,50.9393923],[1.8134382,50.9393694],[1.8135086,50.9393449],[1.8135451,50.9393006],[1.8135572,50.9392577],[1.8135402,50.939221],[1.8135086,50.9391935],[1.8134819,50.9391797],[1.8134237,50.939169],[1.8133508,50.9391613],[1.8132246,50.939143],[1.8130935,50.9391139],[1.8129964,50.9390803],[1.8129576,50.9390527],[1.8129479,50.9390252],[1.812926,50.9390145],[1.8129212,50.938987],[1.8129285,50.9389502],[1.8129539,50.9389188],[1.812989,50.9388961],[1.8130268,50.9388767],[1.8130697,50.9388675],[1.8131169,50.9388686],[1.8131813,50.938875],[1.8132974,50.9389037],[1.813403,50.9389151],[1.8135086,50.9389182],[1.8136457,50.9389121],[1.8137829,50.9388845],[1.8139176,50.9388494],[1.8140196,50.9388111],[1.8140608,50.9387889],[1.8140912,50.9387606],[1.8140997,50.9387377],[1.8140936,50.9387086],[1.8140778,50.9386857],[1.8140487,50.938675],[1.8139989,50.9386734],[1.8136457,50.9386964],[1.8132889,50.9387163],[1.8130267,50.9387155],[1.8126857,50.9387009],[1.8124357,50.9386749],[1.8122439,50.9386382],[1.8121298,50.9386321],[1.81204,50.9386489],[1.8119987,50.938678],[1.8119526,50.9387391],[1.8119162,50.9388003]]]]}}]}