{"type":"FeatureCollection","name":"Filosofi 2021 — commune 62193","metadata":{"source":"INSEE — Filosofi 2021, carreaux de 200 m","published":"2026-02-12","crs":"EPSG:4326","vulnerability_formula":{"poverty_rate":0.4,"senior_rate":0.3,"single_parent_rate":0.15,"social_housing_rate":0.15}},"features":[{"type":"Feature","geometry":{"type":"Polygon","coordinates":[[[1.909118775875554,50.92109202617782],[1.9088064745049882,50.92287719355347],[1.9059767000224224,50.92267861424221],[1.9062891083380549,50.92089345563241],[1.909118775875554,50.92109202617782]]]},"properties":{"id":"CRS3035RES200mN3121400E3753200","population":11.0,"households":4.3,"poverty_rate":0.06976744186046512,"senior_rate":0.19090909090909092,"single_parent_rate":0.06976744186046512,"social_housing_rate":0.0,"imputed":true,"vulnerability":14.7}},{"type":"Feature","geometry":{"type":"Polygon","coordinates":[[[1.914778177497034,50.9214889599143],[1.9144660900262418,50.92327414481277],[1.9116362711753834,50.92307570374395],[1.9119484655976686,50.92129052760541],[1.914778177497034,50.9214889599143]]]},"properties":{"id":"CRS3035RES200mN3121400E3753600","population":4.0,"households":1.6,"poverty_rate":0.0625,"senior_rate":0.2,"single_parent_rate":0.0625,"social_housing_rate":0.0,"imputed":true,"vulnerability":14.5}},{"type":"Feature","geometry":{"type":"Polygon","coordinates":[[[1.9116362711753834,50.92307570374395],[1.911324046981793,50.924860877953066],[1.9084941433532001,50.924662358998816],[1.9088064745049882,50.92287719355347],[1.9116362711753834,50.92307570374395]]]},"properties":{"id":"CRS3035RES200mN3121600E3753400","population":4.0,"households":1.6,"poverty_rate":0.0625,"senior_rate":0.2,"single_parent_rate":0.0625,"social_housing_rate":0.0,"imputed":true,"vulnerability":14.5}},{"type":"Feature","geometry":{"type":"Polygon","coordinates":[[[1.9056642619156492,50.92446377092085],[1.9053517940136624,50.92624892566864],[1.9025218278128326,50.926050259697284],[1.9028344026765094,50.924265113720026],[1.9056642619156492,50.92446377092085]]]},"properties":{"id":"CRS3035RES200mN3121800E3753000","population":24.0,"households":9.4,"poverty_rate":0.07446808510638298,"senior_rate":0.1875,"single_parent_rate":0.07446808510638298,"social_housing_rate":0.0,"imputed":true,"vulnerability":15.0}},{"type":"Feature","geometry":{"type":"Polygon","coordinates":[[[1.9084941433532001,50.924662358998816],[1.9081817824161187,50.926447522514195],[1.9053517940136624,50.92624892566864],[1.9056642619156492,50.92446377092085],[1.9084941433532001,50.924662358998816]]]},"properties":{"id":"CRS3035RES200mN3121800E3753200","population":2.0,"households":0.8,"poverty_rate":0.125,"senior_rate":0.2,"single_parent_rate":0.125,"social_housing_rate":0.0,"imputed":true,"vulnerability":19.8}},{"type":"Feature","geometry":{"type":"Polygon","coordinates":[[[1.9025218278128326,50.926050259697284],[1.9022092231399432,50.92783540374311],[1.8993791721797184,50.92763665987245],[1.8996918838210037,50.92585152460098],[1.9025218278128326,50.926050259697284]]]},"properties":{"id":"CRS3035RES200mN3122000E3752800","population":3.0,"households":1.4,"poverty_rate":0.0,"senior_rate":0.20000000000000004,"single_parent_rate":0.07142857142857144,"social_housing_rate":0.0,"imputed":true,"vulnerability":11.7}},{"type":"Feature","geometry":{"type":"Polygon","coordinates":[[[1.9053517940136624,50.92624892566864],[1.9050392963123828,50.92803407848586],[1.9022092231399432,50.92783540374311],[1.9025218278128326,50.926050259697284],[1.9053517940136624,50.92624892566864]]]},"properties":{"id":"CRS3035RES200mN3122000E3753000","population":5.0,"households":1.8,"poverty_rate":0.05555555555555556,"senior_rate":0.22000000000000003,"single_parent_rate":0.0,"social_housing_rate":0.0,"imputed":true,"vulnerability":12.9}},{"type":"Feature","geometry":{"type":"Polygon","coordinates":[[[1.8651062709392012,50.927031369571864],[1.864792216039916,50.9288163954358],[1.8619622406263154,50.928616735353685],[1.862276402471911,50.92683171830429],[1.8651062709392012,50.927031369571864]]]},"properties":{"id":"CRS3035RES200mN3122400E3750200","population":139.5,"households":62.0,"poverty_rate":0.0967741935483871,"senior_rate":0.22939068100358423,"single_parent_rate":0.08064516129032258,"social_housing_rate":0.1774193548387097,"imputed":false,"vulnerability":20.9}},{"type":"Feature","geometry":{"type":"Polygon","coordinates":[[[1.8679361617177122,50.92723095171993],[1.8676222137679765,50.92901598639546],[1.864792216039916,50.9288163954358],[1.8651062709392012,50.927031369571864],[1.8679361617177122,50.92723095171993]]]},"properties":{"id":"CRS3035RES200mN3122400E3750400","population":85.0,"households":39.0,"poverty_rate":0.10256410256410256,"senior_rate":0.3058823529411765,"single_parent_rate":0.10256410256410256,"social_housing_rate":0.05128205128205128,"imputed":false,"vulnerability":23.6}},{"type":"Feature","geometry":{"type":"Polygon","coordinates":[[[1.870766074800087,50.92743046474763],[1.8704522338031244,50.92921550823182],[1.8676222137679765,50.92901598639546],[1.8679361617177122,50.92723095171993],[1.870766074800087,50.92743046474763]]]},"properties":{"id":"CRS3035RES200mN3122400E3750600","population":113.5,"households":46.0,"poverty_rate":0.15217391304347827,"senior_rate":0.19383259911894274,"single_parent_rate":0.13043478260869565,"social_housing_rate":0.0,"imputed":false,"vulnerability":21.1}},{"type":"Feature","geometry":{"type":"Polygon","coordinates":[[[1.8934061815139243,50.92902408053106],[1.8930931962553195,50.93080919437776],[1.8902629980287255,50.930610225559555],[1.890576090265909,50.92882512049781],[1.8934061815139243,50.92902408053106]]]},"properties":{"id":"CRS3035RES200mN3122400E3752200","population":3.0,"households":1.4,"poverty_rate":0.0,"senior_rate":0.20000000000000004,"single_parent_rate":0.07142857142857144,"social_housing_rate":0.0,"imputed":true,"vulnerability":11.7}},{"type":"Feature","geometry":{"type":"Polygon","coordinates":[[[1.9160477114304935,50.93061327210652],[1.9157355821163715,50.932398456126194],[1.9129052061700813,50.9322000403822],[1.9132174424885187,50.93041486512378],[1.9160477114304935,50.93061327210652]]]},"properties":{"id":"CRS3035RES200mN3122400E3753800","population":2.0,"households":0.7,"poverty_rate":0.0,"senior_rate":0.25,"single_parent_rate":0.0,"social_housing_rate":0.0,"imputed":true,"vulnerability":11.5}},{"type":"Feature","geometry":{"type":"Polygon","coordinates":[[[1.8591322875345349,50.928417006150006],[1.858817988775613,50.93020201243836],[1.8559879510632573,50.93000220529265],[1.8563023567719399,50.92821720782565],[1.8591322875345349,50.928417006150006]]]},"properties":{"id":"CRS3035RES200mN3122600E3749800","population":72.0,"households":35.0,"poverty_rate":0.08571428571428572,"senior_rate":0.3194444444444444,"single_parent_rate":0.0,"social_housing_rate":0.14285714285714285,"imputed":false,"vulnerability":21.1}},{"type":"Feature","geometry":{"type":"Polygon","coordinates":[[[1.8619622406263154,50.928616735353685],[1.8616480488203913,50.93040175046041],[1.858817988775613,50.93020201243836],[1.8591322875345349,50.928417006150006],[1.8619622406263154,50.928616735353685]]]},"properties":{"id":"CRS3035RES200mN3122600E3750000","population":178.0,"households":69.0,"poverty_rate":0.14492753623188406,"senior_rate":0.1853932584269663,"single_parent_rate":0.13043478260869565,"social_housing_rate":0.21739130434782608,"imputed":false,"vulnerability":23.6}},{"type":"Feature","geometry":{"type":"Polygon","coordinates":[[[1.864792216039916,50.9288163954358],[1.8644781311902252,50.93060141935795],[1.8616480488203913,50.93040175046041],[1.8619622406263154,50.928616735353685],[1.864792216039916,50.9288163954358]]]},"properties":{"id":"CRS3035RES200mN3122600E3750200","population":250.0,"households":91.0,"poverty_rate":0.14285714285714285,"senior_rate":0.084,"single_parent_rate":0.08791208791208792,"social_housing_rate":0.38461538461538464,"imputed":false,"vulnerability":19.9}},{"type":"Feature","geometry":{"type":"Polygon","coordinates":[[[1.8676222137679765,50.92901598639546],[1.867308235877746,50.93080101913008],[1.8644781311902252,50.93060141935795],[1.864792216039916,50.9288163954358],[1.8676222137679765,50.92901598639546]]]},"properties":{"id":"CRS3035RES200mN3122600E3750400","population":30.0,"households":12.7,"poverty_rate":0.023622047244094488,"senior_rate":0.27666666666666667,"single_parent_rate":0.07874015748031496,"social_housing_rate":0.05511811023622047,"imputed":true,"vulnerability":17.5}},{"type":"Feature","geometry":{"type":"Polygon","coordinates":[[[1.8704522338031244,50.92921550823182],[1.8701383628755823,50.93100054977594],[1.867308235877746,50.93080101913008],[1.8676222137679765,50.92901598639546],[1.8704522338031244,50.92921550823182]]]},"properties":{"id":"CRS3035RES200mN3122600E3750600","population":9.0,"households":3.8,"poverty_rate":0.026315789473684213,"senior_rate":0.2777777777777778,"single_parent_rate":0.07894736842105263,"social_housing_rate":0.052631578947368425,"imputed":true,"vulnerability":17.6}},{"type":"Feature","geometry":{"type":"Polygon","coordinates":[[[1.8874328220502676,50.93041118761102],[1.8871195929666658,50.93219628194996],[1.8842893322616596,50.93199716608024],[1.884602668327318,50.930212080533025],[1.8874328220502676,50.93041118761102]]]},"properties":{"id":"CRS3035RES200mN3122600E3751800","population":132.0,"households":60.0,"poverty_rate":0.1,"senior_rate":0.3560606060606061,"single_parent_rate":0.08333333333333333,"social_housing_rate":0.0,"imputed":false,"vulnerability":24.3}},{"type":"Feature","geometry":{"type":"Polygon","coordinates":[[[1.8902629980287255,50.930610225559555],[1.8899498759304003,50.93239532868728],[1.8871195929666658,50.93219628194996],[1.8874328220502676,50.93041118761102],[1.8902629980287255,50.930610225559555]]]},"properties":{"id":"CRS3035RES200mN3122600E3752000","population":128.5,"households":56.0,"poverty_rate":0.05357142857142857,"senior_rate":0.31906614785992216,"single_parent_rate":0.125,"social_housing_rate":0.0,"imputed":false,"vulnerability":21.7}},{"type":"Feature","geometry":{"type":"Polygon","coordinates":[[[1.8930931962553195,50.93080919437776],[1.8927801811454945,50.93259430629127],[1.8899498759304003,50.93239532868728],[1.8902629980287255,50.930610225559555],[1.8930931962553195,50.93080919437776]]]},"properties":{"id":"CRS3035RES200mN3122600E3752200","population":128.0,"households":51.0,"poverty_rate":0.0392156862745098,"senior_rate":0.2109375,"single_parent_rate":0.058823529411764705,"social_housing_rate":0.0,"imputed":false,"vulnerability":13.7}},{"type":"Feature","geometry":{"type":"Polygon","coordinates":[[[1.858817988775613,50.93020201243836],[1.8585036600423555,50.931987016783474],[1.8556735153703199,50.93178720081556],[1.8559879510632573,50.93000220529265],[1.858817988775613,50.93020201243836]]]},"properties":{"id":"CRS3035RES200mN3122800E3749800","population":79.5,"households":29.0,"poverty_rate":0.13793103448275862,"senior_rate":0.16352201257861634,"single_parent_rate":0.10344827586206896,"social_housing_rate":0.06896551724137931,"imputed":false,"vulnerability":19.1}},{"type":"Feature","geometry":{"type":"Polygon","coordinates":[[[1.8616480488203913,50.93040175046041],[1.861333827050043,50.93218676362479],[1.8585036600423555,50.931987016783474],[1.858817988775613,50.93020201243836],[1.8616480488203913,50.93040175046041]]]},"properties":{"id":"CRS3035RES200mN3122800E3750000","population":192.5,"households":91.0,"poverty_rate":0.04395604395604396,"senior_rate":0.1974025974025974,"single_parent_rate":0.07692307692307693,"social_housing_rate":0.0989010989010989,"imputed":false,"vulnerability":15.5}},{"type":"Feature","geometry":{"type":"Polygon","coordinates":[[[1.8644781311902252,50.93060141935795],[1.864164016386023,50.93238644133859],[1.861333827050043,50.93218676362479],[1.8616480488203913,50.93040175046041],[1.8644781311902252,50.93060141935795]]]},"properties":{"id":"CRS3035RES200mN3122800E3750200","population":148.0,"households":63.0,"poverty_rate":0.09523809523809523,"senior_rate":0.21621621621621623,"single_parent_rate":0.09523809523809523,"social_housing_rate":0.031746031746031744,"imputed":false,"vulnerability":18.5}},{"type":"Feature","geometry":{"type":"Polygon","coordinates":[[[1.8871195929666658,50.93219628194996],[1.8868063340079118,50.93398137435429],[1.883975966310929,50.93378224969195],[1.8842893322616596,50.93199716608024],[1.8871195929666658,50.93219628194996]]]},"properties":{"id":"CRS3035RES200mN3122800E3751800","population":8.0,"households":3.8,"poverty_rate":0.0,"senior_rate":0.39999999999999997,"single_parent_rate":0.2368421052631579,"social_housing_rate":0.0,"imputed":true,"vulnerability":26.7}},{"type":"Feature","geometry":{"type":"Polygon","coordinates":[[[1.8899498759304003,50.93239532868728],[1.889636723966845,50.934180429881216],[1.8868063340079118,50.93398137435429],[1.8871195929666658,50.93219628194996],[1.8899498759304003,50.93239532868728]]]},"properties":{"id":"CRS3035RES200mN3122800E3752000","population":78.5,"households":31.0,"poverty_rate":0.12903225806451613,"senior_rate":0.2929936305732484,"single_parent_rate":0.0967741935483871,"social_housing_rate":0.0,"imputed":false,"vulnerability":23.3}},{"type":"Feature","geometry":{"type":"Polygon","coordinates":[[[1.9295761704604562,50.93517472361514],[1.9292645167676405,50.936959947552836],[1.9264338159156782,50.93676186001315],[1.9267455766487243,50.93497664482361],[1.9295761704604562,50.93517472361514]]]},"properties":{"id":"CRS3035RES200mN3122800E3754800","population":2.0,"households":0.7,"poverty_rate":0.14285714285714288,"senior_rate":0.15,"single_parent_rate":0.14285714285714288,"social_housing_rate":0.0,"imputed":true,"vulnerability":19.0}},{"type":"Feature","geometry":{"type":"Polygon","coordinates":[[[1.8528433930413073,50.93158731572193],[1.8525288203936472,50.93337230047498],[1.8496986134519042,50.93317233742751],[1.8500132930626885,50.93138736150344],[1.8528433930413073,50.93158731572193]]]},"properties":{"id":"CRS3035RES200mN3123000E3749400","population":70.5,"households":35.0,"poverty_rate":0.17142857142857143,"senior_rate":0.28368794326241137,"single_parent_rate":0.08571428571428572,"social_housing_rate":0.0,"imputed":false,"vulnerability":24.6}},{"type":"Feature","geometry":{"type":"Polygon","coordinates":[[[1.8556735153703199,50.93178720081556],[1.8553590496890187,50.93357219439467],[1.8525288203936472,50.93337230047498],[1.8528433930413073,50.93158731572193],[1.8556735153703199,50.93178720081556]]]},"properties":{"id":"CRS3035RES200mN3123000E3749600","population":215.5,"households":109.0,"poverty_rate":0.03669724770642202,"senior_rate":0.32018561484918795,"single_parent_rate":0.08256880733944955,"social_housing_rate":0.22018348623853212,"imputed":false,"vulnerability":22.8}},{"type":"Feature","geometry":{"type":"Polygon","coordinates":[[[1.8585036600423555,50.931987016783474],[1.8581893013306492,50.93377201918565],[1.8553590496890187,50.93357219439467],[1.8556735153703199,50.93178720081556],[1.8585036600423555,50.931987016783474]]]},"properties":{"id":"CRS3035RES200mN3123000E3749800","population":209.0,"households":84.0,"poverty_rate":0.16666666666666666,"senior_rate":0.18660287081339713,"single_parent_rate":0.10714285714285714,"social_housing_rate":0.011904761904761904,"imputed":false,"vulnerability":20.8}},{"type":"Feature","geometry":{"type":"Polygon","coordinates":[[[1.861333827050043,50.93218676362479],[1.8610195753111713,50.933971774847066],[1.8581893013306492,50.93377201918565],[1.8585036600423555,50.931987016783474],[1.861333827050043,50.93218676362479]]]},"properties":{"id":"CRS3035RES200mN3123000E3750000","population":95.0,"households":47.0,"poverty_rate":0.1702127659574468,"senior_rate":0.3684210526315789,"single_parent_rate":0.0851063829787234,"social_housing_rate":0.2553191489361702,"imputed":false,"vulnerability":32.3}},{"type":"Feature","geometry":{"type":"Polygon","coordinates":[[[1.864164016386023,50.93238644133859],[1.8638498716232152,50.93417146137801],[1.8610195753111713,50.933971774847066],[1.861333827050043,50.93218676362479],[1.864164016386023,50.93238644133859]]]},"properties":{"id":"CRS3035RES200mN3123000E3750200","population":92.0,"households":39.0,"poverty_rate":0.10256410256410256,"senior_rate":0.18478260869565216,"single_parent_rate":0.10256410256410256,"social_housing_rate":0.0,"imputed":false,"vulnerability":17.2}},{"type":"Feature","geometry":{"type":"Polygon","coordinates":[[[1.8868063340079118,50.93398137435429],[1.886493045169917,50.93576646482425],[1.8836625704710424,50.93556733136849],[1.883975966310929,50.93378224969195],[1.8868063340079118,50.93398137435429]]]},"properties":{"id":"CRS3035RES200mN3123000E3751800","population":55.5,"households":23.0,"poverty_rate":0.21739130434782608,"senior_rate":0.21621621621621623,"single_parent_rate":0.08695652173913043,"social_housing_rate":0.043478260869565216,"imputed":false,"vulnerability":24.5}},{"type":"Feature","geometry":{"type":"Polygon","coordinates":[[[1.889636723966845,50.934180429881216],[1.8893235421339751,50.935965529141676],[1.886493045169917,50.93576646482425],[1.8868063340079118,50.93398137435429],[1.889636723966845,50.934180429881216]]]},"properties":{"id":"CRS3035RES200mN3123000E3752000","population":92.0,"households":35.0,"poverty_rate":0.08571428571428572,"senior_rate":0.13043478260869565,"single_parent_rate":0.11428571428571428,"social_housing_rate":0.02857142857142857,"imputed":false,"vulnerability":14.7}},{"type":"Feature","geometry":{"type":"Polygon","coordinates":[[[1.8924671361803624,50.9343794162719],[1.892154061355838,50.936164524319885],[1.8893235421339751,50.935965529141676],[1.889636723966845,50.934180429881216],[1.8924671361803624,50.9343794162719]]]},"properties":{"id":"CRS3035RES200mN3123000E3752200","population":3.0,"households":1.1,"poverty_rate":0.0,"senior_rate":0.2333333333333333,"single_parent_rate":0.0,"social_housing_rate":0.0,"imputed":true,"vulnerability":10.7}},{"type":"Feature","geometry":{"type":"Polygon","coordinates":[[[1.8525288203936472,50.93337230047498],[1.8522142177436065,50.93515728328366],[1.849383903828824,50.934957311406315],[1.8496986134519042,50.93317233742751],[1.8525288203936472,50.93337230047498]]]},"properties":{"id":"CRS3035RES200mN3123200E3749400","population":151.0,"households":65.0,"poverty_rate":0.09230769230769231,"senior_rate":0.18543046357615894,"single_parent_rate":0.15384615384615385,"social_housing_rate":0.015384615384615385,"imputed":false,"vulnerability":18.8}},{"type":"Feature","geometry":{"type":"Polygon","coordinates":[[[1.8553590496890187,50.93357219439467],[1.8550445540152554,50.935357186030224],[1.8522142177436065,50.93515728328366],[1.8525288203936472,50.93337230047498],[1.8553590496890187,50.93357219439467]]]},"properties":{"id":"CRS3035RES200mN3123200E3749600","population":133.5,"households":64.0,"poverty_rate":0.09375,"senior_rate":0.2846441947565543,"single_parent_rate":0.0625,"social_housing_rate":0.046875,"imputed":false,"vulnerability":20.7}},{"type":"Feature","geometry":{"type":"Polygon","coordinates":[[[1.8581893013306492,50.93377201918565],[1.8578749126364027,50.93555701964513],[1.8550445540152554,50.935357186030224],[1.8553590496890187,50.93357219439467],[1.8581893013306492,50.93377201918565]]]},"properties":{"id":"CRS3035RES200mN3123200E3749800","population":356.0,"households":157.0,"poverty_rate":0.3248407643312102,"senior_rate":0.14606741573033707,"single_parent_rate":0.21019108280254778,"social_housing_rate":0.6624203821656051,"imputed":false,"vulnerability":40.3}},{"type":"Feature","geometry":{"type":"Polygon","coordinates":[[[1.8610195753111713,50.933971774847066],[1.8607052935996728,50.93575678412753],[1.8578749126364027,50.93555701964513],[1.8581893013306492,50.93377201918565],[1.8610195753111713,50.933971774847066]]]},"properties":{"id":"CRS3035RES200mN3123200E3750000","population":51.0,"households":17.0,"poverty_rate":0.29411764705882354,"senior_rate":0.0784313725490196,"single_parent_rate":0.23529411764705882,"social_housing_rate":0.8823529411764706,"imputed":false,"vulnerability":39.8}},{"type":"Feature","geometry":{"type":"Polygon","coordinates":[[[1.8836625704710424,50.93556733136849],[1.8833491447378967,50.937352411110076],[1.8805185853029753,50.93715319971955],[1.880832118044716,50.93536812877524],[1.8836625704710424,50.93556733136849]]]},"properties":{"id":"CRS3035RES200mN3123200E3751600","population":16.0,"households":5.8,"poverty_rate":0.06896551724137931,"senior_rate":0.08125,"single_parent_rate":0.06896551724137931,"social_housing_rate":0.0,"imputed":true,"vulnerability":9.6}},{"type":"Feature","geometry":{"type":"Polygon","coordinates":[[[1.886493045169917,50.93576646482425],[1.8861797264485978,50.937551553360166],[1.8833491447378967,50.937352411110076],[1.8836625704710424,50.93556733136849],[1.886493045169917,50.93576646482425]]]},"properties":{"id":"CRS3035RES200mN3123200E3751800","population":47.0,"households":24.0,"poverty_rate":0.041666666666666664,"senior_rate":0.3617021276595745,"single_parent_rate":0.08333333333333333,"social_housing_rate":0.0,"imputed":false,"vulnerability":21.6}},{"type":"Feature","geometry":{"type":"Polygon","coordinates":[[[1.8893235421339751,50.935965529141676],[1.8890103304277044,50.93775062646894],[1.8861797264485978,50.937551553360166],[1.886493045169917,50.93576646482425],[1.8893235421339751,50.935965529141676]]]},"properties":{"id":"CRS3035RES200mN3123200E3752000","population":62.5,"households":21.0,"poverty_rate":0.19047619047619047,"senior_rate":0.064,"single_parent_rate":0.19047619047619047,"social_housing_rate":0.0,"imputed":false,"vulnerability":19.1}},{"type":"Feature","geometry":{"type":"Polygon","coordinates":[[[1.8465536122782722,50.934757270399096],[1.8462387656590662,50.93654223359924],[1.8434083895036402,50.93634211462637],[1.8437233430993272,50.93455716026287],[1.8465536122782722,50.934757270399096]]]},"properties":{"id":"CRS3035RES200mN3123400E3749000","population":14.0,"households":4.7,"poverty_rate":0.19148936170212766,"senior_rate":0.09285714285714286,"single_parent_rate":0.0425531914893617,"social_housing_rate":0.2978723404255319,"imputed":true,"vulnerability":19.8}},{"type":"Feature","geometry":{"type":"Polygon","coordinates":[[[1.849383903828824,50.934957311406315],[1.8490691641893384,50.936742283440125],[1.8462387656590662,50.93654223359924],[1.8465536122782722,50.934757270399096],[1.849383903828824,50.934957311406315]]]},"properties":{"id":"CRS3035RES200mN3123400E3749200","population":4.0,"households":1.4,"poverty_rate":0.2142857142857143,"senior_rate":0.1,"single_parent_rate":0.07142857142857144,"social_housing_rate":0.28571428571428575,"imputed":true,"vulnerability":22.1}},{"type":"Feature","geometry":{"type":"Polygon","coordinates":[[[1.8522142177436065,50.93515728328366],[1.851899585087079,50.93694226414819],[1.8490691641893384,50.936742283440125],[1.849383903828824,50.934957311406315],[1.8522142177436065,50.93515728328366]]]},"properties":{"id":"CRS3035RES200mN3123400E3749400","population":39.0,"households":13.2,"poverty_rate":0.1893939393939394,"senior_rate":0.09487179487179488,"single_parent_rate":0.045454545454545456,"social_housing_rate":0.2878787878787879,"imputed":true,"vulnerability":19.7}},{"type":"Feature","geometry":{"type":"Polygon","coordinates":[[[1.8550445540152554,50.935357186030224],[1.8547300283449255,50.93714217572251],[1.851899585087079,50.93694226414819],[1.8522142177436065,50.93515728328366],[1.8550445540152554,50.935357186030224]]]},"properties":{"id":"CRS3035RES200mN3123400E3749600","population":45.0,"households":14.0,"poverty_rate":0.2857142857142857,"senior_rate":0.044444444444444446,"single_parent_rate":0.2857142857142857,"social_housing_rate":1.0,"imputed":false,"vulnerability":41.3}},{"type":"Feature","geometry":{"type":"Polygon","coordinates":[[[1.8578749126364027,50.93555701964513],[1.8575604939555066,50.93734201816222],[1.8547300283449255,50.93714217572251],[1.8550445540152554,50.935357186030224],[1.8578749126364027,50.93555701964513]]]},"properties":{"id":"CRS3035RES200mN3123400E3749800","population":5.0,"households":1.7,"poverty_rate":0.17647058823529413,"senior_rate":0.1,"single_parent_rate":0.05882352941176471,"social_housing_rate":0.29411764705882354,"imputed":true,"vulnerability":19.9}},{"type":"Feature","geometry":{"type":"Polygon","coordinates":[[[1.8607052935996728,50.93575678412753],[1.8603909819114468,50.93754179146643],[1.8575604939555066,50.93734201816222],[1.8578749126364027,50.93555701964513],[1.8607052935996728,50.93575678412753]]]},"properties":{"id":"CRS3035RES200mN3123400E3750000","population":10.5,"households":4.7,"poverty_rate":0.2553191489361702,"senior_rate":0.14285714285714285,"single_parent_rate":0.2553191489361702,"social_housing_rate":0.0,"imputed":true,"vulnerability":28.3}},{"type":"Feature","geometry":{"type":"Polygon","coordinates":[[[1.8720270407266173,50.93655515071418],[1.871713157041414,50.93834019331081],[1.8688825797777375,50.93814069655735],[1.8691965704685445,50.936355662770694],[1.8720270407266173,50.93655515071418]]]},"properties":{"id":"CRS3035RES200mN3123400E3750800","population":3.0,"households":1.3,"poverty_rate":0.23076923076923075,"senior_rate":0.13333333333333333,"single_parent_rate":0.23076923076923075,"social_housing_rate":0.0,"imputed":true,"vulnerability":25.7}},{"type":"Feature","geometry":{"type":"Polygon","coordinates":[[[1.8748575332899615,50.93675456952074],[1.8745437566135934,50.93853962092438],[1.871713157041414,50.93834019331081],[1.8720270407266173,50.93655515071418],[1.8748575332899615,50.93675456952074]]]},"properties":{"id":"CRS3035RES200mN3123400E3751000","population":11.0,"households":4.0,"poverty_rate":0.075,"senior_rate":0.08181818181818182,"single_parent_rate":0.075,"social_housing_rate":0.0,"imputed":true,"vulnerability":10.1}},{"type":"Feature","geometry":{"type":"Polygon","coordinates":[[[1.8776880481512046,50.936953919189484],[1.8773743784868997,50.9387389793972],[1.8745437566135934,50.93853962092438],[1.8748575332899615,50.93675456952074],[1.8776880481512046,50.936953919189484]]]},"properties":{"id":"CRS3035RES200mN3123400E3751200","population":5.0,"households":1.8,"poverty_rate":0.05555555555555556,"senior_rate":0.08,"single_parent_rate":0.05555555555555556,"social_housing_rate":0.0,"imputed":true,"vulnerability":8.4}},{"type":"Feature","geometry":{"type":"Polygon","coordinates":[[[1.8805185853029753,50.93715319971955],[1.8802050226539637,50.93893826872836],[1.8773743784868997,50.9387389793972],[1.8776880481512046,50.936953919189484],[1.8805185853029753,50.93715319971955]]]},"properties":{"id":"CRS3035RES200mN3123400E3751400","population":4.0,"households":1.4,"poverty_rate":0.07142857142857144,"senior_rate":0.075,"single_parent_rate":0.07142857142857144,"social_housing_rate":0.0,"imputed":true,"vulnerability":9.5}},{"type":"Feature","geometry":{"type":"Polygon","coordinates":[[[1.8833491447378967,50.937352411110076],[1.8830356891074083,50.939137488917034],[1.8802050226539637,50.93893826872836],[1.8805185853029753,50.93715319971955],[1.8833491447378967,50.937352411110076]]]},"properties":{"id":"CRS3035RES200mN3123400E3751600","population":103.0,"households":41.0,"poverty_rate":0.0975609756097561,"senior_rate":0.20388349514563106,"single_parent_rate":0.024390243902439025,"social_housing_rate":0.0,"imputed":false,"vulnerability":15.1}},{"type":"Feature","geometry":{"type":"Polygon","coordinates":[[[1.8861797264485978,50.937551553360166],[1.885866377839856,50.93933663996227],[1.8830356891074083,50.939137488917034],[1.8833491447378967,50.937352411110076],[1.8861797264485978,50.937551553360166]]]},"properties":{"id":"CRS3035RES200mN3123400E3751800","population":191.0,"households":74.0,"poverty_rate":0.16216216216216217,"senior_rate":0.16230366492146597,"single_parent_rate":0.0945945945945946,"social_housing_rate":0.0,"imputed":false,"vulnerability":18.9}},{"type":"Feature","geometry":{"type":"Polygon","coordinates":[[[1.8890103304277044,50.93775062646894],[1.8886970888439356,50.93953572186326],[1.885866377839856,50.93933663996227],[1.8861797264485978,50.937551553360166],[1.8890103304277044,50.93775062646894]]]},"properties":{"id":"CRS3035RES200mN3123400E3752000","population":45.0,"households":18.0,"poverty_rate":0.05555555555555555,"senior_rate":0.13333333333333333,"single_parent_rate":0.1111111111111111,"social_housing_rate":0.0,"imputed":false,"vulnerability":12.8}},{"type":"Feature","geometry":{"type":"Polygon","coordinates":[[[1.8547300283449255,50.93714217572251],[1.8544154726739197,50.9389271634718],[1.8515849224199588,50.93872724306887],[1.851899585087079,50.93694226414819],[1.8547300283449255,50.93714217572251]]]},"properties":{"id":"CRS3035RES200mN3123600E3749600","population":124.5,"households":45.0,"poverty_rate":0.15555555555555556,"senior_rate":0.04819277108433735,"single_parent_rate":0.2,"social_housing_rate":0.4,"imputed":false,"vulnerability":23.0}},{"type":"Feature","geometry":{"type":"Polygon","coordinates":[[[1.8575604939555066,50.93734201816222],[1.8572460452838562,50.939127014737174],[1.8544154726739197,50.9389271634718],[1.8547300283449255,50.93714217572251],[1.8575604939555066,50.93734201816222]]]},"properties":{"id":"CRS3035RES200mN3123600E3749800","population":211.0,"households":105.0,"poverty_rate":0.08571428571428572,"senior_rate":0.2132701421800948,"single_parent_rate":0.11428571428571428,"social_housing_rate":0.0,"imputed":false,"vulnerability":18.1}},{"type":"Feature","geometry":{"type":"Polygon","coordinates":[[[1.8603909819114468,50.93754179146643],[1.8600766402423914,50.93932679686409],[1.8572460452838562,50.939127014737174],[1.8575604939555066,50.93734201816222],[1.8603909819114468,50.93754179146643]]]},"properties":{"id":"CRS3035RES200mN3123600E3750000","population":158.0,"households":70.0,"poverty_rate":0.2,"senior_rate":0.12658227848101267,"single_parent_rate":0.11428571428571428,"social_housing_rate":0.014285714285714285,"imputed":false,"vulnerability":20.0}},{"type":"Feature","geometry":{"type":"Polygon","coordinates":[[[1.8632214922053814,50.93774149563428],[1.8629072575421521,50.93952650985166],[1.8600766402423914,50.93932679686409],[1.8603909819114468,50.93754179146643],[1.8632214922053814,50.93774149563428]]]},"properties":{"id":"CRS3035RES200mN3123600E3750200","population":256.5,"households":136.0,"poverty_rate":0.27941176470588236,"senior_rate":0.31189083820662766,"single_parent_rate":0.125,"social_housing_rate":0.5955882352941176,"imputed":false,"vulnerability":41.6}},{"type":"Feature","geometry":{"type":"Polygon","coordinates":[[[1.8660520248299364,50.93794113066487],[1.865737897175768,50.93972615369903],[1.8629072575421521,50.93952650985166],[1.8632214922053814,50.93774149563428],[1.8660520248299364,50.93794113066487]]]},"properties":{"id":"CRS3035RES200mN3123600E3750400","population":144.5,"households":60.0,"poverty_rate":0.1,"senior_rate":0.18685121107266436,"single_parent_rate":0.15,"social_housing_rate":0.0,"imputed":false,"vulnerability":18.8}},{"type":"Feature","geometry":{"type":"Polygon","coordinates":[[[1.8688825797777375,50.93814069655735],[1.8685685591358665,50.939925728405306],[1.865737897175768,50.93972615369903],[1.8660520248299364,50.93794113066487],[1.8688825797777375,50.93814069655735]]]},"properties":{"id":"CRS3035RES200mN3123600E3750600","population":29.0,"households":13.0,"poverty_rate":0.25384615384615383,"senior_rate":0.13448275862068967,"single_parent_rate":0.25384615384615383,"social_housing_rate":0.0,"imputed":true,"vulnerability":27.8}},{"type":"Feature","geometry":{"type":"Polygon","coordinates":[[[1.871713157041414,50.93834019331081],[1.8713992434150701,50.9401252339696],[1.8685685591358665,50.939925728405306],[1.8688825797777375,50.93814069655735],[1.871713157041414,50.93834019331081]]]},"properties":{"id":"CRS3035RES200mN3123600E3750800","population":2.0,"households":0.9,"poverty_rate":0.22222222222222224,"senior_rate":0.15000000000000002,"single_parent_rate":0.22222222222222224,"social_housing_rate":0.0,"imputed":true,"vulnerability":25.8}},{"type":"Feature","geometry":{"type":"Polygon","coordinates":[[[1.8745437566135934,50.93853962092438],[1.8742299500060093,50.94032467039107],[1.8713992434150701,50.9401252339696],[1.871713157041414,50.93834019331081],[1.8745437566135934,50.93853962092438]]]},"properties":{"id":"CRS3035RES200mN3123600E3751000","population":193.0,"households":83.0,"poverty_rate":0.25301204819277107,"senior_rate":0.06735751295336788,"single_parent_rate":0.10843373493975904,"social_housing_rate":0.6626506024096386,"imputed":false,"vulnerability":29.5}},{"type":"Feature","geometry":{"type":"Polygon","coordinates":[[[1.8773743784868997,50.9387389793972],[1.8770606789013073,50.940524037668794],[1.8742299500060093,50.94032467039107],[1.8745437566135934,50.93853962092438],[1.8773743784868997,50.9387389793972]]]},"properties":{"id":"CRS3035RES200mN3123600E3751200","population":92.0,"households":30.0,"poverty_rate":0.2,"senior_rate":0.07608695652173914,"single_parent_rate":0.1,"social_housing_rate":0.03333333333333333,"imputed":false,"vulnerability":17.5}},{"type":"Feature","geometry":{"type":"Polygon","coordinates":[[[1.8802050226539637,50.93893826872836],[1.8798914300935912,50.940723335801934],[1.8770606789013073,50.940524037668794],[1.8773743784868997,50.9387389793972],[1.8802050226539637,50.93893826872836]]]},"properties":{"id":"CRS3035RES200mN3123600E3751400","population":45.0,"households":25.0,"poverty_rate":0.4,"senior_rate":0.13333333333333333,"single_parent_rate":0.0,"social_housing_rate":0.0,"imputed":false,"vulnerability":26.1}},{"type":"Feature","geometry":{"type":"Polygon","coordinates":[[[1.8830356891074083,50.939137488917034],[1.8827222035754805,50.940922564789595],[1.8798914300935912,50.940723335801934],[1.8802050226539637,50.93893826872836],[1.8830356891074083,50.939137488917034]]]},"properties":{"id":"CRS3035RES200mN3123600E3751600","population":117.0,"households":48.0,"poverty_rate":0.125,"senior_rate":0.1282051282051282,"single_parent_rate":0.125,"social_housing_rate":0.0,"imputed":false,"vulnerability":16.5}},{"type":"Feature","geometry":{"type":"Polygon","coordinates":[[[1.885866377839856,50.93933663996227],[1.8855529993396074,50.941121724630875],[1.8827222035754805,50.940922564789595],[1.8830356891074083,50.939137488917034],[1.885866377839856,50.93933663996227]]]},"properties":{"id":"CRS3035RES200mN3123600E3751800","population":46.0,"households":13.0,"poverty_rate":0.07692307692307693,"senior_rate":0.08695652173913043,"single_parent_rate":0.07692307692307693,"social_housing_rate":0.0,"imputed":false,"vulnerability":10.5}},{"type":"Feature","geometry":{"type":"Polygon","coordinates":[[[1.8886970888439356,50.93953572186326],[1.8883838173785903,50.94132081532493],[1.8855529993396074,50.941121724630875],[1.885866377839856,50.93933663996227],[1.8886970888439356,50.93953572186326]]]},"properties":{"id":"CRS3035RES200mN3123600E3752000","population":12.0,"households":4.2,"poverty_rate":0.047619047619047616,"senior_rate":0.21666666666666667,"single_parent_rate":0.0,"social_housing_rate":0.0,"imputed":true,"vulnerability":12.3}},{"type":"Feature","geometry":{"type":"Polygon","coordinates":[[[1.8487543945293365,50.93852725352925],[1.8484395948447125,50.9403122216739],[1.8456089823252442,50.94011215416306],[1.8459238890094256,50.93832719485379],[1.8487543945293365,50.93852725352925]]]},"properties":{"id":"CRS3035RES200mN3123800E3749200","population":58.5,"households":24.0,"poverty_rate":0.125,"senior_rate":0.18803418803418803,"single_parent_rate":0.125,"social_housing_rate":0.0,"imputed":false,"vulnerability":19.3}},{"type":"Feature","geometry":{"type":"Polygon","coordinates":[[[1.8515849224199588,50.93872724306887],[1.8512702297381347,50.94051222004597],[1.8484395948447125,50.9403122216739],[1.8487543945293365,50.93852725352925],[1.8515849224199588,50.93872724306887]]]},"properties":{"id":"CRS3035RES200mN3123800E3749400","population":150.0,"households":68.0,"poverty_rate":0.22058823529411764,"senior_rate":0.16666666666666666,"single_parent_rate":0.07352941176470588,"social_housing_rate":0.0,"imputed":false,"vulnerability":21.3}},{"type":"Feature","geometry":{"type":"Polygon","coordinates":[[[1.8544154726739197,50.9389271634718],[1.85410088699814,50.94071214927839],[1.8512702297381347,50.94051222004597],[1.8515849224199588,50.93872724306887],[1.8544154726739197,50.9389271634718]]]},"properties":{"id":"CRS3035RES200mN3123800E3749600","population":359.0,"households":169.0,"poverty_rate":0.14792899408284024,"senior_rate":0.18662952646239556,"single_parent_rate":0.05325443786982249,"social_housing_rate":0.05917159763313609,"imputed":false,"vulnerability":18.7}},{"type":"Feature","geometry":{"type":"Polygon","coordinates":[[[1.8572460452838562,50.939127014737174],[1.856931566617352,50.940912009370265],[1.85410088699814,50.94071214927839],[1.8544154726739197,50.9389271634718],[1.8572460452838562,50.939127014737174]]]},"properties":{"id":"CRS3035RES200mN3123800E3749800","population":417.5,"households":189.0,"poverty_rate":0.2751322751322751,"senior_rate":0.11017964071856287,"single_parent_rate":0.15873015873015872,"social_housing_rate":0.12169312169312169,"imputed":false,"vulnerability":26.2}},{"type":"Feature","geometry":{"type":"Polygon","coordinates":[[[1.8600766402423914,50.93932679686409],[1.859762268588399,50.94111180032075],[1.856931566617352,50.940912009370265],[1.8572460452838562,50.939127014737174],[1.8600766402423914,50.93932679686409]]]},"properties":{"id":"CRS3035RES200mN3123800E3750000","population":336.5,"households":149.0,"poverty_rate":0.20134228187919462,"senior_rate":0.18424962852897475,"single_parent_rate":0.09395973154362416,"social_housing_rate":0.006711409395973154,"imputed":false,"vulnerability":21.9}},{"type":"Feature","geometry":{"type":"Polygon","coordinates":[[[1.8629072575421521,50.93952650985166],[1.8625929929039144,50.94131152212891],[1.859762268588399,50.94111180032075],[1.8600766402423914,50.93932679686409],[1.8629072575421521,50.93952650985166]]]},"properties":{"id":"CRS3035RES200mN3123800E3750200","population":422.5,"households":190.0,"poverty_rate":0.23684210526315788,"senior_rate":0.16331360946745563,"single_parent_rate":0.15263157894736842,"social_housing_rate":0.0,"imputed":false,"vulnerability":24.7}},{"type":"Feature","geometry":{"type":"Polygon","coordinates":[[[1.865737897175768,50.93972615369903],[1.865423739556516,50.941511174793916],[1.8625929929039144,50.94131152212891],[1.8629072575421521,50.93952650985166],[1.865737897175768,50.93972615369903]]]},"properties":{"id":"CRS3035RES200mN3123800E3750400","population":225.5,"households":97.0,"poverty_rate":0.09278350515463918,"senior_rate":0.2394678492239468,"single_parent_rate":0.08247422680412371,"social_housing_rate":0.010309278350515464,"imputed":false,"vulnerability":18.7}},{"type":"Feature","geometry":{"type":"Polygon","coordinates":[[[1.8685685591358665,50.939925728405306],[1.8682545085388333,50.94171075831486],[1.865423739556516,50.941511174793916],[1.865737897175768,50.93972615369903],[1.8685685591358665,50.939925728405306]]]},"properties":{"id":"CRS3035RES200mN3123800E3750600","population":115.0,"households":50.0,"poverty_rate":0.22,"senior_rate":0.11304347826086956,"single_parent_rate":0.12,"social_housing_rate":0.38,"imputed":false,"vulnerability":26.1}},{"type":"Feature","geometry":{"type":"Polygon","coordinates":[[[1.8713992434150701,50.9401252339696],[1.8710852998434904,50.94191027269088],[1.8682545085388333,50.94171075831486],[1.8685685591358665,50.939925728405306],[1.8713992434150701,50.9401252339696]]]},"properties":{"id":"CRS3035RES200mN3123800E3750800","population":612.5,"households":318.0,"poverty_rate":0.29559748427672955,"senior_rate":0.19918367346938776,"single_parent_rate":0.20440251572327045,"social_housing_rate":0.7578616352201258,"imputed":false,"vulnerability":42.5}},{"type":"Feature","geometry":{"type":"Polygon","coordinates":[[[1.8742299500060093,50.94032467039107],[1.873916113463118,50.94210971792108],[1.8710852998434904,50.94191027269088],[1.8713992434150701,50.9401252339696],[1.8742299500060093,50.94032467039107]]]},"properties":{"id":"CRS3035RES200mN3123800E3751000","population":264.0,"households":159.0,"poverty_rate":0.23270440251572327,"senior_rate":0.4015151515151515,"single_parent_rate":0.11320754716981132,"social_housing_rate":0.33962264150943394,"imputed":false,"vulnerability":39.2}},{"type":"Feature","geometry":{"type":"Polygon","coordinates":[[[1.8770606789013073,50.940524037668794],[1.8767469493903306,50.9423090940046],[1.873916113463118,50.94210971792108],[1.8742299500060093,50.94032467039107],[1.8770606789013073,50.940524037668794]]]},"properties":{"id":"CRS3035RES200mN3123800E3751200","population":323.0,"households":167.0,"poverty_rate":0.19760479041916168,"senior_rate":0.2631578947368421,"single_parent_rate":0.10179640718562874,"social_housing_rate":0.33532934131736525,"imputed":false,"vulnerability":30.6}},{"type":"Feature","geometry":{"type":"Polygon","coordinates":[[[1.8798914300935912,50.940723335801934],[1.8795778076177607,50.942508400940554],[1.8767469493903306,50.9423090940046],[1.8770606789013073,50.940524037668794],[1.8798914300935912,50.940723335801934]]]},"properties":{"id":"CRS3035RES200mN3123800E3751400","population":91.0,"households":46.0,"poverty_rate":0.17391304347826086,"senior_rate":0.3076923076923077,"single_parent_rate":0.13043478260869565,"social_housing_rate":0.0,"imputed":false,"vulnerability":27.4}},{"type":"Feature","geometry":{"type":"Polygon","coordinates":[[[1.8827222035754805,50.940922564789595],[1.8824086881380278,50.94270763872805],[1.8795778076177607,50.942508400940554],[1.8798914300935912,50.940723335801934],[1.8827222035754805,50.940922564789595]]]},"properties":{"id":"CRS3035RES200mN3123800E3751600","population":168.0,"households":75.0,"poverty_rate":0.08,"senior_rate":0.2916666666666667,"single_parent_rate":0.06666666666666667,"social_housing_rate":0.0,"imputed":false,"vulnerability":19.7}},{"type":"Feature","geometry":{"type":"Polygon","coordinates":[[[1.8855529993396074,50.941121724630875],[1.885239590943756,50.94290680736624],[1.8824086881380278,50.94270763872805],[1.8827222035754805,50.940922564789595],[1.8855529993396074,50.941121724630875]]]},"properties":{"id":"CRS3035RES200mN3123800E3751800","population":188.0,"households":80.0,"poverty_rate":0.1625,"senior_rate":0.1702127659574468,"single_parent_rate":0.15,"social_housing_rate":0.0,"imputed":false,"vulnerability":21.2}},{"type":"Feature","geometry":{"type":"Polygon","coordinates":[[[1.8883838173785903,50.94132081532493],[1.88807051602757,50.943105906854235],[1.885239590943756,50.94290680736624],[1.8855529993396074,50.941121724630875],[1.8883838173785903,50.94132081532493]]]},"properties":{"id":"CRS3035RES200mN3123800E3752000","population":66.5,"households":29.0,"poverty_rate":0.3448275862068966,"senior_rate":0.2857142857142857,"single_parent_rate":0.034482758620689655,"social_housing_rate":0.0,"imputed":false,"vulnerability":31.6}},{"type":"Feature","geometry":{"type":"Polygon","coordinates":[[[1.891214657685053,50.94151983687089],[1.8909014633820886,50.94330493719114],[1.88807051602757,50.943105906854235],[1.8883838173785903,50.94132081532493],[1.891214657685053,50.94151983687089]]]},"properties":{"id":"CRS3035RES200mN3123800E3752200","population":57.5,"households":25.0,"poverty_rate":0.28,"senior_rate":0.10434782608695652,"single_parent_rate":0.08,"social_housing_rate":0.0,"imputed":false,"vulnerability":21.6}},{"type":"Feature","geometry":{"type":"Polygon","coordinates":[[[1.8940455202516153,50.94171878926784],[1.8937324329999339,50.94350389837609],[1.8909014633820886,50.94330493719114],[1.891214657685053,50.94151983687089],[1.8940455202516153,50.94171878926784]]]},"properties":{"id":"CRS3035RES200mN3123800E3752400","population":23.0,"households":8.1,"poverty_rate":0.04938271604938272,"senior_rate":0.21304347826086958,"single_parent_rate":0.0,"social_housing_rate":0.0,"imputed":true,"vulnerability":12.3}},{"type":"Feature","geometry":{"type":"Polygon","coordinates":[[[1.8968764050709077,50.94191767251493],[1.8965634248737324,50.94370279040822],[1.8937324329999339,50.94350389837609],[1.8940455202516153,50.94171878926784],[1.8968764050709077,50.94191767251493]]]},"properties":{"id":"CRS3035RES200mN3123800E3752600","population":5.0,"households":1.8,"poverty_rate":0.05555555555555556,"senior_rate":0.22000000000000003,"single_parent_rate":0.0,"social_housing_rate":0.0,"imputed":true,"vulnerability":12.9}},{"type":"Feature","geometry":{"type":"Polygon","coordinates":[[[1.8997073121355434,50.94211648661128],[1.8993944389960933,50.94390161328664],[1.8965634248737324,50.94370279040822],[1.8968764050709077,50.94191767251493],[1.8997073121355434,50.94211648661128]]]},"properties":{"id":"CRS3035RES200mN3123800E3752800","population":15.0,"households":5.3,"poverty_rate":0.03773584905660378,"senior_rate":0.22,"single_parent_rate":0.0,"social_housing_rate":0.0,"imputed":true,"vulnerability":12.0}},{"type":"Feature","geometry":{"type":"Polygon","coordinates":[[[1.9166932212624053,50.94330791897483],[1.9163809905369493,50.945093098280395],[1.913549843078157,50.944894690342586],[1.9138621808806568,50.94310951980129],[1.9166932212624053,50.94330791897483]]]},"properties":{"id":"CRS3035RES200mN3123800E3754000","population":59.5,"households":22.3,"poverty_rate":0.07623318385650224,"senior_rate":0.17310924369747901,"single_parent_rate":0.15246636771300448,"social_housing_rate":0.0,"imputed":true,"vulnerability":17.1}},{"type":"Feature","geometry":{"type":"Polygon","coordinates":[[[1.9195242838378417,50.94350624899149],[1.9192121601926435,50.94529143705839],[1.9163809905369493,50.945093098280395],[1.9166932212624053,50.94330791897483],[1.9195242838378417,50.94350624899149]]]},"properties":{"id":"CRS3035RES200mN3123800E3754200","population":86.5,"households":28.0,"poverty_rate":0.0,"senior_rate":0.046242774566473986,"single_parent_rate":0.03571428571428571,"social_housing_rate":0.0,"imputed":false,"vulnerability":3.4}},{"type":"Feature","geometry":{"type":"Polygon","coordinates":[[[1.922355368599581,50.94370450985042],[1.9220433520378575,50.94548970667569],[1.9192121601926435,50.94529143705839],[1.9195242838378417,50.94350624899149],[1.922355368599581,50.94370450985042]]]},"properties":{"id":"CRS3035RES200mN3123800E3754400","population":135.0,"households":40.0,"poverty_rate":0.05,"senior_rate":0.037037037037037035,"single_parent_rate":0.05,"social_housing_rate":0.0,"imputed":false,"vulnerability":6.0}},{"type":"Feature","geometry":{"type":"Polygon","coordinates":[[[1.9251864755402406,50.94390270155075],[1.9248745660652076,50.9456879071314],[1.9220433520378575,50.94548970667569],[1.922355368599581,50.94370450985042],[1.9251864755402406,50.94390270155075]]]},"properties":{"id":"CRS3035RES200mN3123800E3754600","population":2.0,"households":0.7,"poverty_rate":0.14285714285714288,"senior_rate":0.15,"single_parent_rate":0.14285714285714288,"social_housing_rate":0.0,"imputed":true,"vulnerability":19.0}},{"type":"Feature","geometry":{"type":"Polygon","coordinates":[[[1.8427783921871037,50.9399120175143],[1.8424633484580262,50.941696966039295],[1.8396326737055826,50.94149675141134],[1.8399478244376526,50.93971181172856],[1.8427783921871037,50.9399120175143]]]},"properties":{"id":"CRS3035RES200mN3124000E3748800","population":63.0,"households":21.0,"poverty_rate":0.38095238095238093,"senior_rate":0.19047619047619047,"single_parent_rate":0.23809523809523808,"social_housing_rate":0.9047619047619048,"imputed":false,"vulnerability":49.7}},{"type":"Feature","geometry":{"type":"Polygon","coordinates":[[[1.8456089823252442,50.94011215416306],[1.8452940456024094,50.94189711152727],[1.8424633484580262,50.941696966039295],[1.8427783921871037,50.9399120175143],[1.8456089823252442,50.94011215416306]]]},"properties":{"id":"CRS3035RES200mN3124000E3749000","population":222.5,"households":126.0,"poverty_rate":0.30952380952380953,"senior_rate":0.3775280898876405,"single_parent_rate":0.0873015873015873,"social_housing_rate":0.5873015873015873,"imputed":false,"vulnerability":44.7}},{"type":"Feature","geometry":{"type":"Polygon","coordinates":[[[1.8484395948447125,50.9403122216739],[1.848124765131362,50.94209718787438],[1.8452940456024094,50.94189711152727],[1.8456089823252442,50.94011215416306],[1.8484395948447125,50.9403122216739]]]},"properties":{"id":"CRS3035RES200mN3124000E3749200","population":377.5,"households":165.0,"poverty_rate":0.20606060606060606,"senior_rate":0.22251655629139072,"single_parent_rate":0.10909090909090909,"social_housing_rate":0.006060606060606061,"imputed":false,"vulnerability":24.4}},{"type":"Feature","geometry":{"type":"Polygon","coordinates":[[[1.8512702297381347,50.94051222004597],[1.850955507037504,50.94229719507975],[1.848124765131362,50.94209718787438],[1.8484395948447125,50.9403122216739],[1.8512702297381347,50.94051222004597]]]},"properties":{"id":"CRS3035RES200mN3124000E3749400","population":337.5,"households":163.0,"poverty_rate":0.26380368098159507,"senior_rate":0.17185185185185184,"single_parent_rate":0.15337423312883436,"social_housing_rate":0.049079754601226995,"imputed":false,"vulnerability":27.2}},{"type":"Feature","geometry":{"type":"Polygon","coordinates":[[[1.85410088699814,50.94071214927839],[1.8537862713134687,50.94249713314253],[1.850955507037504,50.94229719507975],[1.8512702297381347,50.94051222004597],[1.85410088699814,50.94071214927839]]]},"properties":{"id":"CRS3035RES200mN3124000E3749600","population":539.0,"households":244.0,"poverty_rate":0.27049180327868855,"senior_rate":0.13358070500927643,"single_parent_rate":0.14344262295081966,"social_housing_rate":0.00819672131147541,"imputed":false,"vulnerability":24.8}},{"type":"Feature","geometry":{"type":"Polygon","coordinates":[[[1.856931566617352,50.940912009370265],[1.8566170579518848,50.9426970020618],[1.8537862713134687,50.94249713314253],[1.85410088699814,50.94071214927839],[1.856931566617352,50.940912009370265]]]},"properties":{"id":"CRS3035RES200mN3124000E3749800","population":604.0,"households":294.0,"poverty_rate":0.3163265306122449,"senior_rate":0.1357615894039735,"single_parent_rate":0.17006802721088435,"social_housing_rate":0.034013605442176874,"imputed":false,"vulnerability":28.5}},{"type":"Feature","geometry":{"type":"Polygon","coordinates":[[[1.859762268588399,50.94111180032075],[1.85944786694537,50.94289680183669],[1.8566170579518848,50.9426970020618],[1.856931566617352,50.940912009370265],[1.859762268588399,50.94111180032075]]]},"properties":{"id":"CRS3035RES200mN3124000E3750000","population":309.0,"households":144.0,"poverty_rate":0.22916666666666666,"senior_rate":0.1553398058252427,"single_parent_rate":0.1111111111111111,"social_housing_rate":0.006944444444444444,"imputed":false,"vulnerability":22.6}},{"type":"Feature","geometry":{"type":"Polygon","coordinates":[[[1.8625929929039144,50.94131152212891],[1.86227869828656,50.94309653246632],[1.85944786694537,50.94289680183669],[1.859762268588399,50.94111180032075],[1.8625929929039144,50.94131152212891]]]},"properties":{"id":"CRS3035RES200mN3124000E3750200","population":531.5,"households":266.0,"poverty_rate":0.2857142857142857,"senior_rate":0.13922859830667922,"single_parent_rate":0.15037593984962405,"social_housing_rate":0.16165413533834586,"imputed":false,"vulnerability":28.4}},{"type":"Feature","geometry":{"type":"Polygon","coordinates":[[[1.865423739556516,50.941511174793916],[1.8651095519680725,50.94329619394982],[1.86227869828656,50.94309653246632],[1.8625929929039144,50.94131152212891],[1.865423739556516,50.941511174793916]]]},"properties":{"id":"CRS3035RES200mN3124000E3750400","population":275.5,"households":146.0,"poverty_rate":0.13013698630136986,"senior_rate":0.2250453720508167,"single_parent_rate":0.0821917808219178,"social_housing_rate":0.0,"imputed":false,"vulnerability":19.7}},{"type":"Feature","geometry":{"type":"Polygon","coordinates":[[[1.8682545085388333,50.94171075831486],[1.867940427982537,50.94349578628629],[1.8651095519680725,50.94329619394982],[1.865423739556516,50.941511174793916],[1.8682545085388333,50.94171075831486]]]},"properties":{"id":"CRS3035RES200mN3124000E3750600","population":189.0,"households":98.0,"poverty_rate":0.23469387755102042,"senior_rate":0.24338624338624337,"single_parent_rate":0.07142857142857142,"social_housing_rate":0.02040816326530612,"imputed":false,"vulnerability":25.7}},{"type":"Feature","geometry":{"type":"Polygon","coordinates":[[[1.8710852998434904,50.94191027269088],[1.8707713263225756,50.94369530947489],[1.867940427982537,50.94349578628629],[1.8682545085388333,50.94171075831486],[1.8710852998434904,50.94191027269088]]]},"properties":{"id":"CRS3035RES200mN3124000E3750800","population":148.5,"households":60.0,"poverty_rate":0.23333333333333334,"senior_rate":0.1750841750841751,"single_parent_rate":0.1,"social_housing_rate":0.0,"imputed":false,"vulnerability":23.2}},{"type":"Feature","geometry":{"type":"Polygon","coordinates":[[[1.873916113463118,50.94210971792108],[1.8736022469808145,50.943894763514685],[1.8707713263225756,50.94369530947489],[1.8710852998434904,50.94191027269088],[1.873916113463118,50.94210971792108]]]},"properties":{"id":"CRS3035RES200mN3124000E3751000","population":358.0,"households":182.0,"poverty_rate":0.2857142857142857,"senior_rate":0.2569832402234637,"single_parent_rate":0.08241758241758242,"social_housing_rate":0.3956043956043956,"imputed":false,"vulnerability":34.9}},{"type":"Feature","geometry":{"type":"Polygon","coordinates":[[[1.8767469493903306,50.9423090940046],[1.8764331899498732,50.94409414840485],[1.8736022469808145,50.943894763514685],[1.873916113463118,50.94210971792108],[1.8767469493903306,50.9423090940046]]]},"properties":{"id":"CRS3035RES200mN3124000E3751200","population":346.0,"households":173.0,"poverty_rate":0.17341040462427745,"senior_rate":0.24566473988439305,"single_parent_rate":0.09826589595375723,"social_housing_rate":0.0,"imputed":false,"vulnerability":23.4}},{"type":"Feature","geometry":{"type":"Polygon","coordinates":[[[1.8795778076177607,50.942508400940554],[1.8792641552223792,50.94429346414449],[1.8764331899498732,50.94409414840485],[1.8767469493903306,50.9423090940046],[1.8795778076177607,50.942508400940554]]]},"properties":{"id":"CRS3035RES200mN3124000E3751400","population":224.0,"households":105.0,"poverty_rate":0.24761904761904763,"senior_rate":0.20982142857142858,"single_parent_rate":0.18095238095238095,"social_housing_rate":0.10476190476190476,"imputed":false,"vulnerability":29.9}},{"type":"Feature","geometry":{"type":"Polygon","coordinates":[[[1.8824086881380278,50.94270763872805],[1.882095142790949,50.94449271073272],[1.8792641552223792,50.94429346414449],[1.8795778076177607,50.942508400940554],[1.8824086881380278,50.94270763872805]]]},"properties":{"id":"CRS3035RES200mN3124000E3751600","population":79.5,"households":36.0,"poverty_rate":0.08333333333333333,"senior_rate":0.2389937106918239,"single_parent_rate":0.1111111111111111,"social_housing_rate":0.0,"imputed":false,"vulnerability":19.0}},{"type":"Feature","geometry":{"type":"Polygon","coordinates":[[[1.885239590943756,50.94290680736624],[1.8849261526482146,50.944691888168656],[1.882095142790949,50.94449271073272],[1.8824086881380278,50.94270763872805],[1.885239590943756,50.94290680736624]]]},"properties":{"id":"CRS3035RES200mN3124000E3751800","population":95.5,"households":47.0,"poverty_rate":0.10638297872340426,"senior_rate":0.34554973821989526,"single_parent_rate":0.10638297872340426,"social_housing_rate":0.02127659574468085,"imputed":false,"vulnerability":25.3}},{"type":"Feature","geometry":{"type":"Polygon","coordinates":[[[1.88807051602757,50.943105906854235],[1.887757184786786,50.94489099645142],[1.8849261526482146,50.944691888168656],[1.885239590943756,50.94290680736624],[1.88807051602757,50.943105906854235]]]},"properties":{"id":"CRS3035RES200mN3124000E3752000","population":101.5,"households":35.0,"poverty_rate":0.3142857142857143,"senior_rate":0.12807881773399016,"single_parent_rate":0.08571428571428572,"social_housing_rate":0.0,"imputed":false,"vulnerability":24.6}},{"type":"Feature","geometry":{"type":"Polygon","coordinates":[[[1.8909014633820886,50.94330493719114],[1.8905882391992905,50.94509003558016],[1.887757184786786,50.94489099645142],[1.88807051602757,50.943105906854235],[1.8909014633820886,50.94330493719114]]]},"properties":{"id":"CRS3035RES200mN3124000E3752200","population":98.0,"households":37.0,"poverty_rate":0.08108108108108109,"senior_rate":0.19387755102040816,"single_parent_rate":0.10810810810810811,"social_housing_rate":0.05405405405405406,"imputed":false,"vulnerability":17.6}},{"type":"Feature","geometry":{"type":"Polygon","coordinates":[[[1.8937324329999339,50.94350389837609],[1.8934193158783514,50.945289005553974],[1.8905882391992905,50.94509003558016],[1.8909014633820886,50.94330493719114],[1.8937324329999339,50.94350389837609]]]},"properties":{"id":"CRS3035RES200mN3124000E3752400","population":162.0,"households":63.0,"poverty_rate":0.25396825396825395,"senior_rate":0.16049382716049382,"single_parent_rate":0.19047619047619047,"social_housing_rate":0.38095238095238093,"imputed":false,"vulnerability":32.5}},{"type":"Feature","geometry":{"type":"Polygon","coordinates":[[[1.8965634248737324,50.94370279040822],[1.8962504148165844,50.945487906372],[1.8934193158783514,50.945289005553974],[1.8937324329999339,50.94350389837609],[1.8965634248737324,50.94370279040822]]]},"properties":{"id":"CRS3035RES200mN3124000E3752600","population":103.5,"households":42.0,"poverty_rate":0.16666666666666666,"senior_rate":0.24154589371980675,"single_parent_rate":0.09523809523809523,"social_housing_rate":0.19047619047619047,"imputed":false,"vulnerability":25.6}},{"type":"Feature","geometry":{"type":"Polygon","coordinates":[[[1.8993944389960933,50.94390161328664],[1.8990815360066062,50.945686738033366],[1.8962504148165844,50.945487906372],[1.8965634248737324,50.94370279040822],[1.8993944389960933,50.94390161328664]]]},"properties":{"id":"CRS3035RES200mN3124000E3752800","population":79.0,"households":31.0,"poverty_rate":0.1935483870967742,"senior_rate":0.20253164556962025,"single_parent_rate":0.03225806451612903,"social_housing_rate":0.0,"imputed":false,"vulnerability":20.1}},{"type":"Feature","geometry":{"type":"Polygon","coordinates":[[[1.90222547535965,50.944100367010506],[1.901912679441046,50.94588550053718],[1.8990815360066062,50.945686738033366],[1.8993944389960933,50.94390161328664],[1.90222547535965,50.944100367010506]]]},"properties":{"id":"CRS3035RES200mN3124000E3753000","population":107.5,"households":42.0,"poverty_rate":0.19047619047619047,"senior_rate":0.21395348837209302,"single_parent_rate":0.09523809523809523,"social_housing_rate":0.0,"imputed":false,"vulnerability":22.7}},{"type":"Feature","geometry":{"type":"Polygon","coordinates":[[[1.9050565339570138,50.94429905157889],[1.9047438451125147,50.94608419388258],[1.901912679441046,50.94588550053718],[1.90222547535965,50.944100367010506],[1.9050565339570138,50.94429905157889]]]},"properties":{"id":"CRS3035RES200mN3124000E3753200","population":96.5,"households":30.0,"poverty_rate":0.2,"senior_rate":0.08290155440414508,"single_parent_rate":0.26666666666666666,"social_housing_rate":0.0,"imputed":false,"vulnerability":23.1}},{"type":"Feature","geometry":{"type":"Polygon","coordinates":[[[1.9078876147808066,50.94449766699094],[1.9075750330136343,50.94628281806869],[1.9047438451125147,50.94608419388258],[1.9050565339570138,50.94429905157889],[1.9078876147808066,50.94449766699094]]]},"properties":{"id":"CRS3035RES200mN3124000E3753400","population":41.0,"households":17.0,"poverty_rate":0.11764705882352941,"senior_rate":0.12195121951219512,"single_parent_rate":0.058823529411764705,"social_housing_rate":0.0,"imputed":false,"vulnerability":13.6}},{"type":"Feature","geometry":{"type":"Polygon","coordinates":[[[1.9107187178236504,50.94469621324581],[1.9104062431370188,50.946481373094606],[1.9075750330136343,50.94628281806869],[1.9078876147808066,50.94449766699094],[1.9107187178236504,50.94469621324581]]]},"properties":{"id":"CRS3035RES200mN3124000E3753600","population":67.0,"households":29.0,"poverty_rate":0.034482758620689655,"senior_rate":0.417910447761194,"single_parent_rate":0.034482758620689655,"social_housing_rate":0.0,"imputed":false,"vulnerability":22.2}},{"type":"Feature","geometry":{"type":"Polygon","coordinates":[[[1.913549843078157,50.944894690342586],[1.9132374754752897,50.9466798589595],[1.9104062431370188,50.946481373094606],[1.9107187178236504,50.94469621324581],[1.913549843078157,50.944894690342586]]]},"properties":{"id":"CRS3035RES200mN3124000E3753800","population":63.5,"households":24.0,"poverty_rate":0.125,"senior_rate":0.2677165354330709,"single_parent_rate":0.041666666666666664,"social_housing_rate":0.0,"imputed":false,"vulnerability":20.0}},{"type":"Feature","geometry":{"type":"Polygon","coordinates":[[[1.9163809905369493,50.945093098280395],[1.9160687300210617,50.946878275662456],[1.9132374754752897,50.9466798589595],[1.913549843078157,50.944894690342586],[1.9163809905369493,50.945093098280395]]]},"properties":{"id":"CRS3035RES200mN3124000E3754000","population":93.0,"households":24.0,"poverty_rate":0.3333333333333333,"senior_rate":0.0,"single_parent_rate":0.20833333333333334,"social_housing_rate":1.0,"imputed":false,"vulnerability":39.0}},{"type":"Feature","geometry":{"type":"Polygon","coordinates":[[[1.9192121601926435,50.94529143705839],[1.9189000067669513,50.94707662320263],[1.9160687300210617,50.946878275662456],[1.9163809905369493,50.945093098280395],[1.9192121601926435,50.94529143705839]]]},"properties":{"id":"CRS3035RES200mN3124000E3754200","population":102.0,"households":35.0,"poverty_rate":0.2571428571428571,"senior_rate":0.11764705882352941,"single_parent_rate":0.2,"social_housing_rate":0.42857142857142855,"imputed":false,"vulnerability":31.7}},{"type":"Feature","geometry":{"type":"Polygon","coordinates":[[[1.9220433520378575,50.94548970667569],[1.9217313057055776,50.94727490157914],[1.9189000067669513,50.94707662320263],[1.9192121601926435,50.94529143705839],[1.9220433520378575,50.94548970667569]]]},"properties":{"id":"CRS3035RES200mN3124000E3754400","population":55.0,"households":25.0,"poverty_rate":0.04,"senior_rate":0.2,"single_parent_rate":0.08,"social_housing_rate":0.0,"imputed":false,"vulnerability":14.0}},{"type":"Feature","geometry":{"type":"Polygon","coordinates":[[[1.9248745660652076,50.9456879071314],[1.9245626268295524,50.94747311079111],[1.9217313057055776,50.94727490157914],[1.9220433520378575,50.94548970667569],[1.9248745660652076,50.9456879071314]]]},"properties":{"id":"CRS3035RES200mN3124000E3754600","population":127.0,"households":49.0,"poverty_rate":0.08163265306122448,"senior_rate":0.18110236220472442,"single_parent_rate":0.14285714285714285,"social_housing_rate":0.0,"imputed":false,"vulnerability":17.4}},{"type":"Feature","geometry":{"type":"Polygon","coordinates":[[[1.8339713914059939,50.941096114739054],[1.8336559965952108,50.94288103478036],[1.8308252820596291,50.94268060388586],[1.8311407838735922,50.94089569269648],[1.8339713914059939,50.941096114739054]]]},"properties":{"id":"CRS3035RES200mN3124200E3748200","population":5.0,"households":2.4,"poverty_rate":0.2916666666666667,"senior_rate":0.3,"single_parent_rate":0.08333333333333334,"social_housing_rate":0.33333333333333337,"imputed":true,"vulnerability":36.3}},{"type":"Feature","geometry":{"type":"Polygon","coordinates":[[[1.8396326737055826,50.94149675141134],[1.839317492910903,50.94328168914765],[1.8364867335480957,50.9430813965346],[1.836802021352448,50.94129646764432],[1.8396326737055826,50.94149675141134]]]},"properties":{"id":"CRS3035RES200mN3124200E3748600","population":18.0,"households":8.6,"poverty_rate":0.29069767441860467,"senior_rate":0.30000000000000004,"single_parent_rate":0.0813953488372093,"social_housing_rate":0.3372093023255814,"imputed":true,"vulnerability":36.2}},{"type":"Feature","geometry":{"type":"Polygon","coordinates":[[[1.8424633484580262,50.941696966039295],[1.8421482746762656,50.94348191261867],[1.839317492910903,50.94328168914765],[1.8396326737055826,50.94149675141134],[1.8424633484580262,50.941696966039295]]]},"properties":{"id":"CRS3035RES200mN3124200E3748800","population":330.5,"households":142.0,"poverty_rate":0.19718309859154928,"senior_rate":0.19062027231467474,"single_parent_rate":0.14788732394366197,"social_housing_rate":0.2676056338028169,"imputed":false,"vulnerability":27.8}},{"type":"Feature","geometry":{"type":"Polygon","coordinates":[[[1.8452940456024094,50.94189711152727],[1.8449790788368106,50.94368206694673],[1.8421482746762656,50.94348191261867],[1.8424633484580262,50.941696966039295],[1.8452940456024094,50.94189711152727]]]},"properties":{"id":"CRS3035RES200mN3124200E3749000","population":358.5,"households":163.0,"poverty_rate":0.12269938650306748,"senior_rate":0.18131101813110181,"single_parent_rate":0.08588957055214724,"social_housing_rate":0.006134969325153374,"imputed":false,"vulnerability":17.6}},{"type":"Feature","geometry":{"type":"Polygon","coordinates":[[[1.848124765131362,50.94209718787438],[1.8478099053851686,50.943882152130975],[1.8449790788368106,50.94368206694673],[1.8452940456024094,50.94189711152727],[1.848124765131362,50.94209718787438]]]},"properties":{"id":"CRS3035RES200mN3124200E3749200","population":125.0,"households":55.0,"poverty_rate":0.09090909090909091,"senior_rate":0.12,"single_parent_rate":0.10909090909090909,"social_housing_rate":0.01818181818181818,"imputed":false,"vulnerability":14.2}},{"type":"Feature","geometry":{"type":"Polygon","coordinates":[[[1.850955507037504,50.94229719507975],[1.8506407543139545,50.94408216817052],[1.8478099053851686,50.943882152130975],[1.848124765131362,50.94209718787438],[1.850955507037504,50.94229719507975]]]},"properties":{"id":"CRS3035RES200mN3124200E3749400","population":407.5,"households":204.0,"poverty_rate":0.2107843137254902,"senior_rate":0.2233128834355828,"single_parent_rate":0.12254901960784313,"social_housing_rate":0.14705882352941177,"imputed":false,"vulnerability":27.3}},{"type":"Feature","geometry":{"type":"Polygon","coordinates":[[[1.8537862713134687,50.94249713314253],[1.8534716256158084,50.9442821150645],[1.8506407543139545,50.94408216817052],[1.850955507037504,50.94229719507975],[1.8537862713134687,50.94249713314253]]]},"properties":{"id":"CRS3035RES200mN3124200E3749600","population":440.0,"households":217.0,"poverty_rate":0.28110599078341014,"senior_rate":0.1431818181818182,"single_parent_rate":0.12903225806451613,"social_housing_rate":0.004608294930875576,"imputed":false,"vulnerability":25.2}},{"type":"Feature","geometry":{"type":"Polygon","coordinates":[[[1.8566170579518848,50.9426970020618],[1.8563025192833482,50.94448199281202],[1.8534716256158084,50.9442821150645],[1.8537862713134687,50.94249713314253],[1.8566170579518848,50.9426970020618]]]},"properties":{"id":"CRS3035RES200mN3124200E3749800","population":550.5,"households":269.0,"poverty_rate":0.3048327137546468,"senior_rate":0.14895549500454133,"single_parent_rate":0.1449814126394052,"social_housing_rate":0.011152416356877323,"imputed":false,"vulnerability":27.3}},{"type":"Feature","geometry":{"type":"Polygon","coordinates":[[[1.85944786694537,50.94289680183669],[1.8591334353092,50.9446818014122],[1.8563025192833482,50.94448199281202],[1.8566170579518848,50.9426970020618],[1.85944786694537,50.94289680183669]]]},"properties":{"id":"CRS3035RES200mN3124200E3750000","population":443.0,"households":242.0,"poverty_rate":0.32231404958677684,"senior_rate":0.16027088036117382,"single_parent_rate":0.13636363636363635,"social_housing_rate":0.024793388429752067,"imputed":false,"vulnerability":28.6}},{"type":"Feature","geometry":{"type":"Polygon","coordinates":[[[1.86227869828656,50.94309653246632],[1.861964373685991,50.944881540864145],[1.8591334353092,50.9446818014122],[1.85944786694537,50.94289680183669],[1.86227869828656,50.94309653246632]]]},"properties":{"id":"CRS3035RES200mN3124200E3750200","population":424.5,"households":251.0,"poverty_rate":0.32270916334661354,"senior_rate":0.22143698468786807,"single_parent_rate":0.09163346613545817,"social_housing_rate":0.07569721115537849,"imputed":false,"vulnerability":30.7}},{"type":"Feature","geometry":{"type":"Polygon","coordinates":[[[1.8651095519680725,50.94329619394982],[1.8647953344063426,50.945081211167],[1.861964373685991,50.944881540864145],[1.86227869828656,50.94309653246632],[1.8651095519680725,50.94329619394982]]]},"properties":{"id":"CRS3035RES200mN3124200E3750400","population":55.5,"households":30.0,"poverty_rate":0.23333333333333334,"senior_rate":0.12612612612612611,"single_parent_rate":0.13333333333333333,"social_housing_rate":0.0,"imputed":false,"vulnerability":22.1}},{"type":"Feature","geometry":{"type":"Polygon","coordinates":[[[1.867940427982537,50.94349578628629],[1.8676263174628802,50.94528081231989],[1.8647953344063426,50.945081211167],[1.8651095519680725,50.94329619394982],[1.867940427982537,50.94349578628629]]]},"properties":{"id":"CRS3035RES200mN3124200E3750600","population":147.0,"households":91.0,"poverty_rate":0.17582417582417584,"senior_rate":0.32653061224489793,"single_parent_rate":0.08791208791208792,"social_housing_rate":0.0,"imputed":false,"vulnerability":26.9}},{"type":"Feature","geometry":{"type":"Polygon","coordinates":[[[1.8707713263225756,50.94369530947489],[1.8704573228482255,50.94548034432189],[1.8676263174628802,50.94528081231989],[1.867940427982537,50.94349578628629],[1.8707713263225756,50.94369530947489]]]},"properties":{"id":"CRS3035RES200mN3124200E3750800","population":423.0,"households":223.0,"poverty_rate":0.32286995515695066,"senior_rate":0.21749408983451538,"single_parent_rate":0.15695067264573992,"social_housing_rate":0.3452914798206278,"imputed":false,"vulnerability":36.8}},{"type":"Feature","geometry":{"type":"Polygon","coordinates":[[[1.8736022469808145,50.943894763514685],[1.8732883505550073,50.945679807172176],[1.8704573228482255,50.94548034432189],[1.8707713263225756,50.94369530947489],[1.8736022469808145,50.943894763514685]]]},"properties":{"id":"CRS3035RES200mN3124200E3751000","population":410.5,"households":203.0,"poverty_rate":0.16748768472906403,"senior_rate":0.1997563946406821,"single_parent_rate":0.16748768472906403,"social_housing_rate":0.17733990147783252,"imputed":false,"vulnerability":26.1}},{"type":"Feature","geometry":{"type":"Polygon","coordinates":[[[1.8764331899498732,50.94409414840485],[1.876119400575837,50.94587920086985],[1.8732883505550073,50.945679807172176],[1.8736022469808145,50.943894763514685],[1.8764331899498732,50.94409414840485]]]},"properties":{"id":"CRS3035RES200mN3124200E3751200","population":301.5,"households":144.0,"poverty_rate":0.20833333333333334,"senior_rate":0.1824212271973466,"single_parent_rate":0.10416666666666667,"social_housing_rate":0.0,"imputed":false,"vulnerability":22.5}},{"type":"Feature","geometry":{"type":"Polygon","coordinates":[[[1.8792641552223792,50.94429346414449],[1.878950472903347,50.946078525414016],[1.876119400575837,50.94587920086985],[1.8764331899498732,50.94409414840485],[1.8792641552223792,50.94429346414449]]]},"properties":{"id":"CRS3035RES200mN3124200E3751400","population":273.5,"households":127.0,"poverty_rate":0.18110236220472442,"senior_rate":0.16453382084095064,"single_parent_rate":0.09448818897637795,"social_housing_rate":0.0,"imputed":false,"vulnerability":19.9}},{"type":"Feature","geometry":{"type":"Polygon","coordinates":[[[1.8849261526482146,50.944691888168656],[1.8846126844488833,50.94647696703837],[1.881781567530154,50.94627778080382],[1.882095142790949,50.94449271073272],[1.8849261526482146,50.944691888168656]]]},"properties":{"id":"CRS3035RES200mN3124200E3751800","population":53.0,"households":27.0,"poverty_rate":0.5555555555555556,"senior_rate":0.07547169811320754,"single_parent_rate":0.2222222222222222,"social_housing_rate":0.6666666666666666,"imputed":false,"vulnerability":49.0}},{"type":"Feature","geometry":{"type":"Polygon","coordinates":[[[1.887757184786786,50.94489099645142],[1.8874438236521467,50.946676084116774],[1.8846126844488833,50.94647696703837],[1.8849261526482146,50.944691888168656],[1.887757184786786,50.94489099645142]]]},"properties":{"id":"CRS3035RES200mN3124200E3752000","population":41.5,"households":20.0,"poverty_rate":0.3,"senior_rate":0.12048192771084337,"single_parent_rate":0.15,"social_housing_rate":0.05,"imputed":false,"vulnerability":26.5}},{"type":"Feature","geometry":{"type":"Polygon","coordinates":[[[1.8905882391992905,50.94509003558016],[1.89027498513257,50.946875132038215],[1.8874438236521467,50.946676084116774],[1.887757184786786,50.94489099645142],[1.8905882391992905,50.94509003558016]]]},"properties":{"id":"CRS3035RES200mN3124200E3752200","population":141.0,"households":44.0,"poverty_rate":0.36363636363636365,"senior_rate":0.12056737588652482,"single_parent_rate":0.11363636363636363,"social_housing_rate":0.1590909090909091,"imputed":false,"vulnerability":30.1}},{"type":"Feature","geometry":{"type":"Polygon","coordinates":[[[1.8934193158783514,50.945289005553974],[1.8931061688827746,50.94707411080176],[1.89027498513257,50.946875132038215],[1.8905882391992905,50.94509003558016],[1.8934193158783514,50.945289005553974]]]},"properties":{"id":"CRS3035RES200mN3124200E3752400","population":405.0,"households":179.0,"poverty_rate":0.6312849162011173,"senior_rate":0.1382716049382716,"single_parent_rate":0.22346368715083798,"social_housing_rate":0.8770949720670391,"imputed":false,"vulnerability":58.9}},{"type":"Feature","geometry":{"type":"Polygon","coordinates":[[[1.8962504148165844,50.945487906372],[1.8959373748953796,50.94727302040654],[1.8931061688827746,50.94707411080176],[1.8934193158783514,50.945289005553974],[1.8962504148165844,50.945487906372]]]},"properties":{"id":"CRS3035RES200mN3124200E3752600","population":137.0,"households":51.0,"poverty_rate":0.35294117647058826,"senior_rate":0.15328467153284672,"single_parent_rate":0.29411764705882354,"social_housing_rate":0.7254901960784313,"imputed":false,"vulnerability":45.9}},{"type":"Feature","geometry":{"type":"Polygon","coordinates":[[[1.8990815360066062,50.945686738033366],[1.8987686031629987,50.94747186085169],[1.8959373748953796,50.94727302040654],[1.8962504148165844,50.945487906372],[1.8990815360066062,50.945686738033366]]]},"properties":{"id":"CRS3035RES200mN3124200E3752800","population":238.0,"households":85.0,"poverty_rate":0.6352941176470588,"senior_rate":0.08823529411764706,"single_parent_rate":0.23529411764705882,"social_housing_rate":0.7411764705882353,"imputed":false,"vulnerability":55.2}},{"type":"Feature","geometry":{"type":"Polygon","coordinates":[[[1.901912679441046,50.94588550053718],[1.9015998536782526,50.94767063213634],[1.8987686031629987,50.94747186085169],[1.8990815360066062,50.945686738033366],[1.901912679441046,50.94588550053718]]]},"properties":{"id":"CRS3035RES200mN3124200E3753000","population":313.5,"households":112.0,"poverty_rate":0.38392857142857145,"senior_rate":0.09569377990430622,"single_parent_rate":0.21428571428571427,"social_housing_rate":0.48214285714285715,"imputed":false,"vulnerability":38.3}},{"type":"Feature","geometry":{"type":"Polygon","coordinates":[[[1.9047438451125147,50.94608419388258],[1.9044311264337639,50.9478693342596],[1.9015998536782526,50.94767063213634],[1.901912679441046,50.94588550053718],[1.9047438451125147,50.94608419388258]]]},"properties":{"id":"CRS3035RES200mN3124200E3753200","population":136.0,"households":57.0,"poverty_rate":0.12280701754385964,"senior_rate":0.25735294117647056,"single_parent_rate":0.10526315789473684,"social_housing_rate":0.0,"imputed":false,"vulnerability":21.7}},{"type":"Feature","geometry":{"type":"Polygon","coordinates":[[[1.9075750330136343,50.94628281806869],[1.9072624214221399,50.948067967220595],[1.9044311264337639,50.9478693342596],[1.9047438451125147,50.94608419388258],[1.9075750330136343,50.94628281806869]]]},"properties":{"id":"CRS3035RES200mN3124200E3753400","population":64.0,"households":27.0,"poverty_rate":0.1111111111111111,"senior_rate":0.203125,"single_parent_rate":0.07407407407407407,"social_housing_rate":0.0,"imputed":false,"vulnerability":17.5}},{"type":"Feature","geometry":{"type":"Polygon","coordinates":[[[1.9104062431370188,50.946481373094606],[1.910093738636009,50.94826653101845],[1.9072624214221399,50.948067967220595],[1.9075750330136343,50.94628281806869],[1.9104062431370188,50.946481373094606]]]},"properties":{"id":"CRS3035RES200mN3124200E3753600","population":23.0,"households":11.1,"poverty_rate":0.08108108108108109,"senior_rate":0.3695652173913043,"single_parent_rate":0.0,"social_housing_rate":0.08108108108108109,"imputed":true,"vulnerability":22.3}},{"type":"Feature","geometry":{"type":"Polygon","coordinates":[[[1.9132374754752897,50.9466798589595],[1.9129250780679772,50.94846502565232],[1.910093738636009,50.94826653101845],[1.9104062431370188,50.946481373094606],[1.9132374754752897,50.9466798589595]]]},"properties":{"id":"CRS3035RES200mN3124200E3753800","population":3.0,"households":1.4,"poverty_rate":0.07142857142857144,"senior_rate":0.3666666666666667,"single_parent_rate":0.0,"social_housing_rate":0.07142857142857144,"imputed":true,"vulnerability":21.5}},{"type":"Feature","geometry":{"type":"Polygon","coordinates":[[[1.9245626268295524,50.94747311079111],[1.9242506578292042,50.949258312530134],[1.921419229598667,50.94906009456106],[1.9217313057055776,50.94727490157914],[1.9245626268295524,50.94747311079111]]]},"properties":{"id":"CRS3035RES200mN3124200E3754600","population":39.0,"households":16.7,"poverty_rate":0.11377245508982035,"senior_rate":0.3102564102564103,"single_parent_rate":0.05389221556886228,"social_housing_rate":0.0,"imputed":true,"vulnerability":21.8}},{"type":"Feature","geometry":{"type":"Polygon","coordinates":[[[1.8251639202698384,50.94227953467946],[1.824848174342925,50.944064426205536],[1.8220174201001076,50.94386377903374],[1.8223332730303743,50.942078896369374],[1.8251639202698384,50.94227953467946]]]},"properties":{"id":"CRS3035RES200mN3124400E3747600","population":16.0,"households":6.8,"poverty_rate":0.0,"senior_rate":0.30625,"single_parent_rate":0.07352941176470588,"social_housing_rate":0.0,"imputed":true,"vulnerability":16.7}},{"type":"Feature","geometry":{"type":"Polygon","coordinates":[[[1.8308252820596291,50.94268060388586],[1.830509750149179,50.9444655131264],[1.8276789510284042,50.94426500423672],[1.827994589948712,50.94248010385192],[1.8308252820596291,50.94268060388586]]]},"properties":{"id":"CRS3035RES200mN3124400E3748000","population":4.0,"households":1.9,"poverty_rate":0.3157894736842105,"senior_rate":0.3,"single_parent_rate":0.10526315789473685,"social_housing_rate":0.3157894736842105,"imputed":true,"vulnerability":38.0}},{"type":"Feature","geometry":{"type":"Polygon","coordinates":[[[1.8336559965952108,50.94288103478036],[1.8333405716978608,50.94466595287374],[1.830509750149179,50.9444655131264],[1.8308252820596291,50.94268060388586],[1.8336559965952108,50.94288103478036]]]},"properties":{"id":"CRS3035RES200mN3124400E3748200","population":220.0,"households":78.0,"poverty_rate":0.4230769230769231,"senior_rate":0.08636363636363636,"single_parent_rate":0.1794871794871795,"social_housing_rate":0.9230769230769231,"imputed":false,"vulnerability":45.3}},{"type":"Feature","geometry":{"type":"Polygon","coordinates":[[[1.8364867335480957,50.9430813965346],[1.836171415667095,50.944866323477825],[1.8333405716978608,50.94466595287374],[1.8336559965952108,50.94288103478036],[1.8364867335480957,50.9430813965346]]]},"properties":{"id":"CRS3035RES200mN3124400E3748400","population":119.0,"households":39.0,"poverty_rate":0.46153846153846156,"senior_rate":0.09243697478991597,"single_parent_rate":0.2564102564102564,"social_housing_rate":0.5384615384615384,"imputed":false,"vulnerability":44.4}},{"type":"Feature","geometry":{"type":"Polygon","coordinates":[[[1.839317492910903,50.94328168914765],[1.839002282049499,50.94506662493776],[1.836171415667095,50.944866323477825],[1.8364867335480957,50.9430813965346],[1.839317492910903,50.94328168914765]]]},"properties":{"id":"CRS3035RES200mN3124400E3748600","population":23.0,"households":11.0,"poverty_rate":0.29090909090909095,"senior_rate":0.3,"single_parent_rate":0.08181818181818182,"social_housing_rate":0.33636363636363636,"imputed":true,"vulnerability":36.3}},{"type":"Feature","geometry":{"type":"Polygon","coordinates":[[[1.8421482746762656,50.94348191261867],[1.8418331708377038,50.94526685725268],[1.839002282049499,50.94506662493776],[1.839317492910903,50.94328168914765],[1.8421482746762656,50.94348191261867]]]},"properties":{"id":"CRS3035RES200mN3124400E3748800","population":326.0,"households":140.0,"poverty_rate":0.2357142857142857,"senior_rate":0.21779141104294478,"single_parent_rate":0.07857142857142857,"social_housing_rate":0.25,"imputed":false,"vulnerability":28.3}},{"type":"Feature","geometry":{"type":"Polygon","coordinates":[[[1.8449790788368106,50.94368206694673],[1.8446640820243352,50.94546702042172],[1.8418331708377038,50.94526685725268],[1.8421482746762656,50.94348191261867],[1.8449790788368106,50.94368206694673]]]},"properties":{"id":"CRS3035RES200mN3124400E3749000","population":20.0,"households":8.6,"poverty_rate":0.186046511627907,"senior_rate":0.145,"single_parent_rate":0.1627906976744186,"social_housing_rate":0.011627906976744188,"imputed":true,"vulnerability":21.8}},{"type":"Feature","geometry":{"type":"Polygon","coordinates":[[[1.8478099053851686,50.943882152130975],[1.8474950156020191,50.94566711444396],[1.8446640820243352,50.94546702042172],[1.8449790788368106,50.94368206694673],[1.8478099053851686,50.943882152130975]]]},"properties":{"id":"CRS3035RES200mN3124400E3749200","population":394.5,"households":209.0,"poverty_rate":0.27751196172248804,"senior_rate":0.14702154626108999,"single_parent_rate":0.11004784688995216,"social_housing_rate":0.08133971291866028,"imputed":false,"vulnerability":25.7}},{"type":"Feature","geometry":{"type":"Polygon","coordinates":[[[1.8506407543139545,50.94408216817052],[1.8503259715633782,50.94586713931855],[1.8474950156020191,50.94566711444396],[1.8478099053851686,50.943882152130975],[1.8506407543139545,50.94408216817052]]]},"properties":{"id":"CRS3035RES200mN3124400E3749400","population":456.0,"households":230.0,"poverty_rate":0.34782608695652173,"senior_rate":0.14473684210526316,"single_parent_rate":0.13043478260869565,"social_housing_rate":0.06956521739130435,"imputed":false,"vulnerability":29.7}},{"type":"Feature","geometry":{"type":"Polygon","coordinates":[[[1.8534716256158084,50.9442821150645],[1.8531569499010414,50.9460670950446],[1.8503259715633782,50.94586713931855],[1.8506407543139545,50.94408216817052],[1.8534716256158084,50.9442821150645]]]},"properties":{"id":"CRS3035RES200mN3124400E3749600","population":351.5,"households":198.0,"poverty_rate":0.2474747474747475,"senior_rate":0.28733997155049784,"single_parent_rate":0.1414141414141414,"social_housing_rate":0.07575757575757576,"imputed":false,"vulnerability":31.7}},{"type":"Feature","geometry":{"type":"Polygon","coordinates":[[[1.8563025192833482,50.94448199281202],[1.855987950607638,50.946266981621214],[1.8531569499010414,50.9460670950446],[1.8534716256158084,50.9442821150645],[1.8563025192833482,50.94448199281202]]]},"properties":{"id":"CRS3035RES200mN3124400E3749800","population":384.0,"households":205.0,"poverty_rate":0.3804878048780488,"senior_rate":0.12760416666666666,"single_parent_rate":0.14634146341463414,"social_housing_rate":0.014634146341463415,"imputed":false,"vulnerability":30.2}},{"type":"Feature","geometry":{"type":"Polygon","coordinates":[[[1.8591334353092,50.9446818014122],[1.8588189736757796,50.94646679904755],[1.855987950607638,50.946266981621214],[1.8563025192833482,50.94448199281202],[1.8591334353092,50.9446818014122]]]},"properties":{"id":"CRS3035RES200mN3124400E3750000","population":148.5,"households":83.0,"poverty_rate":0.27710843373493976,"senior_rate":0.16161616161616163,"single_parent_rate":0.10843373493975904,"social_housing_rate":0.012048192771084338,"imputed":false,"vulnerability":25.3}},{"type":"Feature","geometry":{"type":"Polygon","coordinates":[[[1.861964373685991,50.944881540864145],[1.8616500190980998,50.94666654732267],[1.8588189736757796,50.94646679904755],[1.8591334353092,50.9446818014122],[1.861964373685991,50.944881540864145]]]},"properties":{"id":"CRS3035RES200mN3124400E3750200","population":287.5,"households":178.0,"poverty_rate":0.3651685393258427,"senior_rate":0.12173913043478261,"single_parent_rate":0.09550561797752809,"social_housing_rate":0.24719101123595505,"imputed":false,"vulnerability":30.9}},{"type":"Feature","geometry":{"type":"Polygon","coordinates":[[[1.8647953344063426,50.945081211167],[1.8644810868672181,50.94686622644576],[1.8616500190980998,50.94666654732267],[1.861964373685991,50.944881540864145],[1.8647953344063426,50.945081211167]]]},"properties":{"id":"CRS3035RES200mN3124400E3750400","population":90.5,"households":53.0,"poverty_rate":0.39622641509433965,"senior_rate":0.08839779005524862,"single_parent_rate":0.1509433962264151,"social_housing_rate":0.0,"imputed":false,"vulnerability":29.2}},{"type":"Feature","geometry":{"type":"Polygon","coordinates":[[[1.8676263174628802,50.94528081231989],[1.8673121769757561,50.94706583641589],[1.8644810868672181,50.94686622644576],[1.8647953344063426,50.945081211167],[1.8676263174628802,50.94528081231989]]]},"properties":{"id":"CRS3035RES200mN3124400E3750600","population":254.5,"households":150.0,"poverty_rate":0.19333333333333333,"senior_rate":0.35363457760314343,"single_parent_rate":0.11333333333333333,"social_housing_rate":0.21333333333333335,"imputed":false,"vulnerability":33.1}},{"type":"Feature","geometry":{"type":"Polygon","coordinates":[[[1.8704573228482255,50.94548034432189],[1.8701432894163408,50.94726537723221],[1.8673121769757561,50.94706583641589],[1.8676263174628802,50.94528081231989],[1.8704573228482255,50.94548034432189]]]},"properties":{"id":"CRS3035RES200mN3124400E3750800","population":326.0,"households":152.0,"poverty_rate":0.24342105263157895,"senior_rate":0.1196319018404908,"single_parent_rate":0.13815789473684212,"social_housing_rate":0.006578947368421052,"imputed":false,"vulnerability":22.6}},{"type":"Feature","geometry":{"type":"Polygon","coordinates":[[[1.8732883505550073,50.945679807172176],[1.87297442418159,50.9474648488938],[1.8701432894163408,50.94726537723221],[1.8704573228482255,50.94548034432189],[1.8732883505550073,50.945679807172176]]]},"properties":{"id":"CRS3035RES200mN3124400E3751000","population":277.5,"households":128.0,"poverty_rate":0.203125,"senior_rate":0.16216216216216217,"single_parent_rate":0.171875,"social_housing_rate":0.0,"imputed":false,"vulnerability":23.6}},{"type":"Feature","geometry":{"type":"Polygon","coordinates":[[[1.876119400575837,50.94587920086985],[1.8758055812641254,50.947664251399836],[1.87297442418159,50.9474648488938],[1.8732883505550073,50.945679807172176],[1.876119400575837,50.94587920086985]]]},"properties":{"id":"CRS3035RES200mN3124400E3751200","population":234.0,"households":117.0,"poverty_rate":0.1623931623931624,"senior_rate":0.2564102564102564,"single_parent_rate":0.05128205128205128,"social_housing_rate":0.0,"imputed":false,"vulnerability":21.7}},{"type":"Feature","geometry":{"type":"Polygon","coordinates":[[[1.878950472903347,50.946078525414016],[1.8786367606565724,50.94786358474941],[1.8758055812641254,50.947664251399836],[1.876119400575837,50.94587920086985],[1.878950472903347,50.946078525414016]]]},"properties":{"id":"CRS3035RES200mN3124400E3751400","population":193.5,"households":92.0,"poverty_rate":0.18478260869565216,"senior_rate":0.24806201550387597,"single_parent_rate":0.11956521739130435,"social_housing_rate":0.043478260869565216,"imputed":false,"vulnerability":25.5}},{"type":"Feature","geometry":{"type":"Polygon","coordinates":[[[1.881781567530154,50.94627778080382],[1.8814679623515445,50.94806284894167],[1.8786367606565724,50.94786358474941],[1.878950472903347,50.946078525414016],[1.881781567530154,50.94627778080382]]]},"properties":{"id":"CRS3035RES200mN3124400E3751600","population":44.0,"households":14.0,"poverty_rate":0.14285714285714285,"senior_rate":0.0,"single_parent_rate":0.2857142857142857,"social_housing_rate":0.6428571428571429,"imputed":false,"vulnerability":26.8}},{"type":"Feature","geometry":{"type":"Polygon","coordinates":[[[1.8846126844488833,50.94647696703837],[1.8842991863416687,50.94826204397569],[1.8814679623515445,50.94806284894167],[1.881781567530154,50.94627778080382],[1.8846126844488833,50.94647696703837]]]},"properties":{"id":"CRS3035RES200mN3124400E3751800","population":140.0,"households":57.0,"poverty_rate":0.3157894736842105,"senior_rate":0.1357142857142857,"single_parent_rate":0.12280701754385964,"social_housing_rate":0.2807017543859649,"imputed":false,"vulnerability":30.5}},{"type":"Feature","geometry":{"type":"Polygon","coordinates":[[[1.8874438236521467,50.946676084116774],[1.8871304326195586,50.94846116985061],[1.8842991863416687,50.94826204397569],[1.8846126844488833,50.94647696703837],[1.8874438236521467,50.946676084116774]]]},"properties":{"id":"CRS3035RES200mN3124400E3752000","population":408.5,"households":155.0,"poverty_rate":0.2838709677419355,"senior_rate":0.12729498164014688,"single_parent_rate":0.1935483870967742,"social_housing_rate":0.18064516129032257,"imputed":false,"vulnerability":29.5}},{"type":"Feature","geometry":{"type":"Polygon","coordinates":[[[1.89027498513257,50.946875132038215],[1.8899617011778351,50.948660226565586],[1.8871304326195586,50.94846116985061],[1.8874438236521467,50.946676084116774],[1.89027498513257,50.946875132038215]]]},"properties":{"id":"CRS3035RES200mN3124400E3752200","population":307.0,"households":119.0,"poverty_rate":0.36134453781512604,"senior_rate":0.1270358306188925,"single_parent_rate":0.08403361344537816,"social_housing_rate":0.36134453781512604,"imputed":false,"vulnerability":32.3}},{"type":"Feature","geometry":{"type":"Polygon","coordinates":[[[1.8931061688827746,50.94707411080176],[1.892792992009121,50.94885921411971],[1.8899617011778351,50.948660226565586],[1.89027498513257,50.946875132038215],[1.8931061688827746,50.94707411080176]]]},"properties":{"id":"CRS3035RES200mN3124400E3752400","population":387.5,"households":197.0,"poverty_rate":0.5989847715736041,"senior_rate":0.1703225806451613,"single_parent_rate":0.18781725888324874,"social_housing_rate":0.8730964467005076,"imputed":false,"vulnerability":57.5}},{"type":"Feature","geometry":{"type":"Polygon","coordinates":[[[1.8959373748953796,50.94727302040654],[1.895624305106031,50.949058132512114],[1.892792992009121,50.94885921411971],[1.8931061688827746,50.94707411080176],[1.8959373748953796,50.94727302040654]]]},"properties":{"id":"CRS3035RES200mN3124400E3752600","population":305.5,"households":151.0,"poverty_rate":0.5562913907284768,"senior_rate":0.15384615384615385,"single_parent_rate":0.15894039735099338,"social_housing_rate":0.8675496688741722,"imputed":false,"vulnerability":53.5}},{"type":"Feature","geometry":{"type":"Polygon","coordinates":[[[1.8987686031629987,50.94747186085169],[1.898455640461177,50.949256981741904],[1.895624305106031,50.949058132512114],[1.8959373748953796,50.94727302040654],[1.8987686031629987,50.94747186085169]]]},"properties":{"id":"CRS3035RES200mN3124400E3752800","population":675.0,"households":227.0,"poverty_rate":0.6740088105726872,"senior_rate":0.04888888888888889,"single_parent_rate":0.34801762114537443,"social_housing_rate":0.8766519823788547,"imputed":false,"vulnerability":61.3}},{"type":"Feature","geometry":{"type":"Polygon","coordinates":[[[1.9015998536782526,50.94767063213634],[1.9012869980671874,50.949455761808245],[1.898455640461177,50.949256981741904],[1.8987686031629987,50.94747186085169],[1.9015998536782526,50.94767063213634]]]},"properties":{"id":"CRS3035RES200mN3124400E3753000","population":675.0,"households":209.0,"poverty_rate":0.6220095693779905,"senior_rate":0.054814814814814816,"single_parent_rate":0.32057416267942584,"social_housing_rate":1.0,"imputed":false,"vulnerability":59.8}},{"type":"Feature","geometry":{"type":"Polygon","coordinates":[[[1.9044311264337639,50.9478693342596],[1.9041183779166728,50.94965447271023],[1.9012869980671874,50.949455761808245],[1.9015998536782526,50.94767063213634],[1.9044311264337639,50.9478693342596]]]},"properties":{"id":"CRS3035RES200mN3124400E3753200","population":84.5,"households":22.0,"poverty_rate":0.3181818181818182,"senior_rate":0.03550295857988166,"single_parent_rate":0.09090909090909091,"social_housing_rate":0.2727272727272727,"imputed":false,"vulnerability":24.8}},{"type":"Feature","geometry":{"type":"Polygon","coordinates":[[[1.9242506578292042,50.949258312530134],[1.9239386590600873,50.95104351234878],[1.9211071237130468,50.95084528562175],[1.921419229598667,50.94906009456106],[1.9242506578292042,50.949258312530134]]]},"properties":{"id":"CRS3035RES200mN3124400E3754600","population":123.5,"households":43.0,"poverty_rate":0.06976744186046512,"senior_rate":0.16194331983805668,"single_parent_rate":0.046511627906976744,"social_housing_rate":0.0,"imputed":false,"vulnerability":12.6}},{"type":"Feature","geometry":{"type":"Polygon","coordinates":[[[1.8135252921013112,50.943261422683605],[1.8132090880203575,50.94504627679139],[1.8103783166216154,50.94484534419161],[1.810694627702831,50.94306049895824],[1.8135252921013112,50.943261422683605]]]},"properties":{"id":"CRS3035RES200mN3124600E3746800","population":17.5,"households":7.9,"poverty_rate":0.08860759493670885,"senior_rate":0.26285714285714284,"single_parent_rate":0.08860759493670885,"social_housing_rate":0.0,"imputed":true,"vulnerability":19.6}},{"type":"Feature","geometry":{"type":"Polygon","coordinates":[[[1.8163559789719257,50.9434622772719],[1.8160398818944907,50.94524714025112],[1.8132090880203575,50.94504627679139],[1.8135252921013112,50.943261422683605],[1.8163559789719257,50.9434622772719]]]},"properties":{"id":"CRS3035RES200mN3124600E3747000","population":4.0,"households":1.7,"poverty_rate":0.0,"senior_rate":0.30000000000000004,"single_parent_rate":0.05882352941176471,"social_housing_rate":0.0,"imputed":true,"vulnerability":15.9}},{"type":"Feature","geometry":{"type":"Polygon","coordinates":[[[1.8220174201001076,50.94386377903374],[1.8217015370394634,50.94564865974697],[1.8188706982366525,50.94544793456996],[1.819186688307318,50.94366306272224],[1.8220174201001076,50.94386377903374]]]},"properties":{"id":"CRS3035RES200mN3124600E3747400","population":13.0,"households":5.5,"poverty_rate":0.0,"senior_rate":0.3,"single_parent_rate":0.07272727272727274,"social_housing_rate":0.0,"imputed":true,"vulnerability":16.3}},{"type":"Feature","geometry":{"type":"Polygon","coordinates":[[[1.824848174342925,50.944064426205536],[1.8245323982955608,50.94584931578133],[1.8217015370394634,50.94564865974697],[1.8220174201001076,50.94386377903374],[1.824848174342925,50.944064426205536]]]},"properties":{"id":"CRS3035RES200mN3124600E3747600","population":218.5,"households":90.0,"poverty_rate":0.15555555555555556,"senior_rate":0.21052631578947367,"single_parent_rate":0.13333333333333333,"social_housing_rate":0.011111111111111112,"imputed":false,"vulnerability":22.3}},{"type":"Feature","geometry":{"type":"Polygon","coordinates":[[[1.8276789510284042,50.94426500423672],[1.8273632819975656,50.94604990267211],[1.8245323982955608,50.94584931578133],[1.824848174342925,50.944064426205536],[1.8276789510284042,50.94426500423672]]]},"properties":{"id":"CRS3035RES200mN3124600E3747800","population":246.0,"households":107.0,"poverty_rate":0.14018691588785046,"senior_rate":0.23983739837398374,"single_parent_rate":0.102803738317757,"social_housing_rate":0.018691588785046728,"imputed":false,"vulnerability":21.9}},{"type":"Feature","geometry":{"type":"Polygon","coordinates":[[[1.830509750149179,50.9444655131264],[1.830194188138115,50.94625042041844],[1.8273632819975656,50.94604990267211],[1.8276789510284042,50.94426500423672],[1.830509750149179,50.9444655131264]]]},"properties":{"id":"CRS3035RES200mN3124600E3748000","population":268.5,"households":137.0,"poverty_rate":0.34306569343065696,"senior_rate":0.1527001862197393,"single_parent_rate":0.24087591240875914,"social_housing_rate":0.35766423357664234,"imputed":false,"vulnerability":38.0}},{"type":"Feature","geometry":{"type":"Polygon","coordinates":[[[1.8333405716978608,50.94466595287374],[1.8330251167098253,50.94645086901945],[1.830194188138115,50.94625042041844],[1.830509750149179,50.9444655131264],[1.8333405716978608,50.94466595287374]]]},"properties":{"id":"CRS3035RES200mN3124600E3748200","population":234.5,"households":112.0,"poverty_rate":0.33035714285714285,"senior_rate":0.20042643923240938,"single_parent_rate":0.16071428571428573,"social_housing_rate":0.3125,"imputed":false,"vulnerability":36.0}},{"type":"Feature","geometry":{"type":"Polygon","coordinates":[[[1.836171415667095,50.944866323477825],[1.8358560677053304,50.94665124847423],[1.8330251167098253,50.94645086901945],[1.8333405716978608,50.94466595287374],[1.836171415667095,50.944866323477825]]]},"properties":{"id":"CRS3035RES200mN3124600E3748400","population":487.5,"households":193.0,"poverty_rate":0.49740932642487046,"senior_rate":0.12102564102564102,"single_parent_rate":0.21761658031088082,"social_housing_rate":0.7979274611398963,"imputed":false,"vulnerability":50.0}},{"type":"Feature","geometry":{"type":"Polygon","coordinates":[[[1.839002282049499,50.94506662493776],[1.8386870411172576,50.94685155878194],[1.8358560677053304,50.94665124847423],[1.836171415667095,50.944866323477825],[1.839002282049499,50.94506662493776]]]},"properties":{"id":"CRS3035RES200mN3124600E3748600","population":71.5,"households":31.0,"poverty_rate":0.16129032258064516,"senior_rate":0.23776223776223776,"single_parent_rate":0.06451612903225806,"social_housing_rate":0.0967741935483871,"imputed":false,"vulnerability":22.7}},{"type":"Feature","geometry":{"type":"Polygon","coordinates":[[[1.8418331708377038,50.94526685725268],[1.8415180369382278,50.94705179994164],[1.8386870411172576,50.94685155878194],[1.839002282049499,50.94506662493776],[1.8418331708377038,50.94526685725268]]]},"properties":{"id":"CRS3035RES200mN3124600E3748800","population":40.5,"households":18.0,"poverty_rate":0.1111111111111111,"senior_rate":0.24691358024691357,"single_parent_rate":0.16666666666666666,"social_housing_rate":0.05555555555555555,"imputed":false,"vulnerability":23.6}},{"type":"Feature","geometry":{"type":"Polygon","coordinates":[[[1.8446640820243352,50.94546702042172],[1.844349055160869,50.94725197195249],[1.8415180369382278,50.94705179994164],[1.8418331708377038,50.94526685725268],[1.8446640820243352,50.94546702042172]]]},"properties":{"id":"CRS3035RES200mN3124600E3749000","population":118.0,"households":50.4,"poverty_rate":0.1865079365079365,"senior_rate":0.14491525423728815,"single_parent_rate":0.17063492063492064,"social_housing_rate":0.01785714285714286,"imputed":true,"vulnerability":22.2}},{"type":"Feature","geometry":{"type":"Polygon","coordinates":[[[1.8474950156020191,50.94566711444396],[1.8471800957778084,50.94745207481361],[1.844349055160869,50.94725197195249],[1.8446640820243352,50.94546702042172],[1.8474950156020191,50.94566711444396]]]},"properties":{"id":"CRS3035RES200mN3124600E3749200","population":320.5,"households":163.0,"poverty_rate":0.2883435582822086,"senior_rate":0.16536661466458658,"single_parent_rate":0.12883435582822086,"social_housing_rate":0.0,"imputed":false,"vulnerability":26.5}},{"type":"Feature","geometry":{"type":"Polygon","coordinates":[[[1.8503259715633782,50.94586713931855],[1.8500111587816626,50.94765210852409],[1.8471800957778084,50.94745207481361],[1.8474950156020191,50.94566711444396],[1.8503259715633782,50.94586713931855]]]},"properties":{"id":"CRS3035RES200mN3124600E3749400","population":221.0,"households":116.0,"poverty_rate":0.4051724137931034,"senior_rate":0.11312217194570136,"single_parent_rate":0.1896551724137931,"social_housing_rate":0.008620689655172414,"imputed":false,"vulnerability":32.2}},{"type":"Feature","geometry":{"type":"Polygon","coordinates":[[[1.8531569499010414,50.9460670950446],[1.8528422441650714,50.94785207308307],[1.8500111587816626,50.94765210852409],[1.8503259715633782,50.94586713931855],[1.8531569499010414,50.9460670950446]]]},"properties":{"id":"CRS3035RES200mN3124600E3749600","population":210.0,"households":138.0,"poverty_rate":0.38405797101449274,"senior_rate":0.24761904761904763,"single_parent_rate":0.050724637681159424,"social_housing_rate":0.021739130434782608,"imputed":false,"vulnerability":32.7}},{"type":"Feature","geometry":{"type":"Polygon","coordinates":[[[1.855987950607638,50.946266981621214],[1.8556733519206416,50.948051968489665],[1.8528422441650714,50.94785207308307],[1.8531569499010414,50.9460670950446],[1.855987950607638,50.946266981621214]]]},"properties":{"id":"CRS3035RES200mN3124600E3749800","population":260.5,"households":151.0,"poverty_rate":0.2980132450331126,"senior_rate":0.18042226487523993,"single_parent_rate":0.1456953642384106,"social_housing_rate":0.1986754966887417,"imputed":false,"vulnerability":31.3}},{"type":"Feature","geometry":{"type":"Polygon","coordinates":[[[1.8588189736757796,50.94646679904755],[1.8585044820410026,50.948251794742994],[1.8556733519206416,50.948051968489665],[1.855987950607638,50.946266981621214],[1.8588189736757796,50.94646679904755]]]},"properties":{"id":"CRS3035RES200mN3124600E3750000","population":296.5,"households":175.0,"poverty_rate":0.24,"senior_rate":0.3372681281618887,"single_parent_rate":0.12,"social_housing_rate":0.32,"imputed":false,"vulnerability":36.5}},{"type":"Feature","geometry":{"type":"Polygon","coordinates":[[[1.8616500190980998,50.94666654732267],[1.8613356345187817,50.94845155184219],[1.8585044820410026,50.948251794742994],[1.8588189736757796,50.94646679904755],[1.8616500190980998,50.94666654732267]]]},"properties":{"id":"CRS3035RES200mN3124600E3750200","population":465.0,"households":244.0,"poverty_rate":0.29098360655737704,"senior_rate":0.1827956989247312,"single_parent_rate":0.12295081967213115,"social_housing_rate":0.19262295081967212,"imputed":false,"vulnerability":30.2}},{"type":"Feature","geometry":{"type":"Polygon","coordinates":[[[1.8644810868672181,50.94686622644576],[1.8641668093465937,50.94865123978634],[1.8613356345187817,50.94845155184219],[1.8616500190980998,50.94666654732267],[1.8644810868672181,50.94686622644576]]]},"properties":{"id":"CRS3035RES200mN3124600E3750400","population":191.0,"households":89.0,"poverty_rate":0.3258426966292135,"senior_rate":0.13089005235602094,"single_parent_rate":0.15730337078651685,"social_housing_rate":0.29213483146067415,"imputed":false,"vulnerability":32.2}},{"type":"Feature","geometry":{"type":"Polygon","coordinates":[[[1.8673121769757561,50.94706583641589],[1.866998006517066,50.948850858574595],[1.8641668093465937,50.94865123978634],[1.8644810868672181,50.94686622644576],[1.8673121769757561,50.94706583641589]]]},"properties":{"id":"CRS3035RES200mN3124600E3750600","population":380.0,"households":212.0,"poverty_rate":0.25943396226415094,"senior_rate":0.25263157894736843,"single_parent_rate":0.10849056603773585,"social_housing_rate":0.4386792452830189,"imputed":false,"vulnerability":35.0}},{"type":"Feature","geometry":{"type":"Polygon","coordinates":[[[1.8701432894163408,50.94726537723221],[1.8698292260228164,50.94905040820606],[1.866998006517066,50.948850858574595],[1.8673121769757561,50.94706583641589],[1.8701432894163408,50.94726537723221]]]},"properties":{"id":"CRS3035RES200mN3124600E3750800","population":320.5,"households":160.0,"poverty_rate":0.2,"senior_rate":0.22464898595943839,"single_parent_rate":0.10625,"social_housing_rate":0.2375,"imputed":false,"vulnerability":27.6}},{"type":"Feature","geometry":{"type":"Polygon","coordinates":[[[1.87297442418159,50.9474648488938],[1.8726604678564713,50.94924988867986],[1.8698292260228164,50.94905040820606],[1.8701432894163408,50.94726537723221],[1.87297442418159,50.9474648488938]]]},"properties":{"id":"CRS3035RES200mN3124600E3751000","population":224.0,"households":94.0,"poverty_rate":0.20212765957446807,"senior_rate":0.22767857142857142,"single_parent_rate":0.1595744680851064,"social_housing_rate":0.0,"imputed":false,"vulnerability":26.2}},{"type":"Feature","geometry":{"type":"Polygon","coordinates":[[[1.8758055812641254,50.947664251399836],[1.8754917320106417,50.949449299995145],[1.8726604678564713,50.94924988867986],[1.87297442418159,50.9474648488938],[1.8758055812641254,50.947664251399836]]]},"properties":{"id":"CRS3035RES200mN3124600E3751200","population":278.5,"households":116.0,"poverty_rate":0.14655172413793102,"senior_rate":0.20107719928186715,"single_parent_rate":0.13793103448275862,"social_housing_rate":0.034482758620689655,"imputed":false,"vulnerability":21.9}},{"type":"Feature","geometry":{"type":"Polygon","coordinates":[[[1.8786367606565724,50.94786358474941],[1.8783230184779554,50.94964864215097],[1.8754917320106417,50.949449299995145],[1.8758055812641254,50.947664251399836],[1.8786367606565724,50.94786358474941]]]},"properties":{"id":"CRS3035RES200mN3124600E3751400","population":115.0,"households":52.0,"poverty_rate":0.1346153846153846,"senior_rate":0.33043478260869563,"single_parent_rate":0.038461538461538464,"social_housing_rate":0.019230769230769232,"imputed":false,"vulnerability":23.6}},{"type":"Feature","geometry":{"type":"Polygon","coordinates":[[[1.8814679623515445,50.94806284894167],[1.8811543272510254,50.94984791514651],[1.8783230184779554,50.94964864215097],[1.8786367606565724,50.94786358474941],[1.8814679623515445,50.94806284894167]]]},"properties":{"id":"CRS3035RES200mN3124600E3751600","population":137.0,"households":53.0,"poverty_rate":0.1509433962264151,"senior_rate":0.145985401459854,"single_parent_rate":0.09433962264150944,"social_housing_rate":0.32075471698113206,"imputed":false,"vulnerability":22.4}},{"type":"Feature","geometry":{"type":"Polygon","coordinates":[[[1.8842991863416687,50.94826204397569],[1.8839856583224792,50.95004711898087],[1.8811543272510254,50.94984791514651],[1.8814679623515445,50.94806284894167],[1.8842991863416687,50.94826204397569]]]},"properties":{"id":"CRS3035RES200mN3124600E3751800","population":320.0,"households":122.0,"poverty_rate":0.2540983606557377,"senior_rate":0.14375,"single_parent_rate":0.1557377049180328,"social_housing_rate":0.4918032786885246,"imputed":false,"vulnerability":32.1}},{"type":"Feature","geometry":{"type":"Polygon","coordinates":[[[1.8871304326195586,50.94846116985061],[1.88681701168493,50.95024625365318],[1.8839856583224792,50.95004711898087],[1.8842991863416687,50.94826204397569],[1.8871304326195586,50.94846116985061]]]},"properties":{"id":"CRS3035RES200mN3124600E3752000","population":270.0,"households":94.0,"poverty_rate":0.20212765957446807,"senior_rate":0.10740740740740741,"single_parent_rate":0.1276595744680851,"social_housing_rate":0.44680851063829785,"imputed":false,"vulnerability":26.2}},{"type":"Feature","geometry":{"type":"Polygon","coordinates":[[[1.8899617011778351,50.948660226565586],[1.889648387330996,50.950445319162554],[1.88681701168493,50.95024625365318],[1.8871304326195586,50.94846116985061],[1.8899617011778351,50.948660226565586]]]},"properties":{"id":"CRS3035RES200mN3124600E3752200","population":326.0,"households":134.0,"poverty_rate":0.39552238805970147,"senior_rate":0.23006134969325154,"single_parent_rate":0.07462686567164178,"social_housing_rate":0.6268656716417911,"imputed":false,"vulnerability":42.4}},{"type":"Feature","geometry":{"type":"Polygon","coordinates":[[[1.892792992009121,50.94885921411971],[1.8924797852532929,50.95064431550811],[1.889648387330996,50.950445319162554],[1.8899617011778351,50.948660226565586],[1.892792992009121,50.94885921411971]]]},"properties":{"id":"CRS3035RES200mN3124600E3752400","population":73.5,"households":26.0,"poverty_rate":0.5,"senior_rate":0.12244897959183673,"single_parent_rate":0.23076923076923078,"social_housing_rate":0.5769230769230769,"imputed":false,"vulnerability":47.4}},{"type":"Feature","geometry":{"type":"Polygon","coordinates":[[[1.895624305106031,50.949058132512114],[1.8953112054444439,50.950843242689],[1.8924797852532929,50.95064431550811],[1.892792992009121,50.94885921411971],[1.895624305106031,50.949058132512114]]]},"properties":{"id":"CRS3035RES200mN3124600E3752600","population":489.0,"households":234.0,"poverty_rate":0.5256410256410257,"senior_rate":0.21267893660531698,"single_parent_rate":0.21367521367521367,"social_housing_rate":0.9316239316239316,"imputed":false,"vulnerability":57.5}},{"type":"Feature","geometry":{"type":"Polygon","coordinates":[[[1.898455640461177,50.949256981741904],[1.8981426478970573,50.951042100704306],[1.8953112054444439,50.950843242689],[1.895624305106031,50.949058132512114],[1.898455640461177,50.949256981741904]]]},"properties":{"id":"CRS3035RES200mN3124600E3752800","population":181.0,"households":81.0,"poverty_rate":0.06172839506172839,"senior_rate":0.3149171270718232,"single_parent_rate":0.037037037037037035,"social_housing_rate":0.012345679012345678,"imputed":false,"vulnerability":19.1}},{"type":"Feature","geometry":{"type":"Polygon","coordinates":[[[1.9012869980671874,50.949455761808245],[1.9009741126037558,50.951240889553176],[1.8981426478970573,50.951042100704306],[1.898455640461177,50.949256981741904],[1.9012869980671874,50.949455761808245]]]},"properties":{"id":"CRS3035RES200mN3124600E3753000","population":223.5,"households":87.0,"poverty_rate":0.1724137931034483,"senior_rate":0.2684563758389262,"single_parent_rate":0.13793103448275862,"social_housing_rate":0.16091954022988506,"imputed":false,"vulnerability":28.2}},{"type":"Feature","geometry":{"type":"Polygon","coordinates":[[[1.9041183779166728,50.94965447271023],[1.9038055995571557,50.95143960923474],[1.9009741126037558,50.951240889553176],[1.9012869980671874,50.949455761808245],[1.9041183779166728,50.94965447271023]]]},"properties":{"id":"CRS3035RES200mN3124600E3753200","population":83.0,"households":33.0,"poverty_rate":0.12121212121212122,"senior_rate":0.1566265060240964,"single_parent_rate":0.12121212121212122,"social_housing_rate":0.0,"imputed":false,"vulnerability":17.5}},{"type":"Feature","geometry":{"type":"Polygon","coordinates":[[[1.906949780002246,50.949853114446974],[1.9066371087498655,50.95163825974811],[1.9038055995571557,50.95143960923474],[1.9041183779166728,50.94965447271023],[1.906949780002246,50.949853114446974]]]},"properties":{"id":"CRS3035RES200mN3124600E3753400","population":1.0,"households":0.5,"poverty_rate":0.0,"senior_rate":0.4,"single_parent_rate":0.0,"social_housing_rate":0.0,"imputed":true,"vulnerability":18.4}},{"type":"Feature","geometry":{"type":"Polygon","coordinates":[[[1.9239386590600873,50.95104351234878],[1.923626630518127,50.95282871024734],[1.9207949880446378,50.95263047476148],[1.9211071237130468,50.95084528562175],[1.9239386590600873,50.95104351234878]]]},"properties":{"id":"CRS3035RES200mN3124600E3754600","population":122.5,"households":40.0,"poverty_rate":0.025,"senior_rate":0.0653061224489796,"single_parent_rate":0.025,"social_housing_rate":0.0,"imputed":false,"vulnerability":5.1}},{"type":"Feature","geometry":{"type":"Polygon","coordinates":[[[1.8075475677056418,50.94464434245271],[1.807231119443321,50.946429176853535],[1.8044002860138137,50.94622809709516],[1.8047168412797983,50.94444327157553],[1.8075475677056418,50.94464434245271]]]},"properties":{"id":"CRS3035RES200mN3124800E3746400","population":1.0,"households":0.4,"poverty_rate":0.0,"senior_rate":0.30000000000000004,"single_parent_rate":0.0,"social_housing_rate":0.0,"imputed":true,"vulnerability":13.8}},{"type":"Feature","geometry":{"type":"Polygon","coordinates":[[[1.8217015370394634,50.94564865974697],[1.8213856238443247,50.94743353850936],[1.8185546780215673,50.94723280446593],[1.8188706982366525,50.94544793456996],[1.8217015370394634,50.94564865974697]]]},"properties":{"id":"CRS3035RES200mN3124800E3747400","population":33.0,"households":13.0,"poverty_rate":0.0,"senior_rate":0.21212121212121213,"single_parent_rate":0.0,"social_housing_rate":0.0,"imputed":false,"vulnerability":9.8}},{"type":"Feature","geometry":{"type":"Polygon","coordinates":[[[1.8245323982955608,50.94584931578133],[1.824216592123619,50.94763420340713],[1.8213856238443247,50.94743353850936],[1.8217015370394634,50.94564865974697],[1.8245323982955608,50.94584931578133]]]},"properties":{"id":"CRS3035RES200mN3124800E3747600","population":244.5,"households":118.0,"poverty_rate":0.4152542372881356,"senior_rate":0.130879345603272,"single_parent_rate":0.15254237288135594,"social_housing_rate":0.576271186440678,"imputed":false,"vulnerability":40.8}},{"type":"Feature","geometry":{"type":"Polygon","coordinates":[[[1.8273632819975656,50.94604990267211],[1.8270475828520778,50.94783479915839],[1.824216592123619,50.94763420340713],[1.8245323982955608,50.94584931578133],[1.8273632819975656,50.94604990267211]]]},"properties":{"id":"CRS3035RES200mN3124800E3747800","population":382.0,"households":123.0,"poverty_rate":0.4146341463414634,"senior_rate":0.14659685863874344,"single_parent_rate":0.21138211382113822,"social_housing_rate":0.43902439024390244,"imputed":false,"vulnerability":41.5}},{"type":"Feature","geometry":{"type":"Polygon","coordinates":[[[1.830194188138115,50.94625042041844],[1.829878596022322,50.94803532576223],[1.8270475828520778,50.94783479915839],[1.8273632819975656,50.94604990267211],[1.830194188138115,50.94625042041844]]]},"properties":{"id":"CRS3035RES200mN3124800E3748000","population":304.5,"households":133.0,"poverty_rate":0.48872180451127817,"senior_rate":0.1412151067323481,"single_parent_rate":0.23308270676691728,"social_housing_rate":0.6616541353383458,"imputed":false,"vulnerability":49.0}},{"type":"Feature","geometry":{"type":"Polygon","coordinates":[[[1.8330251167098253,50.94645086901945],[1.8327096316269824,50.94823578321776],[1.829878596022322,50.94803532576223],[1.830194188138115,50.94625042041844],[1.8330251167098253,50.94645086901945]]]},"properties":{"id":"CRS3035RES200mN3124800E3748200","population":295.0,"households":120.0,"poverty_rate":0.24166666666666667,"senior_rate":0.17627118644067796,"single_parent_rate":0.1,"social_housing_rate":0.11666666666666667,"imputed":false,"vulnerability":25.4}},{"type":"Feature","geometry":{"type":"Polygon","coordinates":[[[1.8358560677053304,50.94665124847423],[1.8355406896586879,50.948436171524115],[1.8327096316269824,50.94823578321776],[1.8330251167098253,50.94645086901945],[1.8358560677053304,50.94665124847423]]]},"properties":{"id":"CRS3035RES200mN3124800E3748400","population":211.0,"households":109.0,"poverty_rate":0.4036697247706422,"senior_rate":0.26540284360189575,"single_parent_rate":0.09174311926605505,"social_housing_rate":0.908256880733945,"imputed":false,"vulnerability":49.2}},{"type":"Feature","geometry":{"type":"Polygon","coordinates":[[[1.8386870411172576,50.94685155878194],[1.8383717701100581,50.948636490680435],[1.8355406896586879,50.948436171524115],[1.8358560677053304,50.94665124847423],[1.8386870411172576,50.94685155878194]]]},"properties":{"id":"CRS3035RES200mN3124800E3748600","population":348.5,"households":147.0,"poverty_rate":0.38095238095238093,"senior_rate":0.13773314203730272,"single_parent_rate":0.23809523809523808,"social_housing_rate":0.8843537414965986,"imputed":false,"vulnerability":47.0}},{"type":"Feature","geometry":{"type":"Polygon","coordinates":[[[1.8415180369382278,50.94705179994164],[1.8412028729737209,50.94883674068579],[1.8383717701100581,50.948636490680435],[1.8386870411172576,50.94685155878194],[1.8415180369382278,50.94705179994164]]]},"properties":{"id":"CRS3035RES200mN3124800E3748800","population":32.0,"households":17.0,"poverty_rate":0.35294117647058826,"senior_rate":0.0625,"single_parent_rate":0.11764705882352941,"social_housing_rate":0.0,"imputed":false,"vulnerability":24.6}},{"type":"Feature","geometry":{"type":"Polygon","coordinates":[[[1.844349055160869,50.94725197195249],[1.8440339982423,50.94903692153934],[1.8412028729737209,50.94883674068579],[1.8415180369382278,50.94705179994164],[1.844349055160869,50.94725197195249]]]},"properties":{"id":"CRS3035RES200mN3124800E3749000","population":180.5,"households":82.0,"poverty_rate":0.23170731707317074,"senior_rate":0.14958448753462603,"single_parent_rate":0.06097560975609756,"social_housing_rate":0.06097560975609756,"imputed":false,"vulnerability":21.5}},{"type":"Feature","geometry":{"type":"Polygon","coordinates":[[[1.8471800957778084,50.94745207481361],[1.8468651459084213,50.94923703324017],[1.8440339982423,50.94903692153934],[1.844349055160869,50.94725197195249],[1.8471800957778084,50.94745207481361]]]},"properties":{"id":"CRS3035RES200mN3124800E3749200","population":422.0,"households":214.0,"poverty_rate":0.24766355140186916,"senior_rate":0.16824644549763032,"single_parent_rate":0.14018691588785046,"social_housing_rate":0.04672897196261682,"imputed":false,"vulnerability":25.7}},{"type":"Feature","geometry":{"type":"Polygon","coordinates":[[[1.8500111587816626,50.94765210852409],[1.8496963159647015,50.94943707578742],[1.8468651459084213,50.94923703324017],[1.8471800957778084,50.94745207481361],[1.8500111587816626,50.94765210852409]]]},"properties":{"id":"CRS3035RES200mN3124800E3749400","population":446.0,"households":225.0,"poverty_rate":0.31555555555555553,"senior_rate":0.13901345291479822,"single_parent_rate":0.14222222222222222,"social_housing_rate":0.39111111111111113,"imputed":false,"vulnerability":33.0}},{"type":"Feature","geometry":{"type":"Polygon","coordinates":[[[1.8528422441650714,50.94785207308307],[1.8525275084037727,50.949637049180225],[1.8496963159647015,50.94943707578742],[1.8500111587816626,50.94765210852409],[1.8528422441650714,50.94785207308307]]]},"properties":{"id":"CRS3035RES200mN3124800E3749600","population":358.0,"households":197.0,"poverty_rate":0.3197969543147208,"senior_rate":0.15083798882681565,"single_parent_rate":0.14720812182741116,"social_housing_rate":0.116751269035533,"imputed":false,"vulnerability":29.8}},{"type":"Feature","geometry":{"type":"Polygon","coordinates":[[[1.8556733519206416,50.948051968489665],[1.855358723218253,50.94983695341766],[1.8525275084037727,50.949637049180225],[1.8528422441650714,50.94785207308307],[1.8556733519206416,50.948051968489665]]]},"properties":{"id":"CRS3035RES200mN3124800E3749800","population":280.0,"households":138.0,"poverty_rate":0.3115942028985507,"senior_rate":0.1357142857142857,"single_parent_rate":0.2028985507246377,"social_housing_rate":0.43478260869565216,"imputed":false,"vulnerability":35.4}},{"type":"Feature","geometry":{"type":"Polygon","coordinates":[[[1.8585044820410026,50.948251794742994],[1.8581899604007646,50.950036788498856],[1.855358723218253,50.94983695341766],[1.8556733519206416,50.948051968489665],[1.8585044820410026,50.948251794742994]]]},"properties":{"id":"CRS3035RES200mN3124800E3750000","population":415.0,"households":227.0,"poverty_rate":0.4008810572687225,"senior_rate":0.15903614457831325,"single_parent_rate":0.18061674008810572,"social_housing_rate":0.5550660792951542,"imputed":false,"vulnerability":42.0}},{"type":"Feature","geometry":{"type":"Polygon","coordinates":[[[1.8613356345187817,50.94845155184219],[1.8610212199439307,50.95023655442294],[1.8581899604007646,50.950036788498856],[1.8585044820410026,50.948251794742994],[1.8613356345187817,50.94845155184219]]]},"properties":{"id":"CRS3035RES200mN3124800E3750200","population":509.5,"households":255.0,"poverty_rate":0.3568627450980392,"senior_rate":0.11579980372914622,"single_parent_rate":0.2627450980392157,"social_housing_rate":0.8235294117647058,"imputed":false,"vulnerability":44.7}},{"type":"Feature","geometry":{"type":"Polygon","coordinates":[[[1.8641668093465937,50.94865123978634],[1.8638525018403707,50.95043625118905],[1.8610212199439307,50.95023655442294],[1.8613356345187817,50.94845155184219],[1.8641668093465937,50.94865123978634]]]},"properties":{"id":"CRS3035RES200mN3124800E3750400","population":204.5,"households":108.0,"poverty_rate":0.14814814814814814,"senior_rate":0.32273838630806845,"single_parent_rate":0.2037037037037037,"social_housing_rate":0.19444444444444445,"imputed":false,"vulnerability":32.3}},{"type":"Feature","geometry":{"type":"Polygon","coordinates":[[[1.866998006517066,50.948850858574595],[1.8666838060827056,50.95063587879628],[1.8638525018403707,50.95043625118905],[1.8641668093465937,50.94865123978634],[1.866998006517066,50.948850858574595]]]},"properties":{"id":"CRS3035RES200mN3124800E3750600","population":203.0,"households":97.0,"poverty_rate":0.08247422680412371,"senior_rate":0.3103448275862069,"single_parent_rate":0.08247422680412371,"social_housing_rate":0.0,"imputed":false,"vulnerability":21.3}},{"type":"Feature","geometry":{"type":"Polygon","coordinates":[[[1.8698292260228164,50.94905040820606],[1.8695151326635548,50.95083543724377],[1.8666838060827056,50.95063587879628],[1.866998006517066,50.948850858574595],[1.8698292260228164,50.94905040820606]]]},"properties":{"id":"CRS3035RES200mN3124800E3750800","population":169.5,"households":86.0,"poverty_rate":0.20930232558139536,"senior_rate":0.24188790560471976,"single_parent_rate":0.06976744186046512,"social_housing_rate":0.2441860465116279,"imputed":false,"vulnerability":27.7}},{"type":"Feature","geometry":{"type":"Polygon","coordinates":[[[1.8726604678564713,50.94924988867986],[1.8723464815755446,50.95103492653062],[1.8695151326635548,50.95083543724377],[1.8698292260228164,50.94905040820606],[1.8726604678564713,50.94924988867986]]]},"properties":{"id":"CRS3035RES200mN3124800E3751000","population":286.5,"households":138.0,"poverty_rate":0.2608695652173913,"senior_rate":0.1849912739965096,"single_parent_rate":0.10144927536231885,"social_housing_rate":0.35507246376811596,"imputed":false,"vulnerability":30.4}},{"type":"Feature","geometry":{"type":"Polygon","coordinates":[[[1.8754917320106417,50.949449299995145],[1.8751778528112832,50.95123434665597],[1.8723464815755446,50.95103492653062],[1.8726604678564713,50.94924988867986],[1.8754917320106417,50.949449299995145]]]},"properties":{"id":"CRS3035RES200mN3124800E3751200","population":302.5,"households":131.0,"poverty_rate":0.19083969465648856,"senior_rate":0.19834710743801653,"single_parent_rate":0.11450381679389313,"social_housing_rate":0.24427480916030533,"imputed":false,"vulnerability":26.3}},{"type":"Feature","geometry":{"type":"Polygon","coordinates":[[[1.8783230184779554,50.94964864215097],[1.878009246363398,50.95143369761893],[1.8751778528112832,50.95123434665597],[1.8754917320106417,50.949449299995145],[1.8783230184779554,50.94964864215097]]]},"properties":{"id":"CRS3035RES200mN3124800E3751400","population":228.5,"households":105.0,"poverty_rate":0.22857142857142856,"senior_rate":0.24070021881838075,"single_parent_rate":0.20952380952380953,"social_housing_rate":0.7047619047619048,"imputed":false,"vulnerability":40.4}},{"type":"Feature","geometry":{"type":"Polygon","coordinates":[[[1.8811543272510254,50.94984791514651],[1.880840662224502,50.95163297941865],[1.878009246363398,50.95143369761893],[1.8783230184779554,50.94964864215097],[1.8811543272510254,50.94984791514651]]]},"properties":{"id":"CRS3035RES200mN3124800E3751600","population":136.0,"households":59.0,"poverty_rate":0.0847457627118644,"senior_rate":0.36764705882352944,"single_parent_rate":0.05084745762711865,"social_housing_rate":0.4067796610169492,"imputed":false,"vulnerability":29.0}},{"type":"Feature","geometry":{"type":"Polygon","coordinates":[[[1.8839856583224792,50.95004711898087],[1.8836721003872199,50.951832192054205],[1.880840662224502,50.95163297941865],[1.8811543272510254,50.94984791514651],[1.8839856583224792,50.95004711898087]]]},"properties":{"id":"CRS3035RES200mN3124800E3751800","population":228.0,"households":101.0,"poverty_rate":0.49504950495049505,"senior_rate":0.12719298245614036,"single_parent_rate":0.2871287128712871,"social_housing_rate":0.9207920792079208,"imputed":false,"vulnerability":54.5}},{"type":"Feature","geometry":{"type":"Polygon","coordinates":[[[1.88681701168493,50.95024625365318],[1.8865035608441645,50.95203133552473],[1.8836721003872199,50.951832192054205],[1.8839856583224792,50.95004711898087],[1.88681701168493,50.95024625365318]]]},"properties":{"id":"CRS3035RES200mN3124800E3752000","population":240.0,"households":95.0,"poverty_rate":0.49473684210526314,"senior_rate":0.07083333333333333,"single_parent_rate":0.24210526315789474,"social_housing_rate":0.9473684210526315,"imputed":false,"vulnerability":50.7}},{"type":"Feature","geometry":{"type":"Polygon","coordinates":[[[1.889648387330996,50.950445319162554],[1.8893350435879508,50.95223040982936],[1.8865035608441645,50.95203133552473],[1.88681701168493,50.95024625365318],[1.889648387330996,50.950445319162554]]]},"properties":{"id":"CRS3035RES200mN3124800E3752200","population":553.0,"households":220.0,"poverty_rate":0.5318181818181819,"senior_rate":0.09945750452079566,"single_parent_rate":0.2863636363636364,"social_housing_rate":0.9636363636363636,"imputed":false,"vulnerability":55.6}},{"type":"Feature","geometry":{"type":"Polygon","coordinates":[[[1.8924797852532929,50.95064431550811],[1.892166548611203,50.95242941496724],[1.8893350435879508,50.95223040982936],[1.889648387330996,50.950445319162554],[1.8924797852532929,50.95064431550811]]]},"properties":{"id":"CRS3035RES200mN3124800E3752400","population":351.0,"households":234.0,"poverty_rate":0.5128205128205128,"senior_rate":0.21082621082621084,"single_parent_rate":0.1623931623931624,"social_housing_rate":0.9786324786324786,"imputed":false,"vulnerability":55.7}},{"type":"Feature","geometry":{"type":"Polygon","coordinates":[[[1.8953112054444439,50.950843242689],[1.8949980759065295,50.952628350937445],[1.892166548611203,50.95242941496724],[1.8924797852532929,50.95064431550811],[1.8953112054444439,50.950843242689]]]},"properties":{"id":"CRS3035RES200mN3124800E3752600","population":603.5,"households":330.0,"poverty_rate":0.6,"senior_rate":0.164043082021541,"single_parent_rate":0.22424242424242424,"social_housing_rate":0.9666666666666667,"imputed":false,"vulnerability":59.9}},{"type":"Feature","geometry":{"type":"Polygon","coordinates":[[[1.8981426478970573,50.951042100704306],[1.8978296254665497,50.95282721773914],[1.8949980759065295,50.952628350937445],[1.8953112054444439,50.950843242689],[1.8981426478970573,50.951042100704306]]]},"properties":{"id":"CRS3035RES200mN3124800E3752800","population":211.5,"households":69.0,"poverty_rate":0.2753623188405797,"senior_rate":0.13711583924349882,"single_parent_rate":0.2318840579710145,"social_housing_rate":0.2753623188405797,"imputed":false,"vulnerability":32.3}},{"type":"Feature","geometry":{"type":"Polygon","coordinates":[[[1.9009741126037558,50.951240889553176],[1.900661197283877,50.95302601537142],[1.8978296254665497,50.95282721773914],[1.8981426478970573,50.951042100704306],[1.9009741126037558,50.951240889553176]]]},"properties":{"id":"CRS3035RES200mN3124800E3753000","population":195.0,"households":84.0,"poverty_rate":0.10714285714285714,"senior_rate":0.2564102564102564,"single_parent_rate":0.14285714285714285,"social_housing_rate":0.03571428571428571,"imputed":false,"vulnerability":22.7}},{"type":"Feature","geometry":{"type":"Polygon","coordinates":[[[1.9038055995571557,50.95143960923474],[1.9034927913511244,50.95322474383343],[1.900661197283877,50.95302601537142],[1.9009741126037558,50.951240889553176],[1.9038055995571557,50.95143960923474]]]},"properties":{"id":"CRS3035RES200mN3124800E3753200","population":157.0,"households":66.0,"poverty_rate":0.16666666666666666,"senior_rate":0.3248407643312102,"single_parent_rate":0.15151515151515152,"social_housing_rate":0.06060606060606061,"imputed":false,"vulnerability":29.5}},{"type":"Feature","geometry":{"type":"Polygon","coordinates":[[[1.9179633677661418,50.95243217010218],[1.9176510951776973,50.954217348558565],[1.914819389971628,50.95401896596111],[1.9151317696900312,50.95223379627034],[1.9179633677661418,50.95243217010218]]]},"properties":{"id":"CRS3035RES200mN3124800E3754200","population":3.0,"households":1.3,"poverty_rate":0.07692307692307693,"senior_rate":0.3,"single_parent_rate":0.07692307692307693,"social_housing_rate":0.0,"imputed":true,"vulnerability":20.3}},{"type":"Feature","geometry":{"type":"Polygon","coordinates":[[[1.9207949880446378,50.95263047476148],[1.920482822589364,50.95441566198049],[1.9176510951776973,50.954217348558565],[1.9179633677661418,50.95243217010218],[1.9207949880446378,50.95263047476148]]]},"properties":{"id":"CRS3035RES200mN3124800E3754400","population":118.5,"households":34.0,"poverty_rate":0.38235294117647056,"senior_rate":0.008438818565400843,"single_parent_rate":0.11764705882352941,"social_housing_rate":1.0,"imputed":false,"vulnerability":38.6}},{"type":"Feature","geometry":{"type":"Polygon","coordinates":[[[1.923626630518127,50.95282871024734],[1.9233145721992448,50.95461390622604],[1.920482822589364,50.95441566198049],[1.9207949880446378,50.95263047476148],[1.923626630518127,50.95282871024734]]]},"properties":{"id":"CRS3035RES200mN3124800E3754600","population":131.0,"households":41.0,"poverty_rate":0.04878048780487805,"senior_rate":0.015267175572519083,"single_parent_rate":0.0975609756097561,"social_housing_rate":0.0,"imputed":false,"vulnerability":6.6}},{"type":"Feature","geometry":{"type":"Polygon","coordinates":[[[1.824216592123619,50.94763420340713],[1.8239007558229778,50.949419089083214],[1.8210696805105617,50.949218415321155],[1.8213856238443247,50.94743353850936],[1.824216592123619,50.94763420340713]]]},"properties":{"id":"CRS3035RES200mN3125000E3747600","population":43.5,"households":13.0,"poverty_rate":0.07692307692307693,"senior_rate":0.04597701149425287,"single_parent_rate":0.0,"social_housing_rate":0.0,"imputed":false,"vulnerability":6.0}},{"type":"Feature","geometry":{"type":"Polygon","coordinates":[[[1.8270475828520778,50.94783479915839],[1.8267318535878088,50.9496196936958],[1.8239007558229778,50.949419089083214],[1.824216592123619,50.94763420340713],[1.8270475828520778,50.94783479915839]]]},"properties":{"id":"CRS3035RES200mN3125000E3747800","population":214.5,"households":58.0,"poverty_rate":0.5517241379310345,"senior_rate":0.06526806526806526,"single_parent_rate":0.22413793103448276,"social_housing_rate":0.5689655172413793,"imputed":false,"vulnerability":47.0}},{"type":"Feature","geometry":{"type":"Polygon","coordinates":[[[1.829878596022322,50.94803532576223],[1.8295629737976824,50.94982022915801],[1.8267318535878088,50.9496196936958],[1.8270475828520778,50.94783479915839],[1.829878596022322,50.94803532576223]]]},"properties":{"id":"CRS3035RES200mN3125000E3748000","population":444.5,"households":161.0,"poverty_rate":0.7204968944099379,"senior_rate":0.08548931383577053,"single_parent_rate":0.2111801242236025,"social_housing_rate":0.9627329192546584,"imputed":false,"vulnerability":61.8}},{"type":"Feature","geometry":{"type":"Polygon","coordinates":[[[1.8327096316269824,50.94823578321776],[1.832394116445216,50.950020695468965],[1.8295629737976824,50.94982022915801],[1.829878596022322,50.94803532576223],[1.8327096316269824,50.94823578321776]]]},"properties":{"id":"CRS3035RES200mN3125000E3748200","population":224.5,"households":80.0,"poverty_rate":0.3375,"senior_rate":0.18262806236080179,"single_parent_rate":0.225,"social_housing_rate":0.6125,"imputed":false,"vulnerability":42.3}},{"type":"Feature","geometry":{"type":"Polygon","coordinates":[[[1.8355406896586879,50.948436171524115],[1.835225281523044,50.95022109262777],[1.832394116445216,50.950020695468965],[1.8327096316269824,50.94823578321776],[1.8355406896586879,50.948436171524115]]]},"properties":{"id":"CRS3035RES200mN3125000E3748400","population":95.0,"households":44.0,"poverty_rate":0.4772727272727273,"senior_rate":0.10526315789473684,"single_parent_rate":0.22727272727272727,"social_housing_rate":0.9545454545454546,"imputed":false,"vulnerability":51.0}},{"type":"Feature","geometry":{"type":"Polygon","coordinates":[[[1.8383717701100581,50.948636490680435],[1.8380564690237888,50.95042142063356],[1.835225281523044,50.95022109262777],[1.8355406896586879,50.948436171524115],[1.8383717701100581,50.948636490680435]]]},"properties":{"id":"CRS3035RES200mN3125000E3748600","population":187.0,"households":51.0,"poverty_rate":0.5294117647058824,"senior_rate":0.03208556149732621,"single_parent_rate":0.23529411764705882,"social_housing_rate":0.9215686274509803,"imputed":false,"vulnerability":50.0}},{"type":"Feature","geometry":{"type":"Polygon","coordinates":[[[1.8440339982423,50.94903692153934],[1.8437189112645136,50.95082186918254],[1.8408876789400686,50.950621679485444],[1.8412028729737209,50.94883674068579],[1.8440339982423,50.94903692153934]]]},"properties":{"id":"CRS3035RES200mN3125000E3749000","population":321.5,"households":128.0,"poverty_rate":0.640625,"senior_rate":0.05909797822706065,"single_parent_rate":0.296875,"social_housing_rate":0.7890625,"imputed":false,"vulnerability":57.0}},{"type":"Feature","geometry":{"type":"Polygon","coordinates":[[[1.8468651459084213,50.94923703324017],[1.8465501659897419,50.95102198972396],[1.8437189112645136,50.95082186918254],[1.8440339982423,50.94903692153934],[1.8468651459084213,50.94923703324017]]]},"properties":{"id":"CRS3035RES200mN3125000E3749200","population":219.5,"households":116.0,"poverty_rate":0.2413793103448276,"senior_rate":0.1776765375854214,"single_parent_rate":0.15517241379310345,"social_housing_rate":0.08620689655172414,"imputed":false,"vulnerability":27.0}},{"type":"Feature","geometry":{"type":"Polygon","coordinates":[[[1.8496963159647015,50.94943707578742],[1.8493814431083797,50.95122204110884],[1.8465501659897419,50.95102198972396],[1.8468651459084213,50.94923703324017],[1.8496963159647015,50.94943707578742]]]},"properties":{"id":"CRS3035RES200mN3125000E3749400","population":356.0,"households":193.0,"poverty_rate":0.29533678756476683,"senior_rate":0.14887640449438203,"single_parent_rate":0.09844559585492228,"social_housing_rate":0.12435233160621761,"imputed":false,"vulnerability":26.9}},{"type":"Feature","geometry":{"type":"Polygon","coordinates":[[[1.8525275084037727,50.949637049180225],[1.8522127426130477,50.951422023336285],[1.8493814431083797,50.95122204110884],[1.8496963159647015,50.94943707578742],[1.8525275084037727,50.949637049180225]]]},"properties":{"id":"CRS3035RES200mN3125000E3749600","population":407.0,"households":226.0,"poverty_rate":0.20353982300884957,"senior_rate":0.18181818181818182,"single_parent_rate":0.13716814159292035,"social_housing_rate":0.2610619469026549,"imputed":false,"vulnerability":27.3}},{"type":"Feature","geometry":{"type":"Polygon","coordinates":[[[1.855358723218253,50.94983695341766],[1.8550440644963657,50.95162193640542],[1.8522127426130477,50.951422023336285],[1.8525275084037727,50.949637049180225],[1.855358723218253,50.94983695341766]]]},"properties":{"id":"CRS3035RES200mN3125000E3749800","population":212.0,"households":130.0,"poverty_rate":0.17692307692307693,"senior_rate":0.15566037735849056,"single_parent_rate":0.12307692307692308,"social_housing_rate":0.046153846153846156,"imputed":false,"vulnerability":21.0}},{"type":"Feature","geometry":{"type":"Polygon","coordinates":[[[1.8581899604007646,50.950036788498856],[1.8578754087509564,50.95182178031536],[1.8550440644963657,50.95162193640542],[1.855358723218253,50.94983695341766],[1.8581899604007646,50.950036788498856]]]},"properties":{"id":"CRS3035RES200mN3125000E3750000","population":416.0,"households":210.0,"poverty_rate":0.3,"senior_rate":0.20432692307692307,"single_parent_rate":0.15714285714285714,"social_housing_rate":0.3904761904761905,"imputed":false,"vulnerability":35.8}},{"type":"Feature","geometry":{"type":"Polygon","coordinates":[[[1.8610212199439307,50.95023655442294],[1.8607067753694424,50.95202155506524],[1.8578754087509564,50.95182178031536],[1.8581899604007646,50.950036788498856],[1.8610212199439307,50.95023655442294]]]},"properties":{"id":"CRS3035RES200mN3125000E3750200","population":179.0,"households":84.0,"poverty_rate":0.39285714285714285,"senior_rate":0.1564245810055866,"single_parent_rate":0.2619047619047619,"social_housing_rate":0.7976190476190477,"imputed":false,"vulnerability":48.0}},{"type":"Feature","geometry":{"type":"Polygon","coordinates":[[[1.8638525018403707,50.95043625118905],[1.86353816434444,50.95222126065414],[1.8607067753694424,50.95202155506524],[1.8610212199439307,50.95023655442294],[1.8638525018403707,50.95043625118905]]]},"properties":{"id":"CRS3035RES200mN3125000E3750400","population":571.0,"households":327.0,"poverty_rate":0.14984709480122324,"senior_rate":0.15761821366024517,"single_parent_rate":0.11926605504587157,"social_housing_rate":0.2996941896024465,"imputed":false,"vulnerability":23.4}},{"type":"Feature","geometry":{"type":"Polygon","coordinates":[[[1.8666838060827056,50.95063587879628],[1.8663695756685688,50.95242089708121],[1.86353816434444,50.95222126065414],[1.8638525018403707,50.95043625118905],[1.8666838060827056,50.95063587879628]]]},"properties":{"id":"CRS3035RES200mN3125000E3750600","population":299.5,"households":131.0,"poverty_rate":0.1450381679389313,"senior_rate":0.14691151919866444,"single_parent_rate":0.20610687022900764,"social_housing_rate":0.3435114503816794,"imputed":false,"vulnerability":26.4}},{"type":"Feature","geometry":{"type":"Polygon","coordinates":[[[1.8695151326635548,50.95083543724377],[1.8692010093344513,50.95262046434558],[1.8663695756685688,50.95242089708121],[1.8666838060827056,50.95063587879628],[1.8695151326635548,50.95083543724377]]]},"properties":{"id":"CRS3035RES200mN3125000E3750800","population":173.0,"households":87.0,"poverty_rate":0.11494252873563218,"senior_rate":0.30057803468208094,"single_parent_rate":0.09195402298850575,"social_housing_rate":0.0,"imputed":false,"vulnerability":22.8}},{"type":"Feature","geometry":{"type":"Polygon","coordinates":[[[1.8723464815755446,50.95103492653062],[1.8720324653347058,50.95281996244636],[1.8692010093344513,50.95262046434558],[1.8695151326635548,50.95083543724377],[1.8723464815755446,50.95103492653062]]]},"properties":{"id":"CRS3035RES200mN3125000E3751000","population":196.0,"households":90.0,"poverty_rate":0.13333333333333333,"senior_rate":0.28061224489795916,"single_parent_rate":0.05555555555555555,"social_housing_rate":0.0,"imputed":false,"vulnerability":21.5}},{"type":"Feature","geometry":{"type":"Polygon","coordinates":[[[1.8751778528112832,50.95123434665597],[1.8748639436619483,50.95301939138266],[1.8720324653347058,50.95281996244636],[1.8723464815755446,50.95103492653062],[1.8751778528112832,50.95123434665597]]]},"properties":{"id":"CRS3035RES200mN3125000E3751200","population":152.0,"households":82.0,"poverty_rate":0.12195121951219512,"senior_rate":0.32894736842105265,"single_parent_rate":0.13414634146341464,"social_housing_rate":0.0,"imputed":false,"vulnerability":25.9}},{"type":"Feature","geometry":{"type":"Polygon","coordinates":[[[1.878009246363398,50.95143369761893],[1.8776954443088019,50.95321875115361],[1.8748639436619483,50.95301939138266],[1.8751778528112832,50.95123434665597],[1.878009246363398,50.95143369761893]]]},"properties":{"id":"CRS3035RES200mN3125000E3751400","population":62.0,"households":25.0,"poverty_rate":0.12,"senior_rate":0.25806451612903225,"single_parent_rate":0.08,"social_housing_rate":0.0,"imputed":false,"vulnerability":20.7}},{"type":"Feature","geometry":{"type":"Polygon","coordinates":[[[1.880840662224502,50.95163297941865],[1.8805269672678762,50.953418041758326],[1.8776954443088019,50.95321875115361],[1.878009246363398,50.95143369761893],[1.880840662224502,50.95163297941865]]]},"properties":{"id":"CRS3035RES200mN3125000E3751600","population":2.0,"households":0.8,"poverty_rate":0.125,"senior_rate":0.15000000000000002,"single_parent_rate":0.0,"social_housing_rate":0.0,"imputed":true,"vulnerability":13.2}},{"type":"Feature","geometry":{"type":"Polygon","coordinates":[[[1.8836721003872199,50.951832192054205],[1.883358512531794,50.95361726319594],[1.8805269672678762,50.953418041758326],[1.880840662224502,50.95163297941865],[1.8836721003872199,50.951832192054205]]]},"properties":{"id":"CRS3035RES200mN3125000E3751800","population":228.5,"households":103.0,"poverty_rate":0.5242718446601942,"senior_rate":0.1400437636761488,"single_parent_rate":0.3592233009708738,"social_housing_rate":0.9902912621359223,"imputed":false,"vulnerability":60.1}},{"type":"Feature","geometry":{"type":"Polygon","coordinates":[[[1.8865035608441645,50.95203133552473],[1.886190080093167,50.953816415465575],[1.883358512531794,50.95361726319594],[1.8836721003872199,50.951832192054205],[1.8865035608441645,50.95203133552473]]]},"properties":{"id":"CRS3035RES200mN3125000E3752000","population":216.5,"households":120.0,"poverty_rate":0.525,"senior_rate":0.21709006928406466,"single_parent_rate":0.25833333333333336,"social_housing_rate":1.0,"imputed":false,"vulnerability":60.3}},{"type":"Feature","geometry":{"type":"Polygon","coordinates":[[[1.8893350435879508,50.95223040982936],[1.889021669944616,50.95401549856635],[1.886190080093167,50.953816415465575],[1.8865035608441645,50.95203133552473],[1.8893350435879508,50.95223040982936]]]},"properties":{"id":"CRS3035RES200mN3125000E3752200","population":217.0,"households":90.0,"poverty_rate":0.4777777777777778,"senior_rate":0.05069124423963134,"single_parent_rate":0.28888888888888886,"social_housing_rate":0.9777777777777777,"imputed":false,"vulnerability":51.0}},{"type":"Feature","geometry":{"type":"Polygon","coordinates":[[[1.8949980759065295,50.952628350937445],[1.8946849164882007,50.95441345725777],[1.8918532820787548,50.95421451249738],[1.892166548611203,50.95242941496724],[1.8949980759065295,50.952628350937445]]]},"properties":{"id":"CRS3035RES200mN3125000E3752600","population":562.5,"households":286.0,"poverty_rate":0.8,"senior_rate":0.07822222222222222,"single_parent_rate":0.2517482517482518,"social_housing_rate":1.0,"imputed":false,"vulnerability":67.4}},{"type":"Feature","geometry":{"type":"Polygon","coordinates":[[[1.8978296254665497,50.95282721773914],[1.8975165731655608,50.95461233284669],[1.8946849164882007,50.95441345725777],[1.8949980759065295,50.952628350937445],[1.8978296254665497,50.95282721773914]]]},"properties":{"id":"CRS3035RES200mN3125000E3752800","population":321.0,"households":172.0,"poverty_rate":0.4186046511627907,"senior_rate":0.22741433021806853,"single_parent_rate":0.18023255813953487,"social_housing_rate":0.9767441860465116,"imputed":false,"vulnerability":52.4}},{"type":"Feature","geometry":{"type":"Polygon","coordinates":[[[1.900661197283877,50.95302601537142],[1.9003482521034576,50.95481113926325],[1.8975165731655608,50.95461233284669],[1.8978296254665497,50.95282721773914],[1.900661197283877,50.95302601537142]]]},"properties":{"id":"CRS3035RES200mN3125000E3753000","population":214.0,"households":87.0,"poverty_rate":0.13793103448275862,"senior_rate":0.24299065420560748,"single_parent_rate":0.10344827586206896,"social_housing_rate":0.0,"imputed":false,"vulnerability":21.7}},{"type":"Feature","geometry":{"type":"Polygon","coordinates":[[[1.9034927913511244,50.95322474383343],[1.9031799532945013,50.955009876506544],[1.9003482521034576,50.95481113926325],[1.900661197283877,50.95302601537142],[1.9034927913511244,50.95322474383343]]]},"properties":{"id":"CRS3035RES200mN3125000E3753200","population":119.0,"households":44.0,"poverty_rate":0.06818181818181818,"senior_rate":0.2689075630252101,"single_parent_rate":0.09090909090909091,"social_housing_rate":0.09090909090909091,"imputed":false,"vulnerability":20.3}},{"type":"Feature","geometry":{"type":"Polygon","coordinates":[[[1.920482822589364,50.95441566198049],[1.9201706273431467,50.95620084727912],[1.9173387927883616,50.956002525093695],[1.9176510951776973,50.954217348558565],[1.920482822589364,50.95441566198049]]]},"properties":{"id":"CRS3035RES200mN3125000E3754400","population":82.0,"households":26.0,"poverty_rate":0.38461538461538464,"senior_rate":0.036585365853658534,"single_parent_rate":0.34615384615384615,"social_housing_rate":0.8846153846153846,"imputed":false,"vulnerability":46.3}},{"type":"Feature","geometry":{"type":"Polygon","coordinates":[[[1.8295629737976824,50.94982022915801],[1.8292473214600646,50.95160513060609],[1.8264160942006433,50.95140458628465],[1.8267318535878088,50.9496196936958],[1.8295629737976824,50.94982022915801]]]},"properties":{"id":"CRS3035RES200mN3125200E3748000","population":36.0,"households":19.0,"poverty_rate":0.3684210526315789,"senior_rate":0.3333333333333333,"single_parent_rate":0.10526315789473684,"social_housing_rate":0.6842105263157895,"imputed":false,"vulnerability":47.7}},{"type":"Feature","geometry":{"type":"Polygon","coordinates":[[[1.832394116445216,50.950020695468965],[1.8320785711604062,50.951805605773316],[1.8292473214600646,50.95160513060609],[1.8295629737976824,50.94982022915801],[1.832394116445216,50.950020695468965]]]},"properties":{"id":"CRS3035RES200mN3125200E3748200","population":51.0,"households":20.0,"poverty_rate":0.5,"senior_rate":0.27450980392156865,"single_parent_rate":0.15,"social_housing_rate":0.75,"imputed":false,"vulnerability":54.1}},{"type":"Feature","geometry":{"type":"Polygon","coordinates":[[[1.8465501659897419,50.95102198972396],[1.8462351560176626,50.95280694426523],[1.8434037942233927,50.95260681488235],[1.8437189112645136,50.95082186918254],[1.8465501659897419,50.95102198972396]]]},"properties":{"id":"CRS3035RES200mN3125200E3749200","population":281.0,"households":181.0,"poverty_rate":0.2983425414364641,"senior_rate":0.10320284697508897,"single_parent_rate":0.14917127071823205,"social_housing_rate":0.5359116022099447,"imputed":false,"vulnerability":32.9}},{"type":"Feature","geometry":{"type":"Polygon","coordinates":[[[1.8493814431083797,50.95122204110884],[1.8490665402085813,50.9530070044886],[1.8462351560176626,50.95280694426523],[1.8465501659897419,50.95102198972396],[1.8493814431083797,50.95122204110884]]]},"properties":{"id":"CRS3035RES200mN3125200E3749400","population":256.0,"households":118.0,"poverty_rate":0.23728813559322035,"senior_rate":0.171875,"single_parent_rate":0.1440677966101695,"social_housing_rate":0.3559322033898305,"imputed":false,"vulnerability":30.2}},{"type":"Feature","geometry":{"type":"Polygon","coordinates":[[[1.8522127426130477,50.951422023336285],[1.8518979467887775,50.95320699555157],[1.8490665402085813,50.9530070044886],[1.8493814431083797,50.95122204110884],[1.8522127426130477,50.951422023336285]]]},"properties":{"id":"CRS3035RES200mN3125200E3749600","population":46.5,"households":27.0,"poverty_rate":0.14814814814814814,"senior_rate":0.15053763440860216,"single_parent_rate":0.14814814814814814,"social_housing_rate":0.0,"imputed":false,"vulnerability":19.5}},{"type":"Feature","geometry":{"type":"Polygon","coordinates":[[[1.8550440644963657,50.95162193640542],[1.8547293757508678,50.95340691745328],[1.8518979467887775,50.95320699555157],[1.8522127426130477,50.951422023336285],[1.8550440644963657,50.95162193640542]]]},"properties":{"id":"CRS3035RES200mN3125200E3749800","population":38.0,"households":16.0,"poverty_rate":0.1875,"senior_rate":0.02631578947368421,"single_parent_rate":0.0625,"social_housing_rate":0.0,"imputed":false,"vulnerability":12.8}},{"type":"Feature","geometry":{"type":"Polygon","coordinates":[[[1.8578754087509564,50.95182178031536],[1.8575608270874655,50.953606770192806],[1.8547293757508678,50.95340691745328],[1.8550440644963657,50.95162193640542],[1.8578754087509564,50.95182178031536]]]},"properties":{"id":"CRS3035RES200mN3125200E3750000","population":224.5,"households":107.0,"poverty_rate":0.24299065420560748,"senior_rate":0.16481069042316257,"single_parent_rate":0.09345794392523364,"social_housing_rate":0.0,"imputed":false,"vulnerability":23.0}},{"type":"Feature","geometry":{"type":"Polygon","coordinates":[[[1.8607067753694424,50.95202155506524],[1.8603923007912058,50.95380655376932],[1.8575608270874655,50.953606770192806],[1.8578754087509564,50.95182178031536],[1.8607067753694424,50.95202155506524]]]},"properties":{"id":"CRS3035RES200mN3125200E3750200","population":34.0,"households":17.4,"poverty_rate":0.25287356321839083,"senior_rate":0.17941176470588238,"single_parent_rate":0.09770114942528736,"social_housing_rate":0.0,"imputed":true,"vulnerability":24.3}},{"type":"Feature","geometry":{"type":"Polygon","coordinates":[[[1.86353816434444,50.95222126065414],[1.8632237968546939,50.9540062681819],[1.8603923007912058,50.95380655376932],[1.8607067753694424,50.95202155506524],[1.86353816434444,50.95222126065414]]]},"properties":{"id":"CRS3035RES200mN3125200E3750400","population":286.0,"households":145.0,"poverty_rate":0.2413793103448276,"senior_rate":0.24125874125874125,"single_parent_rate":0.20689655172413793,"social_housing_rate":0.7172413793103448,"imputed":false,"vulnerability":41.2}},{"type":"Feature","geometry":{"type":"Polygon","coordinates":[[[1.8663695756685688,50.95242089708121],[1.8660553152705541,50.95420591342969],[1.8632237968546939,50.9540062681819],[1.86353816434444,50.95222126065414],[1.8663695756685688,50.95242089708121]]]},"properties":{"id":"CRS3035RES200mN3125200E3750600","population":464.0,"households":254.0,"poverty_rate":0.28346456692913385,"senior_rate":0.22844827586206898,"single_parent_rate":0.12598425196850394,"social_housing_rate":0.5866141732283464,"imputed":false,"vulnerability":37.9}},{"type":"Feature","geometry":{"type":"Polygon","coordinates":[[[1.8692010093344513,50.95262046434558],[1.8688868560314011,50.9544054895118],[1.8660553152705541,50.95420591342969],[1.8663695756685688,50.95242089708121],[1.8692010093344513,50.95262046434558]]]},"properties":{"id":"CRS3035RES200mN3125200E3750800","population":204.0,"households":89.0,"poverty_rate":0.15730337078651685,"senior_rate":0.21568627450980393,"single_parent_rate":0.1797752808988764,"social_housing_rate":0.0,"imputed":false,"vulnerability":24.1}},{"type":"Feature","geometry":{"type":"Polygon","coordinates":[[[1.8720324653347058,50.95281996244636],[1.8717184191298628,50.95460499642735],[1.8688868560314011,50.9544054895118],[1.8692010093344513,50.95262046434558],[1.8720324653347058,50.95281996244636]]]},"properties":{"id":"CRS3035RES200mN3125200E3751000","population":266.0,"households":135.0,"poverty_rate":0.25925925925925924,"senior_rate":0.16541353383458646,"single_parent_rate":0.17037037037037037,"social_housing_rate":0.0,"imputed":false,"vulnerability":26.5}},{"type":"Feature","geometry":{"type":"Polygon","coordinates":[[[1.8748639436619483,50.95301939138266],[1.8745500045585424,50.954804434175465],[1.8717184191298628,50.95460499642735],[1.8720324653347058,50.95281996244636],[1.8748639436619483,50.95301939138266]]]},"properties":{"id":"CRS3035RES200mN3125200E3751200","population":205.5,"households":106.0,"poverty_rate":0.07547169811320754,"senior_rate":0.39416058394160586,"single_parent_rate":0.05660377358490566,"social_housing_rate":0.0,"imputed":false,"vulnerability":23.9}},{"type":"Feature","geometry":{"type":"Polygon","coordinates":[[[1.8776954443088019,50.95321875115361],[1.8773816123100675,50.95500380275527],[1.8745500045585424,50.954804434175465],[1.8748639436619483,50.95301939138266],[1.8776954443088019,50.95321875115361]]]},"properties":{"id":"CRS3035RES200mN3125200E3751400","population":76.5,"households":31.0,"poverty_rate":0.03225806451612903,"senior_rate":0.3660130718954248,"single_parent_rate":0.03225806451612903,"social_housing_rate":0.0,"imputed":false,"vulnerability":19.6}},{"type":"Feature","geometry":{"type":"Polygon","coordinates":[[[1.8805269672678762,50.953418041758326],[1.8802132423770463,50.95520310216587],[1.8773816123100675,50.95500380275527],[1.8776954443088019,50.95321875115361],[1.8805269672678762,50.953418041758326]]]},"properties":{"id":"CRS3035RES200mN3125200E3751600","population":77.0,"households":26.0,"poverty_rate":0.46153846153846156,"senior_rate":0.03896103896103896,"single_parent_rate":0.3076923076923077,"social_housing_rate":1.0,"imputed":false,"vulnerability":50.6}},{"type":"Feature","geometry":{"type":"Polygon","coordinates":[[[1.886190080093167,50.953816415465575],[1.885876569427844,50.95560149347599],[1.883044894752102,50.9554023324064],[1.883358512531794,50.95361726319594],[1.886190080093167,50.953816415465575]]]},"properties":{"id":"CRS3035RES200mN3125200E3752000","population":339.5,"households":121.0,"poverty_rate":0.2892561983471074,"senior_rate":0.07363770250368189,"single_parent_rate":0.19008264462809918,"social_housing_rate":1.0,"imputed":false,"vulnerability":39.5}},{"type":"Feature","geometry":{"type":"Polygon","coordinates":[[[1.889021669944616,50.95401549856635],[1.8887082663968953,50.955800585373744],[1.885876569427844,50.95560149347599],[1.886190080093167,50.953816415465575],[1.889021669944616,50.95401549856635]]]},"properties":{"id":"CRS3035RES200mN3125200E3752200","population":7.0,"households":2.6,"poverty_rate":0.038461538461538464,"senior_rate":0.1142857142857143,"single_parent_rate":0.038461538461538464,"social_housing_rate":0.0,"imputed":true,"vulnerability":8.5}},{"type":"Feature","geometry":{"type":"Polygon","coordinates":[[[1.8918532820787548,50.95421451249738],[1.8915399856518595,50.955999608098786],[1.8887082663968953,50.955800585373744],[1.889021669944616,50.95401549856635],[1.8918532820787548,50.95421451249738]]]},"properties":{"id":"CRS3035RES200mN3125200E3752400","population":2.0,"households":0.7,"poverty_rate":0.0,"senior_rate":0.1,"single_parent_rate":0.0,"social_housing_rate":0.0,"imputed":true,"vulnerability":4.6}},{"type":"Feature","geometry":{"type":"Polygon","coordinates":[[[1.8946849164882007,50.95441345725777],[1.894371727185361,50.95619856165026],[1.8915399856518595,50.955999608098786],[1.8918532820787548,50.95421451249738],[1.8946849164882007,50.95441345725777]]]},"properties":{"id":"CRS3035RES200mN3125200E3752600","population":12.0,"households":4.5,"poverty_rate":0.022222222222222223,"senior_rate":0.10833333333333334,"single_parent_rate":0.022222222222222223,"social_housing_rate":0.0,"imputed":true,"vulnerability":6.9}},{"type":"Feature","geometry":{"type":"Polygon","coordinates":[[[1.9003482521034576,50.95481113926325],[1.9000352770584104,50.95659626122894],[1.897203490990003,50.95639744602725],[1.8975165731655608,50.95461233284669],[1.9003482521034576,50.95481113926325]]]},"properties":{"id":"CRS3035RES200mN3125200E3753000","population":30.0,"households":14.0,"poverty_rate":0.14285714285714285,"senior_rate":0.26666666666666666,"single_parent_rate":0.07142857142857142,"social_housing_rate":0.0,"imputed":false,"vulnerability":21.9}},{"type":"Feature","geometry":{"type":"Polygon","coordinates":[[[1.8179225471416303,50.95080253840385],[1.8176064364685278,50.95258740244631],[1.8147751920000619,50.95238657264489],[1.8150914097196287,50.95060171747438],[1.8179225471416303,50.95080253840385]]]},"properties":{"id":"CRS3035RES200mN3125400E3747200","population":56.5,"households":17.0,"poverty_rate":0.17647058823529413,"senior_rate":0.017699115044247787,"single_parent_rate":0.23529411764705882,"social_housing_rate":0.7647058823529411,"imputed":false,"vulnerability":29.3}},{"type":"Feature","geometry":{"type":"Polygon","coordinates":[[[1.820753707034052,50.951003290182655],[1.8204377034106676,50.952788163094105],[1.8176064364685278,50.95258740244631],[1.8179225471416303,50.95080253840385],[1.820753707034052,50.951003290182655]]]},"properties":{"id":"CRS3035RES200mN3125400E3747400","population":18.0,"households":6.9,"poverty_rate":0.0,"senior_rate":0.27222222222222225,"single_parent_rate":0.0,"social_housing_rate":0.0,"imputed":true,"vulnerability":12.5}},{"type":"Feature","geometry":{"type":"Polygon","coordinates":[[[1.8349098432942847,50.95200601178543],[1.8345943749682847,50.953790928997385],[1.8317629957684245,50.9535905141311],[1.8320785711604062,50.951805605773316],[1.8349098432942847,50.95200601178543]]]},"properties":{"id":"CRS3035RES200mN3125400E3748400","population":2.0,"households":0.7,"poverty_rate":0.0,"senior_rate":0.05,"single_parent_rate":0.14285714285714288,"social_housing_rate":0.0,"imputed":true,"vulnerability":7.3}},{"type":"Feature","geometry":{"type":"Polygon","coordinates":[[[1.8405724548331537,50.952406616340824],[1.8402572006488622,50.95419155125226],[1.8374257765975532,50.95399127470475],[1.8377411378543258,50.952206348641575],[1.8405724548331537,50.952406616340824]]]},"properties":{"id":"CRS3035RES200mN3125400E3748800","population":45.0,"households":24.0,"poverty_rate":0.041666666666666664,"senior_rate":0.0,"single_parent_rate":0.0,"social_housing_rate":0.0,"imputed":false,"vulnerability":2.1}},{"type":"Feature","geometry":{"type":"Polygon","coordinates":[[[1.8434037942233927,50.95260681488235],[1.843088647114822,50.95439175863906],[1.8402572006488622,50.95419155125226],[1.8405724548331537,50.952406616340824],[1.8434037942233927,50.95260681488235]]]},"properties":{"id":"CRS3035RES200mN3125400E3749000","population":100.5,"households":46.0,"poverty_rate":0.06521739130434782,"senior_rate":0.0,"single_parent_rate":0.021739130434782608,"social_housing_rate":0.0,"imputed":false,"vulnerability":4.0}},{"type":"Feature","geometry":{"type":"Polygon","coordinates":[[[1.8490665402085813,50.9530070044886],[1.8487516072611985,50.95479196592698],[1.8459201159880632,50.95459189686425],[1.8462351560176626,50.95280694426523],[1.8490665402085813,50.9530070044886]]]},"properties":{"id":"CRS3035RES200mN3125400E3749400","population":39.0,"households":14.2,"poverty_rate":0.3732394366197183,"senior_rate":0.06923076923076923,"single_parent_rate":0.3732394366197183,"social_housing_rate":0.7464788732394366,"imputed":true,"vulnerability":46.1}},{"type":"Feature","geometry":{"type":"Polygon","coordinates":[[[1.8518979467887775,50.95320699555157],[1.8515831209268527,50.954991965826345],[1.8487516072611985,50.95479196592698],[1.8490665402085813,50.9530070044886],[1.8518979467887775,50.95320699555157]]]},"properties":{"id":"CRS3035RES200mN3125400E3749600","population":41.5,"households":25.0,"poverty_rate":0.16,"senior_rate":0.0963855421686747,"single_parent_rate":0.12,"social_housing_rate":0.0,"imputed":false,"vulnerability":16.6}},{"type":"Feature","geometry":{"type":"Polygon","coordinates":[[[1.8547293757508678,50.95340691745328],[1.854414656977645,50.95519189656149],[1.8515831209268527,50.954991965826345],[1.8518979467887775,50.95320699555157],[1.8547293757508678,50.95340691745328]]]},"properties":{"id":"CRS3035RES200mN3125400E3749800","population":107.0,"households":74.0,"poverty_rate":0.22972972972972974,"senior_rate":0.2897196261682243,"single_parent_rate":0.08108108108108109,"social_housing_rate":0.0,"imputed":false,"vulnerability":27.7}},{"type":"Feature","geometry":{"type":"Polygon","coordinates":[[[1.8575608270874655,50.953606770192806],[1.8572462154061935,50.95539175813147],[1.854414656977645,50.95519189656149],[1.8547293757508678,50.95340691745328],[1.8575608270874655,50.953606770192806]]]},"properties":{"id":"CRS3035RES200mN3125400E3750000","population":42.5,"households":30.0,"poverty_rate":0.5666666666666667,"senior_rate":0.07058823529411765,"single_parent_rate":0.13333333333333333,"social_housing_rate":0.0,"imputed":false,"vulnerability":36.2}},{"type":"Feature","geometry":{"type":"Polygon","coordinates":[[[1.8603923007912058,50.95380655376932],[1.8600777962051147,50.955591550535495],[1.8572462154061935,50.95539175813147],[1.8575608270874655,50.953606770192806],[1.8603923007912058,50.95380655376932]]]},"properties":{"id":"CRS3035RES200mN3125400E3750200","population":35.5,"households":17.0,"poverty_rate":0.17647058823529413,"senior_rate":0.14084507042253522,"single_parent_rate":0.058823529411764705,"social_housing_rate":0.35294117647058826,"imputed":false,"vulnerability":22.7}},{"type":"Feature","geometry":{"type":"Polygon","coordinates":[[[1.8632237968546939,50.9540062681819],[1.8629093993670278,50.95579127377261],[1.8600777962051147,50.955591550535495],[1.8603923007912058,50.95380655376932],[1.8632237968546939,50.9540062681819]]]},"properties":{"id":"CRS3035RES200mN3125400E3750400","population":273.5,"households":147.0,"poverty_rate":0.2925170068027211,"senior_rate":0.2230347349177331,"single_parent_rate":0.16326530612244897,"social_housing_rate":0.7278911564625851,"imputed":false,"vulnerability":41.5}},{"type":"Feature","geometry":{"type":"Polygon","coordinates":[[[1.8660553152705541,50.95420591342969],[1.865741024884554,50.955990927841974],[1.8629093993670278,50.95579127377261],[1.8632237968546939,50.9540062681819],[1.8660553152705541,50.95420591342969]]]},"properties":{"id":"CRS3035RES200mN3125400E3750600","population":157.0,"households":71.0,"poverty_rate":0.08450704225352113,"senior_rate":0.267515923566879,"single_parent_rate":0.08450704225352113,"social_housing_rate":0.0,"imputed":false,"vulnerability":19.5}},{"type":"Feature","geometry":{"type":"Polygon","coordinates":[[[1.8688868560314011,50.9544054895118],[1.8685726727503065,50.95619051274268],[1.865741024884554,50.955990927841974],[1.8660553152705541,50.95420591342969],[1.8688868560314011,50.9544054895118]]]},"properties":{"id":"CRS3035RES200mN3125400E3750800","population":277.5,"households":122.0,"poverty_rate":0.21311475409836064,"senior_rate":0.21981981981981982,"single_parent_rate":0.07377049180327869,"social_housing_rate":0.0,"imputed":false,"vulnerability":23.3}},{"type":"Feature","geometry":{"type":"Polygon","coordinates":[[[1.8717184191298628,50.95460499642735],[1.8714043429569,50.956390028473876],[1.8685726727503065,50.95619051274268],[1.8688868560314011,50.9544054895118],[1.8717184191298628,50.95460499642735]]]},"properties":{"id":"CRS3035RES200mN3125400E3751000","population":155.5,"households":74.0,"poverty_rate":0.1891891891891892,"senior_rate":0.3279742765273312,"single_parent_rate":0.10810810810810811,"social_housing_rate":0.0,"imputed":false,"vulnerability":28.3}},{"type":"Feature","geometry":{"type":"Polygon","coordinates":[[[1.8745500045585424,50.954804434175465],[1.8742360354969592,50.95658947503466],[1.8714043429569,50.956390028473876],[1.8717184191298628,50.95460499642735],[1.8745500045585424,50.954804434175465]]]},"properties":{"id":"CRS3035RES200mN3125400E3751200","population":238.0,"households":101.0,"poverty_rate":0.1188118811881188,"senior_rate":0.24789915966386555,"single_parent_rate":0.06930693069306931,"social_housing_rate":0.0,"imputed":false,"vulnerability":19.8}},{"type":"Feature","geometry":{"type":"Polygon","coordinates":[[[1.8773816123100675,50.95500380275527],[1.877067750363092,50.956788852424154],[1.8742360354969592,50.95658947503466],[1.8745500045585424,50.954804434175465],[1.8773816123100675,50.95500380275527]]]},"properties":{"id":"CRS3035RES200mN3125400E3751400","population":137.5,"households":56.0,"poverty_rate":0.16071428571428573,"senior_rate":0.22545454545454546,"single_parent_rate":0.10714285714285714,"social_housing_rate":0.2857142857142857,"imputed":false,"vulnerability":26.4}},{"type":"Feature","geometry":{"type":"Polygon","coordinates":[[[1.8802132423770463,50.95520310216587],[1.8798994875479147,50.956988160641515],[1.877067750363092,50.956788852424154],[1.8773816123100675,50.95500380275527],[1.8802132423770463,50.95520310216587]]]},"properties":{"id":"CRS3035RES200mN3125400E3751600","population":221.5,"households":62.0,"poverty_rate":0.27419354838709675,"senior_rate":0.06772009029345373,"single_parent_rate":0.0967741935483871,"social_housing_rate":0.3548387096774194,"imputed":false,"vulnerability":25.5}},{"type":"Feature","geometry":{"type":"Polygon","coordinates":[[[1.883044894752102,50.9554023324064],[1.8827312470440472,50.95718739968582],[1.8798994875479147,50.956988160641515],[1.8802132423770463,50.95520310216587],[1.883044894752102,50.9554023324064]]]},"properties":{"id":"CRS3035RES200mN3125400E3751800","population":159.5,"households":49.0,"poverty_rate":0.32653061224489793,"senior_rate":0.03761755485893417,"single_parent_rate":0.16326530612244897,"social_housing_rate":0.40816326530612246,"imputed":false,"vulnerability":29.9}},{"type":"Feature","geometry":{"type":"Polygon","coordinates":[[[1.885876569427844,50.95560149347599],[1.8855630288441023,50.957386569556235],[1.8827312470440472,50.95718739968582],[1.883044894752102,50.9554023324064],[1.885876569427844,50.95560149347599]]]},"properties":{"id":"CRS3035RES200mN3125400E3752000","population":56.0,"households":24.0,"poverty_rate":0.08333333333333333,"senior_rate":0.26785714285714285,"single_parent_rate":0.0,"social_housing_rate":0.0,"imputed":false,"vulnerability":16.5}},{"type":"Feature","geometry":{"type":"Polygon","coordinates":[[[1.8887082663968953,50.955800585373744],[1.8883948329406886,50.95758567025184],[1.8855630288441023,50.957386569556235],[1.885876569427844,50.95560149347599],[1.8887082663968953,50.955800585373744]]]},"properties":{"id":"CRS3035RES200mN3125400E3752200","population":76.5,"households":28.0,"poverty_rate":0.14285714285714285,"senior_rate":0.1830065359477124,"single_parent_rate":0.03571428571428571,"social_housing_rate":0.0,"imputed":false,"vulnerability":16.8}},{"type":"Feature","geometry":{"type":"Polygon","coordinates":[[[1.8915399856518595,50.955999608098786],[1.8912266593264242,50.95778470177175],[1.8883948329406886,50.95758567025184],[1.8887082663968953,50.955800585373744],[1.8915399856518595,50.955999608098786]]]},"properties":{"id":"CRS3035RES200mN3125400E3752400","population":93.5,"households":29.0,"poverty_rate":0.0,"senior_rate":0.0855614973262032,"single_parent_rate":0.06896551724137931,"social_housing_rate":0.0,"imputed":false,"vulnerability":6.3}},{"type":"Feature","geometry":{"type":"Polygon","coordinates":[[[1.894371727185361,50.95619856165026],[1.8940585079939187,50.95798366411514],[1.8912266593264242,50.95778470177175],[1.8915399856518595,50.955999608098786],[1.894371727185361,50.95619856165026]]]},"properties":{"id":"CRS3035RES200mN3125400E3752600","population":86.5,"households":28.0,"poverty_rate":0.17857142857142858,"senior_rate":0.10404624277456648,"single_parent_rate":0.17857142857142858,"social_housing_rate":0.10714285714285714,"imputed":false,"vulnerability":21.6}},{"type":"Feature","geometry":{"type":"Polygon","coordinates":[[[1.897203490990003,50.95639744602725],[1.8968903789357885,50.958182557281084],[1.8940585079939187,50.95798366411514],[1.894371727185361,50.95619856165026],[1.897203490990003,50.95639744602725]]]},"properties":{"id":"CRS3035RES200mN3125400E3752800","population":53.0,"households":20.0,"poverty_rate":0.1,"senior_rate":0.07547169811320754,"single_parent_rate":0.05,"social_housing_rate":0.0,"imputed":false,"vulnerability":10.2}},{"type":"Feature","geometry":{"type":"Polygon","coordinates":[[[1.9000352770584104,50.95659626122894],[1.8997222721446472,50.95838138126876],[1.8968903789357885,50.958182557281084],[1.897203490990003,50.95639744602725],[1.9000352770584104,50.95659626122894]]]},"properties":{"id":"CRS3035RES200mN3125400E3753000","population":39.0,"households":12.8,"poverty_rate":0.1171875,"senior_rate":0.13846153846153847,"single_parent_rate":0.0390625,"social_housing_rate":0.0,"imputed":true,"vulnerability":13.6}},{"type":"Feature","geometry":{"type":"Polygon","coordinates":[[[1.902867085383188,50.956795007254385],[1.9025541876130978,50.958580136077224],[1.8997222721446472,50.95838138126876],[1.9000352770584104,50.95659626122894],[1.902867085383188,50.956795007254385]]]},"properties":{"id":"CRS3035RES200mN3125400E3753200","population":23.0,"households":7.5,"poverty_rate":0.12000000000000001,"senior_rate":0.1391304347826087,"single_parent_rate":0.04,"social_housing_rate":0.0,"imputed":true,"vulnerability":13.8}},{"type":"Feature","geometry":{"type":"Polygon","coordinates":[[[1.9085307687723037,50.95719229177316],[1.9082180852992412,50.958977438153134],[1.9053861253337603,50.95877882170564],[1.905698915956946,50.95699368410274],[1.9085307687723037,50.95719229177316]]]},"properties":{"id":"CRS3035RES200mN3125400E3753600","population":6.0,"households":2.0,"poverty_rate":0.1,"senior_rate":0.13333333333333333,"single_parent_rate":0.05,"social_housing_rate":0.0,"imputed":true,"vulnerability":12.9}},{"type":"Feature","geometry":{"type":"Polygon","coordinates":[[[1.9170264605940546,50.95778769970783],[1.9167140985907,50.959572872401246],[1.9138820719351004,50.95937446350181],[1.9141945410982486,50.95758929957656],[1.9170264605940546,50.95778769970783]]]},"properties":{"id":"CRS3035RES200mN3125400E3754200","population":2.0,"households":0.6,"poverty_rate":0.0,"senior_rate":0.1,"single_parent_rate":0.16666666666666669,"social_housing_rate":0.0,"imputed":true,"vulnerability":10.4}},{"type":"Feature","geometry":{"type":"Polygon","coordinates":[[[1.8232689928191022,50.95298885458737],[1.8229530661076128,50.954773734415944],[1.8201216696362785,50.9545730340558],[1.8204377034106676,50.952788163094105],[1.8232689928191022,50.95298885458737]]]},"properties":{"id":"CRS3035RES200mN3125600E3747600","population":79.0,"households":27.0,"poverty_rate":0.0,"senior_rate":0.11392405063291139,"single_parent_rate":0.037037037037037035,"social_housing_rate":0.0,"imputed":false,"vulnerability":6.5}},{"type":"Feature","geometry":{"type":"Polygon","coordinates":[[[1.826100304686456,50.953189476925196],[1.8257844850411216,50.95497436561772],[1.8229530661076128,50.954773734415944],[1.8232689928191022,50.95298885458737],[1.826100304686456,50.953189476925196]]]},"properties":{"id":"CRS3035RES200mN3125600E3747800","population":36.0,"households":16.0,"poverty_rate":0.0,"senior_rate":0.2222222222222222,"single_parent_rate":0.0,"social_housing_rate":0.0,"imputed":false,"vulnerability":10.2}},{"type":"Feature","geometry":{"type":"Polygon","coordinates":[[[1.8289316390053563,50.95339003010674],[1.8286159264294324,50.95517492766024],[1.8257844850411216,50.95497436561772],[1.826100304686456,50.953189476925196],[1.8289316390053563,50.95339003010674]]]},"properties":{"id":"CRS3035RES200mN3125600E3748000","population":25.5,"households":9.4,"poverty_rate":0.0,"senior_rate":0.054901960784313725,"single_parent_rate":0.20212765957446807,"social_housing_rate":0.0,"imputed":true,"vulnerability":9.6}},{"type":"Feature","geometry":{"type":"Polygon","coordinates":[[[1.8487516072611985,50.95479196592698],[1.8484366442621143,50.956576925424265],[1.8456050458968323,50.95637684752132],[1.8459201159880632,50.95459189686425],[1.8487516072611985,50.95479196592698]]]},"properties":{"id":"CRS3035RES200mN3125600E3749400","population":157.5,"households":81.0,"poverty_rate":0.04938271604938271,"senior_rate":0.40634920634920635,"single_parent_rate":0.04938271604938271,"social_housing_rate":0.0,"imputed":false,"vulnerability":22.9}},{"type":"Feature","geometry":{"type":"Polygon","coordinates":[[[1.8515831209268527,50.954991965826345],[1.8512682650231624,50.95677693416089],[1.8484366442621143,50.956576925424265],[1.8487516072611985,50.95479196592698],[1.8515831209268527,50.954991965826345]]]},"properties":{"id":"CRS3035RES200mN3125600E3749600","population":198.5,"households":116.0,"poverty_rate":0.11206896551724138,"senior_rate":0.2770780856423174,"single_parent_rate":0.10344827586206896,"social_housing_rate":0.0,"imputed":false,"vulnerability":22.0}},{"type":"Feature","geometry":{"type":"Polygon","coordinates":[[[1.854414656977645,50.95519189656149],[1.8540999081725895,50.95697687373032],[1.8512682650231624,50.95677693416089],[1.8515831209268527,50.954991965826345],[1.854414656977645,50.95519189656149]]]},"properties":{"id":"CRS3035RES200mN3125600E3749800","population":43.0,"households":22.0,"poverty_rate":0.045454545454545456,"senior_rate":0.20930232558139536,"single_parent_rate":0.045454545454545456,"social_housing_rate":0.0,"imputed":false,"vulnerability":13.5}},{"type":"Feature","geometry":{"type":"Polygon","coordinates":[[[1.8572462154061935,50.95539175813147],[1.8569315737030172,50.95717674413164],[1.8540999081725895,50.95697687373032],[1.854414656977645,50.95519189656149],[1.8572462154061935,50.95539175813147]]]},"properties":{"id":"CRS3035RES200mN3125600E3750000","population":288.5,"households":153.0,"poverty_rate":0.11764705882352941,"senior_rate":0.18717504332755633,"single_parent_rate":0.0915032679738562,"social_housing_rate":0.0,"imputed":false,"vulnerability":17.7}},{"type":"Feature","geometry":{"type":"Polygon","coordinates":[[[1.8600777962051147,50.955591550535495],[1.8597632616070583,50.957376545364006],[1.8569315737030172,50.95717674413164],[1.8572462154061935,50.95539175813147],[1.8600777962051147,50.955591550535495]]]},"properties":{"id":"CRS3035RES200mN3125600E3750200","population":4.0,"households":2.1,"poverty_rate":0.23809523809523808,"senior_rate":0.175,"single_parent_rate":0.09523809523809523,"social_housing_rate":0.0,"imputed":true,"vulnerability":23.3}},{"type":"Feature","geometry":{"type":"Polygon","coordinates":[[[1.865741024884554,50.955990927841974],[1.8654267045064608,50.957775940318314],[1.8625949718773358,50.95757627742653],[1.8629093993670278,50.95579127377261],[1.865741024884554,50.955990927841974]]]},"properties":{"id":"CRS3035RES200mN3125600E3750600","population":86.0,"households":56.0,"poverty_rate":0.25,"senior_rate":0.18604651162790697,"single_parent_rate":0.125,"social_housing_rate":0.30357142857142855,"imputed":false,"vulnerability":30.0}},{"type":"Feature","geometry":{"type":"Polygon","coordinates":[[[1.8685726727503065,50.95619051274268],[1.8682584594870533,50.957975534038496],[1.8654267045064608,50.957775940318314],[1.865741024884554,50.955990927841974],[1.8685726727503065,50.95619051274268]]]},"properties":{"id":"CRS3035RES200mN3125600E3750800","population":380.0,"households":158.0,"poverty_rate":0.5,"senior_rate":0.12368421052631579,"single_parent_rate":0.3227848101265823,"social_housing_rate":0.9113924050632911,"imputed":false,"vulnerability":55.7}},{"type":"Feature","geometry":{"type":"Polygon","coordinates":[[[1.8714043429569,50.956390028473876],[1.8710902368117293,50.95817505858621],[1.8682584594870533,50.957975534038496],[1.8685726727503065,50.95619051274268],[1.8714043429569,50.956390028473876]]]},"properties":{"id":"CRS3035RES200mN3125600E3751000","population":294.5,"households":146.0,"poverty_rate":0.4726027397260274,"senior_rate":0.15959252971137522,"single_parent_rate":0.1780821917808219,"social_housing_rate":0.6506849315068494,"imputed":false,"vulnerability":47.0}},{"type":"Feature","geometry":{"type":"Polygon","coordinates":[[[1.8742360354969592,50.95658947503466],[1.8739220364730957,50.95837451396053],[1.8710902368117293,50.95817505858621],[1.8714043429569,50.956390028473876],[1.8742360354969592,50.95658947503466]]]},"properties":{"id":"CRS3035RES200mN3125600E3751200","population":236.0,"households":114.0,"poverty_rate":0.14035087719298245,"senior_rate":0.2584745762711864,"single_parent_rate":0.11403508771929824,"social_housing_rate":0.0,"imputed":false,"vulnerability":22.9}},{"type":"Feature","geometry":{"type":"Polygon","coordinates":[[[1.877067750363092,50.956788852424154],[1.8767538584637784,50.958573900160616],[1.8739220364730957,50.95837451396053],[1.8742360354969592,50.95658947503466],[1.877067750363092,50.956788852424154]]]},"properties":{"id":"CRS3035RES200mN3125600E3751400","population":129.0,"households":59.0,"poverty_rate":0.11864406779661017,"senior_rate":0.2713178294573643,"single_parent_rate":0.0847457627118644,"social_housing_rate":0.0,"imputed":false,"vulnerability":21.4}},{"type":"Feature","geometry":{"type":"Polygon","coordinates":[[[1.8798994875479147,50.956988160641515],[1.8795857027763843,50.95877321718556],[1.8767538584637784,50.958573900160616],[1.877067750363092,50.956788852424154],[1.8798994875479147,50.956988160641515]]]},"properties":{"id":"CRS3035RES200mN3125600E3751600","population":108.0,"households":41.0,"poverty_rate":0.0,"senior_rate":0.19444444444444445,"single_parent_rate":0.0975609756097561,"social_housing_rate":0.0,"imputed":false,"vulnerability":12.4}},{"type":"Feature","geometry":{"type":"Polygon","coordinates":[[[1.8827312470440472,50.95718739968582],[1.882417569403533,50.95897246503451],[1.8795857027763843,50.95877321718556],[1.8798994875479147,50.956988160641515],[1.8827312470440472,50.95718739968582]]]},"properties":{"id":"CRS3035RES200mN3125600E3751800","population":117.5,"households":51.0,"poverty_rate":0.0784313725490196,"senior_rate":0.17872340425531916,"single_parent_rate":0.11764705882352941,"social_housing_rate":0.0,"imputed":false,"vulnerability":16.3}},{"type":"Feature","geometry":{"type":"Polygon","coordinates":[[[1.8855630288441023,50.957386569556235],[1.885249458337834,50.9591716437066],[1.882417569403533,50.95897246503451],[1.8827312470440472,50.95718739968582],[1.8855630288441023,50.957386569556235]]]},"properties":{"id":"CRS3035RES200mN3125600E3752000","population":29.5,"households":13.0,"poverty_rate":0.23076923076923078,"senior_rate":0.1016949152542373,"single_parent_rate":0.07692307692307693,"social_housing_rate":0.0,"imputed":false,"vulnerability":18.9}},{"type":"Feature","geometry":{"type":"Polygon","coordinates":[[[1.8883948329406886,50.95758567025184],[1.888081369571901,50.9593707532009],[1.885249458337834,50.9591716437066],[1.8855630288441023,50.957386569556235],[1.8883948329406886,50.95758567025184]]]},"properties":{"id":"CRS3035RES200mN3125600E3752200","population":72.0,"households":36.0,"poverty_rate":0.1111111111111111,"senior_rate":0.3333333333333333,"single_parent_rate":0.1111111111111111,"social_housing_rate":0.0,"imputed":false,"vulnerability":24.8}},{"type":"Feature","geometry":{"type":"Polygon","coordinates":[[[1.8912266593264242,50.95778470177175],[1.8909133030983485,50.959569793516565],[1.888081369571901,50.9593707532009],[1.8883948329406886,50.95758567025184],[1.8912266593264242,50.95778470177175]]]},"properties":{"id":"CRS3035RES200mN3125600E3752400","population":66.0,"households":27.0,"poverty_rate":0.25925925925925924,"senior_rate":0.13636363636363635,"single_parent_rate":0.037037037037037035,"social_housing_rate":0.0,"imputed":false,"vulnerability":20.5}},{"type":"Feature","geometry":{"type":"Polygon","coordinates":[[[1.8940585079939187,50.95798366411514],[1.8937452589097834,50.95976876465273],[1.8909133030983485,50.959569793516565],[1.8912266593264242,50.95778470177175],[1.8940585079939187,50.95798366411514]]]},"properties":{"id":"CRS3035RES200mN3125600E3752600","population":139.0,"households":43.0,"poverty_rate":0.06976744186046512,"senior_rate":0.08633093525179857,"single_parent_rate":0.046511627906976744,"social_housing_rate":0.0,"imputed":false,"vulnerability":9.1}},{"type":"Feature","geometry":{"type":"Polygon","coordinates":[[[1.8968903789357885,50.958182557281084],[1.8965772369988203,50.95996766660849],[1.8937452589097834,50.95976876465273],[1.8940585079939187,50.95798366411514],[1.8968903789357885,50.958182557281084]]]},"properties":{"id":"CRS3035RES200mN3125600E3752800","population":31.0,"households":16.0,"poverty_rate":0.0625,"senior_rate":0.3870967741935484,"single_parent_rate":0.0,"social_housing_rate":0.0,"imputed":false,"vulnerability":20.9}},{"type":"Feature","geometry":{"type":"Polygon","coordinates":[[[1.8997222721446472,50.95838138126876],[1.8994092373580742,50.960166499382986],[1.8965772369988203,50.95996766660849],[1.8968903789357885,50.958182557281084],[1.8997222721446472,50.95838138126876]]]},"properties":{"id":"CRS3035RES200mN3125600E3753000","population":75.0,"households":29.0,"poverty_rate":0.13793103448275862,"senior_rate":0.18666666666666668,"single_parent_rate":0.034482758620689655,"social_housing_rate":0.0,"imputed":false,"vulnerability":16.7}},{"type":"Feature","geometry":{"type":"Polygon","coordinates":[[[1.9025541876130978,50.958580136077224],[1.9022412599801484,50.96036526297532],[1.8994092373580742,50.960166499382986],[1.8997222721446472,50.95838138126876],[1.9025541876130978,50.958580136077224]]]},"properties":{"id":"CRS3035RES200mN3125600E3753200","population":23.0,"households":13.0,"poverty_rate":0.07692307692307693,"senior_rate":0.6521739130434783,"single_parent_rate":0.07692307692307693,"social_housing_rate":0.0,"imputed":false,"vulnerability":36.5}},{"type":"Feature","geometry":{"type":"Polygon","coordinates":[[[1.9053861253337603,50.95877882170564],[1.9050733048576547,50.96056395738467],[1.9022412599801484,50.96036526297532],[1.9025541876130978,50.958580136077224],[1.9053861253337603,50.95877882170564]]]},"properties":{"id":"CRS3035RES200mN3125600E3753400","population":11.5,"households":3.8,"poverty_rate":0.10526315789473685,"senior_rate":0.1391304347826087,"single_parent_rate":0.026315789473684213,"social_housing_rate":0.0,"imputed":true,"vulnerability":12.6}},{"type":"Feature","geometry":{"type":"Polygon","coordinates":[[[1.8257844850411216,50.95497436561772],[1.8254686352605152,50.956759252362495],[1.8226371092509248,50.95655861229591],[1.8229530661076128,50.954773734415944],[1.8257844850411216,50.95497436561772]]]},"properties":{"id":"CRS3035RES200mN3125800E3747800","population":155.0,"households":67.0,"poverty_rate":0.11940298507462686,"senior_rate":0.27741935483870966,"single_parent_rate":0.13432835820895522,"social_housing_rate":0.14925373134328357,"imputed":false,"vulnerability":25.7}},{"type":"Feature","geometry":{"type":"Polygon","coordinates":[[[1.8286159264294324,50.95517492766024],[1.8283001837281612,50.956959823266835],[1.8254686352605152,50.956759252362495],[1.8257844850411216,50.95497436561772],[1.8286159264294324,50.95517492766024]]]},"properties":{"id":"CRS3035RES200mN3125800E3748000","population":129.5,"households":57.0,"poverty_rate":0.14035087719298245,"senior_rate":0.2084942084942085,"single_parent_rate":0.12280701754385964,"social_housing_rate":0.0,"imputed":false,"vulnerability":20.9}},{"type":"Feature","geometry":{"type":"Polygon","coordinates":[[[1.8371103852493555,50.95577619882335],[1.8367949638056078,50.95756112099768],[1.8339633480080857,50.95736075758531],[1.834278876540925,50.955575844263926],[1.8371103852493555,50.95577619882335]]]},"properties":{"id":"CRS3035RES200mN3125800E3748600","population":27.0,"households":9.9,"poverty_rate":0.0,"senior_rate":0.05555555555555555,"single_parent_rate":0.20202020202020202,"social_housing_rate":0.0,"imputed":true,"vulnerability":9.6}},{"type":"Feature","geometry":{"type":"Polygon","coordinates":[[[1.8427734699346856,50.95617670045293],[1.842458262678868,50.95796164032426],[1.839626602031662,50.957761415244285],[1.8399419163830693,50.955976484219974],[1.8427734699346856,50.95617670045293]]]},"properties":{"id":"CRS3035RES200mN3125800E3749000","population":3.0,"households":1.1,"poverty_rate":0.36363636363636365,"senior_rate":0.06666666666666667,"single_parent_rate":0.36363636363636365,"social_housing_rate":0.7272727272727273,"imputed":true,"vulnerability":44.9}},{"type":"Feature","geometry":{"type":"Polygon","coordinates":[[[1.8456050458968323,50.95637684752132],[1.8452899457398482,50.95816179623668],[1.842458262678868,50.95796164032426],[1.8427734699346856,50.95617670045293],[1.8456050458968323,50.95637684752132]]]},"properties":{"id":"CRS3035RES200mN3125800E3749200","population":2.0,"households":0.7,"poverty_rate":0.4285714285714286,"senior_rate":0.05,"single_parent_rate":0.4285714285714286,"social_housing_rate":0.7142857142857143,"imputed":true,"vulnerability":49.4}},{"type":"Feature","geometry":{"type":"Polygon","coordinates":[[[1.8484366442621143,50.956576925424265],[1.8481216512072145,50.958361882980725],[1.8452899457398482,50.95816179623668],[1.8456050458968323,50.95637684752132],[1.8484366442621143,50.956576925424265]]]},"properties":{"id":"CRS3035RES200mN3125800E3749400","population":251.5,"households":118.0,"poverty_rate":0.211864406779661,"senior_rate":0.1550695825049702,"single_parent_rate":0.13559322033898305,"social_housing_rate":0.0,"imputed":false,"vulnerability":22.5}},{"type":"Feature","geometry":{"type":"Polygon","coordinates":[[[1.8512682650231624,50.95677693416089],[1.8509533790735893,50.95856190055548],[1.8481216512072145,50.958361882980725],[1.8484366442621143,50.956576925424265],[1.8512682650231624,50.95677693416089]]]},"properties":{"id":"CRS3035RES200mN3125800E3749600","population":379.0,"households":235.0,"poverty_rate":0.18723404255319148,"senior_rate":0.19525065963060687,"single_parent_rate":0.13617021276595745,"social_housing_rate":0.0,"imputed":false,"vulnerability":23.1}},{"type":"Feature","geometry":{"type":"Polygon","coordinates":[[[1.8540999081725895,50.95697687373032],[1.8537851293315923,50.958761848960044],[1.8509533790735893,50.95856190055548],[1.8512682650231624,50.95677693416089],[1.8540999081725895,50.95697687373032]]]},"properties":{"id":"CRS3035RES200mN3125800E3749800","population":136.0,"households":71.0,"poverty_rate":0.16901408450704225,"senior_rate":0.22058823529411764,"single_parent_rate":0.11267605633802817,"social_housing_rate":0.0,"imputed":false,"vulnerability":22.5}},{"type":"Feature","geometry":{"type":"Polygon","coordinates":[[[1.8569315737030172,50.95717674413164],[1.8566169019738303,50.958961728193586],[1.8537851293315923,50.958761848960044],[1.8540999081725895,50.95697687373032],[1.8569315737030172,50.95717674413164]]]},"properties":{"id":"CRS3035RES200mN3125800E3750000","population":194.0,"households":105.0,"poverty_rate":0.14285714285714285,"senior_rate":0.22164948453608246,"single_parent_rate":0.11428571428571428,"social_housing_rate":0.0,"imputed":false,"vulnerability":21.3}},{"type":"Feature","geometry":{"type":"Polygon","coordinates":[[[1.8597632616070583,50.957376545364006],[1.8594486969929322,50.95916153825516],[1.8566169019738303,50.958961728193586],[1.8569315737030172,50.95717674413164],[1.8597632616070583,50.957376545364006]]]},"properties":{"id":"CRS3035RES200mN3125800E3750200","population":51.0,"households":28.0,"poverty_rate":0.17857142857142858,"senior_rate":0.09803921568627451,"single_parent_rate":0.14285714285714285,"social_housing_rate":0.0,"imputed":false,"vulnerability":18.4}},{"type":"Feature","geometry":{"type":"Polygon","coordinates":[[[1.8682584594870533,50.957975534038496],[1.86794421623754,50.95976055339956],[1.8651123541321715,50.959560950859036],[1.8654267045064608,50.957775940318314],[1.8682584594870533,50.957975534038496]]]},"properties":{"id":"CRS3035RES200mN3125800E3750800","population":1.0,"households":0.5,"poverty_rate":0.2,"senior_rate":0.2,"single_parent_rate":0.2,"social_housing_rate":0.0,"imputed":true,"vulnerability":26.2}},{"type":"Feature","geometry":{"type":"Polygon","coordinates":[[[1.8710902368117293,50.95817505858621],[1.870776100690231,50.95996008676461],[1.86794421623754,50.95976055339956],[1.8682584594870533,50.957975534038496],[1.8710902368117293,50.95817505858621]]]},"properties":{"id":"CRS3035RES200mN3125800E3751000","population":152.5,"households":49.0,"poverty_rate":0.2857142857142857,"senior_rate":0.09836065573770492,"single_parent_rate":0.1836734693877551,"social_housing_rate":0.46938775510204084,"imputed":false,"vulnerability":32.3}},{"type":"Feature","geometry":{"type":"Polygon","coordinates":[[[1.8739220364730957,50.95837451396053],[1.8736080074828507,50.96015955095333],[1.870776100690231,50.95996008676461],[1.8710902368117293,50.95817505858621],[1.8739220364730957,50.95837451396053]]]},"properties":{"id":"CRS3035RES200mN3125800E3751200","population":294.5,"households":120.0,"poverty_rate":0.19166666666666668,"senior_rate":0.1799660441426146,"single_parent_rate":0.08333333333333333,"social_housing_rate":0.0,"imputed":false,"vulnerability":20.8}},{"type":"Feature","geometry":{"type":"Polygon","coordinates":[[[1.8767538584637784,50.958573900160616],[1.8764399366080244,50.96035894596485],[1.8736080074828507,50.96015955095333],[1.8739220364730957,50.95837451396053],[1.8767538584637784,50.958573900160616]]]},"properties":{"id":"CRS3035RES200mN3125800E3751400","population":56.0,"households":25.0,"poverty_rate":0.12,"senior_rate":0.19642857142857142,"single_parent_rate":0.12,"social_housing_rate":0.0,"imputed":false,"vulnerability":19.2}},{"type":"Feature","geometry":{"type":"Polygon","coordinates":[[[1.8795857027763843,50.95877321718556],[1.8792718880583525,50.96055827179827],[1.8764399366080244,50.96035894596485],[1.8767538584637784,50.958573900160616],[1.8795857027763843,50.95877321718556]]]},"properties":{"id":"CRS3035RES200mN3125800E3751600","population":98.0,"households":43.0,"poverty_rate":0.023255813953488372,"senior_rate":0.29591836734693877,"single_parent_rate":0.06976744186046512,"social_housing_rate":0.0,"imputed":false,"vulnerability":17.2}},{"type":"Feature","geometry":{"type":"Polygon","coordinates":[[[1.882417569403533,50.95897246503451],[1.8821038618264614,50.96075752845273],[1.8792718880583525,50.96055827179827],[1.8795857027763843,50.95877321718556],[1.882417569403533,50.95897246503451]]]},"properties":{"id":"CRS3035RES200mN3125800E3751800","population":47.0,"households":19.2,"poverty_rate":0.15104166666666666,"senior_rate":0.10212765957446808,"single_parent_rate":0.0,"social_housing_rate":0.0,"imputed":true,"vulnerability":12.2}},{"type":"Feature","geometry":{"type":"Polygon","coordinates":[[[1.885249458337834,50.9591716437066],[1.8849358579049509,50.96095671592734],[1.8821038618264614,50.96075752845273],[1.882417569403533,50.95897246503451],[1.885249458337834,50.9591716437066]]]},"properties":{"id":"CRS3035RES200mN3125800E3752000","population":101.5,"households":44.0,"poverty_rate":0.045454545454545456,"senior_rate":0.27586206896551724,"single_parent_rate":0.022727272727272728,"social_housing_rate":0.0,"imputed":false,"vulnerability":15.8}},{"type":"Feature","geometry":{"type":"Polygon","coordinates":[[[1.888081369571901,50.9593707532009],[1.887767876286441,50.961155834221216],[1.8849358579049509,50.96095671592734],[1.885249458337834,50.9591716437066],[1.888081369571901,50.9593707532009]]]},"properties":{"id":"CRS3035RES200mN3125800E3752200","population":24.5,"households":9.2,"poverty_rate":0.03260869565217391,"senior_rate":0.11020408163265306,"single_parent_rate":0.03260869565217391,"social_housing_rate":0.0,"imputed":true,"vulnerability":7.8}},{"type":"Feature","geometry":{"type":"Polygon","coordinates":[[[1.8909133030983485,50.959569793516565],[1.8905999169635397,50.96135488333349],[1.887767876286441,50.961155834221216],[1.888081369571901,50.9593707532009],[1.8909133030983485,50.959569793516565]]]},"properties":{"id":"CRS3035RES200mN3125800E3752400","population":24.5,"households":9.2,"poverty_rate":0.03260869565217391,"senior_rate":0.11020408163265306,"single_parent_rate":0.03260869565217391,"social_housing_rate":0.0,"imputed":true,"vulnerability":7.8}},{"type":"Feature","geometry":{"type":"Polygon","coordinates":[[[1.8937452589097834,50.95976876465273],[1.8934319799288604,50.96155386326329],[1.8905999169635397,50.96135488333349],[1.8909133030983485,50.959569793516565],[1.8937452589097834,50.95976876465273]]]},"properties":{"id":"CRS3035RES200mN3125800E3752600","population":13.0,"households":4.9,"poverty_rate":0.04081632653061224,"senior_rate":0.10769230769230768,"single_parent_rate":0.04081632653061224,"social_housing_rate":0.0,"imputed":true,"vulnerability":8.4}},{"type":"Feature","geometry":{"type":"Polygon","coordinates":[[[1.8283001837281612,50.956959823266835],[1.8279844108974257,50.95874471692683],[1.825152755340513,50.95854413715979],[1.8254686352605152,50.956759252362495],[1.8283001837281612,50.956959823266835]]]},"properties":{"id":"CRS3035RES200mN3126000E3748000","population":123.0,"households":62.0,"poverty_rate":0.06451612903225806,"senior_rate":0.37398373983739835,"single_parent_rate":0.08064516129032258,"social_housing_rate":0.0,"imputed":false,"vulnerability":23.3}},{"type":"Feature","geometry":{"type":"Polygon","coordinates":[[[1.8452899457398482,50.95816179623668],[1.8449748155129986,50.959946743010654],[1.842143025343247,50.95974657825329],[1.842458262678868,50.95796164032426],[1.8452899457398482,50.95816179623668]]]},"properties":{"id":"CRS3035RES200mN3126000E3749200","population":61.5,"households":39.0,"poverty_rate":0.15384615384615385,"senior_rate":0.34146341463414637,"single_parent_rate":0.10256410256410256,"social_housing_rate":0.0,"imputed":false,"vulnerability":27.0}},{"type":"Feature","geometry":{"type":"Polygon","coordinates":[[[1.8481216512072145,50.958361882980725],[1.847806628092382,50.96014683859663],[1.8449748155129986,50.959946743010654],[1.8452899457398482,50.95816179623668],[1.8481216512072145,50.958361882980725]]]},"properties":{"id":"CRS3035RES200mN3126000E3749400","population":512.0,"households":302.0,"poverty_rate":0.15562913907284767,"senior_rate":0.232421875,"single_parent_rate":0.15562913907284767,"social_housing_rate":0.0,"imputed":false,"vulnerability":23.9}},{"type":"Feature","geometry":{"type":"Polygon","coordinates":[[[1.8509533790735893,50.95856190055548],[1.8506384630740211,50.96034686501036],[1.847806628092382,50.96014683859663],[1.8481216512072145,50.958361882980725],[1.8509533790735893,50.95856190055548]]]},"properties":{"id":"CRS3035RES200mN3126000E3749600","population":213.5,"households":167.0,"poverty_rate":0.2754491017964072,"senior_rate":0.17798594847775176,"single_parent_rate":0.11377245508982035,"social_housing_rate":0.0,"imputed":false,"vulnerability":25.9}},{"type":"Feature","geometry":{"type":"Polygon","coordinates":[[[1.8537851293315923,50.958761848960044],[1.8534703204505312,50.96054682225096],[1.8506384630740211,50.96034686501036],[1.8509533790735893,50.95856190055548],[1.8537851293315923,50.958761848960044]]]},"properties":{"id":"CRS3035RES200mN3126000E3749800","population":210.5,"households":155.0,"poverty_rate":0.2064516129032258,"senior_rate":0.21852731591448932,"single_parent_rate":0.08387096774193549,"social_housing_rate":0.0,"imputed":false,"vulnerability":23.3}},{"type":"Feature","geometry":{"type":"Polygon","coordinates":[[[1.8566169019738303,50.958961728193586],[1.8563022002145235,50.960746710317544],[1.8534703204505312,50.96054682225096],[1.8537851293315923,50.958761848960044],[1.8566169019738303,50.958961728193586]]]},"properties":{"id":"CRS3035RES200mN3126000E3750000","population":522.0,"households":306.0,"poverty_rate":0.22875816993464052,"senior_rate":0.16091954022988506,"single_parent_rate":0.12418300653594772,"social_housing_rate":0.09477124183006536,"imputed":false,"vulnerability":24.6}},{"type":"Feature","geometry":{"type":"Polygon","coordinates":[[[1.8594486969929322,50.95916153825516],[1.8591341023586194,50.96094652920923],[1.8563022002145235,50.960746710317544],[1.8566169019738303,50.958961728193586],[1.8594486969929322,50.95916153825516]]]},"properties":{"id":"CRS3035RES200mN3126000E3750200","population":151.0,"households":93.0,"poverty_rate":0.16129032258064516,"senior_rate":0.3973509933774834,"single_parent_rate":0.053763440860215055,"social_housing_rate":0.3118279569892473,"imputed":false,"vulnerability":32.9}},{"type":"Feature","geometry":{"type":"Polygon","coordinates":[[[1.86794421623754,50.95976055339956],[1.8676299429976604,50.96154557082608],[1.8647979737575737,50.96134595946438],[1.8651123541321715,50.959560950859036],[1.86794421623754,50.95976055339956]]]},"properties":{"id":"CRS3035RES200mN3126000E3750800","population":75.0,"households":30.0,"poverty_rate":0.3333333333333333,"senior_rate":0.09333333333333334,"single_parent_rate":0.2,"social_housing_rate":0.03333333333333333,"imputed":false,"vulnerability":28.5}},{"type":"Feature","geometry":{"type":"Polygon","coordinates":[[[1.870776100690231,50.95996008676461],[1.8704619345883062,50.96174511300938],[1.8676299429976604,50.96154557082608],[1.86794421623754,50.95976055339956],[1.870776100690231,50.95996008676461]]]},"properties":{"id":"CRS3035RES200mN3126000E3751000","population":203.5,"households":89.0,"poverty_rate":0.20224719101123595,"senior_rate":0.16216216216216217,"single_parent_rate":0.07865168539325842,"social_housing_rate":0.0,"imputed":false,"vulnerability":20.3}},{"type":"Feature","geometry":{"type":"Polygon","coordinates":[[[1.8736080074828507,50.96015955095333],[1.873293948522123,50.96194458601336],[1.8704619345883062,50.96174511300938],[1.870776100690231,50.95996008676461],[1.8736080074828507,50.96015955095333]]]},"properties":{"id":"CRS3035RES200mN3126000E3751200","population":150.0,"households":58.0,"poverty_rate":0.1206896551724138,"senior_rate":0.2,"single_parent_rate":0.08620689655172414,"social_housing_rate":0.0,"imputed":false,"vulnerability":18.3}},{"type":"Feature","geometry":{"type":"Polygon","coordinates":[[[1.8764399366080244,50.96035894596485],[1.8761259847917235,50.96214398983717],[1.873293948522123,50.96194458601336],[1.8736080074828507,50.96015955095333],[1.8764399366080244,50.96035894596485]]]},"properties":{"id":"CRS3035RES200mN3126000E3751400","population":71.5,"households":32.2,"poverty_rate":0.05279503105590062,"senior_rate":0.2839160839160839,"single_parent_rate":0.13043478260869565,"social_housing_rate":0.0,"imputed":true,"vulnerability":20.3}},{"type":"Feature","geometry":{"type":"Polygon","coordinates":[[[1.8792718880583525,50.96055827179827],[1.8789580433897197,50.96234332447993],[1.8761259847917235,50.96214398983717],[1.8764399366080244,50.96035894596485],[1.8792718880583525,50.96055827179827]]]},"properties":{"id":"CRS3035RES200mN3126000E3751600","population":122.0,"households":46.0,"poverty_rate":0.06521739130434782,"senior_rate":0.1885245901639344,"single_parent_rate":0.06521739130434782,"social_housing_rate":0.0,"imputed":false,"vulnerability":14.2}},{"type":"Feature","geometry":{"type":"Polygon","coordinates":[[[1.8821038618264614,50.96075752845273],[1.8817901243087276,50.96254258994075],[1.8789580433897197,50.96234332447993],[1.8792718880583525,50.96055827179827],[1.8821038618264614,50.96075752845273]]]},"properties":{"id":"CRS3035RES200mN3126000E3751800","population":128.0,"households":54.0,"poverty_rate":0.1111111111111111,"senior_rate":0.1796875,"single_parent_rate":0.12962962962962962,"social_housing_rate":0.0,"imputed":false,"vulnerability":18.4}},{"type":"Feature","geometry":{"type":"Polygon","coordinates":[[[1.8849358579049509,50.96095671592734],[1.884622227541353,50.96274178621875],[1.8817901243087276,50.96254258994075],[1.8821038618264614,50.96075752845273],[1.8849358579049509,50.96095671592734]]]},"properties":{"id":"CRS3035RES200mN3126000E3752000","population":112.0,"households":46.0,"poverty_rate":0.15217391304347827,"senior_rate":0.17857142857142858,"single_parent_rate":0.043478260869565216,"social_housing_rate":0.0,"imputed":false,"vulnerability":17.3}},{"type":"Feature","geometry":{"type":"Polygon","coordinates":[[[1.887767876286441,50.961155834221216],[1.8874543530802084,50.962940913313055],[1.884622227541353,50.96274178621875],[1.8849358579049509,50.96095671592734],[1.887767876286441,50.961155834221216]]]},"properties":{"id":"CRS3035RES200mN3126000E3752200","population":146.5,"households":47.0,"poverty_rate":0.06382978723404255,"senior_rate":0.027303754266211604,"single_parent_rate":0.0851063829787234,"social_housing_rate":0.0,"imputed":false,"vulnerability":7.4}},{"type":"Feature","geometry":{"type":"Polygon","coordinates":[[[1.8905999169635397,50.96135488333349],[1.890286500917904,50.9631399712228],[1.8874543530802084,50.962940913313055],[1.887767876286441,50.961155834221216],[1.8905999169635397,50.96135488333349]]]},"properties":{"id":"CRS3035RES200mN3126000E3752400","population":144.5,"households":49.0,"poverty_rate":0.04081632653061224,"senior_rate":0.04844290657439446,"single_parent_rate":0.10204081632653061,"social_housing_rate":0.22448979591836735,"imputed":false,"vulnerability":11.2}},{"type":"Feature","geometry":{"type":"Polygon","coordinates":[[[1.8934319799288604,50.96155386326329],[1.8931186710470516,50.963338959947095],[1.890286500917904,50.9631399712228],[1.8905999169635397,50.96135488333349],[1.8934319799288604,50.96155386326329]]]},"properties":{"id":"CRS3035RES200mN3126000E3752600","population":49.5,"households":19.0,"poverty_rate":0.15789473684210525,"senior_rate":0.12121212121212122,"single_parent_rate":0.10526315789473684,"social_housing_rate":0.21052631578947367,"imputed":false,"vulnerability":20.3}},{"type":"Feature","geometry":{"type":"Polygon","coordinates":[[[1.8962640651750085,50.96175277400972],[1.895950863460259,50.96353787948506],[1.8931186710470516,50.963338959947095],[1.8934319799288604,50.96155386326329],[1.8962640651750085,50.96175277400972]]]},"properties":{"id":"CRS3035RES200mN3126000E3752800","population":2.0,"households":0.8,"poverty_rate":0.125,"senior_rate":0.35,"single_parent_rate":0.0,"social_housing_rate":0.0,"imputed":true,"vulnerability":22.3}},{"type":"Feature","geometry":{"type":"Polygon","coordinates":[[[1.9132570441354797,50.96294478558869],[1.9129444854908333,50.96472994375089],[1.9101121595284944,50.9645314393493],[1.9104248253595544,50.96274628996084],[1.9132570441354797,50.96294478558869]]]},"properties":{"id":"CRS3035RES200mN3126000E3754000","population":3.0,"households":1.1,"poverty_rate":0.18181818181818182,"senior_rate":0.2333333333333333,"single_parent_rate":0.0,"social_housing_rate":0.0,"imputed":true,"vulnerability":19.8}},{"type":"Feature","geometry":{"type":"Polygon","coordinates":[[[1.8279844108974257,50.95874471692683],[1.827668607933097,50.96052960864049],[1.8248368452769834,50.96032902000987],[1.825152755340513,50.95854413715979],[1.8279844108974257,50.95874471692683]]]},"properties":{"id":"CRS3035RES200mN3126200E3748000","population":122.0,"households":55.0,"poverty_rate":0.10909090909090909,"senior_rate":0.3524590163934426,"single_parent_rate":0.09090909090909091,"social_housing_rate":0.0,"imputed":false,"vulnerability":24.8}},{"type":"Feature","geometry":{"type":"Polygon","coordinates":[[[1.8308160889082623,50.9589452275278],[1.830500393046387,50.960730128102064],[1.827668607933097,50.96052960864049],[1.8279844108974257,50.95874471692683],[1.8308160889082623,50.9589452275278]]]},"properties":{"id":"CRS3035RES200mN3126200E3748200","population":96.5,"households":41.0,"poverty_rate":0.07317073170731707,"senior_rate":0.21761658031088082,"single_parent_rate":0.12195121951219512,"social_housing_rate":0.0,"imputed":false,"vulnerability":17.9}},{"type":"Feature","geometry":{"type":"Polygon","coordinates":[[[1.8336477893656458,50.95914566896182],[1.8333322006094759,50.96093057839372],[1.830500393046387,50.960730128102064],[1.8308160889082623,50.9589452275278],[1.8336477893656458,50.95914566896182]]]},"properties":{"id":"CRS3035RES200mN3126200E3748400","population":114.0,"households":49.0,"poverty_rate":0.14285714285714285,"senior_rate":0.13157894736842105,"single_parent_rate":0.20408163265306123,"social_housing_rate":0.7142857142857143,"imputed":false,"vulnerability":31.1}},{"type":"Feature","geometry":{"type":"Polygon","coordinates":[[[1.8364795122621893,50.959346041227995],[1.8361640306149798,50.96113095951458],[1.8333322006094759,50.96093057839372],[1.8336477893656458,50.95914566896182],[1.8364795122621893,50.959346041227995]]]},"properties":{"id":"CRS3035RES200mN3126200E3748600","population":2.0,"households":1.0,"poverty_rate":0.0,"senior_rate":0.45,"single_parent_rate":0.0,"social_housing_rate":0.0,"imputed":true,"vulnerability":20.7}},{"type":"Feature","geometry":{"type":"Polygon","coordinates":[[[1.847806628092382,50.96014683859663],[1.8474915749135026,50.96193179227227],[1.8446596552121646,50.96173168784346],[1.8449748155129986,50.959946743010654],[1.847806628092382,50.96014683859663]]]},"properties":{"id":"CRS3035RES200mN3126200E3749400","population":50.0,"households":39.0,"poverty_rate":0.2564102564102564,"senior_rate":0.28,"single_parent_rate":0.02564102564102564,"social_housing_rate":0.0,"imputed":false,"vulnerability":26.6}},{"type":"Feature","geometry":{"type":"Polygon","coordinates":[[[1.8506384630740211,50.96034686501036],[1.8503235170203423,50.96213182752584],[1.8474915749135026,50.96193179227227],[1.847806628092382,50.96014683859663],[1.8506384630740211,50.96034686501036]]]},"properties":{"id":"CRS3035RES200mN3126200E3749600","population":61.0,"households":39.0,"poverty_rate":0.1794871794871795,"senior_rate":0.5737704918032787,"single_parent_rate":0.07692307692307693,"social_housing_rate":0.0,"imputed":false,"vulnerability":38.1}},{"type":"Feature","geometry":{"type":"Polygon","coordinates":[[[1.8534703204505312,50.96054682225096],[1.8531554815252986,50.96233179360333],[1.8503235170203423,50.96213182752584],[1.8506384630740211,50.96034686501036],[1.8534703204505312,50.96054682225096]]]},"properties":{"id":"CRS3035RES200mN3126200E3749800","population":416.0,"households":269.0,"poverty_rate":0.31970260223048325,"senior_rate":0.24759615384615385,"single_parent_rate":0.1449814126394052,"social_housing_rate":0.13382899628252787,"imputed":false,"vulnerability":34.5}},{"type":"Feature","geometry":{"type":"Polygon","coordinates":[[[1.8563022002145235,50.960746710317544],[1.855987468420983,50.962531690503816],[1.8531554815252986,50.96233179360333],[1.8534703204505312,50.96054682225096],[1.8563022002145235,50.960746710317544]]]},"properties":{"id":"CRS3035RES200mN3126200E3750000","population":117.0,"households":74.0,"poverty_rate":0.25675675675675674,"senior_rate":0.2222222222222222,"single_parent_rate":0.12162162162162163,"social_housing_rate":0.02702702702702703,"imputed":false,"vulnerability":27.7}},{"type":"Feature","geometry":{"type":"Polygon","coordinates":[[[1.8591341023586194,50.96094652920923],[1.8588194777000133,50.96273151822646],[1.855987468420983,50.962531690503816],[1.8563022002145235,50.960746710317544],[1.8591341023586194,50.96094652920923]]]},"properties":{"id":"CRS3035RES200mN3126200E3750200","population":19.0,"households":10.2,"poverty_rate":0.14705882352941177,"senior_rate":0.15263157894736845,"single_parent_rate":0.0,"social_housing_rate":0.0,"imputed":true,"vulnerability":14.4}},{"type":"Feature","geometry":{"type":"Polygon","coordinates":[[[1.8647979737575737,50.96134595946438],[1.86448356337856,50.96313096613464],[1.8616515093550028,50.96293127677036],[1.8619660268754317,50.961146278925135],[1.8647979737575737,50.96134595946438]]]},"properties":{"id":"CRS3035RES200mN3126200E3750600","population":7.0,"households":3.8,"poverty_rate":0.13157894736842105,"senior_rate":0.15714285714285717,"single_parent_rate":0.0,"social_housing_rate":0.0,"imputed":true,"vulnerability":13.8}},{"type":"Feature","geometry":{"type":"Polygon","coordinates":[[[1.873293948522123,50.96194458601336],[1.8729798595868012,50.96372961914089],[1.8701477385018483,50.96353013732079],[1.8704619345883062,50.96174511300938],[1.873293948522123,50.96194458601336]]]},"properties":{"id":"CRS3035RES200mN3126200E3751200","population":4.0,"households":1.8,"poverty_rate":0.05555555555555556,"senior_rate":0.275,"single_parent_rate":0.11111111111111112,"social_housing_rate":0.0,"imputed":true,"vulnerability":19.3}},{"type":"Feature","geometry":{"type":"Polygon","coordinates":[[[1.8761259847917235,50.96214398983717],[1.875812003010776,50.96392903177786],[1.8729798595868012,50.96372961914089],[1.873293948522123,50.96194458601336],[1.8761259847917235,50.96214398983717]]]},"properties":{"id":"CRS3035RES200mN3126200E3751400","population":85.0,"households":39.0,"poverty_rate":0.46153846153846156,"senior_rate":0.0,"single_parent_rate":0.358974358974359,"social_housing_rate":1.0,"imputed":false,"vulnerability":50.6}},{"type":"Feature","geometry":{"type":"Polygon","coordinates":[[[1.8817901243087276,50.96254258994075],[1.8814763568462307,50.96432764949885],[1.8786441687663809,50.9641283752308],[1.8789580433897197,50.96234332447993],[1.8817901243087276,50.96254258994075]]]},"properties":{"id":"CRS3035RES200mN3126200E3751800","population":9.0,"households":4.0,"poverty_rate":0.05,"senior_rate":0.2777777777777778,"single_parent_rate":0.125,"social_housing_rate":0.0,"imputed":true,"vulnerability":19.7}},{"type":"Feature","geometry":{"type":"Polygon","coordinates":[[[1.884622227541353,50.96274178621875],[1.884308567242934,50.964526854581116],[1.8814763568462307,50.96432764949885],[1.8817901243087276,50.96254258994075],[1.884622227541353,50.96274178621875]]]},"properties":{"id":"CRS3035RES200mN3126200E3752000","population":3.0,"households":1.3,"poverty_rate":0.07692307692307693,"senior_rate":0.3333333333333333,"single_parent_rate":0.07692307692307693,"social_housing_rate":0.0,"imputed":true,"vulnerability":21.9}},{"type":"Feature","geometry":{"type":"Polygon","coordinates":[[[1.8931186710470516,50.963338959947095],[1.8928053322602647,50.96512405470442],[1.8899730549573417,50.96492505718478],[1.890286500917904,50.9631399712228],[1.8931186710470516,50.963338959947095]]]},"properties":{"id":"CRS3035RES200mN3126200E3752600","population":22.5,"households":9.5,"poverty_rate":0.09473684210526316,"senior_rate":0.31555555555555553,"single_parent_rate":0.05263157894736842,"social_housing_rate":0.0,"imputed":true,"vulnerability":21.1}},{"type":"Feature","geometry":{"type":"Polygon","coordinates":[[[1.895950863460259,50.96353787948506],[1.895637631850473,50.965322983034774],[1.8928053322602647,50.96512405470442],[1.8931186710470516,50.963338959947095],[1.895950863460259,50.96353787948506]]]},"properties":{"id":"CRS3035RES200mN3126200E3752800","population":20.0,"households":8.4,"poverty_rate":0.09523809523809523,"senior_rate":0.315,"single_parent_rate":0.047619047619047616,"social_housing_rate":0.0,"imputed":true,"vulnerability":20.9}},{"type":"Feature","geometry":{"type":"Polygon","coordinates":[[[1.8987830781501356,50.96373672983581],[1.8984699537205847,50.96552184217496],[1.895637631850473,50.965322983034774],[1.895950863460259,50.96353787948506],[1.8987830781501356,50.96373672983581]]]},"properties":{"id":"CRS3035RES200mN3126200E3753000","population":25.0,"households":10.0,"poverty_rate":0.09,"senior_rate":0.14400000000000002,"single_parent_rate":0.05,"social_housing_rate":0.0,"imputed":true,"vulnerability":12.9}},{"type":"Feature","geometry":{"type":"Polygon","coordinates":[[[1.9016153151092903,50.96393551099849],[1.9013022978632015,50.965720632124096],[1.8984699537205847,50.96552184217496],[1.8987830781501356,50.96373672983581],[1.9016153151092903,50.96393551099849]]]},"properties":{"id":"CRS3035RES200mN3126200E3753200","population":22.0,"households":8.8,"poverty_rate":0.09090909090909091,"senior_rate":0.14545454545454548,"single_parent_rate":0.045454545454545456,"social_housing_rate":0.0,"imputed":true,"vulnerability":12.8}},{"type":"Feature","geometry":{"type":"Polygon","coordinates":[[[1.9044475743303306,50.96413422297223],[1.9041346642709271,50.965919352881315],[1.9013022978632015,50.965720632124096],[1.9016153151092903,50.96393551099849],[1.9044475743303306,50.96413422297223]]]},"properties":{"id":"CRS3035RES200mN3126200E3753400","population":5.0,"households":2.0,"poverty_rate":0.1,"senior_rate":0.16,"single_parent_rate":0.05,"social_housing_rate":0.0,"imputed":true,"vulnerability":14.1}},{"type":"Feature","geometry":{"type":"Polygon","coordinates":[[[1.90727985580586,50.96433286575611],[1.9069670529363747,50.96611800444571],[1.9041346642709271,50.965919352881315],[1.9044475743303306,50.96413422297223],[1.90727985580586,50.96433286575611]]]},"properties":{"id":"CRS3035RES200mN3126200E3753600","population":32.0,"households":12.0,"poverty_rate":0.0,"senior_rate":0.0,"single_parent_rate":0.16666666666666666,"social_housing_rate":0.0,"imputed":false,"vulnerability":5.8}},{"type":"Feature","geometry":{"type":"Polygon","coordinates":[[[1.9101121595284944,50.9645314393493],[1.9097994638521465,50.96631658681646],[1.9069670529363747,50.96611800444571],[1.90727985580586,50.96433286575611],[1.9101121595284944,50.9645314393493]]]},"properties":{"id":"CRS3035RES200mN3126200E3753800","population":3.0,"households":1.2,"poverty_rate":0.08333333333333334,"senior_rate":0.13333333333333333,"single_parent_rate":0.08333333333333334,"social_housing_rate":0.0,"imputed":true,"vulnerability":13.2}},{"type":"Feature","geometry":{"type":"Polygon","coordinates":[[[1.9129444854908333,50.96472994375089],[1.9126318970108491,50.966515099992634],[1.9097994638521465,50.96631658681646],[1.9101121595284944,50.9645314393493],[1.9129444854908333,50.96472994375089]]]},"properties":{"id":"CRS3035RES200mN3126200E3754000","population":21.0,"households":7.6,"poverty_rate":0.19736842105263158,"senior_rate":0.21904761904761902,"single_parent_rate":0.039473684210526314,"social_housing_rate":0.0,"imputed":true,"vulnerability":21.3}},{"type":"Feature","geometry":{"type":"Polygon","coordinates":[[[1.915776833685488,50.964928378960046],[1.9154643524050863,50.96671354397339],[1.9126318970108491,50.966515099992634],[1.9129444854908333,50.96472994375089],[1.915776833685488,50.964928378960046]]]},"properties":{"id":"CRS3035RES200mN3126200E3754200","population":9.0,"households":3.3,"poverty_rate":0.21212121212121213,"senior_rate":0.21111111111111114,"single_parent_rate":0.030303030303030307,"social_housing_rate":0.0,"imputed":true,"vulnerability":21.4}},{"type":"Feature","geometry":{"type":"Polygon","coordinates":[[[1.830500393046387,50.960730128102064],[1.830184667056728,50.96251502673114],[1.8273527748310505,50.96231449840808],[1.827668607933097,50.96052960864049],[1.830500393046387,50.960730128102064]]]},"properties":{"id":"CRS3035RES200mN3126400E3748200","population":46.0,"households":22.0,"poverty_rate":0.045454545454545456,"senior_rate":0.41521739130434787,"single_parent_rate":0.0,"social_housing_rate":0.0,"imputed":true,"vulnerability":21.4}},{"type":"Feature","geometry":{"type":"Polygon","coordinates":[[[1.8333322006094759,50.96093057839372],[1.8330165817354598,50.9627154858813],[1.830184667056728,50.96251502673114],[1.830500393046387,50.960730128102064],[1.8333322006094759,50.96093057839372]]]},"properties":{"id":"CRS3035RES200mN3126400E3748400","population":162.5,"households":109.0,"poverty_rate":0.13761467889908258,"senior_rate":0.4430769230769231,"single_parent_rate":0.027522935779816515,"social_housing_rate":0.009174311926605505,"imputed":false,"vulnerability":28.4}},{"type":"Feature","geometry":{"type":"Polygon","coordinates":[[[1.8361640306149798,50.96113095951458],[1.8358485188598574,50.96291587585769],[1.8330165817354598,50.9627154858813],[1.8333322006094759,50.96093057839372],[1.8361640306149798,50.96113095951458]]]},"properties":{"id":"CRS3035RES200mN3126400E3748600","population":403.5,"households":187.0,"poverty_rate":0.21390374331550802,"senior_rate":0.20074349442379183,"single_parent_rate":0.24598930481283424,"social_housing_rate":0.7967914438502673,"imputed":false,"vulnerability":40.5}},{"type":"Feature","geometry":{"type":"Polygon","coordinates":[[[1.8389958830555186,50.96133127146373],[1.8386804784225401,50.96311619665941],[1.8358485188598574,50.96291587585769],[1.8361640306149798,50.96113095951458],[1.8389958830555186,50.96133127146373]]]},"properties":{"id":"CRS3035RES200mN3126400E3748800","population":209.0,"households":138.0,"poverty_rate":0.07971014492753623,"senior_rate":0.507177033492823,"single_parent_rate":0.050724637681159424,"social_housing_rate":0.0,"imputed":false,"vulnerability":29.1}},{"type":"Feature","geometry":{"type":"Polygon","coordinates":[[[1.8418277579237055,50.96153151424032],[1.841512460416123,50.963316448285624],[1.8386804784225401,50.96311619665941],[1.8389958830555186,50.96133127146373],[1.8418277579237055,50.96153151424032]]]},"properties":{"id":"CRS3035RES200mN3126400E3749000","population":244.5,"households":158.0,"poverty_rate":0.1518987341772152,"senior_rate":0.5521472392638037,"single_parent_rate":0.08860759493670886,"social_housing_rate":0.7468354430379747,"imputed":false,"vulnerability":47.3}},{"type":"Feature","geometry":{"type":"Polygon","coordinates":[[[1.8446596552121646,50.96173168784346],[1.8443444648332272,50.96351663073542],[1.841512460416123,50.963316448285624],[1.8418277579237055,50.96153151424032],[1.8446596552121646,50.96173168784346]]]},"properties":{"id":"CRS3035RES200mN3126400E3749200","population":153.0,"households":106.0,"poverty_rate":0.20754716981132076,"senior_rate":0.2679738562091503,"single_parent_rate":0.03773584905660377,"social_housing_rate":0.44339622641509435,"imputed":false,"vulnerability":30.7}},{"type":"Feature","geometry":{"type":"Polygon","coordinates":[[[1.8531554815252986,50.96233179360333],[1.8528406125517805,50.96411676301742],[1.850008540908437,50.963916788102196],[1.8503235170203423,50.96213182752584],[1.8531554815252986,50.96233179360333]]]},"properties":{"id":"CRS3035RES200mN3126400E3749800","population":131.0,"households":66.0,"poverty_rate":0.4090909090909091,"senior_rate":0.19083969465648856,"single_parent_rate":0.21212121212121213,"social_housing_rate":0.5909090909090909,"imputed":false,"vulnerability":45.5}},{"type":"Feature","geometry":{"type":"Polygon","coordinates":[[[1.9126318970108491,50.966515099992634],[1.9123192786914383,50.9683002543142],[1.9094867383264231,50.96810173236258],[1.9097994638521465,50.96631658681646],[1.9126318970108491,50.966515099992634]]]},"properties":{"id":"CRS3035RES200mN3126400E3754000","population":2.0,"households":0.7,"poverty_rate":0.14285714285714288,"senior_rate":0.2,"single_parent_rate":0.0,"social_housing_rate":0.0,"imputed":true,"vulnerability":16.3}},{"type":"Feature","geometry":{"type":"Polygon","coordinates":[[[1.841512460416123,50.963316448285624],[1.8411971328163825,50.96510138038946],[1.8383650436874643,50.96490111991279],[1.8386804784225401,50.96311619665941],[1.841512460416123,50.963316448285624]]]},"properties":{"id":"CRS3035RES200mN3126600E3749000","population":89.5,"households":73.0,"poverty_rate":0.2465753424657534,"senior_rate":0.4022346368715084,"single_parent_rate":0.0547945205479452,"social_housing_rate":0.0273972602739726,"imputed":false,"vulnerability":33.2}},{"type":"Feature","geometry":{"type":"Polygon","coordinates":[[[1.8443444648332272,50.96351663073542],[1.844029244372066,50.96530157168676],[1.8411971328163825,50.96510138038946],[1.841512460416123,50.963316448285624],[1.8443444648332272,50.96351663073542]]]},"properties":{"id":"CRS3035RES200mN3126600E3749200","population":271.0,"households":175.0,"poverty_rate":0.11428571428571428,"senior_rate":0.5276752767527675,"single_parent_rate":0.022857142857142857,"social_housing_rate":0.0,"imputed":false,"vulnerability":30.8}},{"type":"Feature","geometry":{"type":"Polygon","coordinates":[[[1.847176491666456,50.9637167440079],[1.8468613783471297,50.965501693803795],[1.844029244372066,50.96530157168676],[1.8443444648332272,50.96351663073542],[1.847176491666456,50.9637167440079]]]},"properties":{"id":"CRS3035RES200mN3126600E3749400","population":48.0,"households":26.4,"poverty_rate":0.034090909090909095,"senior_rate":0.4895833333333333,"single_parent_rate":0.07196969696969698,"social_housing_rate":0.0,"imputed":true,"vulnerability":26.7}},{"type":"Feature","geometry":{"type":"Polygon","coordinates":[[[1.844029244372066,50.96530157168676],[1.8437139938245657,50.96708651069782],[1.8408817751203554,50.96688631055214],[1.8411971328163825,50.96510138038946],[1.844029244372066,50.96530157168676]]]},"properties":{"id":"CRS3035RES200mN3126800E3749200","population":3.0,"households":1.6,"poverty_rate":0.0625,"senior_rate":0.4666666666666666,"single_parent_rate":0.0625,"social_housing_rate":0.0,"imputed":true,"vulnerability":26.8}},{"type":"Feature","geometry":{"type":"Polygon","coordinates":[[[1.9120066305285142,50.97008540671587],[1.9116939525179861,50.9718705571979],[1.908861197710482,50.97167201769282],[1.9091739829472296,50.969886875987946],[1.9120066305285142,50.97008540671587]]]},"properties":{"id":"CRS3035RES200mN3126800E3754000","population":5.0,"households":1.8,"poverty_rate":0.22222222222222224,"senior_rate":0.22000000000000003,"single_parent_rate":0.05555555555555556,"social_housing_rate":0.0,"imputed":true,"vulnerability":23.2}},{"type":"Feature","geometry":{"type":"Polygon","coordinates":[[[1.9142141289478827,50.973854184836384],[1.9139014984792428,50.97563934025593],[1.9110685069377678,50.97544085240422],[1.911381244655769,50.9736557057606],[1.9142141289478827,50.973854184836384]]]},"properties":{"id":"CRS3035RES200mN3127200E3754200","population":4.0,"households":1.4,"poverty_rate":0.2142857142857143,"senior_rate":0.225,"single_parent_rate":0.07142857142857144,"social_housing_rate":0.0,"imputed":true,"vulnerability":23.6}}]}
