{"type":"FeatureCollection","name":"Parcelles préqualifiées — Calais","metadata":{"territory":"62193","sources":["Géoportail de l'urbanisme — WFS zone_urba","Cadastre Etalab","OpenStreetMap — hydrographie, ODbL 1.0"],"rules":{"planning_zones":["U","AU"],"minimum_area_m2":500,"maximum_area_m2":50000,"water_excluded":true}},"features":[{"type":"Feature","geometry":{"type":"Point","coordinates":[1.8512565409996613,50.951805699999994]},"properties":{"parcel_id":"62193000AB0697","section":"AB","number":"697","area_m2":35588,"zone_type":"U","zone_label":"UA","planning_document":"62193_PLU_20260710","demand_cell_id":"CRS3035RES200mN3125200E3749600"}},{"type":"Feature","geometry":{"type":"Point","coordinates":[1.8504911122531653,50.95207085]},"properties":{"parcel_id":"62193000AB0694","section":"AB","number":"694","area_m2":1664,"zone_type":"U","zone_label":"UA","planning_document":"62193_PLU_20260710","demand_cell_id":"CRS3035RES200mN3125200E3749600"}},{"type":"Feature","geometry":{"type":"Point","coordinates":[1.849819957784775,50.9515409]},"properties":{"parcel_id":"62193000AB0691","section":"AB","number":"691","area_m2":773,"zone_type":"U","zone_label":"UA","planning_document":"62193_PLU_20260710","demand_cell_id":"CRS3035RES200mN3125200E3749600"}},{"type":"Feature","geometry":{"type":"Point","coordinates":[1.8534468260975323,50.95258845]},"properties":{"parcel_id":"62193000AB0032","section":"AB","number":"32","area_m2":21267,"zone_type":"U","zone_label":"UA","planning_document":"62193_PLU_20260710","demand_cell_id":"CRS3035RES200mN3125200E3749800"}},{"type":"Feature","geometry":{"type":"Point","coordinates":[1.8545655492092874,50.95269285]},"properties":{"parcel_id":"62193000AB0033","section":"AB","number":"33","area_m2":1876,"zone_type":"U","zone_label":"UA","planning_document":"62193_PLU_20260710","demand_cell_id":"CRS3035RES200mN3125200E3749800"}},{"type":"Feature","geometry":{"type":"Point","coordinates":[1.854021868622031,50.9516638]},"properties":{"parcel_id":"62193000AB0796","section":"AB","number":"796","area_m2":939,"zone_type":"U","zone_label":"UA","planning_document":"62193_PLU_20260710","demand_cell_id":"CRS3035RES200mN3125200E3749800"}},{"type":"Feature","geometry":{"type":"Point","coordinates":[1.854906491699484,50.95372295]},"properties":{"parcel_id":"62193000AB0814","section":"AB","number":"814","area_m2":4933,"zone_type":"U","zone_label":"UA","planning_document":"62193_PLU_20260710","demand_cell_id":"CRS3035RES200mN3125400E3750000"}},{"type":"Feature","geometry":{"type":"Point","coordinates":[1.8546326795721257,50.95405475]},"properties":{"parcel_id":"62193000AB0809","section":"AB","number":"809","area_m2":3409,"zone_type":"U","zone_label":"UA","planning_document":"62193_PLU_20260710","demand_cell_id":"CRS3035RES200mN3125400E3750000"}},{"type":"Feature","geometry":{"type":"Point","coordinates":[1.8563755600203455,50.9552475]},"properties":{"parcel_id":"62193000BK0184","section":"BK","number":"184","area_m2":2843,"zone_type":"U","zone_label":"UL","planning_document":"62193_PLU_20260710","demand_cell_id":"CRS3035RES200mN3125400E3750000"}},{"type":"Feature","geometry":{"type":"Point","coordinates":[1.850231241142857,50.95029675]},"properties":{"parcel_id":"62193000AB0905","section":"AB","number":"905","area_m2":3029,"zone_type":"U","zone_label":"UA","planning_document":"62193_PLU_20260710","demand_cell_id":"CRS3035RES200mN3125000E3749600"}},{"type":"Feature","geometry":{"type":"Point","coordinates":[1.8511166680795443,50.95012055]},"properties":{"parcel_id":"62193000AB0882","section":"AB","number":"882","area_m2":3014,"zone_type":"U","zone_label":"UA","planning_document":"62193_PLU_20260710","demand_cell_id":"CRS3035RES200mN3125000E3749600"}},{"type":"Feature","geometry":{"type":"Point","coordinates":[1.8520085077621404,50.9511383]},"properties":{"parcel_id":"62193000AB0560","section":"AB","number":"560","area_m2":1309,"zone_type":"U","zone_label":"UA","planning_document":"62193_PLU_20260710","demand_cell_id":"CRS3035RES200mN3125000E3749600"}},{"type":"Feature","geometry":{"type":"Point","coordinates":[1.849251578109453,50.9502737]},"properties":{"parcel_id":"62193000AB0649","section":"AB","number":"649","area_m2":2255,"zone_type":"U","zone_label":"UA","planning_document":"62193_PLU_20260710","demand_cell_id":"CRS3035RES200mN3125000E3749400"}},{"type":"Feature","geometry":{"type":"Point","coordinates":[1.8494204387422364,50.95058195]},"properties":{"parcel_id":"62193000AB0877","section":"AB","number":"877","area_m2":1499,"zone_type":"U","zone_label":"UA","planning_document":"62193_PLU_20260710","demand_cell_id":"CRS3035RES200mN3125000E3749400"}},{"type":"Feature","geometry":{"type":"Point","coordinates":[1.8475404906727266,50.950366849999995]},"properties":{"parcel_id":"62193000BC0226","section":"BC","number":"226","area_m2":936,"zone_type":"U","zone_label":"UA","planning_document":"62193_PLU_20260710","demand_cell_id":"CRS3035RES200mN3125000E3749400"}},{"type":"Feature","geometry":{"type":"Point","coordinates":[1.8527055105236654,50.9507804]},"properties":{"parcel_id":"62193000AB0802","section":"AB","number":"802","area_m2":4062,"zone_type":"U","zone_label":"UA","planning_document":"62193_PLU_20260710","demand_cell_id":"CRS3035RES200mN3125000E3749800"}},{"type":"Feature","geometry":{"type":"Point","coordinates":[1.853038784196674,50.9513048]},"properties":{"parcel_id":"62193000AB0801","section":"AB","number":"801","area_m2":3914,"zone_type":"U","zone_label":"UA","planning_document":"62193_PLU_20260710","demand_cell_id":"CRS3035RES200mN3125000E3749800"}},{"type":"Feature","geometry":{"type":"Point","coordinates":[1.8534586596839926,50.9507359]},"properties":{"parcel_id":"62193000AB0563","section":"AB","number":"563","area_m2":1824,"zone_type":"U","zone_label":"UA","planning_document":"62193_PLU_20260710","demand_cell_id":"CRS3035RES200mN3125000E3749800"}},{"type":"Feature","geometry":{"type":"Point","coordinates":[1.8580265601240067,50.95017195]},"properties":{"parcel_id":"62193000AB0761","section":"AB","number":"761","area_m2":8067,"zone_type":"U","zone_label":"UA","planning_document":"62193_PLU_20260710","demand_cell_id":"CRS3035RES200mN3125000E3750000"}},{"type":"Feature","geometry":{"type":"Point","coordinates":[1.857910644152958,50.951152449999995]},"properties":{"parcel_id":"62193000AB0234","section":"AB","number":"234","area_m2":1670,"zone_type":"U","zone_label":"UA","planning_document":"62193_PLU_20260710","demand_cell_id":"CRS3035RES200mN3125000E3750000"}},{"type":"Feature","geometry":{"type":"Point","coordinates":[1.8577907526859503,50.9506808]},"properties":{"parcel_id":"62193000AB0744","section":"AB","number":"744","area_m2":1455,"zone_type":"U","zone_label":"UA","planning_document":"62193_PLU_20260710","demand_cell_id":"CRS3035RES200mN3125000E3750000"}},{"type":"Feature","geometry":{"type":"Point","coordinates":[1.8572485754095966,50.9481837]},"properties":{"parcel_id":"62193000AW1656","section":"AW","number":"1656","area_m2":5084,"zone_type":"U","zone_label":"UA","planning_document":"62193_PLU_20260710","demand_cell_id":"CRS3035RES200mN3124800E3750000"}},{"type":"Feature","geometry":{"type":"Point","coordinates":[1.8561342315393743,50.9482074]},"properties":{"parcel_id":"62193000AW1609","section":"AW","number":"1609","area_m2":4739,"zone_type":"U","zone_label":"UA","planning_document":"62193_PLU_20260710","demand_cell_id":"CRS3035RES200mN3124800E3750000"}},{"type":"Feature","geometry":{"type":"Point","coordinates":[1.8581478742808468,50.949901350000005]},"properties":{"parcel_id":"62193000AB0754","section":"AB","number":"754","area_m2":2590,"zone_type":"U","zone_label":"UA","planning_document":"62193_PLU_20260710","demand_cell_id":"CRS3035RES200mN3124800E3750000"}},{"type":"Feature","geometry":{"type":"Point","coordinates":[1.8598232930905259,50.95031805]},"properties":{"parcel_id":"62193000AB0777","section":"AB","number":"777","area_m2":2706,"zone_type":"U","zone_label":"UA","planning_document":"62193_PLU_20260710","demand_cell_id":"CRS3035RES200mN3125000E3750200"}},{"type":"Feature","geometry":{"type":"Point","coordinates":[1.8608389313089924,50.950821250000004]},"properties":{"parcel_id":"62193000AC0627","section":"AC","number":"627","area_m2":1733,"zone_type":"U","zone_label":"UAb","planning_document":"62193_PLU_20260710","demand_cell_id":"CRS3035RES200mN3125000E3750200"}},{"type":"Feature","geometry":{"type":"Point","coordinates":[1.8605300939013951,50.951254500000005]},"properties":{"parcel_id":"62193000AC0630","section":"AC","number":"630","area_m2":1693,"zone_type":"U","zone_label":"UAb","planning_document":"62193_PLU_20260710","demand_cell_id":"CRS3035RES200mN3125000E3750200"}},{"type":"Feature","geometry":{"type":"Point","coordinates":[1.8593646425212715,50.9487561]},"properties":{"parcel_id":"62193000AL1296","section":"AL","number":"1296","area_m2":1960,"zone_type":"U","zone_label":"UA","planning_document":"62193_PLU_20260710","demand_cell_id":"CRS3035RES200mN3124800E3750200"}},{"type":"Feature","geometry":{"type":"Point","coordinates":[1.8609873350211712,50.9492061]},"properties":{"parcel_id":"62193000AL1143","section":"AL","number":"1143","area_m2":1793,"zone_type":"U","zone_label":"UA","planning_document":"62193_PLU_20260710","demand_cell_id":"CRS3035RES200mN3124800E3750200"}},{"type":"Feature","geometry":{"type":"Point","coordinates":[1.8604331794528484,50.949804900000004]},"properties":{"parcel_id":"62193000AB0757","section":"AB","number":"757","area_m2":1741,"zone_type":"U","zone_label":"UA","planning_document":"62193_PLU_20260710","demand_cell_id":"CRS3035RES200mN3124800E3750200"}},{"type":"Feature","geometry":{"type":"Point","coordinates":[1.8539889173984778,50.9541725]},"properties":{"parcel_id":"62193000AB0855","section":"AB","number":"855","area_m2":2598,"zone_type":"U","zone_label":"UA","planning_document":"62193_PLU_20260710","demand_cell_id":"CRS3035RES200mN3125400E3749800"}},{"type":"Feature","geometry":{"type":"Point","coordinates":[1.8519455720356528,50.953906700000005]},"properties":{"parcel_id":"62193000AB0003","section":"AB","number":"3","area_m2":2257,"zone_type":"U","zone_label":"UA","planning_document":"62193_PLU_20260710","demand_cell_id":"CRS3035RES200mN3125400E3749800"}},{"type":"Feature","geometry":{"type":"Point","coordinates":[1.8535368379071178,50.955044099999995]},"properties":{"parcel_id":"62193000XK0207","section":"XK","number":"207","area_m2":2118,"zone_type":"U","zone_label":"UA","planning_document":"62193_PLU_20260710","demand_cell_id":"CRS3035RES200mN3125400E3749800"}},{"type":"Feature","geometry":{"type":"Point","coordinates":[1.8485037303026681,50.952535350000005]},"properties":{"parcel_id":"62193000BC0323","section":"BC","number":"323","area_m2":2873,"zone_type":"U","zone_label":"UA","planning_document":"62193_PLU_20260710","demand_cell_id":"CRS3035RES200mN3125200E3749400"}},{"type":"Feature","geometry":{"type":"Point","coordinates":[1.846594865047567,50.952492899999996]},"properties":{"parcel_id":"62193000BC0474","section":"BC","number":"474","area_m2":1790,"zone_type":"U","zone_label":"UA","planning_document":"62193_PLU_20260710","demand_cell_id":"CRS3035RES200mN3125200E3749400"}},{"type":"Feature","geometry":{"type":"Point","coordinates":[1.8477547463320447,50.952648350000004]},"properties":{"parcel_id":"62193000BC0332","section":"BC","number":"332","area_m2":1336,"zone_type":"U","zone_label":"UA","planning_document":"62193_PLU_20260710","demand_cell_id":"CRS3035RES200mN3125200E3749400"}},{"type":"Feature","geometry":{"type":"Point","coordinates":[1.8563754220332438,50.95265985]},"properties":{"parcel_id":"62193000AB0066","section":"AB","number":"66","area_m2":6719,"zone_type":"U","zone_label":"UA","planning_document":"62193_PLU_20260710","demand_cell_id":"CRS3035RES200mN3125200E3750000"}},{"type":"Feature","geometry":{"type":"Point","coordinates":[1.8567759567097226,50.953339]},"properties":{"parcel_id":"62193000AB0068","section":"AB","number":"68","area_m2":4293,"zone_type":"U","zone_label":"UA","planning_document":"62193_PLU_20260710","demand_cell_id":"CRS3035RES200mN3125200E3750000"}},{"type":"Feature","geometry":{"type":"Point","coordinates":[1.8604165583162589,50.95257705]},"properties":{"parcel_id":"62193000AC0607","section":"AC","number":"607","area_m2":8045,"zone_type":"U","zone_label":"UAb","planning_document":"62193_PLU_20260710","demand_cell_id":"CRS3035RES200mN3125200E3750200"}},{"type":"Feature","geometry":{"type":"Point","coordinates":[1.8598592204545459,50.9520359]},"properties":{"parcel_id":"62193000AC0608","section":"AC","number":"608","area_m2":5190,"zone_type":"U","zone_label":"UAb","planning_document":"62193_PLU_20260710","demand_cell_id":"CRS3035RES200mN3125200E3750200"}},{"type":"Feature","geometry":{"type":"Point","coordinates":[1.8596482281932196,50.95363225]},"properties":{"parcel_id":"62193000AC0007","section":"AC","number":"7","area_m2":5116,"zone_type":"U","zone_label":"UAb","planning_document":"62193_PLU_20260710","demand_cell_id":"CRS3035RES200mN3125200E3750200"}},{"type":"Feature","geometry":{"type":"Point","coordinates":[1.8634843824856815,50.950895]},"properties":{"parcel_id":"62193000AC0787","section":"AC","number":"787","area_m2":6059,"zone_type":"U","zone_label":"UAb","planning_document":"62193_PLU_20260710","demand_cell_id":"CRS3035RES200mN3125000E3750400"}},{"type":"Feature","geometry":{"type":"Point","coordinates":[1.8623040306282097,50.951124500000006]},"properties":{"parcel_id":"62193000AC0689","section":"AC","number":"689","area_m2":4205,"zone_type":"U","zone_label":"UAb","planning_document":"62193_PLU_20260710","demand_cell_id":"CRS3035RES200mN3125000E3750400"}},{"type":"Feature","geometry":{"type":"Point","coordinates":[1.862504242674742,50.95076105]},"properties":{"parcel_id":"62193000AC0713","section":"AC","number":"713","area_m2":2602,"zone_type":"U","zone_label":"UAb","planning_document":"62193_PLU_20260710","demand_cell_id":"CRS3035RES200mN3125000E3750400"}},{"type":"Feature","geometry":{"type":"Point","coordinates":[1.8638440551190198,50.94893555]},"properties":{"parcel_id":"62193000AK1298","section":"AK","number":"1298","area_m2":4837,"zone_type":"U","zone_label":"UA","planning_document":"62193_PLU_20260710","demand_cell_id":"CRS3035RES200mN3124800E3750400"}},{"type":"Feature","geometry":{"type":"Point","coordinates":[1.8629778758716369,50.948792749999996]},"properties":{"parcel_id":"62193000AK1284","section":"AK","number":"1284","area_m2":4342,"zone_type":"U","zone_label":"UA","planning_document":"62193_PLU_20260710","demand_cell_id":"CRS3035RES200mN3124800E3750400"}},{"type":"Feature","geometry":{"type":"Point","coordinates":[1.8626253373113255,50.950172550000005]},"properties":{"parcel_id":"62193000AC0428","section":"AC","number":"428","area_m2":1106,"zone_type":"U","zone_label":"UAb","planning_document":"62193_PLU_20260710","demand_cell_id":"CRS3035RES200mN3124800E3750400"}},{"type":"Feature","geometry":{"type":"Point","coordinates":[1.8646189326412292,50.949235200000004]},"properties":{"parcel_id":"62193000AK1299","section":"AK","number":"1299","area_m2":6412,"zone_type":"U","zone_label":"UA","planning_document":"62193_PLU_20260710","demand_cell_id":"CRS3035RES200mN3124800E3750600"}},{"type":"Feature","geometry":{"type":"Point","coordinates":[1.8642000094858613,50.950266850000006]},"properties":{"parcel_id":"62193000AC0728","section":"AC","number":"728","area_m2":2948,"zone_type":"U","zone_label":"UAb","planning_document":"62193_PLU_20260710","demand_cell_id":"CRS3035RES200mN3124800E3750600"}},{"type":"Feature","geometry":{"type":"Point","coordinates":[1.866883435655497,50.948889199999996]},"properties":{"parcel_id":"62193000AK0102","section":"AK","number":"102","area_m2":929,"zone_type":"U","zone_label":"UC","planning_document":"62193_PLU_20260710","demand_cell_id":"CRS3035RES200mN3124800E3750600"}},{"type":"Feature","geometry":{"type":"Point","coordinates":[1.865634567018351,50.950863549999994]},"properties":{"parcel_id":"62193000AC0602","section":"AC","number":"602","area_m2":2340,"zone_type":"U","zone_label":"UC","planning_document":"62193_PLU_20260710","demand_cell_id":"CRS3035RES200mN3125000E3750600"}},{"type":"Feature","geometry":{"type":"Point","coordinates":[1.8637090653920696,50.9519077]},"properties":{"parcel_id":"62193000AC0528","section":"AC","number":"528","area_m2":1992,"zone_type":"U","zone_label":"UC","planning_document":"62193_PLU_20260710","demand_cell_id":"CRS3035RES200mN3125000E3750600"}},{"type":"Feature","geometry":{"type":"Point","coordinates":[1.8641625273430507,50.950806650000004]},"properties":{"parcel_id":"62193000AC0731","section":"AC","number":"731","area_m2":1983,"zone_type":"U","zone_label":"UAb","planning_document":"62193_PLU_20260710","demand_cell_id":"CRS3035RES200mN3125000E3750600"}},{"type":"Feature","geometry":{"type":"Point","coordinates":[1.8614952946489873,50.95382635]},"properties":{"parcel_id":"62193000AC0055","section":"AC","number":"55","area_m2":12239,"zone_type":"U","zone_label":"UAb","planning_document":"62193_PLU_20260710","demand_cell_id":"CRS3035RES200mN3125200E3750400"}},{"type":"Feature","geometry":{"type":"Point","coordinates":[1.8619485188457792,50.953385850000004]},"properties":{"parcel_id":"62193000AC0657","section":"AC","number":"657","area_m2":2622,"zone_type":"U","zone_label":"UC","planning_document":"62193_PLU_20260710","demand_cell_id":"CRS3035RES200mN3125200E3750400"}},{"type":"Feature","geometry":{"type":"Point","coordinates":[1.8629829054104623,50.95379455]},"properties":{"parcel_id":"62193000AC0658","section":"AC","number":"658","area_m2":2468,"zone_type":"U","zone_label":"UC","planning_document":"62193_PLU_20260710","demand_cell_id":"CRS3035RES200mN3125200E3750400"}},{"type":"Feature","geometry":{"type":"Point","coordinates":[1.8641703724978949,50.954003150000005]},"properties":{"parcel_id":"62193000AC0120","section":"AC","number":"120","area_m2":16089,"zone_type":"U","zone_label":"UC","planning_document":"62193_PLU_20260710","demand_cell_id":"CRS3035RES200mN3125200E3750600"}},{"type":"Feature","geometry":{"type":"Point","coordinates":[1.8645467054222646,50.952695]},"properties":{"parcel_id":"62193000AC0211","section":"AC","number":"211","area_m2":1672,"zone_type":"U","zone_label":"UC","planning_document":"62193_PLU_20260710","demand_cell_id":"CRS3035RES200mN3125200E3750600"}},{"type":"Feature","geometry":{"type":"Point","coordinates":[1.8638188376924476,50.9528995]},"properties":{"parcel_id":"62193000AC0214","section":"AC","number":"214","area_m2":1230,"zone_type":"U","zone_label":"UC","planning_document":"62193_PLU_20260710","demand_cell_id":"CRS3035RES200mN3125200E3750600"}},{"type":"Feature","geometry":{"type":"Point","coordinates":[1.8692417626568096,50.9511496]},"properties":{"parcel_id":"62193000AD0860","section":"AD","number":"860","area_m2":1176,"zone_type":"U","zone_label":"UC","planning_document":"62193_PLU_20260710","demand_cell_id":"CRS3035RES200mN3125000E3750800"}},{"type":"Feature","geometry":{"type":"Point","coordinates":[1.8691103327721428,50.95259585]},"properties":{"parcel_id":"62193000AD0806","section":"AD","number":"806","area_m2":1121,"zone_type":"U","zone_label":"UC","planning_document":"62193_PLU_20260710","demand_cell_id":"CRS3035RES200mN3125000E3750800"}},{"type":"Feature","geometry":{"type":"Point","coordinates":[1.8692100470657267,50.9517893]},"properties":{"parcel_id":"62193000AD0855","section":"AD","number":"855","area_m2":1120,"zone_type":"U","zone_label":"UC","planning_document":"62193_PLU_20260710","demand_cell_id":"CRS3035RES200mN3125000E3750800"}},{"type":"Feature","geometry":{"type":"Point","coordinates":[1.8581849822104402,50.9551422]},"properties":{"parcel_id":"62193000BK0192","section":"BK","number":"192","area_m2":8014,"zone_type":"U","zone_label":"UL","planning_document":"62193_PLU_20260710","demand_cell_id":"CRS3035RES200mN3125400E3750200"}},{"type":"Feature","geometry":{"type":"Point","coordinates":[1.8581850142305631,50.954052000000004]},"properties":{"parcel_id":"62193000AC0802","section":"AC","number":"802","area_m2":4812,"zone_type":"U","zone_label":"UAb","planning_document":"62193_PLU_20260710","demand_cell_id":"CRS3035RES200mN3125400E3750200"}},{"type":"Feature","geometry":{"type":"Point","coordinates":[1.859147219853715,50.95417125]},"properties":{"parcel_id":"62193000AC0010","section":"AC","number":"10","area_m2":2932,"zone_type":"U","zone_label":"UAb","planning_document":"62193_PLU_20260710","demand_cell_id":"CRS3035RES200mN3125400E3750200"}},{"type":"Feature","geometry":{"type":"Point","coordinates":[1.8604049538358622,50.9553533]},"properties":{"parcel_id":"62193000BK0120","section":"BK","number":"120","area_m2":5351,"zone_type":"U","zone_label":"UL","planning_document":"62193_PLU_20260710","demand_cell_id":"CRS3035RES200mN3125400E3750400"}},{"type":"Feature","geometry":{"type":"Point","coordinates":[1.8613922383905015,50.954291]},"properties":{"parcel_id":"62193000AC0552","section":"AC","number":"552","area_m2":1603,"zone_type":"U","zone_label":"UC","planning_document":"62193_PLU_20260710","demand_cell_id":"CRS3035RES200mN3125400E3750400"}},{"type":"Feature","geometry":{"type":"Point","coordinates":[1.86126237368932,50.9547242]},"properties":{"parcel_id":"62193000AC0062","section":"AC","number":"62","area_m2":1582,"zone_type":"U","zone_label":"UC","planning_document":"62193_PLU_20260710","demand_cell_id":"CRS3035RES200mN3125400E3750400"}},{"type":"Feature","geometry":{"type":"Point","coordinates":[1.8643430571903667,50.9549227]},"properties":{"parcel_id":"62193000AC0500","section":"AC","number":"500","area_m2":3236,"zone_type":"U","zone_label":"UC","planning_document":"62193_PLU_20260710","demand_cell_id":"CRS3035RES200mN3125400E3750600"}},{"type":"Feature","geometry":{"type":"Point","coordinates":[1.863803966272035,50.954883550000005]},"properties":{"parcel_id":"62193000AC0501","section":"AC","number":"501","area_m2":2670,"zone_type":"U","zone_label":"UC","planning_document":"62193_PLU_20260710","demand_cell_id":"CRS3035RES200mN3125400E3750600"}},{"type":"Feature","geometry":{"type":"Point","coordinates":[1.864494500949711,50.95557115]},"properties":{"parcel_id":"62193000AC0515","section":"AC","number":"515","area_m2":2139,"zone_type":"U","zone_label":"UC","planning_document":"62193_PLU_20260710","demand_cell_id":"CRS3035RES200mN3125400E3750600"}},{"type":"Feature","geometry":{"type":"Point","coordinates":[1.866725804318182,50.9550689]},"properties":{"parcel_id":"62193000AD0902","section":"AD","number":"902","area_m2":11330,"zone_type":"U","zone_label":"UCc","planning_document":"62193_PLU_20260710","demand_cell_id":"CRS3035RES200mN3125400E3750800"}},{"type":"Feature","geometry":{"type":"Point","coordinates":[1.867914692743503,50.95483565]},"properties":{"parcel_id":"62193000AD0861","section":"AD","number":"861","area_m2":1562,"zone_type":"U","zone_label":"UC","planning_document":"62193_PLU_20260710","demand_cell_id":"CRS3035RES200mN3125400E3750800"}},{"type":"Feature","geometry":{"type":"Point","coordinates":[1.8687370877955856,50.9547175]},"properties":{"parcel_id":"62193000AD0242","section":"AD","number":"242","area_m2":864,"zone_type":"U","zone_label":"UC","planning_document":"62193_PLU_20260710","demand_cell_id":"CRS3035RES200mN3125400E3750800"}},{"type":"Feature","geometry":{"type":"Point","coordinates":[1.8718449801707864,50.9520917]},"properties":{"parcel_id":"62193000AH0930","section":"AH","number":"930","area_m2":2483,"zone_type":"U","zone_label":"UC","planning_document":"62193_PLU_20260710","demand_cell_id":"CRS3035RES200mN3125000E3751000"}},{"type":"Feature","geometry":{"type":"Point","coordinates":[1.869697869731968,50.951826749999995]},"properties":{"parcel_id":"62193000AD0590","section":"AD","number":"590","area_m2":2211,"zone_type":"U","zone_label":"UC","planning_document":"62193_PLU_20260710","demand_cell_id":"CRS3035RES200mN3125000E3751000"}},{"type":"Feature","geometry":{"type":"Point","coordinates":[1.8709513668393836,50.95120225]},"properties":{"parcel_id":"62193000AD0766","section":"AD","number":"766","area_m2":753,"zone_type":"U","zone_label":"UC","planning_document":"62193_PLU_20260710","demand_cell_id":"CRS3035RES200mN3125000E3751000"}},{"type":"Feature","geometry":{"type":"Point","coordinates":[1.8665175302323798,50.9525266]},"properties":{"parcel_id":"62193000AD0747","section":"AD","number":"747","area_m2":1205,"zone_type":"U","zone_label":"UC","planning_document":"62193_PLU_20260710","demand_cell_id":"CRS3035RES200mN3125200E3750800"}},{"type":"Feature","geometry":{"type":"Point","coordinates":[1.8684379873483243,50.953634699999995]},"properties":{"parcel_id":"62193000AD0453","section":"AD","number":"453","area_m2":805,"zone_type":"U","zone_label":"UC","planning_document":"62193_PLU_20260710","demand_cell_id":"CRS3035RES200mN3125200E3750800"}},{"type":"Feature","geometry":{"type":"Point","coordinates":[1.868652405271769,50.9536784]},"properties":{"parcel_id":"62193000AD0456","section":"AD","number":"456","area_m2":765,"zone_type":"U","zone_label":"UC","planning_document":"62193_PLU_20260710","demand_cell_id":"CRS3035RES200mN3125200E3750800"}},{"type":"Feature","geometry":{"type":"Point","coordinates":[1.8701469057450075,50.95400395]},"properties":{"parcel_id":"62193000AD0353","section":"AD","number":"353","area_m2":2825,"zone_type":"U","zone_label":"UC","planning_document":"62193_PLU_20260710","demand_cell_id":"CRS3035RES200mN3125200E3751000"}},{"type":"Feature","geometry":{"type":"Point","coordinates":[1.8715666623188247,50.95316445]},"properties":{"parcel_id":"62193000AH0919","section":"AH","number":"919","area_m2":2338,"zone_type":"U","zone_label":"UC","planning_document":"62193_PLU_20260710","demand_cell_id":"CRS3035RES200mN3125200E3751000"}},{"type":"Feature","geometry":{"type":"Point","coordinates":[1.8714606365000017,50.9534695]},"properties":{"parcel_id":"62193000AH0615","section":"AH","number":"615","area_m2":1192,"zone_type":"U","zone_label":"UC","planning_document":"62193_PLU_20260710","demand_cell_id":"CRS3035RES200mN3125200E3751000"}},{"type":"Feature","geometry":{"type":"Point","coordinates":[1.8706856134045462,50.955724700000005]},"properties":{"parcel_id":"62193000AH0030","section":"AH","number":"30","area_m2":9445,"zone_type":"U","zone_label":"UC","planning_document":"62193_PLU_20260710","demand_cell_id":"CRS3035RES200mN3125400E3751000"}},{"type":"Feature","geometry":{"type":"Point","coordinates":[1.8709751650432405,50.95506585]},"properties":{"parcel_id":"62193000AH0031","section":"AH","number":"31","area_m2":3484,"zone_type":"U","zone_label":"UC","planning_document":"62193_PLU_20260710","demand_cell_id":"CRS3035RES200mN3125400E3751000"}},{"type":"Feature","geometry":{"type":"Point","coordinates":[1.869370510074681,50.9559405]},"properties":{"parcel_id":"62193000AD0818","section":"AD","number":"818","area_m2":1889,"zone_type":"U","zone_label":"UC","planning_document":"62193_PLU_20260710","demand_cell_id":"CRS3035RES200mN3125400E3751000"}},{"type":"Feature","geometry":{"type":"Point","coordinates":[1.8747138460728463,50.960634]},"properties":{"parcel_id":"62193000AE0068","section":"AE","number":"68","area_m2":13879,"zone_type":"U","zone_label":"UC","planning_document":"62193_PLU_20260710","demand_cell_id":"CRS3035RES200mN3126000E3751400"}},{"type":"Feature","geometry":{"type":"Point","coordinates":[1.875247459385382,50.9607328]},"properties":{"parcel_id":"62193000AE0064","section":"AE","number":"64","area_m2":5845,"zone_type":"U","zone_label":"UC","planning_document":"62193_PLU_20260710","demand_cell_id":"CRS3035RES200mN3126000E3751400"}},{"type":"Feature","geometry":{"type":"Point","coordinates":[1.873444330498177,50.9611267]},"properties":{"parcel_id":"62193000AE0073","section":"AE","number":"73","area_m2":802,"zone_type":"U","zone_label":"UC","planning_document":"62193_PLU_20260710","demand_cell_id":"CRS3035RES200mN3126000E3751400"}},{"type":"Feature","geometry":{"type":"Point","coordinates":[1.867127224185467,50.96142285]},"properties":{"parcel_id":"62193000BN0019","section":"BN","number":"19","area_m2":12089,"zone_type":"U","zone_label":"UJ","planning_document":"62193_PLU_20260710","demand_cell_id":"CRS3035RES200mN3126000E3750800"}},{"type":"Feature","geometry":{"type":"Point","coordinates":[1.8667697360641806,50.96061475]},"properties":{"parcel_id":"62193000AE0881","section":"AE","number":"881","area_m2":2664,"zone_type":"U","zone_label":"UC","planning_document":"62193_PLU_20260710","demand_cell_id":"CRS3035RES200mN3126000E3750800"}},{"type":"Feature","geometry":{"type":"Point","coordinates":[1.8651252742646505,50.959688549999996]},"properties":{"parcel_id":"62193000AE0003","section":"AE","number":"3","area_m2":1078,"zone_type":"U","zone_label":"UI","planning_document":"62193_PLU_20260710","demand_cell_id":"CRS3035RES200mN3126000E3750800"}},{"type":"Feature","geometry":{"type":"Point","coordinates":[1.8682686560358834,50.95723965]},"properties":{"parcel_id":"62193000AE0941","section":"AE","number":"941","area_m2":10841,"zone_type":"U","zone_label":"UC","planning_document":"62193_PLU_20260710","demand_cell_id":"CRS3035RES200mN3125600E3750800"}},{"type":"Feature","geometry":{"type":"Point","coordinates":[1.8662552253969316,50.95735205]},"properties":{"parcel_id":"62193000AE0872","section":"AE","number":"872","area_m2":9239,"zone_type":"U","zone_label":"UI","planning_document":"62193_PLU_20260710","demand_cell_id":"CRS3035RES200mN3125600E3750800"}},{"type":"Feature","geometry":{"type":"Point","coordinates":[1.8665064602668868,50.9565784]},"properties":{"parcel_id":"62193000AE0933","section":"AE","number":"933","area_m2":5764,"zone_type":"U","zone_label":"UC","planning_document":"62193_PLU_20260710","demand_cell_id":"CRS3035RES200mN3125600E3750800"}},{"type":"Feature","geometry":{"type":"Point","coordinates":[1.8685440452984454,50.9594455]},"properties":{"parcel_id":"62193000AE0658","section":"AE","number":"658","area_m2":11020,"zone_type":"U","zone_label":"UI","planning_document":"62193_PLU_20260710","demand_cell_id":"CRS3035RES200mN3125800E3751000"}},{"type":"Feature","geometry":{"type":"Point","coordinates":[1.8698408080765143,50.958661]},"properties":{"parcel_id":"62193000AE0956","section":"AE","number":"956","area_m2":2602,"zone_type":"U","zone_label":"UC","planning_document":"62193_PLU_20260710","demand_cell_id":"CRS3035RES200mN3125800E3751000"}},{"type":"Feature","geometry":{"type":"Point","coordinates":[1.8702268889392775,50.959900950000005]},"properties":{"parcel_id":"62193000AE0130","section":"AE","number":"130","area_m2":959,"zone_type":"U","zone_label":"UC","planning_document":"62193_PLU_20260710","demand_cell_id":"CRS3035RES200mN3125800E3751000"}},{"type":"Feature","geometry":{"type":"Point","coordinates":[1.865983508360672,50.95874345]},"properties":{"parcel_id":"62193000AE0654","section":"AE","number":"654","area_m2":29975,"zone_type":"U","zone_label":"UI","planning_document":"62193_PLU_20260710","demand_cell_id":"CRS3035RES200mN3125800E3750800"}},{"type":"Feature","geometry":{"type":"Point","coordinates":[1.868193273452968,50.958246700000004]},"properties":{"parcel_id":"62193000AE0843","section":"AE","number":"843","area_m2":11918,"zone_type":"U","zone_label":"UI","planning_document":"62193_PLU_20260710","demand_cell_id":"CRS3035RES200mN3125800E3750800"}},{"type":"Feature","geometry":{"type":"Point","coordinates":[1.8676540656786542,50.9593632]},"properties":{"parcel_id":"62193000AE0657","section":"AE","number":"657","area_m2":6393,"zone_type":"U","zone_label":"UI","planning_document":"62193_PLU_20260710","demand_cell_id":"CRS3035RES200mN3125800E3750800"}},{"type":"Feature","geometry":{"type":"Point","coordinates":[1.8634549393939444,50.955884100000006]},"properties":{"parcel_id":"62193000BK0112","section":"BK","number":"112","area_m2":4785,"zone_type":"U","zone_label":"UL","planning_document":"62193_PLU_20260710","demand_cell_id":"CRS3035RES200mN3125600E3750600"}},{"type":"Feature","geometry":{"type":"Point","coordinates":[1.8630428495792901,50.95681664999999]},"properties":{"parcel_id":"62193000BK0113","section":"BK","number":"113","area_m2":3651,"zone_type":"U","zone_label":"UL","planning_document":"62193_PLU_20260710","demand_cell_id":"CRS3035RES200mN3125600E3750600"}},{"type":"Feature","geometry":{"type":"Point","coordinates":[1.8650009047193772,50.95689125]},"properties":{"parcel_id":"62193000AE0614","section":"AE","number":"614","area_m2":3269,"zone_type":"U","zone_label":"UC","planning_document":"62193_PLU_20260710","demand_cell_id":"CRS3035RES200mN3125600E3750600"}},{"type":"Feature","geometry":{"type":"Point","coordinates":[1.8698796723558635,50.95757055]},"properties":{"parcel_id":"62193000AE0949","section":"AE","number":"949","area_m2":9184,"zone_type":"U","zone_label":"UC","planning_document":"62193_PLU_20260710","demand_cell_id":"CRS3035RES200mN3125600E3751000"}},{"type":"Feature","geometry":{"type":"Point","coordinates":[1.8689469427289858,50.9579496]},"properties":{"parcel_id":"62193000AE0479","section":"AE","number":"479","area_m2":2235,"zone_type":"U","zone_label":"UC","planning_document":"62193_PLU_20260710","demand_cell_id":"CRS3035RES200mN3125600E3751000"}},{"type":"Feature","geometry":{"type":"Point","coordinates":[1.8686931872222223,50.9576444]},"properties":{"parcel_id":"62193000AE0947","section":"AE","number":"947","area_m2":1983,"zone_type":"U","zone_label":"UC","planning_document":"62193_PLU_20260710","demand_cell_id":"CRS3035RES200mN3125600E3751000"}},{"type":"Feature","geometry":{"type":"Point","coordinates":[1.8729792714742306,50.962138100000004]},"properties":{"parcel_id":"62193000AE0898","section":"AE","number":"898","area_m2":7277,"zone_type":"U","zone_label":"UJ","planning_document":"62193_PLU_20260710","demand_cell_id":"CRS3035RES200mN3126200E3751200"}},{"type":"Feature","geometry":{"type":"Point","coordinates":[1.8722454393457588,50.962086299999996]},"properties":{"parcel_id":"62193000AE0057","section":"AE","number":"57","area_m2":4100,"zone_type":"U","zone_label":"UJ","planning_document":"62193_PLU_20260710","demand_cell_id":"CRS3035RES200mN3126200E3751200"}},{"type":"Feature","geometry":{"type":"Point","coordinates":[1.8715942081926966,50.9627964]},"properties":{"parcel_id":"62193000AE0056","section":"AE","number":"56","area_m2":3909,"zone_type":"U","zone_label":"UJ","planning_document":"62193_PLU_20260710","demand_cell_id":"CRS3035RES200mN3126200E3751200"}},{"type":"Feature","geometry":{"type":"Point","coordinates":[1.8735667428713791,50.957159700000005]},"properties":{"parcel_id":"62193000AH1127","section":"AH","number":"1127","area_m2":1024,"zone_type":"U","zone_label":"UC","planning_document":"62193_PLU_20260710","demand_cell_id":"CRS3035RES200mN3125600E3751200"}},{"type":"Feature","geometry":{"type":"Point","coordinates":[1.8731737704547569,50.9573613]},"properties":{"parcel_id":"62193000AH1119","section":"AH","number":"1119","area_m2":758,"zone_type":"U","zone_label":"UC","planning_document":"62193_PLU_20260710","demand_cell_id":"CRS3035RES200mN3125600E3751200"}},{"type":"Feature","geometry":{"type":"Point","coordinates":[1.8712566259471428,50.95813955]},"properties":{"parcel_id":"62193000AE0455","section":"AE","number":"455","area_m2":747,"zone_type":"U","zone_label":"UC","planning_document":"62193_PLU_20260710","demand_cell_id":"CRS3035RES200mN3125600E3751200"}},{"type":"Feature","geometry":{"type":"Point","coordinates":[1.8751595130793164,50.9589657]},"properties":{"parcel_id":"62193000AE0067","section":"AE","number":"67","area_m2":7051,"zone_type":"U","zone_label":"UC","planning_document":"62193_PLU_20260710","demand_cell_id":"CRS3035RES200mN3125800E3751400"}},{"type":"Feature","geometry":{"type":"Point","coordinates":[1.8764362493188522,50.959034]},"properties":{"parcel_id":"62193000BP0393","section":"BP","number":"393","area_m2":1348,"zone_type":"U","zone_label":"UD","planning_document":"62193_PLU_20260710","demand_cell_id":"CRS3035RES200mN3125800E3751400"}},{"type":"Feature","geometry":{"type":"Point","coordinates":[1.8762489015400226,50.95855435]},"properties":{"parcel_id":"62193000BP0251","section":"BP","number":"251","area_m2":1281,"zone_type":"U","zone_label":"UD","planning_document":"62193_PLU_20260710","demand_cell_id":"CRS3035RES200mN3125800E3751400"}},{"type":"Feature","geometry":{"type":"Point","coordinates":[1.8734927279497096,50.95852255]},"properties":{"parcel_id":"62193000AE0870","section":"AE","number":"870","area_m2":2113,"zone_type":"U","zone_label":"UC","planning_document":"62193_PLU_20260710","demand_cell_id":"CRS3035RES200mN3125800E3751200"}},{"type":"Feature","geometry":{"type":"Point","coordinates":[1.8714177910122256,50.9596277]},"properties":{"parcel_id":"62193000AE0412","section":"AE","number":"412","area_m2":836,"zone_type":"U","zone_label":"UC","planning_document":"62193_PLU_20260710","demand_cell_id":"CRS3035RES200mN3125800E3751200"}},{"type":"Feature","geometry":{"type":"Point","coordinates":[1.8712502625719678,50.9583507]},"properties":{"parcel_id":"62193000AE0890","section":"AE","number":"890","area_m2":785,"zone_type":"U","zone_label":"UC","planning_document":"62193_PLU_20260710","demand_cell_id":"CRS3035RES200mN3125800E3751200"}},{"type":"Feature","geometry":{"type":"Point","coordinates":[1.8696221630857628,50.96146965]},"properties":{"parcel_id":"62193000AE0818","section":"AE","number":"818","area_m2":1584,"zone_type":"U","zone_label":"UJ","planning_document":"62193_PLU_20260710","demand_cell_id":"CRS3035RES200mN3126000E3751000"}},{"type":"Feature","geometry":{"type":"Point","coordinates":[1.8700930160638976,50.961555849999996]},"properties":{"parcel_id":"62193000AE0824","section":"AE","number":"824","area_m2":1414,"zone_type":"U","zone_label":"UJ","planning_document":"62193_PLU_20260710","demand_cell_id":"CRS3035RES200mN3126000E3751000"}},{"type":"Feature","geometry":{"type":"Point","coordinates":[1.8698500653759367,50.960716]},"properties":{"parcel_id":"62193000AE0119","section":"AE","number":"119","area_m2":1216,"zone_type":"U","zone_label":"UC","planning_document":"62193_PLU_20260710","demand_cell_id":"CRS3035RES200mN3126000E3751000"}},{"type":"Feature","geometry":{"type":"Point","coordinates":[1.8712624756463876,50.9610299]},"properties":{"parcel_id":"62193000AE0887","section":"AE","number":"887","area_m2":3127,"zone_type":"U","zone_label":"UC","planning_document":"62193_PLU_20260710","demand_cell_id":"CRS3035RES200mN3126000E3751200"}},{"type":"Feature","geometry":{"type":"Point","coordinates":[1.8707318828327,50.9610443]},"properties":{"parcel_id":"62193000AE0886","section":"AE","number":"886","area_m2":3066,"zone_type":"U","zone_label":"UC","planning_document":"62193_PLU_20260710","demand_cell_id":"CRS3035RES200mN3126000E3751200"}},{"type":"Feature","geometry":{"type":"Point","coordinates":[1.8711231335158125,50.961774750000004]},"properties":{"parcel_id":"62193000AE0837","section":"AE","number":"837","area_m2":2925,"zone_type":"U","zone_label":"UJ","planning_document":"62193_PLU_20260710","demand_cell_id":"CRS3035RES200mN3126000E3751200"}},{"type":"Feature","geometry":{"type":"Point","coordinates":[1.8738537454943445,50.96253405]},"properties":{"parcel_id":"62193000AE0919","section":"AE","number":"919","area_m2":4892,"zone_type":"U","zone_label":"UC","planning_document":"62193_PLU_20260710","demand_cell_id":"CRS3035RES200mN3126200E3751400"}},{"type":"Feature","geometry":{"type":"Point","coordinates":[1.8768688269218345,50.9526325]},"properties":{"parcel_id":"62193000AH1161","section":"AH","number":"1161","area_m2":9177,"zone_type":"U","zone_label":"UC","planning_document":"62193_PLU_20260710","demand_cell_id":"CRS3035RES200mN3125000E3751400"}},{"type":"Feature","geometry":{"type":"Point","coordinates":[1.8756881818725226,50.952444850000006]},"properties":{"parcel_id":"62193000AH0536","section":"AH","number":"536","area_m2":1856,"zone_type":"U","zone_label":"UC","planning_document":"62193_PLU_20260710","demand_cell_id":"CRS3035RES200mN3125000E3751400"}},{"type":"Feature","geometry":{"type":"Point","coordinates":[1.8757216349952504,50.95230885]},"properties":{"parcel_id":"62193000AH0537","section":"AH","number":"537","area_m2":972,"zone_type":"U","zone_label":"UC","planning_document":"62193_PLU_20260710","demand_cell_id":"CRS3035RES200mN3125000E3751400"}},{"type":"Feature","geometry":{"type":"Point","coordinates":[1.8744552201528175,50.95208375]},"properties":{"parcel_id":"62193000AH0499","section":"AH","number":"499","area_m2":1694,"zone_type":"U","zone_label":"UC","planning_document":"62193_PLU_20260710","demand_cell_id":"CRS3035RES200mN3125000E3751200"}},{"type":"Feature","geometry":{"type":"Point","coordinates":[1.8749854855007118,50.9520332]},"properties":{"parcel_id":"62193000AH1053","section":"AH","number":"1053","area_m2":1121,"zone_type":"U","zone_label":"UC","planning_document":"62193_PLU_20260710","demand_cell_id":"CRS3035RES200mN3125000E3751200"}},{"type":"Feature","geometry":{"type":"Point","coordinates":[1.8741676706093622,50.951773349999996]},"properties":{"parcel_id":"62193000AH0498","section":"AH","number":"498","area_m2":732,"zone_type":"U","zone_label":"UC","planning_document":"62193_PLU_20260710","demand_cell_id":"CRS3035RES200mN3125000E3751200"}},{"type":"Feature","geometry":{"type":"Point","coordinates":[1.876489530650858,50.9539292]},"properties":{"parcel_id":"62193000AH1163","section":"AH","number":"1163","area_m2":4786,"zone_type":"U","zone_label":"UC","planning_document":"62193_PLU_20260710","demand_cell_id":"CRS3035RES200mN3125200E3751400"}},{"type":"Feature","geometry":{"type":"Point","coordinates":[1.8763711897851867,50.9543196]},"properties":{"parcel_id":"62193000AH1164","section":"AH","number":"1164","area_m2":2972,"zone_type":"U","zone_label":"UC","planning_document":"62193_PLU_20260710","demand_cell_id":"CRS3035RES200mN3125200E3751400"}},{"type":"Feature","geometry":{"type":"Point","coordinates":[1.8749203570153794,50.9536668]},"properties":{"parcel_id":"62193000AH0451","section":"AH","number":"451","area_m2":2386,"zone_type":"U","zone_label":"UC","planning_document":"62193_PLU_20260710","demand_cell_id":"CRS3035RES200mN3125200E3751400"}},{"type":"Feature","geometry":{"type":"Point","coordinates":[1.8721530823085808,50.9531072]},"properties":{"parcel_id":"62193000AH1121","section":"AH","number":"1121","area_m2":1879,"zone_type":"U","zone_label":"UC","planning_document":"62193_PLU_20260710","demand_cell_id":"CRS3035RES200mN3125200E3751200"}},{"type":"Feature","geometry":{"type":"Point","coordinates":[1.8737532737179898,50.9536722]},"properties":{"parcel_id":"62193000AH0455","section":"AH","number":"455","area_m2":1269,"zone_type":"U","zone_label":"UC","planning_document":"62193_PLU_20260710","demand_cell_id":"CRS3035RES200mN3125200E3751200"}},{"type":"Feature","geometry":{"type":"Point","coordinates":[1.8744999818540422,50.954407]},"properties":{"parcel_id":"62193000AH1118","section":"AH","number":"1118","area_m2":983,"zone_type":"U","zone_label":"UC","planning_document":"62193_PLU_20260710","demand_cell_id":"CRS3035RES200mN3125200E3751200"}},{"type":"Feature","geometry":{"type":"Point","coordinates":[1.8738408121688805,50.9559428]},"properties":{"parcel_id":"62193000AH0937","section":"AH","number":"937","area_m2":3250,"zone_type":"U","zone_label":"UC","planning_document":"62193_PLU_20260710","demand_cell_id":"CRS3035RES200mN3125400E3751200"}},{"type":"Feature","geometry":{"type":"Point","coordinates":[1.8733161887362637,50.9558891]},"properties":{"parcel_id":"62193000AH0108","section":"AH","number":"108","area_m2":841,"zone_type":"U","zone_label":"UC","planning_document":"62193_PLU_20260710","demand_cell_id":"CRS3035RES200mN3125400E3751200"}},{"type":"Feature","geometry":{"type":"Point","coordinates":[1.8727285703821295,50.95557575]},"properties":{"parcel_id":"62193000AH1159","section":"AH","number":"1159","area_m2":755,"zone_type":"U","zone_label":"UC","planning_document":"62193_PLU_20260710","demand_cell_id":"CRS3035RES200mN3125400E3751200"}},{"type":"Feature","geometry":{"type":"Point","coordinates":[1.876722251637726,50.95612785]},"properties":{"parcel_id":"62193000DO0144","section":"DO","number":"144","area_m2":2171,"zone_type":"U","zone_label":"UD","planning_document":"62193_PLU_20260710","demand_cell_id":"CRS3035RES200mN3125400E3751400"}},{"type":"Feature","geometry":{"type":"Point","coordinates":[1.8771616100936104,50.95571415]},"properties":{"parcel_id":"62193000DO0173","section":"DO","number":"173","area_m2":1946,"zone_type":"U","zone_label":"UD","planning_document":"62193_PLU_20260710","demand_cell_id":"CRS3035RES200mN3125400E3751400"}},{"type":"Feature","geometry":{"type":"Point","coordinates":[1.8767747775067114,50.955002750000006]},"properties":{"parcel_id":"62193000DO0180","section":"DO","number":"180","area_m2":1848,"zone_type":"U","zone_label":"UD","planning_document":"62193_PLU_20260710","demand_cell_id":"CRS3035RES200mN3125400E3751400"}},{"type":"Feature","geometry":{"type":"Point","coordinates":[1.8767035584195995,50.9568243]},"properties":{"parcel_id":"62193000BP0193","section":"BP","number":"193","area_m2":9589,"zone_type":"U","zone_label":"UD","planning_document":"62193_PLU_20260710","demand_cell_id":"CRS3035RES200mN3125600E3751400"}},{"type":"Feature","geometry":{"type":"Point","coordinates":[1.876170781095506,50.9570965]},"properties":{"parcel_id":"62193000BP0192","section":"BP","number":"192","area_m2":1995,"zone_type":"U","zone_label":"UD","planning_document":"62193_PLU_20260710","demand_cell_id":"CRS3035RES200mN3125600E3751400"}},{"type":"Feature","geometry":{"type":"Point","coordinates":[1.8766424336896352,50.958390949999995]},"properties":{"parcel_id":"62193000BP0179","section":"BP","number":"179","area_m2":1178,"zone_type":"U","zone_label":"UD","planning_document":"62193_PLU_20260710","demand_cell_id":"CRS3035RES200mN3125600E3751400"}},{"type":"Feature","geometry":{"type":"Point","coordinates":[1.8773547104876163,50.9484291]},"properties":{"parcel_id":"62193000AI0858","section":"AI","number":"858","area_m2":2982,"zone_type":"U","zone_label":"UC","planning_document":"62193_PLU_20260710","demand_cell_id":"CRS3035RES200mN3124600E3751400"}},{"type":"Feature","geometry":{"type":"Point","coordinates":[1.878537109022888,50.9483013]},"properties":{"parcel_id":"62193000CH0262","section":"CH","number":"262","area_m2":2586,"zone_type":"U","zone_label":"UC","planning_document":"62193_PLU_20260710","demand_cell_id":"CRS3035RES200mN3124600E3751400"}},{"type":"Feature","geometry":{"type":"Point","coordinates":[1.8772394559944243,50.94940465]},"properties":{"parcel_id":"62193000AI0650","section":"AI","number":"650","area_m2":797,"zone_type":"U","zone_label":"UC","planning_document":"62193_PLU_20260710","demand_cell_id":"CRS3035RES200mN3124600E3751400"}},{"type":"Feature","geometry":{"type":"Point","coordinates":[1.8766775815486838,50.94770565]},"properties":{"parcel_id":"62193000AI0831","section":"AI","number":"831","area_m2":9666,"zone_type":"U","zone_label":"UC","planning_document":"62193_PLU_20260710","demand_cell_id":"CRS3035RES200mN3124400E3751400"}},{"type":"Feature","geometry":{"type":"Point","coordinates":[1.8769663636194043,50.94701325]},"properties":{"parcel_id":"62193000AI0856","section":"AI","number":"856","area_m2":1616,"zone_type":"U","zone_label":"UC","planning_document":"62193_PLU_20260710","demand_cell_id":"CRS3035RES200mN3124400E3751400"}},{"type":"Feature","geometry":{"type":"Point","coordinates":[1.8777596960434981,50.947031800000005]},"properties":{"parcel_id":"62193000AI0768","section":"AI","number":"768","area_m2":1118,"zone_type":"U","zone_label":"UC","planning_document":"62193_PLU_20260710","demand_cell_id":"CRS3035RES200mN3124400E3751400"}},{"type":"Feature","geometry":{"type":"Point","coordinates":[1.8750828509408475,50.95008395000001]},"properties":{"parcel_id":"62193000AI0887","section":"AI","number":"887","area_m2":7333,"zone_type":"U","zone_label":"UC","planning_document":"62193_PLU_20260710","demand_cell_id":"CRS3035RES200mN3124800E3751200"}},{"type":"Feature","geometry":{"type":"Point","coordinates":[1.8727821976073251,50.950715]},"properties":{"parcel_id":"62193000AI0111","section":"AI","number":"111","area_m2":1928,"zone_type":"U","zone_label":"UC","planning_document":"62193_PLU_20260710","demand_cell_id":"CRS3035RES200mN3124800E3751200"}},{"type":"Feature","geometry":{"type":"Point","coordinates":[1.8743549848571415,50.949642100000005]},"properties":{"parcel_id":"62193000AI0576","section":"AI","number":"576","area_m2":1475,"zone_type":"U","zone_label":"UC","planning_document":"62193_PLU_20260710","demand_cell_id":"CRS3035RES200mN3124800E3751200"}},{"type":"Feature","geometry":{"type":"Point","coordinates":[1.8765161597266025,50.9508943]},"properties":{"parcel_id":"62193000AI0892","section":"AI","number":"892","area_m2":5861,"zone_type":"U","zone_label":"UC","planning_document":"62193_PLU_20260710","demand_cell_id":"CRS3035RES200mN3124800E3751400"}},{"type":"Feature","geometry":{"type":"Point","coordinates":[1.8770679699814126,50.9507782]},"properties":{"parcel_id":"62193000AI0344","section":"AI","number":"344","area_m2":2844,"zone_type":"U","zone_label":"UC","planning_document":"62193_PLU_20260710","demand_cell_id":"CRS3035RES200mN3124800E3751400"}},{"type":"Feature","geometry":{"type":"Point","coordinates":[1.875632431167229,50.9508913]},"properties":{"parcel_id":"62193000AI0527","section":"AI","number":"527","area_m2":2092,"zone_type":"U","zone_label":"UC","planning_document":"62193_PLU_20260710","demand_cell_id":"CRS3035RES200mN3124800E3751400"}},{"type":"Feature","geometry":{"type":"Point","coordinates":[1.874330341272866,50.94648205]},"properties":{"parcel_id":"62193000AI0188","section":"AI","number":"188","area_m2":1050,"zone_type":"U","zone_label":"UC","planning_document":"62193_PLU_20260710","demand_cell_id":"CRS3035RES200mN3124400E3751200"}},{"type":"Feature","geometry":{"type":"Point","coordinates":[1.8744735386835618,50.9467213]},"properties":{"parcel_id":"62193000AI0187","section":"AI","number":"187","area_m2":886,"zone_type":"U","zone_label":"UC","planning_document":"62193_PLU_20260710","demand_cell_id":"CRS3035RES200mN3124400E3751200"}},{"type":"Feature","geometry":{"type":"Point","coordinates":[1.8747333692364827,50.946103949999994]},"properties":{"parcel_id":"62193000AI0623","section":"AI","number":"623","area_m2":830,"zone_type":"U","zone_label":"UC","planning_document":"62193_PLU_20260710","demand_cell_id":"CRS3035RES200mN3124400E3751200"}},{"type":"Feature","geometry":{"type":"Point","coordinates":[1.8747388852233047,50.9492268]},"properties":{"parcel_id":"62193000AI0575","section":"AI","number":"575","area_m2":706,"zone_type":"U","zone_label":"UC","planning_document":"62193_PLU_20260710","demand_cell_id":"CRS3035RES200mN3124600E3751200"}},{"type":"Feature","geometry":{"type":"Point","coordinates":[1.8744509541855936,50.948672]},"properties":{"parcel_id":"62193000AI0725","section":"AI","number":"725","area_m2":619,"zone_type":"U","zone_label":"UC","planning_document":"62193_PLU_20260710","demand_cell_id":"CRS3035RES200mN3124600E3751200"}},{"type":"Feature","geometry":{"type":"Point","coordinates":[1.8731260387124873,50.9486496]},"properties":{"parcel_id":"62193000AI0084","section":"AI","number":"84","area_m2":544,"zone_type":"U","zone_label":"UC","planning_document":"62193_PLU_20260710","demand_cell_id":"CRS3035RES200mN3124600E3751200"}},{"type":"Feature","geometry":{"type":"Point","coordinates":[1.8721482655272306,50.94855705]},"properties":{"parcel_id":"62193000AK1324","section":"AK","number":"1324","area_m2":1000,"zone_type":"U","zone_label":"UC","planning_document":"62193_PLU_20260710","demand_cell_id":"CRS3035RES200mN3124600E3751000"}},{"type":"Feature","geometry":{"type":"Point","coordinates":[1.8715871849360666,50.9485411]},"properties":{"parcel_id":"62193000AK1347","section":"AK","number":"1347","area_m2":749,"zone_type":"U","zone_label":"UC","planning_document":"62193_PLU_20260710","demand_cell_id":"CRS3035RES200mN3124600E3751000"}},{"type":"Feature","geometry":{"type":"Point","coordinates":[1.8717538488396959,50.94816255]},"properties":{"parcel_id":"62193000AK1322","section":"AK","number":"1322","area_m2":697,"zone_type":"U","zone_label":"UC","planning_document":"62193_PLU_20260710","demand_cell_id":"CRS3035RES200mN3124600E3751000"}},{"type":"Feature","geometry":{"type":"Point","coordinates":[1.8721433297095753,50.950293650000006]},"properties":{"parcel_id":"62193000AK0550","section":"AK","number":"550","area_m2":4662,"zone_type":"U","zone_label":"UC","planning_document":"62193_PLU_20260710","demand_cell_id":"CRS3035RES200mN3124800E3751000"}},{"type":"Feature","geometry":{"type":"Point","coordinates":[1.8711733137482902,50.949352399999995]},"properties":{"parcel_id":"62193000AK1225","section":"AK","number":"1225","area_m2":1966,"zone_type":"U","zone_label":"UC","planning_document":"62193_PLU_20260710","demand_cell_id":"CRS3035RES200mN3124800E3751000"}},{"type":"Feature","geometry":{"type":"Point","coordinates":[1.8714618520448179,50.94964695]},"properties":{"parcel_id":"62193000AK0535","section":"AK","number":"535","area_m2":1251,"zone_type":"U","zone_label":"UC","planning_document":"62193_PLU_20260710","demand_cell_id":"CRS3035RES200mN3124800E3751000"}},{"type":"Feature","geometry":{"type":"Point","coordinates":[1.864899127266997,50.9467832]},"properties":{"parcel_id":"62193000AK1219","section":"AK","number":"1219","area_m2":6436,"zone_type":"U","zone_label":"UA","planning_document":"62193_PLU_20260710","demand_cell_id":"CRS3035RES200mN3124400E3750600"}},{"type":"Feature","geometry":{"type":"Point","coordinates":[1.865878608534958,50.945788050000004]},"properties":{"parcel_id":"62193000AK1051","section":"AK","number":"1051","area_m2":1716,"zone_type":"U","zone_label":"UC","planning_document":"62193_PLU_20260710","demand_cell_id":"CRS3035RES200mN3124400E3750600"}},{"type":"Feature","geometry":{"type":"Point","coordinates":[1.866331276169266,50.945794750000005]},"properties":{"parcel_id":"62193000AK1351","section":"AK","number":"1351","area_m2":950,"zone_type":"U","zone_label":"UC","planning_document":"62193_PLU_20260710","demand_cell_id":"CRS3035RES200mN3124400E3750600"}},{"type":"Feature","geometry":{"type":"Point","coordinates":[1.8677746100127557,50.94695015]},"properties":{"parcel_id":"62193000AK1258","section":"AK","number":"1258","area_m2":1057,"zone_type":"U","zone_label":"UC","planning_document":"62193_PLU_20260710","demand_cell_id":"CRS3035RES200mN3124400E3750800"}},{"type":"Feature","geometry":{"type":"Point","coordinates":[1.8678788505227164,50.946650399999996]},"properties":{"parcel_id":"62193000AK1162","section":"AK","number":"1162","area_m2":774,"zone_type":"U","zone_label":"UC","planning_document":"62193_PLU_20260710","demand_cell_id":"CRS3035RES200mN3124400E3750800"}},{"type":"Feature","geometry":{"type":"Point","coordinates":[1.867695452558016,50.946418249999994]},"properties":{"parcel_id":"62193000AK0965","section":"AK","number":"965","area_m2":671,"zone_type":"U","zone_label":"UC","planning_document":"62193_PLU_20260710","demand_cell_id":"CRS3035RES200mN3124400E3750800"}},{"type":"Feature","geometry":{"type":"Point","coordinates":[1.8725010386283194,50.9464103]},"properties":{"parcel_id":"62193000AK0644","section":"AK","number":"644","area_m2":1785,"zone_type":"U","zone_label":"UC","planning_document":"62193_PLU_20260710","demand_cell_id":"CRS3035RES200mN3124400E3751000"}},{"type":"Feature","geometry":{"type":"Point","coordinates":[1.872149843053098,50.946422049999995]},"properties":{"parcel_id":"62193000AK1210","section":"AK","number":"1210","area_m2":1473,"zone_type":"U","zone_label":"UC","planning_document":"62193_PLU_20260710","demand_cell_id":"CRS3035RES200mN3124400E3751000"}},{"type":"Feature","geometry":{"type":"Point","coordinates":[1.8719109988361264,50.9464568]},"properties":{"parcel_id":"62193000AK0672","section":"AK","number":"672","area_m2":855,"zone_type":"U","zone_label":"UC","planning_document":"62193_PLU_20260710","demand_cell_id":"CRS3035RES200mN3124400E3751000"}},{"type":"Feature","geometry":{"type":"Point","coordinates":[1.8649143887909854,50.9479514]},"properties":{"parcel_id":"62193000AK1071","section":"AK","number":"1071","area_m2":5507,"zone_type":"U","zone_label":"UA","planning_document":"62193_PLU_20260710","demand_cell_id":"CRS3035RES200mN3124600E3750600"}},{"type":"Feature","geometry":{"type":"Point","coordinates":[1.86446329876633,50.947572]},"properties":{"parcel_id":"62193000AK1070","section":"AK","number":"1070","area_m2":3798,"zone_type":"U","zone_label":"UA","planning_document":"62193_PLU_20260710","demand_cell_id":"CRS3035RES200mN3124600E3750600"}},{"type":"Feature","geometry":{"type":"Point","coordinates":[1.8645949304687504,50.948483249999995]},"properties":{"parcel_id":"62193000AK1287","section":"AK","number":"1287","area_m2":2940,"zone_type":"U","zone_label":"UA","planning_document":"62193_PLU_20260710","demand_cell_id":"CRS3035RES200mN3124600E3750600"}},{"type":"Feature","geometry":{"type":"Point","coordinates":[1.8621820503682671,50.9467968]},"properties":{"parcel_id":"62193000AL1408","section":"AL","number":"1408","area_m2":4472,"zone_type":"U","zone_label":"UAa","planning_document":"62193_PLU_20260710","demand_cell_id":"CRS3035RES200mN3124600E3750400"}},{"type":"Feature","geometry":{"type":"Point","coordinates":[1.8635528192132687,50.94833785]},"properties":{"parcel_id":"62193000AK1109","section":"AK","number":"1109","area_m2":2608,"zone_type":"U","zone_label":"UA","planning_document":"62193_PLU_20260710","demand_cell_id":"CRS3035RES200mN3124600E3750400"}},{"type":"Feature","geometry":{"type":"Point","coordinates":[1.8632414832833621,50.946885449999996]},"properties":{"parcel_id":"62193000AL1410","section":"AL","number":"1410","area_m2":1879,"zone_type":"U","zone_label":"UAa","planning_document":"62193_PLU_20260710","demand_cell_id":"CRS3035RES200mN3124600E3750400"}},{"type":"Feature","geometry":{"type":"Point","coordinates":[1.8682061107106391,50.948827949999995]},"properties":{"parcel_id":"62193000AK0189","section":"AK","number":"189","area_m2":2887,"zone_type":"U","zone_label":"UC","planning_document":"62193_PLU_20260710","demand_cell_id":"CRS3035RES200mN3124600E3750800"}},{"type":"Feature","geometry":{"type":"Point","coordinates":[1.8682057806524086,50.947742500000004]},"properties":{"parcel_id":"62193000AK0179","section":"AK","number":"179","area_m2":1000,"zone_type":"U","zone_label":"UC","planning_document":"62193_PLU_20260710","demand_cell_id":"CRS3035RES200mN3124600E3750800"}},{"type":"Feature","geometry":{"type":"Point","coordinates":[1.8678083297002726,50.9471823]},"properties":{"parcel_id":"62193000AK1257","section":"AK","number":"1257","area_m2":901,"zone_type":"U","zone_label":"UC","planning_document":"62193_PLU_20260710","demand_cell_id":"CRS3035RES200mN3124600E3750800"}},{"type":"Feature","geometry":{"type":"Point","coordinates":[1.8678630820816866,50.9499198]},"properties":{"parcel_id":"62193000AK0132","section":"AK","number":"132","area_m2":3019,"zone_type":"U","zone_label":"UC","planning_document":"62193_PLU_20260710","demand_cell_id":"CRS3035RES200mN3124800E3750800"}},{"type":"Feature","geometry":{"type":"Point","coordinates":[1.8684356674841287,50.950140250000004]},"properties":{"parcel_id":"62193000AK0202","section":"AK","number":"202","area_m2":1149,"zone_type":"U","zone_label":"UC","planning_document":"62193_PLU_20260710","demand_cell_id":"CRS3035RES200mN3124800E3750800"}},{"type":"Feature","geometry":{"type":"Point","coordinates":[1.8692654787039207,50.94950825]},"properties":{"parcel_id":"62193000AK1318","section":"AK","number":"1318","area_m2":749,"zone_type":"U","zone_label":"UC","planning_document":"62193_PLU_20260710","demand_cell_id":"CRS3035RES200mN3124800E3750800"}},{"type":"Feature","geometry":{"type":"Point","coordinates":[1.8638425534993854,50.9460841]},"properties":{"parcel_id":"62193000AL1351","section":"AL","number":"1351","area_m2":13725,"zone_type":"U","zone_label":"UAa","planning_document":"62193_PLU_20260710","demand_cell_id":"CRS3035RES200mN3124400E3750400"}},{"type":"Feature","geometry":{"type":"Point","coordinates":[1.8626908751233398,50.9467138]},"properties":{"parcel_id":"62193000AL1352","section":"AL","number":"1352","area_m2":1820,"zone_type":"U","zone_label":"UAa","planning_document":"62193_PLU_20260710","demand_cell_id":"CRS3035RES200mN3124400E3750400"}},{"type":"Feature","geometry":{"type":"Point","coordinates":[1.8629879736091937,50.946401550000004]},"properties":{"parcel_id":"62193000AL1350","section":"AL","number":"1350","area_m2":1275,"zone_type":"U","zone_label":"UAa","planning_document":"62193_PLU_20260710","demand_cell_id":"CRS3035RES200mN3124400E3750400"}},{"type":"Feature","geometry":{"type":"Point","coordinates":[1.8592211908860126,50.94404075]},"properties":{"parcel_id":"62193000AL1060","section":"AL","number":"1060","area_m2":1690,"zone_type":"U","zone_label":"UA","planning_document":"62193_PLU_20260710","demand_cell_id":"CRS3035RES200mN3124200E3750000"}},{"type":"Feature","geometry":{"type":"Point","coordinates":[1.856936370993915,50.94374259999999]},"properties":{"parcel_id":"62193000AR0422","section":"AR","number":"422","area_m2":649,"zone_type":"U","zone_label":"UA","planning_document":"62193_PLU_20260710","demand_cell_id":"CRS3035RES200mN3124200E3750000"}},{"type":"Feature","geometry":{"type":"Point","coordinates":[1.8578411734728504,50.94383315]},"properties":{"parcel_id":"62193000AR0428","section":"AR","number":"428","area_m2":565,"zone_type":"U","zone_label":"UA","planning_document":"62193_PLU_20260710","demand_cell_id":"CRS3035RES200mN3124200E3750000"}},{"type":"Feature","geometry":{"type":"Point","coordinates":[1.8632475165338178,50.94393895]},"properties":{"parcel_id":"62193000AL1198","section":"AL","number":"1198","area_m2":14392,"zone_type":"U","zone_label":"UAa","planning_document":"62193_PLU_20260710","demand_cell_id":"CRS3035RES200mN3124200E3750400"}},{"type":"Feature","geometry":{"type":"Point","coordinates":[1.8634882401763617,50.944671650000004]},"properties":{"parcel_id":"62193000AL1134","section":"AL","number":"1134","area_m2":2776,"zone_type":"U","zone_label":"UAa","planning_document":"62193_PLU_20260710","demand_cell_id":"CRS3035RES200mN3124200E3750400"}},{"type":"Feature","geometry":{"type":"Point","coordinates":[1.864023173790013,50.9435945]},"properties":{"parcel_id":"62193000AL1197","section":"AL","number":"1197","area_m2":2099,"zone_type":"U","zone_label":"UAa","planning_document":"62193_PLU_20260710","demand_cell_id":"CRS3035RES200mN3124200E3750400"}},{"type":"Feature","geometry":{"type":"Point","coordinates":[1.8651362897975754,50.94390679999999]},"properties":{"parcel_id":"62193000AL1167","section":"AL","number":"1167","area_m2":9997,"zone_type":"U","zone_label":"UAa","planning_document":"62193_PLU_20260710","demand_cell_id":"CRS3035RES200mN3124200E3750600"}},{"type":"Feature","geometry":{"type":"Point","coordinates":[1.8669052809806996,50.94347165]},"properties":{"parcel_id":"62193000AL1057","section":"AL","number":"1057","area_m2":3914,"zone_type":"U","zone_label":"UAa","planning_document":"62193_PLU_20260710","demand_cell_id":"CRS3035RES200mN3124200E3750600"}},{"type":"Feature","geometry":{"type":"Point","coordinates":[1.8669691366033732,50.944788700000004]},"properties":{"parcel_id":"62193000AM1828","section":"AM","number":"1828","area_m2":2060,"zone_type":"U","zone_label":"UC","planning_document":"62193_PLU_20260710","demand_cell_id":"CRS3035RES200mN3124200E3750600"}},{"type":"Feature","geometry":{"type":"Point","coordinates":[1.8617916228381373,50.9446983]},"properties":{"parcel_id":"62193000AL1404","section":"AL","number":"1404","area_m2":2698,"zone_type":"U","zone_label":"UA","planning_document":"62193_PLU_20260710","demand_cell_id":"CRS3035RES200mN3124200E3750200"}},{"type":"Feature","geometry":{"type":"Point","coordinates":[1.8613699282218992,50.94404605]},"properties":{"parcel_id":"62193000AL0850","section":"AL","number":"850","area_m2":1595,"zone_type":"U","zone_label":"UA","planning_document":"62193_PLU_20260710","demand_cell_id":"CRS3035RES200mN3124200E3750200"}},{"type":"Feature","geometry":{"type":"Point","coordinates":[1.86017610823331,50.9445963]},"properties":{"parcel_id":"62193000AL0749","section":"AL","number":"749","area_m2":1565,"zone_type":"U","zone_label":"UA","planning_document":"62193_PLU_20260710","demand_cell_id":"CRS3035RES200mN3124200E3750200"}},{"type":"Feature","geometry":{"type":"Point","coordinates":[1.8613099205857417,50.9462711]},"properties":{"parcel_id":"62193000AL0395","section":"AL","number":"395","area_m2":2638,"zone_type":"U","zone_label":"UA","planning_document":"62193_PLU_20260710","demand_cell_id":"CRS3035RES200mN3124400E3750200"}},{"type":"Feature","geometry":{"type":"Point","coordinates":[1.8604824380866947,50.946479350000004]},"properties":{"parcel_id":"62193000AL0403","section":"AL","number":"403","area_m2":2534,"zone_type":"U","zone_label":"UA","planning_document":"62193_PLU_20260710","demand_cell_id":"CRS3035RES200mN3124400E3750200"}},{"type":"Feature","geometry":{"type":"Point","coordinates":[1.8618740189312595,50.945138150000005]},"properties":{"parcel_id":"62193000AL0825","section":"AL","number":"825","area_m2":1552,"zone_type":"U","zone_label":"UA","planning_document":"62193_PLU_20260710","demand_cell_id":"CRS3035RES200mN3124400E3750200"}},{"type":"Feature","geometry":{"type":"Point","coordinates":[1.8565202654258441,50.945158449999994]},"properties":{"parcel_id":"62193000AW1663","section":"AW","number":"1663","area_m2":9174,"zone_type":"U","zone_label":"UA","planning_document":"62193_PLU_20260710","demand_cell_id":"CRS3035RES200mN3124400E3750000"}},{"type":"Feature","geometry":{"type":"Point","coordinates":[1.8578291689985753,50.944995649999996]},"properties":{"parcel_id":"62193000AW0802","section":"AW","number":"802","area_m2":6402,"zone_type":"U","zone_label":"UA","planning_document":"62193_PLU_20260710","demand_cell_id":"CRS3035RES200mN3124400E3750000"}},{"type":"Feature","geometry":{"type":"Point","coordinates":[1.8571824180207357,50.94510255]},"properties":{"parcel_id":"62193000AW1664","section":"AW","number":"1664","area_m2":3341,"zone_type":"U","zone_label":"UA","planning_document":"62193_PLU_20260710","demand_cell_id":"CRS3035RES200mN3124400E3750000"}},{"type":"Feature","geometry":{"type":"Point","coordinates":[1.859173770788531,50.948046500000004]},"properties":{"parcel_id":"62193000AL1231","section":"AL","number":"1231","area_m2":1850,"zone_type":"U","zone_label":"UA","planning_document":"62193_PLU_20260710","demand_cell_id":"CRS3035RES200mN3124600E3750200"}},{"type":"Feature","geometry":{"type":"Point","coordinates":[1.8595950035964544,50.9480608]},"properties":{"parcel_id":"62193000AL0133","section":"AL","number":"133","area_m2":1010,"zone_type":"U","zone_label":"UA","planning_document":"62193_PLU_20260710","demand_cell_id":"CRS3035RES200mN3124600E3750200"}},{"type":"Feature","geometry":{"type":"Point","coordinates":[1.8599874814868806,50.9476539]},"properties":{"parcel_id":"62193000AL0473","section":"AL","number":"473","area_m2":632,"zone_type":"U","zone_label":"UA","planning_document":"62193_PLU_20260710","demand_cell_id":"CRS3035RES200mN3124600E3750200"}},{"type":"Feature","geometry":{"type":"Point","coordinates":[1.8785013564054807,50.94144395]},"properties":{"parcel_id":"62193000CK0529","section":"CK","number":"529","area_m2":6197,"zone_type":"U","zone_label":"UC","planning_document":"62193_PLU_20260710","demand_cell_id":"CRS3035RES200mN3123800E3751400"}},{"type":"Feature","geometry":{"type":"Point","coordinates":[1.876989025809844,50.94166985]},"properties":{"parcel_id":"62193000AM1178","section":"AM","number":"1178","area_m2":4913,"zone_type":"U","zone_label":"UC","planning_document":"62193_PLU_20260710","demand_cell_id":"CRS3035RES200mN3123800E3751400"}},{"type":"Feature","geometry":{"type":"Point","coordinates":[1.8789900472150745,50.941167449999995]},"properties":{"parcel_id":"62193000CK0526","section":"CK","number":"526","area_m2":2561,"zone_type":"U","zone_label":"UC","planning_document":"62193_PLU_20260710","demand_cell_id":"CRS3035RES200mN3123800E3751400"}},{"type":"Feature","geometry":{"type":"Point","coordinates":[1.8693942961247383,50.9433753]},"properties":{"parcel_id":"62193000AM1957","section":"AM","number":"1957","area_m2":4320,"zone_type":"U","zone_label":"UC","planning_document":"62193_PLU_20260710","demand_cell_id":"CRS3035RES200mN3124000E3750800"}},{"type":"Feature","geometry":{"type":"Point","coordinates":[1.8698503738532248,50.9424884]},"properties":{"parcel_id":"62193000AM1911","section":"AM","number":"1911","area_m2":3542,"zone_type":"U","zone_label":"UC","planning_document":"62193_PLU_20260710","demand_cell_id":"CRS3035RES200mN3124000E3750800"}},{"type":"Feature","geometry":{"type":"Point","coordinates":[1.8694583606470732,50.942910350000005]},"properties":{"parcel_id":"62193000AM1958","section":"AM","number":"1958","area_m2":2382,"zone_type":"U","zone_label":"UC","planning_document":"62193_PLU_20260710","demand_cell_id":"CRS3035RES200mN3124000E3750800"}},{"type":"Feature","geometry":{"type":"Point","coordinates":[1.8711436649274455,50.942748]},"properties":{"parcel_id":"62193000AM1441","section":"AM","number":"1441","area_m2":2826,"zone_type":"U","zone_label":"UC","planning_document":"62193_PLU_20260710","demand_cell_id":"CRS3035RES200mN3124000E3751000"}},{"type":"Feature","geometry":{"type":"Point","coordinates":[1.8736773292841418,50.9425959]},"properties":{"parcel_id":"62193000AM0765","section":"AM","number":"765","area_m2":2359,"zone_type":"U","zone_label":"UC","planning_document":"62193_PLU_20260710","demand_cell_id":"CRS3035RES200mN3124000E3751000"}},{"type":"Feature","geometry":{"type":"Point","coordinates":[1.8720857923908887,50.942539749999995]},"properties":{"parcel_id":"62193000AM1330","section":"AM","number":"1330","area_m2":812,"zone_type":"U","zone_label":"UC","planning_document":"62193_PLU_20260710","demand_cell_id":"CRS3035RES200mN3124000E3751000"}},{"type":"Feature","geometry":{"type":"Point","coordinates":[1.8733734469939038,50.94157145]},"properties":{"parcel_id":"62193000AM1670","section":"AM","number":"1670","area_m2":3877,"zone_type":"U","zone_label":"UC","planning_document":"62193_PLU_20260710","demand_cell_id":"CRS3035RES200mN3123800E3751000"}},{"type":"Feature","geometry":{"type":"Point","coordinates":[1.872920276906275,50.94054585]},"properties":{"parcel_id":"62193000AN0285","section":"AN","number":"285","area_m2":2637,"zone_type":"U","zone_label":"UC","planning_document":"62193_PLU_20260710","demand_cell_id":"CRS3035RES200mN3123800E3751000"}},{"type":"Feature","geometry":{"type":"Point","coordinates":[1.8723566917367025,50.9405029]},"properties":{"parcel_id":"62193000AN0283","section":"AN","number":"283","area_m2":2475,"zone_type":"U","zone_label":"UC","planning_document":"62193_PLU_20260710","demand_cell_id":"CRS3035RES200mN3123800E3751000"}},{"type":"Feature","geometry":{"type":"Point","coordinates":[1.8742895436916793,50.94141105]},"properties":{"parcel_id":"62193000AM1294","section":"AM","number":"1294","area_m2":3418,"zone_type":"U","zone_label":"UC","planning_document":"62193_PLU_20260710","demand_cell_id":"CRS3035RES200mN3123800E3751200"}},{"type":"Feature","geometry":{"type":"Point","coordinates":[1.8766838322922863,50.9420326]},"properties":{"parcel_id":"62193000AM1719","section":"AM","number":"1719","area_m2":745,"zone_type":"U","zone_label":"UC","planning_document":"62193_PLU_20260710","demand_cell_id":"CRS3035RES200mN3123800E3751200"}},{"type":"Feature","geometry":{"type":"Point","coordinates":[1.8759243315490575,50.94067115]},"properties":{"parcel_id":"62193000AN0207","section":"AN","number":"207","area_m2":601,"zone_type":"U","zone_label":"UC","planning_document":"62193_PLU_20260710","demand_cell_id":"CRS3035RES200mN3123800E3751200"}},{"type":"Feature","geometry":{"type":"Point","coordinates":[1.878266140834265,50.94253995]},"properties":{"parcel_id":"62193000AM1138","section":"AM","number":"1138","area_m2":1706,"zone_type":"U","zone_label":"UC","planning_document":"62193_PLU_20260710","demand_cell_id":"CRS3035RES200mN3124000E3751400"}},{"type":"Feature","geometry":{"type":"Point","coordinates":[1.877891654210966,50.9428114]},"properties":{"parcel_id":"62193000AM1133","section":"AM","number":"1133","area_m2":1493,"zone_type":"U","zone_label":"UC","planning_document":"62193_PLU_20260710","demand_cell_id":"CRS3035RES200mN3124000E3751400"}},{"type":"Feature","geometry":{"type":"Point","coordinates":[1.8769207544663058,50.942350149999996]},"properties":{"parcel_id":"62193000AM1155","section":"AM","number":"1155","area_m2":891,"zone_type":"U","zone_label":"UC","planning_document":"62193_PLU_20260710","demand_cell_id":"CRS3035RES200mN3124000E3751400"}},{"type":"Feature","geometry":{"type":"Point","coordinates":[1.869779913231542,50.94483375]},"properties":{"parcel_id":"62193000AM1891","section":"AM","number":"1891","area_m2":3866,"zone_type":"U","zone_label":"UC","planning_document":"62193_PLU_20260710","demand_cell_id":"CRS3035RES200mN3124200E3750800"}},{"type":"Feature","geometry":{"type":"Point","coordinates":[1.8703797317637645,50.94502975]},"properties":{"parcel_id":"62193000AM0079","section":"AM","number":"79","area_m2":1709,"zone_type":"U","zone_label":"UC","planning_document":"62193_PLU_20260710","demand_cell_id":"CRS3035RES200mN3124200E3750800"}},{"type":"Feature","geometry":{"type":"Point","coordinates":[1.86954164,50.9453021]},"properties":{"parcel_id":"62193000AM1890","section":"AM","number":"1890","area_m2":1099,"zone_type":"U","zone_label":"UC","planning_document":"62193_PLU_20260710","demand_cell_id":"CRS3035RES200mN3124200E3750800"}},{"type":"Feature","geometry":{"type":"Point","coordinates":[1.8741395449823492,50.9424185]},"properties":{"parcel_id":"62193000AM0766","section":"AM","number":"766","area_m2":1042,"zone_type":"U","zone_label":"UC","planning_document":"62193_PLU_20260710","demand_cell_id":"CRS3035RES200mN3124000E3751200"}},{"type":"Feature","geometry":{"type":"Point","coordinates":[1.875799895551791,50.9436228]},"properties":{"parcel_id":"62193000AM0637","section":"AM","number":"637","area_m2":830,"zone_type":"U","zone_label":"UC","planning_document":"62193_PLU_20260710","demand_cell_id":"CRS3035RES200mN3124000E3751200"}},{"type":"Feature","geometry":{"type":"Point","coordinates":[1.8756593294568211,50.943944200000004]},"properties":{"parcel_id":"62193000AM0624","section":"AM","number":"624","area_m2":585,"zone_type":"U","zone_label":"UC","planning_document":"62193_PLU_20260710","demand_cell_id":"CRS3035RES200mN3124000E3751200"}},{"type":"Feature","geometry":{"type":"Point","coordinates":[1.8787603295535318,50.9446352]},"properties":{"parcel_id":"62193000CI0373","section":"CI","number":"373","area_m2":1550,"zone_type":"U","zone_label":"UC","planning_document":"62193_PLU_20260710","demand_cell_id":"CRS3035RES200mN3124200E3751400"}},{"type":"Feature","geometry":{"type":"Point","coordinates":[1.8769786020870463,50.945260700000006]},"properties":{"parcel_id":"62193000AM0986","section":"AM","number":"986","area_m2":1168,"zone_type":"U","zone_label":"UC","planning_document":"62193_PLU_20260710","demand_cell_id":"CRS3035RES200mN3124200E3751400"}},{"type":"Feature","geometry":{"type":"Point","coordinates":[1.8773292711122047,50.94563905]},"properties":{"parcel_id":"62193000AM1015","section":"AM","number":"1015","area_m2":834,"zone_type":"U","zone_label":"UC","planning_document":"62193_PLU_20260710","demand_cell_id":"CRS3035RES200mN3124200E3751400"}},{"type":"Feature","geometry":{"type":"Point","coordinates":[1.8728266809761966,50.94530135]},"properties":{"parcel_id":"62193000AM1897","section":"AM","number":"1897","area_m2":923,"zone_type":"U","zone_label":"UC","planning_document":"62193_PLU_20260710","demand_cell_id":"CRS3035RES200mN3124200E3751000"}},{"type":"Feature","geometry":{"type":"Point","coordinates":[1.8712859722872752,50.945410800000005]},"properties":{"parcel_id":"62193000AM0124","section":"AM","number":"124","area_m2":779,"zone_type":"U","zone_label":"UC","planning_document":"62193_PLU_20260710","demand_cell_id":"CRS3035RES200mN3124200E3751000"}},{"type":"Feature","geometry":{"type":"Point","coordinates":[1.8720656761077243,50.94528305]},"properties":{"parcel_id":"62193000AM0146","section":"AM","number":"146","area_m2":719,"zone_type":"U","zone_label":"UC","planning_document":"62193_PLU_20260710","demand_cell_id":"CRS3035RES200mN3124200E3751000"}},{"type":"Feature","geometry":{"type":"Point","coordinates":[1.8738497561953062,50.94542955]},"properties":{"parcel_id":"62193000AM0198","section":"AM","number":"198","area_m2":2643,"zone_type":"U","zone_label":"UC","planning_document":"62193_PLU_20260710","demand_cell_id":"CRS3035RES200mN3124200E3751200"}},{"type":"Feature","geometry":{"type":"Point","coordinates":[1.8748466073455234,50.94539795]},"properties":{"parcel_id":"62193000AM0525","section":"AM","number":"525","area_m2":2100,"zone_type":"U","zone_label":"UC","planning_document":"62193_PLU_20260710","demand_cell_id":"CRS3035RES200mN3124200E3751200"}},{"type":"Feature","geometry":{"type":"Point","coordinates":[1.8753978396551725,50.9454913]},"properties":{"parcel_id":"62193000AM0539","section":"AM","number":"539","area_m2":1218,"zone_type":"U","zone_label":"UC","planning_document":"62193_PLU_20260710","demand_cell_id":"CRS3035RES200mN3124200E3751200"}},{"type":"Feature","geometry":{"type":"Point","coordinates":[1.874288392625246,50.93837765]},"properties":{"parcel_id":"62193000AN0387","section":"AN","number":"387","area_m2":43525,"zone_type":"U","zone_label":"UE","planning_document":"62193_PLU_20260710","demand_cell_id":"CRS3035RES200mN3123400E3751000"}},{"type":"Feature","geometry":{"type":"Point","coordinates":[1.8747653643718187,50.9371536]},"properties":{"parcel_id":"62193000CV0316","section":"CV","number":"316","area_m2":14875,"zone_type":"U","zone_label":"UGa","planning_document":"62193_PLU_20260710","demand_cell_id":"CRS3035RES200mN3123400E3751000"}},{"type":"Feature","geometry":{"type":"Point","coordinates":[1.8727693540407464,50.9369153]},"properties":{"parcel_id":"62193000CV0083","section":"CV","number":"83","area_m2":7031,"zone_type":"U","zone_label":"UGa","planning_document":"62193_PLU_20260710","demand_cell_id":"CRS3035RES200mN3123400E3751000"}},{"type":"Feature","geometry":{"type":"Point","coordinates":[1.8677670276248384,50.9383813]},"properties":{"parcel_id":"62193000AN0262","section":"AN","number":"262","area_m2":32977,"zone_type":"U","zone_label":"UGa","planning_document":"62193_PLU_20260710","demand_cell_id":"CRS3035RES200mN3123600E3750600"}},{"type":"Feature","geometry":{"type":"Point","coordinates":[1.8664372258333164,50.93805155]},"properties":{"parcel_id":"62193000AN0462","section":"AN","number":"462","area_m2":7778,"zone_type":"U","zone_label":"UGa","planning_document":"62193_PLU_20260710","demand_cell_id":"CRS3035RES200mN3123600E3750600"}},{"type":"Feature","geometry":{"type":"Point","coordinates":[1.865997229501176,50.9390317]},"properties":{"parcel_id":"62193000AN0404","section":"AN","number":"404","area_m2":1314,"zone_type":"U","zone_label":"UGa","planning_document":"62193_PLU_20260710","demand_cell_id":"CRS3035RES200mN3123600E3750600"}},{"type":"Feature","geometry":{"type":"Point","coordinates":[1.8642406359089383,50.93819405]},"properties":{"parcel_id":"62193000AP0747","section":"AP","number":"747","area_m2":6055,"zone_type":"U","zone_label":"UGa","planning_document":"62193_PLU_20260710","demand_cell_id":"CRS3035RES200mN3123600E3750400"}},{"type":"Feature","geometry":{"type":"Point","coordinates":[1.8633855621335005,50.93816605]},"properties":{"parcel_id":"62193000AP0739","section":"AP","number":"739","area_m2":4696,"zone_type":"U","zone_label":"UGa","planning_document":"62193_PLU_20260710","demand_cell_id":"CRS3035RES200mN3123600E3750400"}},{"type":"Feature","geometry":{"type":"Point","coordinates":[1.8659420259143065,50.938038500000005]},"properties":{"parcel_id":"62193000AN0407","section":"AN","number":"407","area_m2":3741,"zone_type":"U","zone_label":"UGa","planning_document":"62193_PLU_20260710","demand_cell_id":"CRS3035RES200mN3123600E3750400"}},{"type":"Feature","geometry":{"type":"Point","coordinates":[1.8721700528137375,50.939778700000005]},"properties":{"parcel_id":"62193000AN0474","section":"AN","number":"474","area_m2":8622,"zone_type":"U","zone_label":"UC","planning_document":"62193_PLU_20260710","demand_cell_id":"CRS3035RES200mN3123600E3751000"}},{"type":"Feature","geometry":{"type":"Point","coordinates":[1.8733209833810796,50.939084449999996]},"properties":{"parcel_id":"62193000AN0460","section":"AN","number":"460","area_m2":5216,"zone_type":"U","zone_label":"UE","planning_document":"62193_PLU_20260710","demand_cell_id":"CRS3035RES200mN3123600E3751000"}},{"type":"Feature","geometry":{"type":"Point","coordinates":[1.8719065918616176,50.9386436]},"properties":{"parcel_id":"62193000AN0384","section":"AN","number":"384","area_m2":3016,"zone_type":"U","zone_label":"UC","planning_document":"62193_PLU_20260710","demand_cell_id":"CRS3035RES200mN3123600E3751000"}},{"type":"Feature","geometry":{"type":"Point","coordinates":[1.8706998037907363,50.9374892]},"properties":{"parcel_id":"62193000AN0239","section":"AN","number":"239","area_m2":8314,"zone_type":"U","zone_label":"UGa","planning_document":"62193_PLU_20260710","demand_cell_id":"CRS3035RES200mN3123400E3750800"}},{"type":"Feature","geometry":{"type":"Point","coordinates":[1.8697307998988233,50.9376447]},"properties":{"parcel_id":"62193000AN0240","section":"AN","number":"240","area_m2":3523,"zone_type":"U","zone_label":"UGa","planning_document":"62193_PLU_20260710","demand_cell_id":"CRS3035RES200mN3123400E3750800"}},{"type":"Feature","geometry":{"type":"Point","coordinates":[1.8703604203662603,50.9380749]},"properties":{"parcel_id":"62193000AN0544","section":"AN","number":"544","area_m2":3404,"zone_type":"U","zone_label":"UGa","planning_document":"62193_PLU_20260710","demand_cell_id":"CRS3035RES200mN3123400E3750800"}},{"type":"Feature","geometry":{"type":"Point","coordinates":[1.875811791927714,50.9401524]},"properties":{"parcel_id":"62193000AN0400","section":"AN","number":"400","area_m2":7425,"zone_type":"U","zone_label":"UC","planning_document":"62193_PLU_20260710","demand_cell_id":"CRS3035RES200mN3123600E3751200"}},{"type":"Feature","geometry":{"type":"Point","coordinates":[1.8767889645136027,50.93949955]},"properties":{"parcel_id":"62193000AN0537","section":"AN","number":"537","area_m2":6163,"zone_type":"U","zone_label":"UE","planning_document":"62193_PLU_20260710","demand_cell_id":"CRS3035RES200mN3123600E3751200"}},{"type":"Feature","geometry":{"type":"Point","coordinates":[1.8759971491532161,50.93901005]},"properties":{"parcel_id":"62193000AN0343","section":"AN","number":"343","area_m2":5399,"zone_type":"U","zone_label":"UE","planning_document":"62193_PLU_20260710","demand_cell_id":"CRS3035RES200mN3123600E3751200"}},{"type":"Feature","geometry":{"type":"Point","coordinates":[1.8767717373747275,50.93855015]},"properties":{"parcel_id":"62193000AN0254","section":"AN","number":"254","area_m2":7826,"zone_type":"U","zone_label":"UE","planning_document":"62193_PLU_20260710","demand_cell_id":"CRS3035RES200mN3123400E3751200"}},{"type":"Feature","geometry":{"type":"Point","coordinates":[1.8760496933236657,50.9380885]},"properties":{"parcel_id":"62193000AN0341","section":"AN","number":"341","area_m2":1381,"zone_type":"U","zone_label":"UE","planning_document":"62193_PLU_20260710","demand_cell_id":"CRS3035RES200mN3123400E3751200"}},{"type":"Feature","geometry":{"type":"Point","coordinates":[1.8774453575236967,50.937971250000004]},"properties":{"parcel_id":"62193000AN0250","section":"AN","number":"250","area_m2":1097,"zone_type":"U","zone_label":"UE","planning_document":"62193_PLU_20260710","demand_cell_id":"CRS3035RES200mN3123400E3751200"}},{"type":"Feature","geometry":{"type":"Point","coordinates":[1.8697832482443402,50.938778400000004]},"properties":{"parcel_id":"62193000AN0538","section":"AN","number":"538","area_m2":6962,"zone_type":"U","zone_label":"UGa","planning_document":"62193_PLU_20260710","demand_cell_id":"CRS3035RES200mN3123600E3750800"}},{"type":"Feature","geometry":{"type":"Point","coordinates":[1.8688456559992936,50.93926835]},"properties":{"parcel_id":"62193000AN0472","section":"AN","number":"472","area_m2":3088,"zone_type":"U","zone_label":"UGa","planning_document":"62193_PLU_20260710","demand_cell_id":"CRS3035RES200mN3123600E3750800"}},{"type":"Feature","geometry":{"type":"Point","coordinates":[1.869846463571426,50.939652800000005]},"properties":{"parcel_id":"62193000AN0390","section":"AN","number":"390","area_m2":2878,"zone_type":"U","zone_label":"UGa","planning_document":"62193_PLU_20260710","demand_cell_id":"CRS3035RES200mN3123600E3750800"}},{"type":"Feature","geometry":{"type":"Point","coordinates":[1.8791726533321018,50.93918985]},"properties":{"parcel_id":"62193000CK0549","section":"CK","number":"549","area_m2":4456,"zone_type":"U","zone_label":"UCc","planning_document":"62193_PLU_20260710","demand_cell_id":"CRS3035RES200mN3123600E3751400"}},{"type":"Feature","geometry":{"type":"Point","coordinates":[1.8786137785088655,50.939404100000004]},"properties":{"parcel_id":"62193000CK0551","section":"CK","number":"551","area_m2":1905,"zone_type":"U","zone_label":"UE","planning_document":"62193_PLU_20260710","demand_cell_id":"CRS3035RES200mN3123600E3751400"}},{"type":"Feature","geometry":{"type":"Point","coordinates":[1.878299801757863,50.9390025]},"properties":{"parcel_id":"62193000CK0513","section":"CK","number":"513","area_m2":1632,"zone_type":"U","zone_label":"UE","planning_document":"62193_PLU_20260710","demand_cell_id":"CRS3035RES200mN3123600E3751400"}},{"type":"Feature","geometry":{"type":"Point","coordinates":[1.8686757897241848,50.94026465]},"properties":{"parcel_id":"62193000AO1535","section":"AO","number":"1535","area_m2":11593,"zone_type":"U","zone_label":"UA","planning_document":"62193_PLU_20260710","demand_cell_id":"CRS3035RES200mN3123800E3750800"}},{"type":"Feature","geometry":{"type":"Point","coordinates":[1.8684474700187939,50.941130650000005]},"properties":{"parcel_id":"62193000AO1393","section":"AO","number":"1393","area_m2":6978,"zone_type":"U","zone_label":"UA","planning_document":"62193_PLU_20260710","demand_cell_id":"CRS3035RES200mN3123800E3750800"}},{"type":"Feature","geometry":{"type":"Point","coordinates":[1.8712521504406094,50.9401528]},"properties":{"parcel_id":"62193000AN0541","section":"AN","number":"541","area_m2":736,"zone_type":"U","zone_label":"UC","planning_document":"62193_PLU_20260710","demand_cell_id":"CRS3035RES200mN3123800E3750800"}},{"type":"Feature","geometry":{"type":"Point","coordinates":[1.8675862012988378,50.9401693]},"properties":{"parcel_id":"62193000AO1472","section":"AO","number":"1472","area_m2":10946,"zone_type":"U","zone_label":"UA","planning_document":"62193_PLU_20260710","demand_cell_id":"CRS3035RES200mN3123800E3750600"}},{"type":"Feature","geometry":{"type":"Point","coordinates":[1.8671121328657918,50.941345150000004]},"properties":{"parcel_id":"62193000AO1402","section":"AO","number":"1402","area_m2":4734,"zone_type":"U","zone_label":"UA","planning_document":"62193_PLU_20260710","demand_cell_id":"CRS3035RES200mN3123800E3750600"}},{"type":"Feature","geometry":{"type":"Point","coordinates":[1.8681353357545287,50.94166595]},"properties":{"parcel_id":"62193000AO1459","section":"AO","number":"1459","area_m2":3118,"zone_type":"U","zone_label":"UA","planning_document":"62193_PLU_20260710","demand_cell_id":"CRS3035RES200mN3123800E3750600"}},{"type":"Feature","geometry":{"type":"Point","coordinates":[1.8648854867039417,50.94006945]},"properties":{"parcel_id":"62193000AO1196","section":"AO","number":"1196","area_m2":4759,"zone_type":"U","zone_label":"UA","planning_document":"62193_PLU_20260710","demand_cell_id":"CRS3035RES200mN3123800E3750400"}},{"type":"Feature","geometry":{"type":"Point","coordinates":[1.865140872772829,50.941405700000004]},"properties":{"parcel_id":"62193000AO1329","section":"AO","number":"1329","area_m2":1843,"zone_type":"U","zone_label":"UA","planning_document":"62193_PLU_20260710","demand_cell_id":"CRS3035RES200mN3123800E3750400"}},{"type":"Feature","geometry":{"type":"Point","coordinates":[1.8648072676310594,50.9411633]},"properties":{"parcel_id":"62193000AO1211","section":"AO","number":"1211","area_m2":1359,"zone_type":"U","zone_label":"UA","planning_document":"62193_PLU_20260710","demand_cell_id":"CRS3035RES200mN3123800E3750400"}},{"type":"Feature","geometry":{"type":"Point","coordinates":[1.858267443817204,50.9392065]},"properties":{"parcel_id":"62193000AP0003","section":"AP","number":"3","area_m2":4881,"zone_type":"U","zone_label":"UAa","planning_document":"62193_PLU_20260710","demand_cell_id":"CRS3035RES200mN3123800E3750000"}},{"type":"Feature","geometry":{"type":"Point","coordinates":[1.8589240118149495,50.93929625]},"properties":{"parcel_id":"62193000AP0821","section":"AP","number":"821","area_m2":2661,"zone_type":"U","zone_label":"UAa","planning_document":"62193_PLU_20260710","demand_cell_id":"CRS3035RES200mN3123800E3750000"}},{"type":"Feature","geometry":{"type":"Point","coordinates":[1.8585427089660054,50.9409011]},"properties":{"parcel_id":"62193000AO0930","section":"AO","number":"930","area_m2":905,"zone_type":"U","zone_label":"UA","planning_document":"62193_PLU_20260710","demand_cell_id":"CRS3035RES200mN3123800E3750000"}},{"type":"Feature","geometry":{"type":"Point","coordinates":[1.8603841768617022,50.9402701]},"properties":{"parcel_id":"62193000AO0972","section":"AO","number":"972","area_m2":3037,"zone_type":"U","zone_label":"UA","planning_document":"62193_PLU_20260710","demand_cell_id":"CRS3035RES200mN3123800E3750200"}},{"type":"Feature","geometry":{"type":"Point","coordinates":[1.860172274221453,50.940726749999996]},"properties":{"parcel_id":"62193000AO0971","section":"AO","number":"971","area_m2":2693,"zone_type":"U","zone_label":"UA","planning_document":"62193_PLU_20260710","demand_cell_id":"CRS3035RES200mN3123800E3750200"}},{"type":"Feature","geometry":{"type":"Point","coordinates":[1.8607945147190674,50.94063635]},"properties":{"parcel_id":"62193000AO1004","section":"AO","number":"1004","area_m2":1704,"zone_type":"U","zone_label":"UA","planning_document":"62193_PLU_20260710","demand_cell_id":"CRS3035RES200mN3123800E3750200"}},{"type":"Feature","geometry":{"type":"Point","coordinates":[1.858627113307493,50.941802249999995]},"properties":{"parcel_id":"62193000AO1335","section":"AO","number":"1335","area_m2":6915,"zone_type":"U","zone_label":"UA","planning_document":"62193_PLU_20260710","demand_cell_id":"CRS3035RES200mN3124000E3750000"}},{"type":"Feature","geometry":{"type":"Point","coordinates":[1.8582728396658412,50.941512149999994]},"properties":{"parcel_id":"62193000AO1334","section":"AO","number":"1334","area_m2":1471,"zone_type":"U","zone_label":"UA","planning_document":"62193_PLU_20260710","demand_cell_id":"CRS3035RES200mN3124000E3750000"}},{"type":"Feature","geometry":{"type":"Point","coordinates":[1.859503902449775,50.9425153]},"properties":{"parcel_id":"62193000AO0862","section":"AO","number":"862","area_m2":1016,"zone_type":"U","zone_label":"UA","planning_document":"62193_PLU_20260710","demand_cell_id":"CRS3035RES200mN3124000E3750000"}},{"type":"Feature","geometry":{"type":"Point","coordinates":[1.8616782419049125,50.9422955]},"properties":{"parcel_id":"62193000AO1415","section":"AO","number":"1415","area_m2":3123,"zone_type":"U","zone_label":"UA","planning_document":"62193_PLU_20260710","demand_cell_id":"CRS3035RES200mN3124000E3750200"}},{"type":"Feature","geometry":{"type":"Point","coordinates":[1.8596647196101026,50.942395000000005]},"properties":{"parcel_id":"62193000AO0857","section":"AO","number":"857","area_m2":1896,"zone_type":"U","zone_label":"UA","planning_document":"62193_PLU_20260710","demand_cell_id":"CRS3035RES200mN3124000E3750200"}},{"type":"Feature","geometry":{"type":"Point","coordinates":[1.8604454837078652,50.94218925]},"properties":{"parcel_id":"62193000AO0731","section":"AO","number":"731","area_m2":1084,"zone_type":"U","zone_label":"UA","planning_document":"62193_PLU_20260710","demand_cell_id":"CRS3035RES200mN3124000E3750200"}},{"type":"Feature","geometry":{"type":"Point","coordinates":[1.8649119957339786,50.94183275]},"properties":{"parcel_id":"62193000AO1385","section":"AO","number":"1385","area_m2":1996,"zone_type":"U","zone_label":"UA","planning_document":"62193_PLU_20260710","demand_cell_id":"CRS3035RES200mN3124000E3750400"}},{"type":"Feature","geometry":{"type":"Point","coordinates":[1.8641186244138332,50.94291815]},"properties":{"parcel_id":"62193000AO0208","section":"AO","number":"208","area_m2":1486,"zone_type":"U","zone_label":"UA","planning_document":"62193_PLU_20260710","demand_cell_id":"CRS3035RES200mN3124000E3750400"}},{"type":"Feature","geometry":{"type":"Point","coordinates":[1.8652288986400893,50.94176135]},"properties":{"parcel_id":"62193000AO0431","section":"AO","number":"431","area_m2":1480,"zone_type":"U","zone_label":"UA","planning_document":"62193_PLU_20260710","demand_cell_id":"CRS3035RES200mN3124000E3750400"}},{"type":"Feature","geometry":{"type":"Point","coordinates":[1.8670885849266332,50.94198205]},"properties":{"parcel_id":"62193000AO1400","section":"AO","number":"1400","area_m2":4053,"zone_type":"U","zone_label":"UA","planning_document":"62193_PLU_20260710","demand_cell_id":"CRS3035RES200mN3124000E3750600"}},{"type":"Feature","geometry":{"type":"Point","coordinates":[1.8670684763622551,50.942534800000004]},"properties":{"parcel_id":"62193000AO0324","section":"AO","number":"324","area_m2":1467,"zone_type":"U","zone_label":"UA","planning_document":"62193_PLU_20260710","demand_cell_id":"CRS3035RES200mN3124000E3750600"}},{"type":"Feature","geometry":{"type":"Point","coordinates":[1.867011068852459,50.94167635]},"properties":{"parcel_id":"62193000AO1403","section":"AO","number":"1403","area_m2":1444,"zone_type":"U","zone_label":"UA","planning_document":"62193_PLU_20260710","demand_cell_id":"CRS3035RES200mN3124000E3750600"}},{"type":"Feature","geometry":{"type":"Point","coordinates":[1.8617593027536246,50.9377767]},"properties":{"parcel_id":"62193000AP0738","section":"AP","number":"738","area_m2":8185,"zone_type":"U","zone_label":"UGa","planning_document":"62193_PLU_20260710","demand_cell_id":"CRS3035RES200mN3123600E3750200"}},{"type":"Feature","geometry":{"type":"Point","coordinates":[1.8619016268624642,50.9388656]},"properties":{"parcel_id":"62193000AP0144","section":"AP","number":"144","area_m2":5884,"zone_type":"U","zone_label":"UA","planning_document":"62193_PLU_20260710","demand_cell_id":"CRS3035RES200mN3123600E3750200"}},{"type":"Feature","geometry":{"type":"Point","coordinates":[1.8615389317474045,50.938145649999996]},"properties":{"parcel_id":"62193000AP0743","section":"AP","number":"743","area_m2":3616,"zone_type":"U","zone_label":"UGa","planning_document":"62193_PLU_20260710","demand_cell_id":"CRS3035RES200mN3123600E3750200"}},{"type":"Feature","geometry":{"type":"Point","coordinates":[1.8559426605919005,50.937313]},"properties":{"parcel_id":"62193000AP0546","section":"AP","number":"546","area_m2":6237,"zone_type":"U","zone_label":"UA","planning_document":"62193_PLU_20260710","demand_cell_id":"CRS3035RES200mN3123600E3749800"}},{"type":"Feature","geometry":{"type":"Point","coordinates":[1.8570866371021535,50.937557049999995]},"properties":{"parcel_id":"62193000XT0038","section":"XT","number":"38","area_m2":4382,"zone_type":"U","zone_label":"UA","planning_document":"62193_PLU_20260710","demand_cell_id":"CRS3035RES200mN3123600E3749800"}},{"type":"Feature","geometry":{"type":"Point","coordinates":[1.856593365107873,50.937827999999996]},"properties":{"parcel_id":"62193000XT0037","section":"XT","number":"37","area_m2":1981,"zone_type":"U","zone_label":"UA","planning_document":"62193_PLU_20260710","demand_cell_id":"CRS3035RES200mN3123600E3749800"}},{"type":"Feature","geometry":{"type":"Point","coordinates":[1.8542324340198015,50.9373481]},"properties":{"parcel_id":"62193000AP0478","section":"AP","number":"478","area_m2":4619,"zone_type":"U","zone_label":"UA","planning_document":"62193_PLU_20260710","demand_cell_id":"CRS3035RES200mN3123600E3749600"}},{"type":"Feature","geometry":{"type":"Point","coordinates":[1.8525038931938915,50.93815335]},"properties":{"parcel_id":"62193000XS0525","section":"XS","number":"525","area_m2":1966,"zone_type":"U","zone_label":"UA","planning_document":"62193_PLU_20260710","demand_cell_id":"CRS3035RES200mN3123600E3749600"}},{"type":"Feature","geometry":{"type":"Point","coordinates":[1.8533105696615384,50.93722185]},"properties":{"parcel_id":"62193000AP0472","section":"AP","number":"472","area_m2":1407,"zone_type":"U","zone_label":"UA","planning_document":"62193_PLU_20260710","demand_cell_id":"CRS3035RES200mN3123600E3749600"}},{"type":"Feature","geometry":{"type":"Point","coordinates":[1.8597233629964758,50.93748225]},"properties":{"parcel_id":"62193000AP0717","section":"AP","number":"717","area_m2":3763,"zone_type":"U","zone_label":"UGa","planning_document":"62193_PLU_20260710","demand_cell_id":"CRS3035RES200mN3123400E3750000"}},{"type":"Feature","geometry":{"type":"Point","coordinates":[1.8602754201030227,50.93735745]},"properties":{"parcel_id":"62193000AP0708","section":"AP","number":"708","area_m2":3173,"zone_type":"U","zone_label":"UGa","planning_document":"62193_PLU_20260710","demand_cell_id":"CRS3035RES200mN3123400E3750000"}},{"type":"Feature","geometry":{"type":"Point","coordinates":[1.8585749262327989,50.937389100000004]},"properties":{"parcel_id":"62193000AP0822","section":"AP","number":"822","area_m2":2458,"zone_type":"U","zone_label":"UGa","planning_document":"62193_PLU_20260710","demand_cell_id":"CRS3035RES200mN3123400E3750000"}},{"type":"Feature","geometry":{"type":"Point","coordinates":[1.854760015170218,50.9355634]},"properties":{"parcel_id":"62193000CX0033","section":"CX","number":"33","area_m2":2356,"zone_type":"U","zone_label":"UD","planning_document":"62193_PLU_20260710","demand_cell_id":"CRS3035RES200mN3123400E3749600"}},{"type":"Feature","geometry":{"type":"Point","coordinates":[1.8544727533938028,50.9359398]},"properties":{"parcel_id":"62193000CX0680","section":"CX","number":"680","area_m2":1645,"zone_type":"U","zone_label":"UD","planning_document":"62193_PLU_20260710","demand_cell_id":"CRS3035RES200mN3123400E3749600"}},{"type":"Feature","geometry":{"type":"Point","coordinates":[1.8540664523535582,50.93701205]},"properties":{"parcel_id":"62193000AP0774","section":"AP","number":"774","area_m2":1207,"zone_type":"U","zone_label":"UA","planning_document":"62193_PLU_20260710","demand_cell_id":"CRS3035RES200mN3123400E3749600"}},{"type":"Feature","geometry":{"type":"Point","coordinates":[1.859294120878295,50.93863]},"properties":{"parcel_id":"62193000AP0817","section":"AP","number":"817","area_m2":3471,"zone_type":"U","zone_label":"UGa","planning_document":"62193_PLU_20260710","demand_cell_id":"CRS3035RES200mN3123600E3750000"}},{"type":"Feature","geometry":{"type":"Point","coordinates":[1.859701855201795,50.938365950000005]},"properties":{"parcel_id":"62193000AP0798","section":"AP","number":"798","area_m2":2803,"zone_type":"U","zone_label":"UGa","planning_document":"62193_PLU_20260710","demand_cell_id":"CRS3035RES200mN3123600E3750000"}},{"type":"Feature","geometry":{"type":"Point","coordinates":[1.8584154415002931,50.93864495]},"properties":{"parcel_id":"62193000AP0005","section":"AP","number":"5","area_m2":2159,"zone_type":"U","zone_label":"UAa","planning_document":"62193_PLU_20260710","demand_cell_id":"CRS3035RES200mN3123600E3750000"}},{"type":"Feature","geometry":{"type":"Point","coordinates":[1.8565959439946578,50.94125015]},"properties":{"parcel_id":"62193000AR0728","section":"AR","number":"728","area_m2":628,"zone_type":"U","zone_label":"UA","planning_document":"62193_PLU_20260710","demand_cell_id":"CRS3035RES200mN3124000E3749800"}},{"type":"Feature","geometry":{"type":"Point","coordinates":[1.8552287444721824,50.94320135]},"properties":{"parcel_id":"62193000AR0196","section":"AR","number":"196","area_m2":899,"zone_type":"U","zone_label":"UA","planning_document":"62193_PLU_20260710","demand_cell_id":"CRS3035RES200mN3124200E3749800"}},{"type":"Feature","geometry":{"type":"Point","coordinates":[1.8554035236099748,50.942880200000005]},"properties":{"parcel_id":"62193000AR0195","section":"AR","number":"195","area_m2":793,"zone_type":"U","zone_label":"UA","planning_document":"62193_PLU_20260710","demand_cell_id":"CRS3035RES200mN3124200E3749800"}},{"type":"Feature","geometry":{"type":"Point","coordinates":[1.8554471505808325,50.942686699999996]},"properties":{"parcel_id":"62193000AR0177","section":"AR","number":"177","area_m2":697,"zone_type":"U","zone_label":"UA","planning_document":"62193_PLU_20260710","demand_cell_id":"CRS3035RES200mN3124200E3749800"}},{"type":"Feature","geometry":{"type":"Point","coordinates":[1.8537953816226933,50.94132415]},"properties":{"parcel_id":"62193000AS0308","section":"AS","number":"308","area_m2":506,"zone_type":"U","zone_label":"UA","planning_document":"62193_PLU_20260710","demand_cell_id":"CRS3035RES200mN3124000E3749600"}},{"type":"Feature","geometry":{"type":"Point","coordinates":[1.8495619710843754,50.94090895]},"properties":{"parcel_id":"62193000XR0172","section":"XR","number":"172","area_m2":16030,"zone_type":"U","zone_label":"UC","planning_document":"62193_PLU_20260710","demand_cell_id":"CRS3035RES200mN3124000E3749400"}},{"type":"Feature","geometry":{"type":"Point","coordinates":[1.850780523526916,50.94225925]},"properties":{"parcel_id":"62193000AS0526","section":"AS","number":"526","area_m2":2605,"zone_type":"U","zone_label":"UA","planning_document":"62193_PLU_20260710","demand_cell_id":"CRS3035RES200mN3124000E3749400"}},{"type":"Feature","geometry":{"type":"Point","coordinates":[1.8486520890092342,50.94208485]},"properties":{"parcel_id":"62193000XR0148","section":"XR","number":"148","area_m2":929,"zone_type":"U","zone_label":"UA","planning_document":"62193_PLU_20260710","demand_cell_id":"CRS3035RES200mN3124000E3749400"}},{"type":"Feature","geometry":{"type":"Point","coordinates":[1.8529572327142858,50.9436117]},"properties":{"parcel_id":"62193000AS0673","section":"AS","number":"673","area_m2":4466,"zone_type":"U","zone_label":"UA","planning_document":"62193_PLU_20260710","demand_cell_id":"CRS3035RES200mN3124200E3749600"}},{"type":"Feature","geometry":{"type":"Point","coordinates":[1.8510781924653235,50.94350715]},"properties":{"parcel_id":"62193000AT0528","section":"AT","number":"528","area_m2":1144,"zone_type":"U","zone_label":"UA","planning_document":"62193_PLU_20260710","demand_cell_id":"CRS3035RES200mN3124200E3749600"}},{"type":"Feature","geometry":{"type":"Point","coordinates":[1.8530874103590373,50.9441748]},"properties":{"parcel_id":"62193000AS0726","section":"AS","number":"726","area_m2":959,"zone_type":"U","zone_label":"UA","planning_document":"62193_PLU_20260710","demand_cell_id":"CRS3035RES200mN3124200E3749600"}},{"type":"Feature","geometry":{"type":"Point","coordinates":[1.8505628892857136,50.9437255]},"properties":{"parcel_id":"62193000AT0503","section":"AT","number":"503","area_m2":3203,"zone_type":"U","zone_label":"UA","planning_document":"62193_PLU_20260710","demand_cell_id":"CRS3035RES200mN3124200E3749400"}},{"type":"Feature","geometry":{"type":"Point","coordinates":[1.8489264194534822,50.942347]},"properties":{"parcel_id":"62193000AT0396","section":"AT","number":"396","area_m2":1951,"zone_type":"U","zone_label":"UA","planning_document":"62193_PLU_20260710","demand_cell_id":"CRS3035RES200mN3124200E3749400"}},{"type":"Feature","geometry":{"type":"Point","coordinates":[1.848214314102397,50.943711699999994]},"properties":{"parcel_id":"62193000AT0484","section":"AT","number":"484","area_m2":619,"zone_type":"U","zone_label":"UA","planning_document":"62193_PLU_20260710","demand_cell_id":"CRS3035RES200mN3124200E3749400"}},{"type":"Feature","geometry":{"type":"Point","coordinates":[1.848388462367185,50.9445357]},"properties":{"parcel_id":"62193000AV0321","section":"AV","number":"321","area_m2":1841,"zone_type":"U","zone_label":"UA","planning_document":"62193_PLU_20260710","demand_cell_id":"CRS3035RES200mN3124400E3749400"}},{"type":"Feature","geometry":{"type":"Point","coordinates":[1.8502500946503795,50.945672900000005]},"properties":{"parcel_id":"62193000AV0018","section":"AV","number":"18","area_m2":1785,"zone_type":"U","zone_label":"UA","planning_document":"62193_PLU_20260710","demand_cell_id":"CRS3035RES200mN3124400E3749400"}},{"type":"Feature","geometry":{"type":"Point","coordinates":[1.8503373403422532,50.94486665]},"properties":{"parcel_id":"62193000AV0400","section":"AV","number":"400","area_m2":773,"zone_type":"U","zone_label":"UA","planning_document":"62193_PLU_20260710","demand_cell_id":"CRS3035RES200mN3124400E3749400"}},{"type":"Feature","geometry":{"type":"Point","coordinates":[1.8517947576783866,50.94496565]},"properties":{"parcel_id":"62193000AV0363","section":"AV","number":"363","area_m2":4939,"zone_type":"U","zone_label":"UA","planning_document":"62193_PLU_20260710","demand_cell_id":"CRS3035RES200mN3124400E3749600"}},{"type":"Feature","geometry":{"type":"Point","coordinates":[1.851508106272885,50.9443173]},"properties":{"parcel_id":"62193000AV0370","section":"AV","number":"370","area_m2":1431,"zone_type":"U","zone_label":"UA","planning_document":"62193_PLU_20260710","demand_cell_id":"CRS3035RES200mN3124400E3749600"}},{"type":"Feature","geometry":{"type":"Point","coordinates":[1.8510865650982422,50.94492875]},"properties":{"parcel_id":"62193000AV0386","section":"AV","number":"386","area_m2":909,"zone_type":"U","zone_label":"UA","planning_document":"62193_PLU_20260710","demand_cell_id":"CRS3035RES200mN3124400E3749600"}},{"type":"Feature","geometry":{"type":"Point","coordinates":[1.8474301215163935,50.947330199999996]},"properties":{"parcel_id":"62193000AZ0398","section":"AZ","number":"398","area_m2":2901,"zone_type":"U","zone_label":"UA","planning_document":"62193_PLU_20260710","demand_cell_id":"CRS3035RES200mN3124600E3749400"}},{"type":"Feature","geometry":{"type":"Point","coordinates":[1.8498059254560206,50.9467008]},"properties":{"parcel_id":"62193000AW1567","section":"AW","number":"1567","area_m2":884,"zone_type":"U","zone_label":"UA","planning_document":"62193_PLU_20260710","demand_cell_id":"CRS3035RES200mN3124600E3749400"}},{"type":"Feature","geometry":{"type":"Point","coordinates":[1.8495133838590605,50.9460798]},"properties":{"parcel_id":"62193000AW1088","section":"AW","number":"1088","area_m2":838,"zone_type":"U","zone_label":"UA","planning_document":"62193_PLU_20260710","demand_cell_id":"CRS3035RES200mN3124600E3749400"}},{"type":"Feature","geometry":{"type":"Point","coordinates":[1.8502893159839342,50.94625335]},"properties":{"parcel_id":"62193000AW1044","section":"AW","number":"1044","area_m2":4144,"zone_type":"U","zone_label":"UA","planning_document":"62193_PLU_20260710","demand_cell_id":"CRS3035RES200mN3124600E3749600"}},{"type":"Feature","geometry":{"type":"Point","coordinates":[1.8514813332122007,50.9470248]},"properties":{"parcel_id":"62193000AW1552","section":"AW","number":"1552","area_m2":1939,"zone_type":"U","zone_label":"UA","planning_document":"62193_PLU_20260710","demand_cell_id":"CRS3035RES200mN3124600E3749600"}},{"type":"Feature","geometry":{"type":"Point","coordinates":[1.851696550118765,50.9463055]},"properties":{"parcel_id":"62193000AW1407","section":"AW","number":"1407","area_m2":1628,"zone_type":"U","zone_label":"UA","planning_document":"62193_PLU_20260710","demand_cell_id":"CRS3035RES200mN3124600E3749600"}},{"type":"Feature","geometry":{"type":"Point","coordinates":[1.8569017058168624,50.946437700000004]},"properties":{"parcel_id":"62193000AW0747","section":"AW","number":"747","area_m2":5446,"zone_type":"U","zone_label":"UA","planning_document":"62193_PLU_20260710","demand_cell_id":"CRS3035RES200mN3124600E3750000"}},{"type":"Feature","geometry":{"type":"Point","coordinates":[1.8581110670983998,50.947362600000005]},"properties":{"parcel_id":"62193000AW1546","section":"AW","number":"1546","area_m2":2873,"zone_type":"U","zone_label":"UA","planning_document":"62193_PLU_20260710","demand_cell_id":"CRS3035RES200mN3124600E3750000"}},{"type":"Feature","geometry":{"type":"Point","coordinates":[1.8576396200819674,50.9471342]},"properties":{"parcel_id":"62193000AW0608","section":"AW","number":"608","area_m2":2784,"zone_type":"U","zone_label":"UA","planning_document":"62193_PLU_20260710","demand_cell_id":"CRS3035RES200mN3124600E3750000"}},{"type":"Feature","geometry":{"type":"Point","coordinates":[1.8539356347157774,50.9451568]},"properties":{"parcel_id":"62193000AW0899","section":"AW","number":"899","area_m2":3683,"zone_type":"U","zone_label":"UA","planning_document":"62193_PLU_20260710","demand_cell_id":"CRS3035RES200mN3124400E3749800"}},{"type":"Feature","geometry":{"type":"Point","coordinates":[1.8546718742423633,50.945098]},"properties":{"parcel_id":"62193000AW0858","section":"AW","number":"858","area_m2":803,"zone_type":"U","zone_label":"UA","planning_document":"62193_PLU_20260710","demand_cell_id":"CRS3035RES200mN3124400E3749800"}},{"type":"Feature","geometry":{"type":"Point","coordinates":[1.8542847822813462,50.94613475]},"properties":{"parcel_id":"62193000AW0671","section":"AW","number":"671","area_m2":728,"zone_type":"U","zone_label":"UA","planning_document":"62193_PLU_20260710","demand_cell_id":"CRS3035RES200mN3124400E3749800"}},{"type":"Feature","geometry":{"type":"Point","coordinates":[1.8548927330508471,50.9469661]},"properties":{"parcel_id":"62193000AW1547","section":"AW","number":"1547","area_m2":4321,"zone_type":"U","zone_label":"UA","planning_document":"62193_PLU_20260710","demand_cell_id":"CRS3035RES200mN3124600E3749800"}},{"type":"Feature","geometry":{"type":"Point","coordinates":[1.8552128222864361,50.94638115]},"properties":{"parcel_id":"62193000AW1667","section":"AW","number":"1667","area_m2":2534,"zone_type":"U","zone_label":"UA","planning_document":"62193_PLU_20260710","demand_cell_id":"CRS3035RES200mN3124600E3749800"}},{"type":"Feature","geometry":{"type":"Point","coordinates":[1.8555462559038123,50.94685755]},"properties":{"parcel_id":"62193000AW1438","section":"AW","number":"1438","area_m2":2505,"zone_type":"U","zone_label":"UA","planning_document":"62193_PLU_20260710","demand_cell_id":"CRS3035RES200mN3124600E3749800"}},{"type":"Feature","geometry":{"type":"Point","coordinates":[1.8474180672604052,50.94786845]},"properties":{"parcel_id":"62193000AZ0401","section":"AZ","number":"401","area_m2":2331,"zone_type":"U","zone_label":"UA","planning_document":"62193_PLU_20260710","demand_cell_id":"CRS3035RES200mN3124800E3749400"}},{"type":"Feature","geometry":{"type":"Point","coordinates":[1.8487840196808505,50.9485263]},"properties":{"parcel_id":"62193000AW1372","section":"AW","number":"1372","area_m2":2184,"zone_type":"U","zone_label":"UA","planning_document":"62193_PLU_20260710","demand_cell_id":"CRS3035RES200mN3124800E3749400"}},{"type":"Feature","geometry":{"type":"Point","coordinates":[1.847134918143112,50.94880835]},"properties":{"parcel_id":"62193000AZ0266","section":"AZ","number":"266","area_m2":1891,"zone_type":"U","zone_label":"UA","planning_document":"62193_PLU_20260710","demand_cell_id":"CRS3035RES200mN3124800E3749400"}},{"type":"Feature","geometry":{"type":"Point","coordinates":[1.8510407335839292,50.94830605]},"properties":{"parcel_id":"62193000AW1551","section":"AW","number":"1551","area_m2":2424,"zone_type":"U","zone_label":"UA","planning_document":"62193_PLU_20260710","demand_cell_id":"CRS3035RES200mN3124800E3749600"}},{"type":"Feature","geometry":{"type":"Point","coordinates":[1.8519610160748394,50.94908485]},"properties":{"parcel_id":"62193000AW0145","section":"AW","number":"145","area_m2":2036,"zone_type":"U","zone_label":"UAf","planning_document":"62193_PLU_20260710","demand_cell_id":"CRS3035RES200mN3124800E3749600"}},{"type":"Feature","geometry":{"type":"Point","coordinates":[1.8499555426287744,50.94824475]},"properties":{"parcel_id":"62193000AW1357","section":"AW","number":"1357","area_m2":1452,"zone_type":"U","zone_label":"UA","planning_document":"62193_PLU_20260710","demand_cell_id":"CRS3035RES200mN3124800E3749600"}},{"type":"Feature","geometry":{"type":"Point","coordinates":[1.8532181289456733,50.948166799999996]},"properties":{"parcel_id":"62193000AW1702","section":"AW","number":"1702","area_m2":3226,"zone_type":"U","zone_label":"UA","planning_document":"62193_PLU_20260710","demand_cell_id":"CRS3035RES200mN3124800E3749800"}},{"type":"Feature","geometry":{"type":"Point","coordinates":[1.8549157305135837,50.94806695]},"properties":{"parcel_id":"62193000AW1655","section":"AW","number":"1655","area_m2":2921,"zone_type":"U","zone_label":"UA","planning_document":"62193_PLU_20260710","demand_cell_id":"CRS3035RES200mN3124800E3749800"}},{"type":"Feature","geometry":{"type":"Point","coordinates":[1.8532884635336537,50.949086449999996]},"properties":{"parcel_id":"62193000AW0184","section":"AW","number":"184","area_m2":1745,"zone_type":"U","zone_label":"UAf","planning_document":"62193_PLU_20260710","demand_cell_id":"CRS3035RES200mN3124800E3749800"}},{"type":"Feature","geometry":{"type":"Point","coordinates":[1.8475321811090226,50.9440096]},"properties":{"parcel_id":"62193000AX0405","section":"AX","number":"405","area_m2":1122,"zone_type":"U","zone_label":"UA","planning_document":"62193_PLU_20260710","demand_cell_id":"CRS3035RES200mN3124400E3749200"}},{"type":"Feature","geometry":{"type":"Point","coordinates":[1.8470184982035933,50.945263600000004]},"properties":{"parcel_id":"62193000AX0143","section":"AX","number":"143","area_m2":955,"zone_type":"U","zone_label":"UA","planning_document":"62193_PLU_20260710","demand_cell_id":"CRS3035RES200mN3124400E3749200"}},{"type":"Feature","geometry":{"type":"Point","coordinates":[1.847588582850109,50.94425415]},"properties":{"parcel_id":"62193000AX0245","section":"AX","number":"245","area_m2":913,"zone_type":"U","zone_label":"UA","planning_document":"62193_PLU_20260710","demand_cell_id":"CRS3035RES200mN3124400E3749200"}},{"type":"Feature","geometry":{"type":"Point","coordinates":[1.8474757035844391,50.943606200000005]},"properties":{"parcel_id":"62193000AX0408","section":"AX","number":"408","area_m2":1114,"zone_type":"U","zone_label":"UA","planning_document":"62193_PLU_20260710","demand_cell_id":"CRS3035RES200mN3124200E3749200"}},{"type":"Feature","geometry":{"type":"Point","coordinates":[1.8461844099074964,50.9425047]},"properties":{"parcel_id":"62193000XP0033","section":"XP","number":"33","area_m2":893,"zone_type":"U","zone_label":"UC","planning_document":"62193_PLU_20260710","demand_cell_id":"CRS3035RES200mN3124200E3749200"}},{"type":"Feature","geometry":{"type":"Point","coordinates":[1.8458091746348915,50.9421354]},"properties":{"parcel_id":"62193000XP0355","section":"XP","number":"355","area_m2":800,"zone_type":"U","zone_label":"UC","planning_document":"62193_PLU_20260710","demand_cell_id":"CRS3035RES200mN3124200E3749200"}},{"type":"Feature","geometry":{"type":"Point","coordinates":[1.8469731905185132,50.94629325]},"properties":{"parcel_id":"62193000AX0024","section":"AX","number":"24","area_m2":1376,"zone_type":"U","zone_label":"UA","planning_document":"62193_PLU_20260710","demand_cell_id":"CRS3035RES200mN3124600E3749200"}},{"type":"Feature","geometry":{"type":"Point","coordinates":[1.84617075619441,50.946481399999996]},"properties":{"parcel_id":"62193000AX0017","section":"AX","number":"17","area_m2":1286,"zone_type":"U","zone_label":"UA","planning_document":"62193_PLU_20260710","demand_cell_id":"CRS3035RES200mN3124600E3749200"}},{"type":"Feature","geometry":{"type":"Point","coordinates":[1.8469701222546824,50.94586445]},"properties":{"parcel_id":"62193000AX0081","section":"AX","number":"81","area_m2":932,"zone_type":"U","zone_label":"UA","planning_document":"62193_PLU_20260710","demand_cell_id":"CRS3035RES200mN3124600E3749200"}},{"type":"Feature","geometry":{"type":"Point","coordinates":[1.8396961485542533,50.945316500000004]},"properties":{"parcel_id":"62193000AY0001","section":"AY","number":"1","area_m2":14764,"zone_type":"U","zone_label":"UC","planning_document":"62193_PLU_20260710","demand_cell_id":"CRS3035RES200mN3124600E3748800"}},{"type":"Feature","geometry":{"type":"Point","coordinates":[1.8396940414067062,50.94661255]},"properties":{"parcel_id":"62193000AZ0727","section":"AZ","number":"727","area_m2":1466,"zone_type":"U","zone_label":"UC","planning_document":"62193_PLU_20260710","demand_cell_id":"CRS3035RES200mN3124600E3748800"}},{"type":"Feature","geometry":{"type":"Point","coordinates":[1.839252498525294,50.9468088]},"properties":{"parcel_id":"62193000AZ0728","section":"AZ","number":"728","area_m2":1437,"zone_type":"U","zone_label":"UC","planning_document":"62193_PLU_20260710","demand_cell_id":"CRS3035RES200mN3124600E3748800"}},{"type":"Feature","geometry":{"type":"Point","coordinates":[1.844177008212559,50.942369600000006]},"properties":{"parcel_id":"62193000XP0374","section":"XP","number":"374","area_m2":920,"zone_type":"U","zone_label":"UC","planning_document":"62193_PLU_20260710","demand_cell_id":"CRS3035RES200mN3124200E3749000"}},{"type":"Feature","geometry":{"type":"Point","coordinates":[1.8449084733291086,50.943244899999996]},"properties":{"parcel_id":"62193000AY0159","section":"AY","number":"159","area_m2":826,"zone_type":"U","zone_label":"UC","planning_document":"62193_PLU_20260710","demand_cell_id":"CRS3035RES200mN3124200E3749000"}},{"type":"Feature","geometry":{"type":"Point","coordinates":[1.8445907736655753,50.9433138]},"properties":{"parcel_id":"62193000AY0162","section":"AY","number":"162","area_m2":738,"zone_type":"U","zone_label":"UC","planning_document":"62193_PLU_20260710","demand_cell_id":"CRS3035RES200mN3124200E3749000"}},{"type":"Feature","geometry":{"type":"Point","coordinates":[1.8396827466184391,50.9442555]},"properties":{"parcel_id":"62193000XO0013","section":"XO","number":"13","area_m2":2547,"zone_type":"U","zone_label":"UC","planning_document":"62193_PLU_20260710","demand_cell_id":"CRS3035RES200mN3124400E3748800"}},{"type":"Feature","geometry":{"type":"Point","coordinates":[1.840915787731206,50.943785250000005]},"properties":{"parcel_id":"62193000XO0512","section":"XO","number":"512","area_m2":1506,"zone_type":"U","zone_label":"UC","planning_document":"62193_PLU_20260710","demand_cell_id":"CRS3035RES200mN3124400E3748800"}},{"type":"Feature","geometry":{"type":"Point","coordinates":[1.8400234832461504,50.94351125]},"properties":{"parcel_id":"62193000XO0235","section":"XO","number":"235","area_m2":1141,"zone_type":"U","zone_label":"UC","planning_document":"62193_PLU_20260710","demand_cell_id":"CRS3035RES200mN3124400E3748800"}},{"type":"Feature","geometry":{"type":"Point","coordinates":[1.8428253666666603,50.946079100000006]},"properties":{"parcel_id":"62193000AY0198","section":"AY","number":"198","area_m2":4071,"zone_type":"U","zone_label":"UA","planning_document":"62193_PLU_20260710","demand_cell_id":"CRS3035RES200mN3124600E3749000"}},{"type":"Feature","geometry":{"type":"Point","coordinates":[1.8425287801686598,50.9459249]},"properties":{"parcel_id":"62193000AY0197","section":"AY","number":"197","area_m2":2646,"zone_type":"U","zone_label":"UA","planning_document":"62193_PLU_20260710","demand_cell_id":"CRS3035RES200mN3124600E3749000"}},{"type":"Feature","geometry":{"type":"Point","coordinates":[1.8437596000357384,50.9459229]},"properties":{"parcel_id":"62193000AY0119","section":"AY","number":"119","area_m2":946,"zone_type":"U","zone_label":"UA","planning_document":"62193_PLU_20260710","demand_cell_id":"CRS3035RES200mN3124600E3749000"}},{"type":"Feature","geometry":{"type":"Point","coordinates":[1.8371577827605732,50.94727455]},"properties":{"parcel_id":"62193000DH0250","section":"DH","number":"250","area_m2":8142,"zone_type":"U","zone_label":"UC","planning_document":"62193_PLU_20260710","demand_cell_id":"CRS3035RES200mN3124800E3748600"}},{"type":"Feature","geometry":{"type":"Point","coordinates":[1.836402962634407,50.94706235]},"properties":{"parcel_id":"62193000DH0300","section":"DH","number":"300","area_m2":3208,"zone_type":"U","zone_label":"UC","planning_document":"62193_PLU_20260710","demand_cell_id":"CRS3035RES200mN3124800E3748600"}},{"type":"Feature","geometry":{"type":"Point","coordinates":[1.837056490341044,50.94846565]},"properties":{"parcel_id":"62193000DH0280","section":"DH","number":"280","area_m2":2189,"zone_type":"U","zone_label":"UC","planning_document":"62193_PLU_20260710","demand_cell_id":"CRS3035RES200mN3124800E3748600"}},{"type":"Feature","geometry":{"type":"Point","coordinates":[1.8390391723851056,50.9485658]},"properties":{"parcel_id":"62193000AZ0898","section":"AZ","number":"898","area_m2":26883,"zone_type":"U","zone_label":"UAa","planning_document":"62193_PLU_20260710","demand_cell_id":"CRS3035RES200mN3124800E3748800"}},{"type":"Feature","geometry":{"type":"Point","coordinates":[1.8405957219312437,50.94808535]},"properties":{"parcel_id":"62193000AZ0928","section":"AZ","number":"928","area_m2":4363,"zone_type":"U","zone_label":"UIb","planning_document":"62193_PLU_20260710","demand_cell_id":"CRS3035RES200mN3124800E3748800"}},{"type":"Feature","geometry":{"type":"Point","coordinates":[1.8411093935270801,50.948711349999996]},"properties":{"parcel_id":"62193000AZ0930","section":"AZ","number":"930","area_m2":3164,"zone_type":"U","zone_label":"UIb","planning_document":"62193_PLU_20260710","demand_cell_id":"CRS3035RES200mN3124800E3748800"}},{"type":"Feature","geometry":{"type":"Point","coordinates":[1.8423105193052458,50.947352800000004]},"properties":{"parcel_id":"62193000AZ0687","section":"AZ","number":"687","area_m2":23773,"zone_type":"U","zone_label":"UA","planning_document":"62193_PLU_20260710","demand_cell_id":"CRS3035RES200mN3124800E3749000"}},{"type":"Feature","geometry":{"type":"Point","coordinates":[1.8442455432233502,50.9473498]},"properties":{"parcel_id":"62193000AZ0545","section":"AZ","number":"545","area_m2":6241,"zone_type":"U","zone_label":"UA","planning_document":"62193_PLU_20260710","demand_cell_id":"CRS3035RES200mN3124800E3749000"}},{"type":"Feature","geometry":{"type":"Point","coordinates":[1.8420088396021193,50.948881799999995]},"properties":{"parcel_id":"62193000AZ0017","section":"AZ","number":"17","area_m2":1080,"zone_type":"U","zone_label":"UIb","planning_document":"62193_PLU_20260710","demand_cell_id":"CRS3035RES200mN3124800E3749000"}},{"type":"Feature","geometry":{"type":"Point","coordinates":[1.841949806421633,50.9501992]},"properties":{"parcel_id":"62193000AZ0874","section":"AZ","number":"874","area_m2":5282,"zone_type":"U","zone_label":"UIb","planning_document":"62193_PLU_20260710","demand_cell_id":"CRS3035RES200mN3125000E3749000"}},{"type":"Feature","geometry":{"type":"Point","coordinates":[1.8419615621007002,50.94911795]},"properties":{"parcel_id":"62193000AZ0019","section":"AZ","number":"19","area_m2":2514,"zone_type":"U","zone_label":"UIb","planning_document":"62193_PLU_20260710","demand_cell_id":"CRS3035RES200mN3125000E3749000"}},{"type":"Feature","geometry":{"type":"Point","coordinates":[1.8420892486000577,50.94950705]},"properties":{"parcel_id":"62193000AZ0872","section":"AZ","number":"872","area_m2":2352,"zone_type":"U","zone_label":"UIb","planning_document":"62193_PLU_20260710","demand_cell_id":"CRS3035RES200mN3125000E3749000"}},{"type":"Feature","geometry":{"type":"Point","coordinates":[1.8462375230771189,50.94750985]},"properties":{"parcel_id":"62193000AZ0405","section":"AZ","number":"405","area_m2":2139,"zone_type":"U","zone_label":"UA","planning_document":"62193_PLU_20260710","demand_cell_id":"CRS3035RES200mN3124800E3749200"}},{"type":"Feature","geometry":{"type":"Point","coordinates":[1.8447989270512402,50.94893045]},"properties":{"parcel_id":"62193000AZ0860","section":"AZ","number":"860","area_m2":867,"zone_type":"U","zone_label":"UA","planning_document":"62193_PLU_20260710","demand_cell_id":"CRS3035RES200mN3124800E3749200"}},{"type":"Feature","geometry":{"type":"Point","coordinates":[1.8469796246545425,50.9478055]},"properties":{"parcel_id":"62193000AZ0974","section":"AZ","number":"974","area_m2":716,"zone_type":"U","zone_label":"UA","planning_document":"62193_PLU_20260710","demand_cell_id":"CRS3035RES200mN3124800E3749200"}},{"type":"Feature","geometry":{"type":"Point","coordinates":[1.844658242862723,50.9494008]},"properties":{"parcel_id":"62193000AZ0287","section":"AZ","number":"287","area_m2":2483,"zone_type":"U","zone_label":"UA","planning_document":"62193_PLU_20260710","demand_cell_id":"CRS3035RES200mN3125000E3749200"}},{"type":"Feature","geometry":{"type":"Point","coordinates":[1.845295515901823,50.94934355]},"properties":{"parcel_id":"62193000AZ0285","section":"AZ","number":"285","area_m2":1820,"zone_type":"U","zone_label":"UA","planning_document":"62193_PLU_20260710","demand_cell_id":"CRS3035RES200mN3125000E3749200"}},{"type":"Feature","geometry":{"type":"Point","coordinates":[1.8457794289599452,50.9492946]},"properties":{"parcel_id":"62193000AZ0284","section":"AZ","number":"284","area_m2":1668,"zone_type":"U","zone_label":"UA","planning_document":"62193_PLU_20260710","demand_cell_id":"CRS3035RES200mN3125000E3749200"}},{"type":"Feature","geometry":{"type":"Point","coordinates":[1.8426368367844008,50.95334735]},"properties":{"parcel_id":"62193000BC0020","section":"BC","number":"20","area_m2":13635,"zone_type":"U","zone_label":"UE","planning_document":"62193_PLU_20260710","demand_cell_id":"CRS3035RES200mN3125400E3749000"}},{"type":"Feature","geometry":{"type":"Point","coordinates":[1.8416625288424664,50.95331095]},"properties":{"parcel_id":"62193000BC0016","section":"BC","number":"16","area_m2":907,"zone_type":"U","zone_label":"UE","planning_document":"62193_PLU_20260710","demand_cell_id":"CRS3035RES200mN3125400E3749000"}},{"type":"Feature","geometry":{"type":"Point","coordinates":[1.8420913867557,50.95390345]},"properties":{"parcel_id":"62193000BC0013","section":"BC","number":"13","area_m2":781,"zone_type":"U","zone_label":"UE","planning_document":"62193_PLU_20260710","demand_cell_id":"CRS3035RES200mN3125400E3749000"}},{"type":"Feature","geometry":{"type":"Point","coordinates":[1.8455129075004693,50.951258499999994]},"properties":{"parcel_id":"62193000BC0354","section":"BC","number":"354","area_m2":11539,"zone_type":"U","zone_label":"UA","planning_document":"62193_PLU_20260710","demand_cell_id":"CRS3035RES200mN3125200E3749200"}},{"type":"Feature","geometry":{"type":"Point","coordinates":[1.843804526645315,50.950917000000004]},"properties":{"parcel_id":"62193000BC0455","section":"BC","number":"455","area_m2":8950,"zone_type":"U","zone_label":"UA","planning_document":"62193_PLU_20260710","demand_cell_id":"CRS3035RES200mN3125200E3749200"}},{"type":"Feature","geometry":{"type":"Point","coordinates":[1.8437910100084318,50.9514864]},"properties":{"parcel_id":"62193000BC0442","section":"BC","number":"442","area_m2":3100,"zone_type":"U","zone_label":"UA","planning_document":"62193_PLU_20260710","demand_cell_id":"CRS3035RES200mN3125200E3749200"}},{"type":"Feature","geometry":{"type":"Point","coordinates":[1.8401707611286668,50.95322095]},"properties":{"parcel_id":"62193000BC0009","section":"BC","number":"9","area_m2":7052,"zone_type":"U","zone_label":"UE","planning_document":"62193_PLU_20260710","demand_cell_id":"CRS3035RES200mN3125400E3748800"}},{"type":"Feature","geometry":{"type":"Point","coordinates":[1.8403971215625528,50.95288135]},"properties":{"parcel_id":"62193000BC0010","section":"BC","number":"10","area_m2":3390,"zone_type":"U","zone_label":"UE","planning_document":"62193_PLU_20260710","demand_cell_id":"CRS3035RES200mN3125400E3748800"}},{"type":"Feature","geometry":{"type":"Point","coordinates":[1.839444395442368,50.9537824]},"properties":{"parcel_id":"62193000BC0369","section":"BC","number":"369","area_m2":2852,"zone_type":"U","zone_label":"UE","planning_document":"62193_PLU_20260710","demand_cell_id":"CRS3035RES200mN3125400E3748800"}},{"type":"Feature","geometry":{"type":"Point","coordinates":[1.8461098808453469,50.95372075]},"properties":{"parcel_id":"62193000BC0029","section":"BC","number":"29","area_m2":6706,"zone_type":"U","zone_label":"UE","planning_document":"62193_PLU_20260710","demand_cell_id":"CRS3035RES200mN3125400E3749400"}},{"type":"Feature","geometry":{"type":"Point","coordinates":[1.847061496039645,50.953846350000006]},"properties":{"parcel_id":"62193000BC0031","section":"BC","number":"31","area_m2":2329,"zone_type":"U","zone_label":"UE","planning_document":"62193_PLU_20260710","demand_cell_id":"CRS3035RES200mN3125400E3749400"}},{"type":"Feature","geometry":{"type":"Point","coordinates":[1.848086202386236,50.95342525]},"properties":{"parcel_id":"62193000BC0052","section":"BC","number":"52","area_m2":2108,"zone_type":"U","zone_label":"UA","planning_document":"62193_PLU_20260710","demand_cell_id":"CRS3035RES200mN3125400E3749400"}},{"type":"Feature","geometry":{"type":"Point","coordinates":[1.8506377007524706,50.953739150000004]},"properties":{"parcel_id":"62193000BC0320","section":"BC","number":"320","area_m2":1297,"zone_type":"U","zone_label":"UA","planning_document":"62193_PLU_20260710","demand_cell_id":"CRS3035RES200mN3125400E3749600"}},{"type":"Feature","geometry":{"type":"Point","coordinates":[1.8398241458605598,50.95738605]},"properties":{"parcel_id":"62193000BD0016","section":"BD","number":"16","area_m2":42186,"zone_type":"U","zone_label":"UE","planning_document":"62193_PLU_20260710","demand_cell_id":"CRS3035RES200mN3125800E3749000"}},{"type":"Feature","geometry":{"type":"Point","coordinates":[1.8358322260962532,50.95657145]},"properties":{"parcel_id":"62193000BD0028","section":"BD","number":"28","area_m2":27693,"zone_type":"U","zone_label":"UE","planning_document":"62193_PLU_20260710","demand_cell_id":"CRS3035RES200mN3125800E3748600"}},{"type":"Feature","geometry":{"type":"Point","coordinates":[1.8451626933564225,50.9564061]},"properties":{"parcel_id":"62193000BD0009","section":"BD","number":"9","area_m2":8183,"zone_type":"U","zone_label":"UA","planning_document":"62193_PLU_20260710","demand_cell_id":"CRS3035RES200mN3125800E3749200"}},{"type":"Feature","geometry":{"type":"Point","coordinates":[1.8448796782152745,50.957771050000005]},"properties":{"parcel_id":"62193000BD0007","section":"BD","number":"7","area_m2":8155,"zone_type":"U","zone_label":"UA","planning_document":"62193_PLU_20260710","demand_cell_id":"CRS3035RES200mN3125800E3749200"}},{"type":"Feature","geometry":{"type":"Point","coordinates":[1.8441753657610653,50.957621599999996]},"properties":{"parcel_id":"62193000BD0008","section":"BD","number":"8","area_m2":3454,"zone_type":"U","zone_label":"UA","planning_document":"62193_PLU_20260710","demand_cell_id":"CRS3035RES200mN3125800E3749200"}},{"type":"Feature","geometry":{"type":"Point","coordinates":[1.8470740400660497,50.955561]},"properties":{"parcel_id":"62193000XH0186","section":"XH","number":"186","area_m2":7647,"zone_type":"U","zone_label":"UA","planning_document":"62193_PLU_20260710","demand_cell_id":"CRS3035RES200mN3125600E3749400"}},{"type":"Feature","geometry":{"type":"Point","coordinates":[1.848223270380875,50.95535785]},"properties":{"parcel_id":"62193000XH0185","section":"XH","number":"185","area_m2":3022,"zone_type":"U","zone_label":"UA","planning_document":"62193_PLU_20260710","demand_cell_id":"CRS3035RES200mN3125600E3749400"}},{"type":"Feature","geometry":{"type":"Point","coordinates":[1.8460659666804387,50.9552479]},"properties":{"parcel_id":"62193000BD0012","section":"BD","number":"12","area_m2":1358,"zone_type":"U","zone_label":"UA","planning_document":"62193_PLU_20260710","demand_cell_id":"CRS3035RES200mN3125600E3749400"}},{"type":"Feature","geometry":{"type":"Point","coordinates":[1.8441924647022199,50.959065100000004]},"properties":{"parcel_id":"62193000BD0006","section":"BD","number":"6","area_m2":3890,"zone_type":"U","zone_label":"UA","planning_document":"62193_PLU_20260710","demand_cell_id":"CRS3035RES200mN3126000E3749200"}},{"type":"Feature","geometry":{"type":"Point","coordinates":[1.842858428691426,50.9596533]},"properties":{"parcel_id":"62193000BD0033","section":"BD","number":"33","area_m2":2117,"zone_type":"U","zone_label":"UAa","planning_document":"62193_PLU_20260710","demand_cell_id":"CRS3035RES200mN3126000E3749200"}},{"type":"Feature","geometry":{"type":"Point","coordinates":[1.8282251852752558,50.95577085]},"properties":{"parcel_id":"62193000BE0032","section":"BE","number":"32","area_m2":7858,"zone_type":"U","zone_label":"UD(i)","planning_document":"62193_PLU_20260710","demand_cell_id":"CRS3035RES200mN3125800E3748000"}},{"type":"Feature","geometry":{"type":"Point","coordinates":[1.8262977097803679,50.955394]},"properties":{"parcel_id":"62193000BE0115","section":"BE","number":"115","area_m2":4261,"zone_type":"U","zone_label":"UD(i)","planning_document":"62193_PLU_20260710","demand_cell_id":"CRS3035RES200mN3125800E3748000"}},{"type":"Feature","geometry":{"type":"Point","coordinates":[1.8275424476866835,50.9563451]},"properties":{"parcel_id":"62193000BE0069","section":"BE","number":"69","area_m2":934,"zone_type":"U","zone_label":"UD(i)","planning_document":"62193_PLU_20260710","demand_cell_id":"CRS3035RES200mN3125800E3748000"}},{"type":"Feature","geometry":{"type":"Point","coordinates":[1.8463918048074106,50.96088305]},"properties":{"parcel_id":"62193000BE0122","section":"BE","number":"122","area_m2":17740,"zone_type":"U","zone_label":"UAa","planning_document":"62193_PLU_20260710","demand_cell_id":"CRS3035RES200mN3126200E3749400"}},{"type":"Feature","geometry":{"type":"Point","coordinates":[1.8465008613300533,50.9604468]},"properties":{"parcel_id":"62193000BE0123","section":"BE","number":"123","area_m2":1176,"zone_type":"U","zone_label":"UAa","planning_document":"62193_PLU_20260710","demand_cell_id":"CRS3035RES200mN3126200E3749400"}},{"type":"Feature","geometry":{"type":"Point","coordinates":[1.8347914600000148,50.952640450000004]},"properties":{"parcel_id":"62193000DH0167","section":"DH","number":"167","area_m2":3099,"zone_type":"U","zone_label":"UAa","planning_document":"62193_PLU_20260710","demand_cell_id":"CRS3035RES200mN3125400E3748400"}},{"type":"Feature","geometry":{"type":"Point","coordinates":[1.834151917411786,50.952005549999996]},"properties":{"parcel_id":"62193000DH0444","section":"DH","number":"444","area_m2":1790,"zone_type":"U","zone_label":"UAa","planning_document":"62193_PLU_20260710","demand_cell_id":"CRS3035RES200mN3125400E3748400"}},{"type":"Feature","geometry":{"type":"Point","coordinates":[1.834606600526316,50.95230025]},"properties":{"parcel_id":"62193000DH0328","section":"DH","number":"328","area_m2":1777,"zone_type":"U","zone_label":"UAa","planning_document":"62193_PLU_20260710","demand_cell_id":"CRS3035RES200mN3125400E3748400"}},{"type":"Feature","geometry":{"type":"Point","coordinates":[1.82550087591544,50.9556385]},"properties":{"parcel_id":"62193000BE0094","section":"BE","number":"94","area_m2":941,"zone_type":"U","zone_label":"UD(i)","planning_document":"62193_PLU_20260710","demand_cell_id":"CRS3035RES200mN3125800E3747800"}},{"type":"Feature","geometry":{"type":"Point","coordinates":[1.8251391492642675,50.955559550000004]},"properties":{"parcel_id":"62193000BE0093","section":"BE","number":"93","area_m2":728,"zone_type":"U","zone_label":"UD(i)","planning_document":"62193_PLU_20260710","demand_cell_id":"CRS3035RES200mN3125800E3747800"}},{"type":"Feature","geometry":{"type":"Point","coordinates":[1.8272296786174578,50.9550505]},"properties":{"parcel_id":"62193000BE0113","section":"BE","number":"113","area_m2":975,"zone_type":"U","zone_label":"UD(i)","planning_document":"62193_PLU_20260710","demand_cell_id":"CRS3035RES200mN3125600E3748000"}},{"type":"Feature","geometry":{"type":"Point","coordinates":[1.8281003413278594,50.954860800000006]},"properties":{"parcel_id":"62193000BE0080","section":"BE","number":"80","area_m2":907,"zone_type":"U","zone_label":"UD(i)","planning_document":"62193_PLU_20260710","demand_cell_id":"CRS3035RES200mN3125600E3748000"}},{"type":"Feature","geometry":{"type":"Point","coordinates":[1.8281923203307384,50.955067150000005]},"properties":{"parcel_id":"62193000BE0078","section":"BE","number":"78","area_m2":690,"zone_type":"U","zone_label":"UD(i)","planning_document":"62193_PLU_20260710","demand_cell_id":"CRS3035RES200mN3125600E3748000"}},{"type":"Feature","geometry":{"type":"Point","coordinates":[1.830627824018773,50.96114685]},"properties":{"parcel_id":"62193000BH0142","section":"BH","number":"142","area_m2":13252,"zone_type":"U","zone_label":"UC(l)","planning_document":"62193_PLU_20260710","demand_cell_id":"CRS3035RES200mN3126400E3748400"}},{"type":"Feature","geometry":{"type":"Point","coordinates":[1.8317615644599599,50.961036899999996]},"properties":{"parcel_id":"62193000BH0139","section":"BH","number":"139","area_m2":4899,"zone_type":"U","zone_label":"UC(l)","planning_document":"62193_PLU_20260710","demand_cell_id":"CRS3035RES200mN3126400E3748400"}},{"type":"Feature","geometry":{"type":"Point","coordinates":[1.833083902328563,50.96148675]},"properties":{"parcel_id":"62193000BH0143","section":"BH","number":"143","area_m2":2093,"zone_type":"U","zone_label":"UC(l)","planning_document":"62193_PLU_20260710","demand_cell_id":"CRS3035RES200mN3126400E3748400"}},{"type":"Feature","geometry":{"type":"Point","coordinates":[1.8346971594549462,50.961207200000004]},"properties":{"parcel_id":"62193000BH0197","section":"BH","number":"197","area_m2":8040,"zone_type":"U","zone_label":"UC(l)","planning_document":"62193_PLU_20260710","demand_cell_id":"CRS3035RES200mN3126400E3748600"}},{"type":"Feature","geometry":{"type":"Point","coordinates":[1.8341792615603325,50.96205595]},"properties":{"parcel_id":"62193000BH0120","section":"BH","number":"120","area_m2":2620,"zone_type":"U","zone_label":"UC(l)","planning_document":"62193_PLU_20260710","demand_cell_id":"CRS3035RES200mN3126400E3748600"}},{"type":"Feature","geometry":{"type":"Point","coordinates":[1.8350925342243984,50.96250925]},"properties":{"parcel_id":"62193000BH0132","section":"BH","number":"132","area_m2":2340,"zone_type":"U","zone_label":"UC(l)","planning_document":"62193_PLU_20260710","demand_cell_id":"CRS3035RES200mN3126400E3748600"}},{"type":"Feature","geometry":{"type":"Point","coordinates":[1.8308843857611552,50.9602699]},"properties":{"parcel_id":"62193000BH0035","section":"BH","number":"35","area_m2":1543,"zone_type":"U","zone_label":"UC(l)","planning_document":"62193_PLU_20260710","demand_cell_id":"CRS3035RES200mN3126200E3748400"}},{"type":"Feature","geometry":{"type":"Point","coordinates":[1.8312401658286799,50.960304199999996]},"properties":{"parcel_id":"62193000BH0034","section":"BH","number":"34","area_m2":928,"zone_type":"U","zone_label":"UC(l)","planning_document":"62193_PLU_20260710","demand_cell_id":"CRS3035RES200mN3126200E3748400"}},{"type":"Feature","geometry":{"type":"Point","coordinates":[1.830613460983606,50.96040855]},"properties":{"parcel_id":"62193000BH0036","section":"BH","number":"36","area_m2":927,"zone_type":"U","zone_label":"UC(l)","planning_document":"62193_PLU_20260710","demand_cell_id":"CRS3035RES200mN3126200E3748400"}},{"type":"Feature","geometry":{"type":"Point","coordinates":[1.8363540765171715,50.9627374]},"properties":{"parcel_id":"62193000BI0089","section":"BI","number":"89","area_m2":7715,"zone_type":"U","zone_label":"UC(l)","planning_document":"62193_PLU_20260710","demand_cell_id":"CRS3035RES200mN3126400E3748800"}},{"type":"Feature","geometry":{"type":"Point","coordinates":[1.8363039080195898,50.96154695]},"properties":{"parcel_id":"62193000BH0198","section":"BH","number":"198","area_m2":2489,"zone_type":"U","zone_label":"UC(l)","planning_document":"62193_PLU_20260710","demand_cell_id":"CRS3035RES200mN3126400E3748800"}},{"type":"Feature","geometry":{"type":"Point","coordinates":[1.8378049792645408,50.962020800000005]},"properties":{"parcel_id":"62193000BI0037","section":"BI","number":"37","area_m2":2467,"zone_type":"U","zone_label":"UC(l)","planning_document":"62193_PLU_20260710","demand_cell_id":"CRS3035RES200mN3126400E3748800"}},{"type":"Feature","geometry":{"type":"Point","coordinates":[1.8440950868289399,50.96430275]},"properties":{"parcel_id":"62193000BI0117","section":"BI","number":"117","area_m2":4983,"zone_type":"U","zone_label":"UC(l)","planning_document":"62193_PLU_20260710","demand_cell_id":"CRS3035RES200mN3126600E3749200"}},{"type":"Feature","geometry":{"type":"Point","coordinates":[1.8440545976018403,50.963529]},"properties":{"parcel_id":"62193000BI0012","section":"BI","number":"12","area_m2":3012,"zone_type":"U","zone_label":"UC(l)","planning_document":"62193_PLU_20260710","demand_cell_id":"CRS3035RES200mN3126600E3749200"}},{"type":"Feature","geometry":{"type":"Point","coordinates":[1.8417533487925564,50.9645813]},"properties":{"parcel_id":"62193000BI0118","section":"BI","number":"118","area_m2":2522,"zone_type":"U","zone_label":"UC(l)","planning_document":"62193_PLU_20260710","demand_cell_id":"CRS3035RES200mN3126600E3749200"}},{"type":"Feature","geometry":{"type":"Point","coordinates":[1.8457750326599598,50.96482225]},"properties":{"parcel_id":"62193000BI0161","section":"BI","number":"161","area_m2":15991,"zone_type":"U","zone_label":"UCa(l)","planning_document":"62193_PLU_20260710","demand_cell_id":"CRS3035RES200mN3126600E3749400"}},{"type":"Feature","geometry":{"type":"Point","coordinates":[1.847043722466025,50.964398349999996]},"properties":{"parcel_id":"62193000BI0006","section":"BI","number":"6","area_m2":8659,"zone_type":"U","zone_label":"UCa(l)(i)","planning_document":"62193_PLU_20260710","demand_cell_id":"CRS3035RES200mN3126600E3749400"}},{"type":"Feature","geometry":{"type":"Point","coordinates":[1.8446616609945714,50.963675]},"properties":{"parcel_id":"62193000BI0011","section":"BI","number":"11","area_m2":2544,"zone_type":"U","zone_label":"UC(l)","planning_document":"62193_PLU_20260710","demand_cell_id":"CRS3035RES200mN3126600E3749400"}},{"type":"Feature","geometry":{"type":"Point","coordinates":[1.84389799450125,50.965915249999995]},"properties":{"parcel_id":"62193000BI0159","section":"BI","number":"159","area_m2":17882,"zone_type":"U","zone_label":"UCa(l)","planning_document":"62193_PLU_20260710","demand_cell_id":"CRS3035RES200mN3126800E3749200"}},{"type":"Feature","geometry":{"type":"Point","coordinates":[1.8404781322501238,50.96275765]},"properties":{"parcel_id":"62193000BI0139","section":"BI","number":"139","area_m2":4594,"zone_type":"U","zone_label":"UC(l)","planning_document":"62193_PLU_20260710","demand_cell_id":"CRS3035RES200mN3126400E3749000"}},{"type":"Feature","geometry":{"type":"Point","coordinates":[1.8392712000576845,50.962297899999996]},"properties":{"parcel_id":"62193000BI0137","section":"BI","number":"137","area_m2":3927,"zone_type":"U","zone_label":"UC(l)","planning_document":"62193_PLU_20260710","demand_cell_id":"CRS3035RES200mN3126400E3749000"}},{"type":"Feature","geometry":{"type":"Point","coordinates":[1.8403218781436574,50.96297695]},"properties":{"parcel_id":"62193000BI0017","section":"BI","number":"17","area_m2":3399,"zone_type":"U","zone_label":"UC(l)","planning_document":"62193_PLU_20260710","demand_cell_id":"CRS3035RES200mN3126400E3749000"}},{"type":"Feature","geometry":{"type":"Point","coordinates":[1.8408955241022742,50.963721449999994]},"properties":{"parcel_id":"62193000BI0142","section":"BI","number":"142","area_m2":3029,"zone_type":"U","zone_label":"UC(l)","planning_document":"62193_PLU_20260710","demand_cell_id":"CRS3035RES200mN3126600E3749000"}},{"type":"Feature","geometry":{"type":"Point","coordinates":[1.8394566174843645,50.963339500000004]},"properties":{"parcel_id":"62193000BI0060","section":"BI","number":"60","area_m2":2614,"zone_type":"U","zone_label":"UC(l)","planning_document":"62193_PLU_20260710","demand_cell_id":"CRS3035RES200mN3126600E3749000"}},{"type":"Feature","geometry":{"type":"Point","coordinates":[1.840246902904823,50.963471999999996]},"properties":{"parcel_id":"62193000BI0119","section":"BI","number":"119","area_m2":2355,"zone_type":"U","zone_label":"UC(l)","planning_document":"62193_PLU_20260710","demand_cell_id":"CRS3035RES200mN3126600E3749000"}},{"type":"Feature","geometry":{"type":"Point","coordinates":[1.8422567523543172,50.96336005]},"properties":{"parcel_id":"62193000BI0096","section":"BI","number":"96","area_m2":4283,"zone_type":"U","zone_label":"UC(l)","planning_document":"62193_PLU_20260710","demand_cell_id":"CRS3035RES200mN3126400E3749200"}},{"type":"Feature","geometry":{"type":"Point","coordinates":[1.843033831045242,50.96323185]},"properties":{"parcel_id":"62193000BI0094","section":"BI","number":"94","area_m2":2082,"zone_type":"U","zone_label":"UC(l)","planning_document":"62193_PLU_20260710","demand_cell_id":"CRS3035RES200mN3126400E3749200"}},{"type":"Feature","geometry":{"type":"Point","coordinates":[1.8416661450826806,50.96279525]},"properties":{"parcel_id":"62193000BI0020","section":"BI","number":"20","area_m2":831,"zone_type":"U","zone_label":"UC(l)","planning_document":"62193_PLU_20260710","demand_cell_id":"CRS3035RES200mN3126400E3749200"}},{"type":"Feature","geometry":{"type":"Point","coordinates":[1.8567834837894739,50.95536745]},"properties":{"parcel_id":"62193000BK0186","section":"BK","number":"186","area_m2":3532,"zone_type":"U","zone_label":"UL","planning_document":"62193_PLU_20260710","demand_cell_id":"CRS3035RES200mN3125600E3750000"}},{"type":"Feature","geometry":{"type":"Point","coordinates":[1.8565896466386564,50.9556377]},"properties":{"parcel_id":"62193000BK0185","section":"BK","number":"185","area_m2":1955,"zone_type":"U","zone_label":"UL","planning_document":"62193_PLU_20260710","demand_cell_id":"CRS3035RES200mN3125600E3750000"}},{"type":"Feature","geometry":{"type":"Point","coordinates":[1.854213329999991,50.956887449999996]},"properties":{"parcel_id":"62193000XK0089","section":"XK","number":"89","area_m2":1514,"zone_type":"U","zone_label":"UA","planning_document":"62193_PLU_20260710","demand_cell_id":"CRS3035RES200mN3125600E3750000"}},{"type":"Feature","geometry":{"type":"Point","coordinates":[1.8574211661396807,50.9559538]},"properties":{"parcel_id":"62193000BK0183","section":"BK","number":"183","area_m2":1094,"zone_type":"U","zone_label":"UL","planning_document":"62193_PLU_20260710","demand_cell_id":"CRS3035RES200mN3125600E3750200"}},{"type":"Feature","geometry":{"type":"Point","coordinates":[1.857774891200131,50.9570423]},"properties":{"parcel_id":"62193000BK0169","section":"BK","number":"169","area_m2":503,"zone_type":"U","zone_label":"UL","planning_document":"62193_PLU_20260710","demand_cell_id":"CRS3035RES200mN3125600E3750200"}},{"type":"Feature","geometry":{"type":"Point","coordinates":[1.8583420311920757,50.9577534]},"properties":{"parcel_id":"62193000BK0172","section":"BK","number":"172","area_m2":3093,"zone_type":"U","zone_label":"UL","planning_document":"62193_PLU_20260710","demand_cell_id":"CRS3035RES200mN3125800E3750200"}},{"type":"Feature","geometry":{"type":"Point","coordinates":[1.8581717943648484,50.9573912]},"properties":{"parcel_id":"62193000BK0173","section":"BK","number":"173","area_m2":2239,"zone_type":"U","zone_label":"UL","planning_document":"62193_PLU_20260710","demand_cell_id":"CRS3035RES200mN3125800E3750200"}},{"type":"Feature","geometry":{"type":"Point","coordinates":[1.8572992526379066,50.95864485]},"properties":{"parcel_id":"62193000BM0109","section":"BM","number":"109","area_m2":2040,"zone_type":"U","zone_label":"UA","planning_document":"62193_PLU_20260710","demand_cell_id":"CRS3035RES200mN3125800E3750200"}},{"type":"Feature","geometry":{"type":"Point","coordinates":[1.8577047220672411,50.9604265]},"properties":{"parcel_id":"62193000BK0160","section":"BK","number":"160","area_m2":5079,"zone_type":"U","zone_label":"UL","planning_document":"62193_PLU_20260710","demand_cell_id":"CRS3035RES200mN3126000E3750200"}},{"type":"Feature","geometry":{"type":"Point","coordinates":[1.8580810560872019,50.9596578]},"properties":{"parcel_id":"62193000BK0161","section":"BK","number":"161","area_m2":2916,"zone_type":"U","zone_label":"UL","planning_document":"62193_PLU_20260710","demand_cell_id":"CRS3035RES200mN3126000E3750200"}},{"type":"Feature","geometry":{"type":"Point","coordinates":[1.8566276618384399,50.95993395]},"properties":{"parcel_id":"62193000BL0137","section":"BL","number":"137","area_m2":1793,"zone_type":"U","zone_label":"UA","planning_document":"62193_PLU_20260710","demand_cell_id":"CRS3035RES200mN3126000E3750200"}},{"type":"Feature","geometry":{"type":"Point","coordinates":[1.8529119948966488,50.9628623]},"properties":{"parcel_id":"62193000BK0149","section":"BK","number":"149","area_m2":8275,"zone_type":"U","zone_label":"UL(i)","planning_document":"62193_PLU_20260710","demand_cell_id":"CRS3035RES200mN3126400E3749800"}},{"type":"Feature","geometry":{"type":"Point","coordinates":[1.8523035984839449,50.96256045]},"properties":{"parcel_id":"62193000XN0031","section":"XN","number":"31","area_m2":1594,"zone_type":"U","zone_label":"UA(l)(i)","planning_document":"62193_PLU_20260710","demand_cell_id":"CRS3035RES200mN3126400E3749800"}},{"type":"Feature","geometry":{"type":"Point","coordinates":[1.8525153121495304,50.96230335]},"properties":{"parcel_id":"62193000XN0132","section":"XN","number":"132","area_m2":772,"zone_type":"U","zone_label":"UA(l)(i)","planning_document":"62193_PLU_20260710","demand_cell_id":"CRS3035RES200mN3126400E3749800"}},{"type":"Feature","geometry":{"type":"Point","coordinates":[1.8535971999316097,50.96142865]},"properties":{"parcel_id":"62193000XC0041","section":"XC","number":"41","area_m2":3397,"zone_type":"U","zone_label":"UL","planning_document":"62193_PLU_20260710","demand_cell_id":"CRS3035RES200mN3126200E3750000"}},{"type":"Feature","geometry":{"type":"Point","coordinates":[1.8549998170862243,50.9618969]},"properties":{"parcel_id":"62193000BK0150","section":"BK","number":"150","area_m2":2731,"zone_type":"U","zone_label":"ULa(i)","planning_document":"62193_PLU_20260710","demand_cell_id":"CRS3035RES200mN3126200E3750000"}},{"type":"Feature","geometry":{"type":"Point","coordinates":[1.8539524699528485,50.960990699999996]},"properties":{"parcel_id":"62193000XC0040","section":"XC","number":"40","area_m2":2290,"zone_type":"U","zone_label":"UA","planning_document":"62193_PLU_20260710","demand_cell_id":"CRS3035RES200mN3126200E3750000"}},{"type":"Feature","geometry":{"type":"Point","coordinates":[1.8576433640682,50.9620262]},"properties":{"parcel_id":"62193000BK0139","section":"BK","number":"139","area_m2":3331,"zone_type":"U","zone_label":"ULa(i)","planning_document":"62193_PLU_20260710","demand_cell_id":"CRS3035RES200mN3126200E3750200"}},{"type":"Feature","geometry":{"type":"Point","coordinates":[1.8537606652694616,50.95938365]},"properties":{"parcel_id":"62193000XB0167","section":"XB","number":"167","area_m2":1445,"zone_type":"U","zone_label":"UA","planning_document":"62193_PLU_20260710","demand_cell_id":"CRS3035RES200mN3126000E3750000"}},{"type":"Feature","geometry":{"type":"Point","coordinates":[1.8555657399410537,50.96052585]},"properties":{"parcel_id":"62193000BL0100","section":"BL","number":"100","area_m2":830,"zone_type":"U","zone_label":"UA","planning_document":"62193_PLU_20260710","demand_cell_id":"CRS3035RES200mN3126000E3750000"}},{"type":"Feature","geometry":{"type":"Point","coordinates":[1.85469954759616,50.957662049999996]},"properties":{"parcel_id":"62193000XD0334","section":"XD","number":"334","area_m2":4362,"zone_type":"U","zone_label":"UA","planning_document":"62193_PLU_20260710","demand_cell_id":"CRS3035RES200mN3125800E3750000"}},{"type":"Feature","geometry":{"type":"Point","coordinates":[1.8539895742669148,50.95823825]},"properties":{"parcel_id":"62193000XD0330","section":"XD","number":"330","area_m2":3673,"zone_type":"U","zone_label":"UA","planning_document":"62193_PLU_20260710","demand_cell_id":"CRS3035RES200mN3125800E3750000"}},{"type":"Feature","geometry":{"type":"Point","coordinates":[1.854829138845301,50.95727975]},"properties":{"parcel_id":"62193000XK0011","section":"XK","number":"11","area_m2":1448,"zone_type":"U","zone_label":"UA","planning_document":"62193_PLU_20260710","demand_cell_id":"CRS3035RES200mN3125800E3750000"}},{"type":"Feature","geometry":{"type":"Point","coordinates":[1.8635756073618919,50.96168085]},"properties":{"parcel_id":"62193000BN0010","section":"BN","number":"10","area_m2":800,"zone_type":"U","zone_label":"UJ","planning_document":"62193_PLU_20260710","demand_cell_id":"CRS3035RES200mN3126200E3750600"}},{"type":"Feature","geometry":{"type":"Point","coordinates":[1.8633808589309013,50.961445100000006]},"properties":{"parcel_id":"62193000BN0015","section":"BN","number":"15","area_m2":679,"zone_type":"U","zone_label":"UJ","planning_document":"62193_PLU_20260710","demand_cell_id":"CRS3035RES200mN3126200E3750600"}},{"type":"Feature","geometry":{"type":"Point","coordinates":[1.8838029934019027,50.9636045]},"properties":{"parcel_id":"62193000BO0013","section":"BO","number":"13","area_m2":21617,"zone_type":"U","zone_label":"UJ","planning_document":"62193_PLU_20260710","demand_cell_id":"CRS3035RES200mN3126200E3752000"}},{"type":"Feature","geometry":{"type":"Point","coordinates":[1.8838167254147893,50.964251399999995]},"properties":{"parcel_id":"62193000BO0073","section":"BO","number":"73","area_m2":9522,"zone_type":"U","zone_label":"UJ","planning_document":"62193_PLU_20260710","demand_cell_id":"CRS3035RES200mN3126200E3752000"}},{"type":"Feature","geometry":{"type":"Point","coordinates":[1.8828776056447658,50.96270095]},"properties":{"parcel_id":"62193000BO0010","section":"BO","number":"10","area_m2":4321,"zone_type":"U","zone_label":"UD","planning_document":"62193_PLU_20260710","demand_cell_id":"CRS3035RES200mN3126200E3752000"}},{"type":"Feature","geometry":{"type":"Point","coordinates":[1.8766969221493375,50.9602402]},"properties":{"parcel_id":"62193000BP0391","section":"BP","number":"391","area_m2":3369,"zone_type":"U","zone_label":"UD","planning_document":"62193_PLU_20260710","demand_cell_id":"CRS3035RES200mN3125800E3751600"}},{"type":"Feature","geometry":{"type":"Point","coordinates":[1.8780897779552348,50.960098599999995]},"properties":{"parcel_id":"62193000BP0342","section":"BP","number":"342","area_m2":2928,"zone_type":"U","zone_label":"UD","planning_document":"62193_PLU_20260710","demand_cell_id":"CRS3035RES200mN3125800E3751600"}},{"type":"Feature","geometry":{"type":"Point","coordinates":[1.8772752353442694,50.9586748]},"properties":{"parcel_id":"62193000BP0444","section":"BP","number":"444","area_m2":1622,"zone_type":"U","zone_label":"UD","planning_document":"62193_PLU_20260710","demand_cell_id":"CRS3035RES200mN3125800E3751600"}},{"type":"Feature","geometry":{"type":"Point","coordinates":[1.8794931060434008,50.9602998]},"properties":{"parcel_id":"62193000BP0540","section":"BP","number":"540","area_m2":24697,"zone_type":"U","zone_label":"UD","planning_document":"62193_PLU_20260710","demand_cell_id":"CRS3035RES200mN3125800E3751800"}},{"type":"Feature","geometry":{"type":"Point","coordinates":[1.8802501996892267,50.95888454999999]},"properties":{"parcel_id":"62193000BP0147","section":"BP","number":"147","area_m2":4410,"zone_type":"U","zone_label":"UD","planning_document":"62193_PLU_20260710","demand_cell_id":"CRS3035RES200mN3125800E3751800"}},{"type":"Feature","geometry":{"type":"Point","coordinates":[1.8811912563253013,50.9600637]},"properties":{"parcel_id":"62193000BP0103","section":"BP","number":"103","area_m2":1822,"zone_type":"U","zone_label":"UD","planning_document":"62193_PLU_20260710","demand_cell_id":"CRS3035RES200mN3125800E3751800"}},{"type":"Feature","geometry":{"type":"Point","coordinates":[1.8781390618066558,50.958556099999996]},"properties":{"parcel_id":"62193000BP0524","section":"BP","number":"524","area_m2":2784,"zone_type":"U","zone_label":"UD","planning_document":"62193_PLU_20260710","demand_cell_id":"CRS3035RES200mN3125600E3751600"}},{"type":"Feature","geometry":{"type":"Point","coordinates":[1.876922114792176,50.958454599999996]},"properties":{"parcel_id":"62193000BP0471","section":"BP","number":"471","area_m2":2094,"zone_type":"U","zone_label":"UD","planning_document":"62193_PLU_20260710","demand_cell_id":"CRS3035RES200mN3125600E3751600"}},{"type":"Feature","geometry":{"type":"Point","coordinates":[1.8771568508034584,50.9576213]},"properties":{"parcel_id":"62193000BP0197","section":"BP","number":"197","area_m2":1941,"zone_type":"U","zone_label":"UD","planning_document":"62193_PLU_20260710","demand_cell_id":"CRS3035RES200mN3125600E3751600"}},{"type":"Feature","geometry":{"type":"Point","coordinates":[1.8826180285118417,50.9564163]},"properties":{"parcel_id":"62193000DO0040","section":"DO","number":"40","area_m2":3812,"zone_type":"U","zone_label":"UD","planning_document":"62193_PLU_20260710","demand_cell_id":"CRS3035RES200mN3125400E3751800"}},{"type":"Feature","geometry":{"type":"Point","coordinates":[1.8816209797684271,50.955734]},"properties":{"parcel_id":"62193000DO0184","section":"DO","number":"184","area_m2":2260,"zone_type":"U","zone_label":"UD","planning_document":"62193_PLU_20260710","demand_cell_id":"CRS3035RES200mN3125400E3751800"}},{"type":"Feature","geometry":{"type":"Point","coordinates":[1.880803169762784,50.9559287]},"properties":{"parcel_id":"62193000DO0100","section":"DO","number":"100","area_m2":1912,"zone_type":"U","zone_label":"UD","planning_document":"62193_PLU_20260710","demand_cell_id":"CRS3035RES200mN3125400E3751800"}},{"type":"Feature","geometry":{"type":"Point","coordinates":[1.878636263584233,50.955149750000004]},"properties":{"parcel_id":"62193000DO0183","section":"DO","number":"183","area_m2":5964,"zone_type":"U","zone_label":"UD","planning_document":"62193_PLU_20260710","demand_cell_id":"CRS3035RES200mN3125400E3751600"}},{"type":"Feature","geometry":{"type":"Point","coordinates":[1.8776275068239325,50.95524075]},"properties":{"parcel_id":"62193000DO0250","section":"DO","number":"250","area_m2":2493,"zone_type":"U","zone_label":"UD","planning_document":"62193_PLU_20260710","demand_cell_id":"CRS3035RES200mN3125400E3751600"}},{"type":"Feature","geometry":{"type":"Point","coordinates":[1.8789137363914743,50.95618765]},"properties":{"parcel_id":"62193000DO0092","section":"DO","number":"92","area_m2":2092,"zone_type":"U","zone_label":"UD","planning_document":"62193_PLU_20260710","demand_cell_id":"CRS3035RES200mN3125400E3751600"}},{"type":"Feature","geometry":{"type":"Point","coordinates":[1.8816907054641514,50.95764055]},"properties":{"parcel_id":"62193000BP0354","section":"BP","number":"354","area_m2":2623,"zone_type":"U","zone_label":"UD","planning_document":"62193_PLU_20260710","demand_cell_id":"CRS3035RES200mN3125600E3751800"}},{"type":"Feature","geometry":{"type":"Point","coordinates":[1.8807850079442021,50.957115]},"properties":{"parcel_id":"62193000BP0530","section":"BP","number":"530","area_m2":2483,"zone_type":"U","zone_label":"UD","planning_document":"62193_PLU_20260710","demand_cell_id":"CRS3035RES200mN3125600E3751800"}},{"type":"Feature","geometry":{"type":"Point","coordinates":[1.8812951614404096,50.95741525]},"properties":{"parcel_id":"62193000BP0249","section":"BP","number":"249","area_m2":2268,"zone_type":"U","zone_label":"UD","planning_document":"62193_PLU_20260710","demand_cell_id":"CRS3035RES200mN3125600E3751800"}},{"type":"Feature","geometry":{"type":"Point","coordinates":[1.8836169930058122,50.95892415]},"properties":{"parcel_id":"62193000DR0665","section":"DR","number":"665","area_m2":19712,"zone_type":"U","zone_label":"UD","planning_document":"62193_PLU_20260710","demand_cell_id":"CRS3035RES200mN3125600E3752000"}},{"type":"Feature","geometry":{"type":"Point","coordinates":[1.8844997283046183,50.957768200000004]},"properties":{"parcel_id":"62193000DR0343","section":"DR","number":"343","area_m2":16351,"zone_type":"U","zone_label":"UD","planning_document":"62193_PLU_20260710","demand_cell_id":"CRS3035RES200mN3125600E3752000"}},{"type":"Feature","geometry":{"type":"Point","coordinates":[1.884912423127725,50.9589031]},"properties":{"parcel_id":"62193000DR0336","section":"DR","number":"336","area_m2":3790,"zone_type":"AUs","zone_label":"2AU","planning_document":"62193_PLU_20260710","demand_cell_id":"CRS3035RES200mN3125600E3752000"}},{"type":"Feature","geometry":{"type":"Point","coordinates":[1.8782856830712307,50.96119315]},"properties":{"parcel_id":"62193000BP0542","section":"BP","number":"542","area_m2":1993,"zone_type":"U","zone_label":"UD","planning_document":"62193_PLU_20260710","demand_cell_id":"CRS3035RES200mN3126000E3751600"}},{"type":"Feature","geometry":{"type":"Point","coordinates":[1.8787068311681638,50.9621694]},"properties":{"parcel_id":"62193000BP0026","section":"BP","number":"26","area_m2":1445,"zone_type":"U","zone_label":"UD","planning_document":"62193_PLU_20260710","demand_cell_id":"CRS3035RES200mN3126000E3751600"}},{"type":"Feature","geometry":{"type":"Point","coordinates":[1.8763572871011203,50.96164835]},"properties":{"parcel_id":"62193000BP0042","section":"BP","number":"42","area_m2":1181,"zone_type":"U","zone_label":"UD","planning_document":"62193_PLU_20260710","demand_cell_id":"CRS3035RES200mN3126000E3751600"}},{"type":"Feature","geometry":{"type":"Point","coordinates":[1.8820932711263922,50.961310600000004]},"properties":{"parcel_id":"62193000DR0011","section":"DR","number":"11","area_m2":2480,"zone_type":"U","zone_label":"UD","planning_document":"62193_PLU_20260710","demand_cell_id":"CRS3035RES200mN3126000E3752000"}},{"type":"Feature","geometry":{"type":"Point","coordinates":[1.8830208727872528,50.96164675]},"properties":{"parcel_id":"62193000DR0649","section":"DR","number":"649","area_m2":1572,"zone_type":"U","zone_label":"UD","planning_document":"62193_PLU_20260710","demand_cell_id":"CRS3035RES200mN3126000E3752000"}},{"type":"Feature","geometry":{"type":"Point","coordinates":[1.8828679255379632,50.962017849999995]},"properties":{"parcel_id":"62193000DR0018","section":"DR","number":"18","area_m2":1110,"zone_type":"U","zone_label":"UD","planning_document":"62193_PLU_20260710","demand_cell_id":"CRS3035RES200mN3126000E3752000"}},{"type":"Feature","geometry":{"type":"Point","coordinates":[1.881192453087713,50.9626258]},"properties":{"parcel_id":"62193000BP0009","section":"BP","number":"9","area_m2":1810,"zone_type":"U","zone_label":"UD","planning_document":"62193_PLU_20260710","demand_cell_id":"CRS3035RES200mN3126200E3751800"}},{"type":"Feature","geometry":{"type":"Point","coordinates":[1.8814664463061694,50.96275385]},"properties":{"parcel_id":"62193000BP0461","section":"BP","number":"461","area_m2":1702,"zone_type":"U","zone_label":"UD","planning_document":"62193_PLU_20260710","demand_cell_id":"CRS3035RES200mN3126200E3751800"}},{"type":"Feature","geometry":{"type":"Point","coordinates":[1.8809221729984675,50.96259045]},"properties":{"parcel_id":"62193000BP0010","section":"BP","number":"10","area_m2":1242,"zone_type":"U","zone_label":"UD","planning_document":"62193_PLU_20260710","demand_cell_id":"CRS3035RES200mN3126200E3751800"}},{"type":"Feature","geometry":{"type":"Point","coordinates":[1.8809586566980334,50.9607009]},"properties":{"parcel_id":"62193000BP0099","section":"BP","number":"99","area_m2":1497,"zone_type":"U","zone_label":"UD","planning_document":"62193_PLU_20260710","demand_cell_id":"CRS3035RES200mN3126000E3751800"}},{"type":"Feature","geometry":{"type":"Point","coordinates":[1.879674232615443,50.9622753]},"properties":{"parcel_id":"62193000BP0545","section":"BP","number":"545","area_m2":1287,"zone_type":"U","zone_label":"UD","planning_document":"62193_PLU_20260710","demand_cell_id":"CRS3035RES200mN3126000E3751800"}},{"type":"Feature","geometry":{"type":"Point","coordinates":[1.8802673965142622,50.961435550000004]},"properties":{"parcel_id":"62193000BP0076","section":"BP","number":"76","area_m2":1104,"zone_type":"U","zone_label":"UD","planning_document":"62193_PLU_20260710","demand_cell_id":"CRS3035RES200mN3126000E3751800"}},{"type":"Feature","geometry":{"type":"Point","coordinates":[1.8905626416293146,50.9641612]},"properties":{"parcel_id":"62193000BT0228","section":"BT","number":"228","area_m2":2600,"zone_type":"U","zone_label":"UJ","planning_document":"62193_PLU_20260710","demand_cell_id":"CRS3035RES200mN3126200E3752600"}},{"type":"Feature","geometry":{"type":"Point","coordinates":[1.890616219896776,50.9645558]},"properties":{"parcel_id":"62193000BT0297","section":"BT","number":"297","area_m2":1659,"zone_type":"U","zone_label":"UJ","planning_document":"62193_PLU_20260710","demand_cell_id":"CRS3035RES200mN3126200E3752600"}},{"type":"Feature","geometry":{"type":"Point","coordinates":[1.8929524362462913,50.96357895]},"properties":{"parcel_id":"62193000DS0003","section":"DS","number":"3","area_m2":1447,"zone_type":"U","zone_label":"UD","planning_document":"62193_PLU_20260710","demand_cell_id":"CRS3035RES200mN3126200E3752600"}},{"type":"Feature","geometry":{"type":"Point","coordinates":[1.8959427327519478,50.965134750000004]},"properties":{"parcel_id":"62193000BT0252","section":"BT","number":"252","area_m2":5648,"zone_type":"U","zone_label":"UJ","planning_document":"62193_PLU_20260710","demand_cell_id":"CRS3035RES200mN3126200E3753000"}},{"type":"Feature","geometry":{"type":"Point","coordinates":[1.8974097857963876,50.96409025]},"properties":{"parcel_id":"62193000DS0024","section":"DS","number":"24","area_m2":2553,"zone_type":"U","zone_label":"UD","planning_document":"62193_PLU_20260710","demand_cell_id":"CRS3035RES200mN3126200E3753000"}},{"type":"Feature","geometry":{"type":"Point","coordinates":[1.8959141871513236,50.96384995]},"properties":{"parcel_id":"62193000DS0018","section":"DS","number":"18","area_m2":2321,"zone_type":"U","zone_label":"UD","planning_document":"62193_PLU_20260710","demand_cell_id":"CRS3035RES200mN3126200E3753000"}},{"type":"Feature","geometry":{"type":"Point","coordinates":[1.9166970574277817,50.95930005]},"properties":{"parcel_id":"62193000BX0262","section":"BX","number":"262","area_m2":25392,"zone_type":"U","zone_label":"UE","planning_document":"62193_PLU_20260710","demand_cell_id":"CRS3035RES200mN3125400E3754200"}},{"type":"Feature","geometry":{"type":"Point","coordinates":[1.9150216119454453,50.959095500000004]},"properties":{"parcel_id":"62193000BX0275","section":"BX","number":"275","area_m2":16527,"zone_type":"U","zone_label":"UE","planning_document":"62193_PLU_20260710","demand_cell_id":"CRS3035RES200mN3125400E3754200"}},{"type":"Feature","geometry":{"type":"Point","coordinates":[1.9041278615697312,50.95054845]},"properties":{"parcel_id":"62193000CD0166","section":"CD","number":"166","area_m2":6933,"zone_type":"U","zone_label":"UC","planning_document":"62193_PLU_20260710","demand_cell_id":"CRS3035RES200mN3124600E3753400"}},{"type":"Feature","geometry":{"type":"Point","coordinates":[1.9045499131470978,50.9502942]},"properties":{"parcel_id":"62193000BY0635","section":"BY","number":"635","area_m2":3864,"zone_type":"U","zone_label":"UC","planning_document":"62193_PLU_20260710","demand_cell_id":"CRS3035RES200mN3124600E3753400"}},{"type":"Feature","geometry":{"type":"Point","coordinates":[1.9042113232408409,50.95132165]},"properties":{"parcel_id":"62193000BY0100","section":"BY","number":"100","area_m2":3436,"zone_type":"U","zone_label":"UC","planning_document":"62193_PLU_20260710","demand_cell_id":"CRS3035RES200mN3124600E3753400"}},{"type":"Feature","geometry":{"type":"Point","coordinates":[1.905821060071942,50.94773065]},"properties":{"parcel_id":"62193000BY0148","section":"BY","number":"148","area_m2":3828,"zone_type":"U","zone_label":"UI","planning_document":"62193_PLU_20260710","demand_cell_id":"CRS3035RES200mN3124200E3753400"}},{"type":"Feature","geometry":{"type":"Point","coordinates":[1.9049579567764372,50.94715375]},"properties":{"parcel_id":"62193000BY0269","section":"BY","number":"269","area_m2":2546,"zone_type":"U","zone_label":"UD","planning_document":"62193_PLU_20260710","demand_cell_id":"CRS3035RES200mN3124200E3753400"}},{"type":"Feature","geometry":{"type":"Point","coordinates":[1.9051360488425926,50.94625575]},"properties":{"parcel_id":"62193000CM0279","section":"CM","number":"279","area_m2":1454,"zone_type":"U","zone_label":"UD","planning_document":"62193_PLU_20260710","demand_cell_id":"CRS3035RES200mN3124200E3753400"}},{"type":"Feature","geometry":{"type":"Point","coordinates":[1.9075493791528968,50.94764175]},"properties":{"parcel_id":"62193000BY0215","section":"BY","number":"215","area_m2":13298,"zone_type":"U","zone_label":"UI","planning_document":"62193_PLU_20260710","demand_cell_id":"CRS3035RES200mN3124200E3753600"}},{"type":"Feature","geometry":{"type":"Point","coordinates":[1.9090711879664233,50.94733615]},"properties":{"parcel_id":"62193000BY0048","section":"BY","number":"48","area_m2":7995,"zone_type":"U","zone_label":"UI","planning_document":"62193_PLU_20260710","demand_cell_id":"CRS3035RES200mN3124200E3753600"}},{"type":"Feature","geometry":{"type":"Point","coordinates":[1.908223658868557,50.946916900000005]},"properties":{"parcel_id":"62193000BY0190","section":"BY","number":"190","area_m2":1067,"zone_type":"U","zone_label":"UI","planning_document":"62193_PLU_20260710","demand_cell_id":"CRS3035RES200mN3124200E3753600"}},{"type":"Feature","geometry":{"type":"Point","coordinates":[1.9029534857658876,50.94877405]},"properties":{"parcel_id":"62193000CD0167","section":"CD","number":"167","area_m2":5639,"zone_type":"U","zone_label":"UC","planning_document":"62193_PLU_20260710","demand_cell_id":"CRS3035RES200mN3124400E3753200"}},{"type":"Feature","geometry":{"type":"Point","coordinates":[1.903187427482468,50.949458899999996]},"properties":{"parcel_id":"62193000BY0092","section":"BY","number":"92","area_m2":3231,"zone_type":"U","zone_label":"UC","planning_document":"62193_PLU_20260710","demand_cell_id":"CRS3035RES200mN3124400E3753200"}},{"type":"Feature","geometry":{"type":"Point","coordinates":[1.9018596899401579,50.94874825]},"properties":{"parcel_id":"62193000CD0602","section":"CD","number":"602","area_m2":2614,"zone_type":"U","zone_label":"UC","planning_document":"62193_PLU_20260710","demand_cell_id":"CRS3035RES200mN3124400E3753200"}},{"type":"Feature","geometry":{"type":"Point","coordinates":[1.9032181980961451,50.947199]},"properties":{"parcel_id":"62193000CD0398","section":"CD","number":"398","area_m2":4368,"zone_type":"U","zone_label":"UD","planning_document":"62193_PLU_20260710","demand_cell_id":"CRS3035RES200mN3124200E3753200"}},{"type":"Feature","geometry":{"type":"Point","coordinates":[1.904603309854949,50.94627625]},"properties":{"parcel_id":"62193000CM0278","section":"CM","number":"278","area_m2":2412,"zone_type":"U","zone_label":"UD","planning_document":"62193_PLU_20260710","demand_cell_id":"CRS3035RES200mN3124200E3753200"}},{"type":"Feature","geometry":{"type":"Point","coordinates":[1.9039767151006715,50.94725645]},"properties":{"parcel_id":"62193000CD0588","section":"CD","number":"588","area_m2":2169,"zone_type":"U","zone_label":"UD","planning_document":"62193_PLU_20260710","demand_cell_id":"CRS3035RES200mN3124200E3753200"}},{"type":"Feature","geometry":{"type":"Point","coordinates":[1.9106286658637996,50.94737395]},"properties":{"parcel_id":"62193000BY0047","section":"BY","number":"47","area_m2":19026,"zone_type":"U","zone_label":"UI","planning_document":"62193_PLU_20260710","demand_cell_id":"CRS3035RES200mN3124200E3753800"}},{"type":"Feature","geometry":{"type":"Point","coordinates":[1.9128355707505638,50.9473535]},"properties":{"parcel_id":"62193000BY0553","section":"BY","number":"553","area_m2":12687,"zone_type":"U","zone_label":"UI","planning_document":"62193_PLU_20260710","demand_cell_id":"CRS3035RES200mN3124200E3753800"}},{"type":"Feature","geometry":{"type":"Point","coordinates":[1.912400219513956,50.948276199999995]},"properties":{"parcel_id":"62193000BY0239","section":"BY","number":"239","area_m2":2012,"zone_type":"U","zone_label":"UI","planning_document":"62193_PLU_20260710","demand_cell_id":"CRS3035RES200mN3124200E3753800"}},{"type":"Feature","geometry":{"type":"Point","coordinates":[1.9035640003882486,50.951302749999996]},"properties":{"parcel_id":"62193000BY0467","section":"BY","number":"467","area_m2":2205,"zone_type":"U","zone_label":"UC","planning_document":"62193_PLU_20260710","demand_cell_id":"CRS3035RES200mN3124600E3753200"}},{"type":"Feature","geometry":{"type":"Point","coordinates":[1.9021848787927844,50.95022865]},"properties":{"parcel_id":"62193000CD0517","section":"CD","number":"517","area_m2":1737,"zone_type":"U","zone_label":"UD","planning_document":"62193_PLU_20260710","demand_cell_id":"CRS3035RES200mN3124600E3753200"}},{"type":"Feature","geometry":{"type":"Point","coordinates":[1.9023748885673841,50.951170899999994]},"properties":{"parcel_id":"62193000BZ0955","section":"BZ","number":"955","area_m2":1127,"zone_type":"U","zone_label":"UD","planning_document":"62193_PLU_20260710","demand_cell_id":"CRS3035RES200mN3124600E3753200"}},{"type":"Feature","geometry":{"type":"Point","coordinates":[1.9156562259696464,50.9526838]},"properties":{"parcel_id":"62193000BY0324","section":"BY","number":"324","area_m2":3827,"zone_type":"U","zone_label":"UMb","planning_document":"62193_PLU_20260710","demand_cell_id":"CRS3035RES200mN3124800E3754200"}},{"type":"Feature","geometry":{"type":"Point","coordinates":[1.9160907906865672,50.9529925]},"properties":{"parcel_id":"62193000BY0329","section":"BY","number":"329","area_m2":3344,"zone_type":"U","zone_label":"UMb","planning_document":"62193_PLU_20260710","demand_cell_id":"CRS3035RES200mN3124800E3754200"}},{"type":"Feature","geometry":{"type":"Point","coordinates":[1.91757711635539,50.953181799999996]},"properties":{"parcel_id":"62193000BY0398","section":"BY","number":"398","area_m2":2861,"zone_type":"U","zone_label":"UMa","planning_document":"62193_PLU_20260710","demand_cell_id":"CRS3035RES200mN3124800E3754200"}},{"type":"Feature","geometry":{"type":"Point","coordinates":[1.9192263426237197,50.95382965]},"properties":{"parcel_id":"62193000BY0413","section":"BY","number":"413","area_m2":11411,"zone_type":"U","zone_label":"UMb","planning_document":"62193_PLU_20260710","demand_cell_id":"CRS3035RES200mN3124800E3754400"}},{"type":"Feature","geometry":{"type":"Point","coordinates":[1.9181471306355256,50.95255545]},"properties":{"parcel_id":"62193000BY0401","section":"BY","number":"401","area_m2":6164,"zone_type":"U","zone_label":"UMa","planning_document":"62193_PLU_20260710","demand_cell_id":"CRS3035RES200mN3124800E3754400"}},{"type":"Feature","geometry":{"type":"Point","coordinates":[1.9207548854437488,50.95276775]},"properties":{"parcel_id":"62193000BY0514","section":"BY","number":"514","area_m2":3827,"zone_type":"U","zone_label":"UMa","planning_document":"62193_PLU_20260710","demand_cell_id":"CRS3035RES200mN3124800E3754400"}},{"type":"Feature","geometry":{"type":"Point","coordinates":[1.9012681602629509,50.9547674]},"properties":{"parcel_id":"62193000BY0099","section":"BY","number":"99","area_m2":17124,"zone_type":"U","zone_label":"UC","planning_document":"62193_PLU_20260710","demand_cell_id":"CRS3035RES200mN3125000E3753200"}},{"type":"Feature","geometry":{"type":"Point","coordinates":[1.902499456639058,50.954789]},"properties":{"parcel_id":"62193000BY0106","section":"BY","number":"106","area_m2":4622,"zone_type":"U","zone_label":"UC","planning_document":"62193_PLU_20260710","demand_cell_id":"CRS3035RES200mN3125000E3753200"}},{"type":"Feature","geometry":{"type":"Point","coordinates":[1.9027839089895995,50.95355685]},"properties":{"parcel_id":"62193000BZ0191","section":"BZ","number":"191","area_m2":657,"zone_type":"U","zone_label":"UD","planning_document":"62193_PLU_20260710","demand_cell_id":"CRS3035RES200mN3125000E3753200"}},{"type":"Feature","geometry":{"type":"Point","coordinates":[1.9184885892842236,50.95484785]},"properties":{"parcel_id":"62193000BY0416","section":"BY","number":"416","area_m2":11193,"zone_type":"U","zone_label":"UMb","planning_document":"62193_PLU_20260710","demand_cell_id":"CRS3035RES200mN3125000E3754400"}},{"type":"Feature","geometry":{"type":"Point","coordinates":[1.9181769510774802,50.9554349]},"properties":{"parcel_id":"62193000BY0352","section":"BY","number":"352","area_m2":6924,"zone_type":"U","zone_label":"UMb","planning_document":"62193_PLU_20260710","demand_cell_id":"CRS3035RES200mN3125000E3754400"}},{"type":"Feature","geometry":{"type":"Point","coordinates":[1.9179449405537152,50.95591095]},"properties":{"parcel_id":"62193000BY0285","section":"BY","number":"285","area_m2":5527,"zone_type":"U","zone_label":"UMb","planning_document":"62193_PLU_20260710","demand_cell_id":"CRS3035RES200mN3125000E3754400"}},{"type":"Feature","geometry":{"type":"Point","coordinates":[1.9012665236842095,50.9515631]},"properties":{"parcel_id":"62193000BZ0774","section":"BZ","number":"774","area_m2":6563,"zone_type":"U","zone_label":"UD","planning_document":"62193_PLU_20260710","demand_cell_id":"CRS3035RES200mN3124800E3753200"}},{"type":"Feature","geometry":{"type":"Point","coordinates":[1.9024085731952416,50.9516074]},"properties":{"parcel_id":"62193000BZ0212","section":"BZ","number":"212","area_m2":804,"zone_type":"U","zone_label":"UD","planning_document":"62193_PLU_20260710","demand_cell_id":"CRS3035RES200mN3124800E3753200"}},{"type":"Feature","geometry":{"type":"Point","coordinates":[1.9014803449347863,50.95172415]},"properties":{"parcel_id":"62193000BZ0231","section":"BZ","number":"231","area_m2":785,"zone_type":"U","zone_label":"UD","planning_document":"62193_PLU_20260710","demand_cell_id":"CRS3035RES200mN3124800E3753200"}},{"type":"Feature","geometry":{"type":"Point","coordinates":[1.8944583586177575,50.950206300000005]},"properties":{"parcel_id":"62193000BZ0992","section":"BZ","number":"992","area_m2":2225,"zone_type":"U","zone_label":"UC","planning_document":"62193_PLU_20260710","demand_cell_id":"CRS3035RES200mN3124600E3752600"}},{"type":"Feature","geometry":{"type":"Point","coordinates":[1.894387073074852,50.9493193]},"properties":{"parcel_id":"62193000BZ0995","section":"BZ","number":"995","area_m2":1880,"zone_type":"U","zone_label":"UC","planning_document":"62193_PLU_20260710","demand_cell_id":"CRS3035RES200mN3124600E3752600"}},{"type":"Feature","geometry":{"type":"Point","coordinates":[1.8940730902246825,50.9503136]},"properties":{"parcel_id":"62193000BZ0619","section":"BZ","number":"619","area_m2":1851,"zone_type":"U","zone_label":"UC","planning_document":"62193_PLU_20260710","demand_cell_id":"CRS3035RES200mN3124600E3752600"}},{"type":"Feature","geometry":{"type":"Point","coordinates":[1.8930672752456466,50.9508712]},"properties":{"parcel_id":"62193000BZ0744","section":"BZ","number":"744","area_m2":5776,"zone_type":"U","zone_label":"UC","planning_document":"62193_PLU_20260710","demand_cell_id":"CRS3035RES200mN3124800E3752600"}},{"type":"Feature","geometry":{"type":"Point","coordinates":[1.8941354787950713,50.9519863]},"properties":{"parcel_id":"62193000BZ0622","section":"BZ","number":"622","area_m2":4504,"zone_type":"U","zone_label":"UC","planning_document":"62193_PLU_20260710","demand_cell_id":"CRS3035RES200mN3124800E3752600"}},{"type":"Feature","geometry":{"type":"Point","coordinates":[1.894150676205701,50.951139100000006]},"properties":{"parcel_id":"62193000BZ0745","section":"BZ","number":"745","area_m2":3726,"zone_type":"U","zone_label":"UC","planning_document":"62193_PLU_20260710","demand_cell_id":"CRS3035RES200mN3124800E3752600"}},{"type":"Feature","geometry":{"type":"Point","coordinates":[1.8978918040836654,50.95062715]},"properties":{"parcel_id":"62193000BZ0347","section":"BZ","number":"347","area_m2":1134,"zone_type":"U","zone_label":"UD","planning_document":"62193_PLU_20260710","demand_cell_id":"CRS3035RES200mN3124600E3752800"}},{"type":"Feature","geometry":{"type":"Point","coordinates":[1.8988465058606987,50.95039345]},"properties":{"parcel_id":"62193000BZ0297","section":"BZ","number":"297","area_m2":1701,"zone_type":"U","zone_label":"UD","planning_document":"62193_PLU_20260710","demand_cell_id":"CRS3035RES200mN3124600E3753000"}},{"type":"Feature","geometry":{"type":"Point","coordinates":[1.9011817486050084,50.949502949999996]},"properties":{"parcel_id":"62193000CD0490","section":"CD","number":"490","area_m2":778,"zone_type":"U","zone_label":"UC","planning_document":"62193_PLU_20260710","demand_cell_id":"CRS3035RES200mN3124600E3753000"}},{"type":"Feature","geometry":{"type":"Point","coordinates":[1.9010112146052185,50.949526]},"properties":{"parcel_id":"62193000CD0491","section":"CD","number":"491","area_m2":700,"zone_type":"U","zone_label":"UC","planning_document":"62193_PLU_20260710","demand_cell_id":"CRS3035RES200mN3124600E3753000"}},{"type":"Feature","geometry":{"type":"Point","coordinates":[1.9006004446370408,50.95183955]},"properties":{"parcel_id":"62193000BZ0233","section":"BZ","number":"233","area_m2":2186,"zone_type":"U","zone_label":"UD","planning_document":"62193_PLU_20260710","demand_cell_id":"CRS3035RES200mN3124800E3753000"}},{"type":"Feature","geometry":{"type":"Point","coordinates":[1.899553375717832,50.951205200000004]},"properties":{"parcel_id":"62193000BZ0926","section":"BZ","number":"926","area_m2":597,"zone_type":"U","zone_label":"UD","planning_document":"62193_PLU_20260710","demand_cell_id":"CRS3035RES200mN3124800E3753000"}},{"type":"Feature","geometry":{"type":"Point","coordinates":[1.8937048690476195,50.953317]},"properties":{"parcel_id":"62193000BZ0749","section":"BZ","number":"749","area_m2":12023,"zone_type":"U","zone_label":"UC","planning_document":"62193_PLU_20260710","demand_cell_id":"CRS3035RES200mN3125000E3752600"}},{"type":"Feature","geometry":{"type":"Point","coordinates":[1.894623613503306,50.9537376]},"properties":{"parcel_id":"62193000BZ0750","section":"BZ","number":"750","area_m2":6448,"zone_type":"U","zone_label":"UC","planning_document":"62193_PLU_20260710","demand_cell_id":"CRS3035RES200mN3125000E3752600"}},{"type":"Feature","geometry":{"type":"Point","coordinates":[1.893696166090297,50.9539543]},"properties":{"parcel_id":"62193000BZ0751","section":"BZ","number":"751","area_m2":3203,"zone_type":"U","zone_label":"UC","planning_document":"62193_PLU_20260710","demand_cell_id":"CRS3035RES200mN3125000E3752600"}},{"type":"Feature","geometry":{"type":"Point","coordinates":[1.8960575742980885,50.9534961]},"properties":{"parcel_id":"62193000BZ0850","section":"BZ","number":"850","area_m2":10565,"zone_type":"U","zone_label":"UC","planning_document":"62193_PLU_20260710","demand_cell_id":"CRS3035RES200mN3125000E3752800"}},{"type":"Feature","geometry":{"type":"Point","coordinates":[1.8976504816524895,50.953838250000004]},"properties":{"parcel_id":"62193000BZ0849","section":"BZ","number":"849","area_m2":7494,"zone_type":"U","zone_label":"UC","planning_document":"62193_PLU_20260710","demand_cell_id":"CRS3035RES200mN3125000E3752800"}},{"type":"Feature","geometry":{"type":"Point","coordinates":[1.8960149372729243,50.95429745]},"properties":{"parcel_id":"62193000BZ0846","section":"BZ","number":"846","area_m2":5614,"zone_type":"U","zone_label":"UC","planning_document":"62193_PLU_20260710","demand_cell_id":"CRS3035RES200mN3125000E3752800"}},{"type":"Feature","geometry":{"type":"Point","coordinates":[1.8977171685014227,50.95263425]},"properties":{"parcel_id":"62193000BZ0708","section":"BZ","number":"708","area_m2":7410,"zone_type":"U","zone_label":"UD","planning_document":"62193_PLU_20260710","demand_cell_id":"CRS3035RES200mN3124800E3752800"}},{"type":"Feature","geometry":{"type":"Point","coordinates":[1.8978997169847451,50.9522242]},"properties":{"parcel_id":"62193000BZ0709","section":"BZ","number":"709","area_m2":3651,"zone_type":"U","zone_label":"UD","planning_document":"62193_PLU_20260710","demand_cell_id":"CRS3035RES200mN3124800E3752800"}},{"type":"Feature","geometry":{"type":"Point","coordinates":[1.8959730989112642,50.952341649999994]},"properties":{"parcel_id":"62193000BZ0858","section":"BZ","number":"858","area_m2":2839,"zone_type":"U","zone_label":"UC","planning_document":"62193_PLU_20260710","demand_cell_id":"CRS3035RES200mN3124800E3752800"}},{"type":"Feature","geometry":{"type":"Point","coordinates":[1.8983783027173922,50.95320975]},"properties":{"parcel_id":"62193000BZ0434","section":"BZ","number":"434","area_m2":1128,"zone_type":"U","zone_label":"UD","planning_document":"62193_PLU_20260710","demand_cell_id":"CRS3035RES200mN3125000E3753000"}},{"type":"Feature","geometry":{"type":"Point","coordinates":[1.8988392244203565,50.94828375]},"properties":{"parcel_id":"62193000CD0402","section":"CD","number":"402","area_m2":8482,"zone_type":"U","zone_label":"UC","planning_document":"62193_PLU_20260710","demand_cell_id":"CRS3035RES200mN3124400E3753000"}},{"type":"Feature","geometry":{"type":"Point","coordinates":[1.899243648928883,50.94797045]},"properties":{"parcel_id":"62193000CD0560","section":"CD","number":"560","area_m2":3873,"zone_type":"U","zone_label":"UC","planning_document":"62193_PLU_20260710","demand_cell_id":"CRS3035RES200mN3124400E3753000"}},{"type":"Feature","geometry":{"type":"Point","coordinates":[1.899147143750267,50.9492467]},"properties":{"parcel_id":"62193000CD0123","section":"CD","number":"123","area_m2":2107,"zone_type":"U","zone_label":"UC","planning_document":"62193_PLU_20260710","demand_cell_id":"CRS3035RES200mN3124400E3753000"}},{"type":"Feature","geometry":{"type":"Point","coordinates":[1.8930972189692978,50.9477531]},"properties":{"parcel_id":"62193000CE0211","section":"CE","number":"211","area_m2":13200,"zone_type":"U","zone_label":"UC","planning_document":"62193_PLU_20260710","demand_cell_id":"CRS3035RES200mN3124400E3752600"}},{"type":"Feature","geometry":{"type":"Point","coordinates":[1.893972418176653,50.94759955]},"properties":{"parcel_id":"62193000CD0001","section":"CD","number":"1","area_m2":8963,"zone_type":"U","zone_label":"UC","planning_document":"62193_PLU_20260710","demand_cell_id":"CRS3035RES200mN3124400E3752600"}},{"type":"Feature","geometry":{"type":"Point","coordinates":[1.8956537008528263,50.948486149999994]},"properties":{"parcel_id":"62193000CD0397","section":"CD","number":"397","area_m2":2853,"zone_type":"U","zone_label":"UC","planning_document":"62193_PLU_20260710","demand_cell_id":"CRS3035RES200mN3124400E3752600"}},{"type":"Feature","geometry":{"type":"Point","coordinates":[1.8977476848831594,50.94913755]},"properties":{"parcel_id":"62193000CD0124","section":"CD","number":"124","area_m2":1604,"zone_type":"U","zone_label":"UC","planning_document":"62193_PLU_20260710","demand_cell_id":"CRS3035RES200mN3124400E3752800"}},{"type":"Feature","geometry":{"type":"Point","coordinates":[1.8968148241576275,50.9477995]},"properties":{"parcel_id":"62193000CD0536","section":"CD","number":"536","area_m2":1073,"zone_type":"U","zone_label":"UC","planning_document":"62193_PLU_20260710","demand_cell_id":"CRS3035RES200mN3124400E3752800"}},{"type":"Feature","geometry":{"type":"Point","coordinates":[1.896060238959088,50.94752575]},"properties":{"parcel_id":"62193000CD0431","section":"CD","number":"431","area_m2":985,"zone_type":"U","zone_label":"UC","planning_document":"62193_PLU_20260710","demand_cell_id":"CRS3035RES200mN3124400E3752800"}},{"type":"Feature","geometry":{"type":"Point","coordinates":[1.8983072698375683,50.945969]},"properties":{"parcel_id":"62193000CL0496","section":"CL","number":"496","area_m2":4373,"zone_type":"U","zone_label":"UDc","planning_document":"62193_PLU_20260710","demand_cell_id":"CRS3035RES200mN3124200E3752800"}},{"type":"Feature","geometry":{"type":"Point","coordinates":[1.896051197843383,50.9472157]},"properties":{"parcel_id":"62193000CD0424","section":"CD","number":"424","area_m2":4176,"zone_type":"U","zone_label":"UC","planning_document":"62193_PLU_20260710","demand_cell_id":"CRS3035RES200mN3124200E3752800"}},{"type":"Feature","geometry":{"type":"Point","coordinates":[1.8989113025257147,50.94588855000001]},"properties":{"parcel_id":"62193000CL0191","section":"CL","number":"191","area_m2":3858,"zone_type":"U","zone_label":"UDc","planning_document":"62193_PLU_20260710","demand_cell_id":"CRS3035RES200mN3124200E3752800"}},{"type":"Feature","geometry":{"type":"Point","coordinates":[1.9016498494092795,50.9470611]},"properties":{"parcel_id":"62193000CD0335","section":"CD","number":"335","area_m2":3089,"zone_type":"U","zone_label":"UD","planning_document":"62193_PLU_20260710","demand_cell_id":"CRS3035RES200mN3124200E3753000"}},{"type":"Feature","geometry":{"type":"Point","coordinates":[1.901248717102139,50.94608355]},"properties":{"parcel_id":"62193000CM0190","section":"CM","number":"190","area_m2":1556,"zone_type":"U","zone_label":"UD","planning_document":"62193_PLU_20260710","demand_cell_id":"CRS3035RES200mN3124200E3753000"}},{"type":"Feature","geometry":{"type":"Point","coordinates":[1.8997652391244668,50.9470103]},"properties":{"parcel_id":"62193000CD0546","section":"CD","number":"546","area_m2":1436,"zone_type":"U","zone_label":"UC","planning_document":"62193_PLU_20260710","demand_cell_id":"CRS3035RES200mN3124200E3753000"}},{"type":"Feature","geometry":{"type":"Point","coordinates":[1.8889743831613375,50.95157845]},"properties":{"parcel_id":"62193000CE0386","section":"CE","number":"386","area_m2":11922,"zone_type":"U","zone_label":"UCc","planning_document":"62193_PLU_20260710","demand_cell_id":"CRS3035RES200mN3124800E3752200"}},{"type":"Feature","geometry":{"type":"Point","coordinates":[1.889335272696154,50.950531]},"properties":{"parcel_id":"62193000CE0761","section":"CE","number":"761","area_m2":4968,"zone_type":"U","zone_label":"UC","planning_document":"62193_PLU_20260710","demand_cell_id":"CRS3035RES200mN3124800E3752200"}},{"type":"Feature","geometry":{"type":"Point","coordinates":[1.8877892948222597,50.9512333]},"properties":{"parcel_id":"62193000CE0741","section":"CE","number":"741","area_m2":3851,"zone_type":"U","zone_label":"UC","planning_document":"62193_PLU_20260710","demand_cell_id":"CRS3035RES200mN3124800E3752200"}},{"type":"Feature","geometry":{"type":"Point","coordinates":[1.8922972086730827,50.9501562]},"properties":{"parcel_id":"62193000CE0421","section":"CE","number":"421","area_m2":5379,"zone_type":"U","zone_label":"UC","planning_document":"62193_PLU_20260710","demand_cell_id":"CRS3035RES200mN3124600E3752400"}},{"type":"Feature","geometry":{"type":"Point","coordinates":[1.8905716599785842,50.94983535]},"properties":{"parcel_id":"62193000CE0190","section":"CE","number":"190","area_m2":2989,"zone_type":"U","zone_label":"UC","planning_document":"62193_PLU_20260710","demand_cell_id":"CRS3035RES200mN3124600E3752400"}},{"type":"Feature","geometry":{"type":"Point","coordinates":[1.8898670165463645,50.9493214]},"properties":{"parcel_id":"62193000CE0331","section":"CE","number":"331","area_m2":2895,"zone_type":"U","zone_label":"UC","planning_document":"62193_PLU_20260710","demand_cell_id":"CRS3035RES200mN3124600E3752400"}},{"type":"Feature","geometry":{"type":"Point","coordinates":[1.8882330770703546,50.949255550000004]},"properties":{"parcel_id":"62193000CE0822","section":"CE","number":"822","area_m2":4780,"zone_type":"U","zone_label":"UC","planning_document":"62193_PLU_20260710","demand_cell_id":"CRS3035RES200mN3124600E3752200"}},{"type":"Feature","geometry":{"type":"Point","coordinates":[1.8893701025806462,50.95014635]},"properties":{"parcel_id":"62193000CE0213","section":"CE","number":"213","area_m2":4500,"zone_type":"U","zone_label":"UC","planning_document":"62193_PLU_20260710","demand_cell_id":"CRS3035RES200mN3124600E3752200"}},{"type":"Feature","geometry":{"type":"Point","coordinates":[1.8885968190883238,50.94950305]},"properties":{"parcel_id":"62193000CE0334","section":"CE","number":"334","area_m2":3199,"zone_type":"U","zone_label":"UC","planning_document":"62193_PLU_20260710","demand_cell_id":"CRS3035RES200mN3124600E3752200"}},{"type":"Feature","geometry":{"type":"Point","coordinates":[1.8841521516875281,50.95217185]},"properties":{"parcel_id":"62193000CH0776","section":"CH","number":"776","area_m2":6602,"zone_type":"U","zone_label":"UC","planning_document":"62193_PLU_20260710","demand_cell_id":"CRS3035RES200mN3125000E3752000"}},{"type":"Feature","geometry":{"type":"Point","coordinates":[1.8851926855806593,50.95230015]},"properties":{"parcel_id":"62193000CE0724","section":"CE","number":"724","area_m2":2325,"zone_type":"U","zone_label":"UC","planning_document":"62193_PLU_20260710","demand_cell_id":"CRS3035RES200mN3125000E3752000"}},{"type":"Feature","geometry":{"type":"Point","coordinates":[1.8862398039335584,50.952579799999995]},"properties":{"parcel_id":"62193000CE0765","section":"CE","number":"765","area_m2":1860,"zone_type":"U","zone_label":"UC","planning_document":"62193_PLU_20260710","demand_cell_id":"CRS3035RES200mN3125000E3752000"}},{"type":"Feature","geometry":{"type":"Point","coordinates":[1.889597366918055,50.9456965]},"properties":{"parcel_id":"62193000CL0145","section":"CL","number":"145","area_m2":6413,"zone_type":"U","zone_label":"UD","planning_document":"62193_PLU_20260710","demand_cell_id":"CRS3035RES200mN3124200E3752200"}},{"type":"Feature","geometry":{"type":"Point","coordinates":[1.8887361615507594,50.94502145]},"properties":{"parcel_id":"62193000CI0321","section":"CI","number":"321","area_m2":1593,"zone_type":"U","zone_label":"UD","planning_document":"62193_PLU_20260710","demand_cell_id":"CRS3035RES200mN3124200E3752200"}},{"type":"Feature","geometry":{"type":"Point","coordinates":[1.8902516561773641,50.946736]},"properties":{"parcel_id":"62193000CE0615","section":"CE","number":"615","area_m2":1537,"zone_type":"U","zone_label":"UC","planning_document":"62193_PLU_20260710","demand_cell_id":"CRS3035RES200mN3124200E3752200"}},{"type":"Feature","geometry":{"type":"Point","coordinates":[1.8883985145002198,50.9482022]},"properties":{"parcel_id":"62193000CI0249","section":"CI","number":"249","area_m2":3754,"zone_type":"U","zone_label":"UC","planning_document":"62193_PLU_20260710","demand_cell_id":"CRS3035RES200mN3124400E3752200"}},{"type":"Feature","geometry":{"type":"Point","coordinates":[1.8897621723191977,50.9470127]},"properties":{"parcel_id":"62193000CE0621","section":"CE","number":"621","area_m2":1955,"zone_type":"U","zone_label":"UC","planning_document":"62193_PLU_20260710","demand_cell_id":"CRS3035RES200mN3124400E3752200"}},{"type":"Feature","geometry":{"type":"Point","coordinates":[1.889537853913488,50.94741795]},"properties":{"parcel_id":"62193000CE0524","section":"CE","number":"524","area_m2":1686,"zone_type":"U","zone_label":"UC","planning_document":"62193_PLU_20260710","demand_cell_id":"CRS3035RES200mN3124400E3752200"}},{"type":"Feature","geometry":{"type":"Point","coordinates":[1.8900367468929544,50.94856685]},"properties":{"parcel_id":"62193000CE0148","section":"CE","number":"148","area_m2":12943,"zone_type":"U","zone_label":"UC","planning_document":"62193_PLU_20260710","demand_cell_id":"CRS3035RES200mN3124400E3752400"}},{"type":"Feature","geometry":{"type":"Point","coordinates":[1.892330644217571,50.94719325]},"properties":{"parcel_id":"62193000CE0886","section":"CE","number":"886","area_m2":9271,"zone_type":"U","zone_label":"UC","planning_document":"62193_PLU_20260710","demand_cell_id":"CRS3035RES200mN3124400E3752400"}},{"type":"Feature","geometry":{"type":"Point","coordinates":[1.8900883094108685,50.94813165]},"properties":{"parcel_id":"62193000CE0147","section":"CE","number":"147","area_m2":5122,"zone_type":"U","zone_label":"UC","planning_document":"62193_PLU_20260710","demand_cell_id":"CRS3035RES200mN3124400E3752400"}},{"type":"Feature","geometry":{"type":"Point","coordinates":[1.8848337000215996,50.9498983]},"properties":{"parcel_id":"62193000CH0201","section":"CH","number":"201","area_m2":4799,"zone_type":"U","zone_label":"UC","planning_document":"62193_PLU_20260710","demand_cell_id":"CRS3035RES200mN3124600E3752000"}},{"type":"Feature","geometry":{"type":"Point","coordinates":[1.884326866292589,50.9499205]},"properties":{"parcel_id":"62193000CH0206","section":"CH","number":"206","area_m2":3442,"zone_type":"U","zone_label":"UC","planning_document":"62193_PLU_20260710","demand_cell_id":"CRS3035RES200mN3124600E3752000"}},{"type":"Feature","geometry":{"type":"Point","coordinates":[1.8854738036936225,50.9497707]},"properties":{"parcel_id":"62193000CH0203","section":"CH","number":"203","area_m2":1760,"zone_type":"U","zone_label":"UC","planning_document":"62193_PLU_20260710","demand_cell_id":"CRS3035RES200mN3124600E3752000"}},{"type":"Feature","geometry":{"type":"Point","coordinates":[1.8865891639385488,50.95101215]},"properties":{"parcel_id":"62193000CE0734","section":"CE","number":"734","area_m2":5725,"zone_type":"U","zone_label":"UC","planning_document":"62193_PLU_20260710","demand_cell_id":"CRS3035RES200mN3124800E3752000"}},{"type":"Feature","geometry":{"type":"Point","coordinates":[1.8858012956769703,50.951488749999996]},"properties":{"parcel_id":"62193000CE0731","section":"CE","number":"731","area_m2":4417,"zone_type":"U","zone_label":"UC","planning_document":"62193_PLU_20260710","demand_cell_id":"CRS3035RES200mN3124800E3752000"}},{"type":"Feature","geometry":{"type":"Point","coordinates":[1.8859493776209657,50.951944499999996]},"properties":{"parcel_id":"62193000CE0710","section":"CE","number":"710","area_m2":4014,"zone_type":"U","zone_label":"UC","planning_document":"62193_PLU_20260710","demand_cell_id":"CRS3035RES200mN3124800E3752000"}},{"type":"Feature","geometry":{"type":"Point","coordinates":[1.8914204457853308,50.950851799999995]},"properties":{"parcel_id":"62193000CE0399","section":"CE","number":"399","area_m2":2401,"zone_type":"U","zone_label":"UC","planning_document":"62193_PLU_20260710","demand_cell_id":"CRS3035RES200mN3124800E3752400"}},{"type":"Feature","geometry":{"type":"Point","coordinates":[1.8902170023479017,50.9508144]},"properties":{"parcel_id":"62193000CE0191","section":"CE","number":"191","area_m2":1341,"zone_type":"U","zone_label":"UC","planning_document":"62193_PLU_20260710","demand_cell_id":"CRS3035RES200mN3124800E3752400"}},{"type":"Feature","geometry":{"type":"Point","coordinates":[1.8910843926754353,50.95078265]},"properties":{"parcel_id":"62193000CE0404","section":"CE","number":"404","area_m2":1184,"zone_type":"U","zone_label":"UC","planning_document":"62193_PLU_20260710","demand_cell_id":"CRS3035RES200mN3124800E3752400"}},{"type":"Feature","geometry":{"type":"Point","coordinates":[1.8868701071837648,50.952449099999995]},"properties":{"parcel_id":"62193000CE0705","section":"CE","number":"705","area_m2":1654,"zone_type":"U","zone_label":"UC","planning_document":"62193_PLU_20260710","demand_cell_id":"CRS3035RES200mN3125000E3752200"}},{"type":"Feature","geometry":{"type":"Point","coordinates":[1.8880109159268605,50.952889049999996]},"properties":{"parcel_id":"62193000CE0771","section":"CE","number":"771","area_m2":1593,"zone_type":"U","zone_label":"UC","planning_document":"62193_PLU_20260710","demand_cell_id":"CRS3035RES200mN3125000E3752200"}},{"type":"Feature","geometry":{"type":"Point","coordinates":[1.8864582693198217,50.952821]},"properties":{"parcel_id":"62193000CE0689","section":"CE","number":"689","area_m2":1502,"zone_type":"U","zone_label":"UC","planning_document":"62193_PLU_20260710","demand_cell_id":"CRS3035RES200mN3125000E3752200"}},{"type":"Feature","geometry":{"type":"Point","coordinates":[1.8820041955439546,50.9494787]},"properties":{"parcel_id":"62193000CH0834","section":"CH","number":"834","area_m2":18496,"zone_type":"U","zone_label":"UC","planning_document":"62193_PLU_20260710","demand_cell_id":"CRS3035RES200mN3124600E3751800"}},{"type":"Feature","geometry":{"type":"Point","coordinates":[1.8839578725688053,50.94937685]},"properties":{"parcel_id":"62193000CH0197","section":"CH","number":"197","area_m2":1015,"zone_type":"U","zone_label":"UC","planning_document":"62193_PLU_20260710","demand_cell_id":"CRS3035RES200mN3124600E3751800"}},{"type":"Feature","geometry":{"type":"Point","coordinates":[1.8828511225420974,50.9496025]},"properties":{"parcel_id":"62193000CH0192","section":"CH","number":"192","area_m2":716,"zone_type":"U","zone_label":"UC","planning_document":"62193_PLU_20260710","demand_cell_id":"CRS3035RES200mN3124600E3751800"}},{"type":"Feature","geometry":{"type":"Point","coordinates":[1.8795717436675643,50.9483525]},"properties":{"parcel_id":"62193000CH0298","section":"CH","number":"298","area_m2":3182,"zone_type":"U","zone_label":"UD","planning_document":"62193_PLU_20260710","demand_cell_id":"CRS3035RES200mN3124600E3751600"}},{"type":"Feature","geometry":{"type":"Point","coordinates":[1.879384300759879,50.9497081]},"properties":{"parcel_id":"62193000CH0101","section":"CH","number":"101","area_m2":1215,"zone_type":"U","zone_label":"UC","planning_document":"62193_PLU_20260710","demand_cell_id":"CRS3035RES200mN3124600E3751600"}},{"type":"Feature","geometry":{"type":"Point","coordinates":[1.8794431452312135,50.94891805]},"properties":{"parcel_id":"62193000CH0282","section":"CH","number":"282","area_m2":568,"zone_type":"U","zone_label":"UD","planning_document":"62193_PLU_20260710","demand_cell_id":"CRS3035RES200mN3124600E3751600"}},{"type":"Feature","geometry":{"type":"Point","coordinates":[1.878795617906103,50.9512947]},"properties":{"parcel_id":"62193000CH0837","section":"CH","number":"837","area_m2":15246,"zone_type":"U","zone_label":"UE","planning_document":"62193_PLU_20260710","demand_cell_id":"CRS3035RES200mN3124800E3751600"}},{"type":"Feature","geometry":{"type":"Point","coordinates":[1.8798965147528524,50.95013985]},"properties":{"parcel_id":"62193000CH0102","section":"CH","number":"102","area_m2":4878,"zone_type":"U","zone_label":"UC","planning_document":"62193_PLU_20260710","demand_cell_id":"CRS3035RES200mN3124800E3751600"}},{"type":"Feature","geometry":{"type":"Point","coordinates":[1.8783345126373998,50.95124715]},"properties":{"parcel_id":"62193000CH0208","section":"CH","number":"208","area_m2":1200,"zone_type":"U","zone_label":"UE","planning_document":"62193_PLU_20260710","demand_cell_id":"CRS3035RES200mN3124800E3751600"}},{"type":"Feature","geometry":{"type":"Point","coordinates":[1.8832884091777173,50.950822349999996]},"properties":{"parcel_id":"62193000CH0403","section":"CH","number":"403","area_m2":11157,"zone_type":"U","zone_label":"UC","planning_document":"62193_PLU_20260710","demand_cell_id":"CRS3035RES200mN3124800E3751800"}},{"type":"Feature","geometry":{"type":"Point","coordinates":[1.8817375928927098,50.95079855]},"properties":{"parcel_id":"62193000CH0071","section":"CH","number":"71","area_m2":7458,"zone_type":"U","zone_label":"UC","planning_document":"62193_PLU_20260710","demand_cell_id":"CRS3035RES200mN3124800E3751800"}},{"type":"Feature","geometry":{"type":"Point","coordinates":[1.8824276506247135,50.95163105]},"properties":{"parcel_id":"62193000CH0686","section":"CH","number":"686","area_m2":7058,"zone_type":"U","zone_label":"UC","planning_document":"62193_PLU_20260710","demand_cell_id":"CRS3035RES200mN3124800E3751800"}},{"type":"Feature","geometry":{"type":"Point","coordinates":[1.8815033641479433,50.94682215]},"properties":{"parcel_id":"62193000CI0380","section":"CI","number":"380","area_m2":30144,"zone_type":"U","zone_label":"UE","planning_document":"62193_PLU_20260710","demand_cell_id":"CRS3035RES200mN3124400E3751600"}},{"type":"Feature","geometry":{"type":"Point","coordinates":[1.8811426164423257,50.94779545]},"properties":{"parcel_id":"62193000CH0839","section":"CH","number":"839","area_m2":4181,"zone_type":"U","zone_label":"UD","planning_document":"62193_PLU_20260710","demand_cell_id":"CRS3035RES200mN3124400E3751600"}},{"type":"Feature","geometry":{"type":"Point","coordinates":[1.8796187848658406,50.946858500000005]},"properties":{"parcel_id":"62193000CI0385","section":"CI","number":"385","area_m2":2481,"zone_type":"U","zone_label":"UC","planning_document":"62193_PLU_20260710","demand_cell_id":"CRS3035RES200mN3124400E3751600"}},{"type":"Feature","geometry":{"type":"Point","coordinates":[1.883900121393507,50.9470493]},"properties":{"parcel_id":"62193000CI0354","section":"CI","number":"354","area_m2":2873,"zone_type":"U","zone_label":"UC","planning_document":"62193_PLU_20260710","demand_cell_id":"CRS3035RES200mN3124400E3751800"}},{"type":"Feature","geometry":{"type":"Point","coordinates":[1.8831217954611112,50.94708315]},"properties":{"parcel_id":"62193000CI0004","section":"CI","number":"4","area_m2":862,"zone_type":"U","zone_label":"UC","planning_document":"62193_PLU_20260710","demand_cell_id":"CRS3035RES200mN3124400E3751800"}},{"type":"Feature","geometry":{"type":"Point","coordinates":[1.8840297874579486,50.948241100000004]},"properties":{"parcel_id":"62193000CH0831","section":"CH","number":"831","area_m2":732,"zone_type":"U","zone_label":"UC","planning_document":"62193_PLU_20260710","demand_cell_id":"CRS3035RES200mN3124400E3751800"}},{"type":"Feature","geometry":{"type":"Point","coordinates":[1.8809181137394395,50.9527585]},"properties":{"parcel_id":"62193000DO0023","section":"DO","number":"23","area_m2":10874,"zone_type":"U","zone_label":"UE","planning_document":"62193_PLU_20260710","demand_cell_id":"CRS3035RES200mN3125000E3751800"}},{"type":"Feature","geometry":{"type":"Point","coordinates":[1.881372053208969,50.95189165]},"properties":{"parcel_id":"62193000CH0073","section":"CH","number":"73","area_m2":8405,"zone_type":"U","zone_label":"UC","planning_document":"62193_PLU_20260710","demand_cell_id":"CRS3035RES200mN3125000E3751800"}},{"type":"Feature","geometry":{"type":"Point","coordinates":[1.8828602615538486,50.952103050000005]},"properties":{"parcel_id":"62193000CH0770","section":"CH","number":"770","area_m2":5020,"zone_type":"U","zone_label":"UC","planning_document":"62193_PLU_20260710","demand_cell_id":"CRS3035RES200mN3125000E3751800"}},{"type":"Feature","geometry":{"type":"Point","coordinates":[1.8783858956862747,50.9524926]},"properties":{"parcel_id":"62193000DO0025","section":"DO","number":"25","area_m2":7487,"zone_type":"U","zone_label":"UE","planning_document":"62193_PLU_20260710","demand_cell_id":"CRS3035RES200mN3125000E3751600"}},{"type":"Feature","geometry":{"type":"Point","coordinates":[1.8793538661501867,50.9525631]},"properties":{"parcel_id":"62193000DO0024","section":"DO","number":"24","area_m2":7134,"zone_type":"U","zone_label":"UE","planning_document":"62193_PLU_20260710","demand_cell_id":"CRS3035RES200mN3125000E3751600"}},{"type":"Feature","geometry":{"type":"Point","coordinates":[1.880494298771539,50.9517185]},"properties":{"parcel_id":"62193000CH0836","section":"CH","number":"836","area_m2":2886,"zone_type":"U","zone_label":"UE","planning_document":"62193_PLU_20260710","demand_cell_id":"CRS3035RES200mN3125000E3751600"}},{"type":"Feature","geometry":{"type":"Point","coordinates":[1.8799248700672015,50.9438977]},"properties":{"parcel_id":"62193000CI0362","section":"CI","number":"362","area_m2":8068,"zone_type":"U","zone_label":"UC","planning_document":"62193_PLU_20260710","demand_cell_id":"CRS3035RES200mN3124000E3751600"}},{"type":"Feature","geometry":{"type":"Point","coordinates":[1.8794412515005359,50.94360505]},"properties":{"parcel_id":"62193000CI0558","section":"CI","number":"558","area_m2":4815,"zone_type":"U","zone_label":"UC","planning_document":"62193_PLU_20260710","demand_cell_id":"CRS3035RES200mN3124000E3751600"}},{"type":"Feature","geometry":{"type":"Point","coordinates":[1.8811129602712318,50.9440375]},"properties":{"parcel_id":"62193000CI0381","section":"CI","number":"381","area_m2":4628,"zone_type":"U","zone_label":"UE","planning_document":"62193_PLU_20260710","demand_cell_id":"CRS3035RES200mN3124000E3751600"}},{"type":"Feature","geometry":{"type":"Point","coordinates":[1.8894313904434252,50.94335085]},"properties":{"parcel_id":"62193000CL0384","section":"CL","number":"384","area_m2":3485,"zone_type":"U","zone_label":"UD","planning_document":"62193_PLU_20260710","demand_cell_id":"CRS3035RES200mN3124000E3752200"}},{"type":"Feature","geometry":{"type":"Point","coordinates":[1.890063319744279,50.94326235]},"properties":{"parcel_id":"62193000CL0477","section":"CL","number":"477","area_m2":2726,"zone_type":"U","zone_label":"UD","planning_document":"62193_PLU_20260710","demand_cell_id":"CRS3035RES200mN3124000E3752200"}},{"type":"Feature","geometry":{"type":"Point","coordinates":[1.8898623594565471,50.944698200000005]},"properties":{"parcel_id":"62193000CL0498","section":"CL","number":"498","area_m2":2536,"zone_type":"U","zone_label":"UD","planning_document":"62193_PLU_20260710","demand_cell_id":"CRS3035RES200mN3124000E3752200"}},{"type":"Feature","geometry":{"type":"Point","coordinates":[1.8858058488685705,50.9470513]},"properties":{"parcel_id":"62193000CI0497","section":"CI","number":"497","area_m2":2721,"zone_type":"U","zone_label":"UC","planning_document":"62193_PLU_20260710","demand_cell_id":"CRS3035RES200mN3124400E3752000"}},{"type":"Feature","geometry":{"type":"Point","coordinates":[1.884686385838551,50.9469006]},"properties":{"parcel_id":"62193000CI0561","section":"CI","number":"561","area_m2":2224,"zone_type":"U","zone_label":"UC","planning_document":"62193_PLU_20260710","demand_cell_id":"CRS3035RES200mN3124400E3752000"}},{"type":"Feature","geometry":{"type":"Point","coordinates":[1.8849157744053504,50.94650575]},"properties":{"parcel_id":"62193000CI0428","section":"CI","number":"428","area_m2":814,"zone_type":"U","zone_label":"UC","planning_document":"62193_PLU_20260710","demand_cell_id":"CRS3035RES200mN3124400E3752000"}},{"type":"Feature","geometry":{"type":"Point","coordinates":[1.8845640687810945,50.946297799999996]},"properties":{"parcel_id":"62193000CI0429","section":"CI","number":"429","area_m2":524,"zone_type":"U","zone_label":"UC","planning_document":"62193_PLU_20260710","demand_cell_id":"CRS3035RES200mN3124200E3751800"}},{"type":"Feature","geometry":{"type":"Point","coordinates":[1.8872744010628466,50.94643035]},"properties":{"parcel_id":"62193000CI0163","section":"CI","number":"163","area_m2":1041,"zone_type":"U","zone_label":"UC","planning_document":"62193_PLU_20260710","demand_cell_id":"CRS3035RES200mN3124200E3752000"}},{"type":"Feature","geometry":{"type":"Point","coordinates":[1.8846752642546467,50.94089485]},"properties":{"parcel_id":"62193000CK0508","section":"CK","number":"508","area_m2":14708,"zone_type":"U","zone_label":"UD","planning_document":"62193_PLU_20260710","demand_cell_id":"CRS3035RES200mN3123600E3751800"}},{"type":"Feature","geometry":{"type":"Point","coordinates":[1.8839107374220199,50.939916350000004]},"properties":{"parcel_id":"62193000CS0621","section":"CS","number":"621","area_m2":10012,"zone_type":"AUc","zone_label":"1AU","planning_document":"62193_PLU_20260710","demand_cell_id":"CRS3035RES200mN3123600E3751800"}},{"type":"Feature","geometry":{"type":"Point","coordinates":[1.884542301482592,50.9394849]},"properties":{"parcel_id":"62193000CS0673","section":"CS","number":"673","area_m2":3338,"zone_type":"AUc","zone_label":"1AU","planning_document":"62193_PLU_20260710","demand_cell_id":"CRS3035RES200mN3123600E3751800"}},{"type":"Feature","geometry":{"type":"Point","coordinates":[1.879228943216013,50.93872795]},"properties":{"parcel_id":"62193000CK0548","section":"CK","number":"548","area_m2":6181,"zone_type":"U","zone_label":"UCc","planning_document":"62193_PLU_20260710","demand_cell_id":"CRS3035RES200mN3123400E3751400"}},{"type":"Feature","geometry":{"type":"Point","coordinates":[1.8802194524270202,50.93881725]},"properties":{"parcel_id":"62193000CK0572","section":"CK","number":"572","area_m2":595,"zone_type":"U","zone_label":"UCc","planning_document":"62193_PLU_20260710","demand_cell_id":"CRS3035RES200mN3123400E3751400"}},{"type":"Feature","geometry":{"type":"Point","coordinates":[1.8800449396946182,50.93889165]},"properties":{"parcel_id":"62193000CK0460","section":"CK","number":"460","area_m2":548,"zone_type":"U","zone_label":"UCc","planning_document":"62193_PLU_20260710","demand_cell_id":"CRS3035RES200mN3123400E3751400"}},{"type":"Feature","geometry":{"type":"Point","coordinates":[1.8798720205548594,50.94084865]},"properties":{"parcel_id":"62193000CK0522","section":"CK","number":"522","area_m2":10653,"zone_type":"U","zone_label":"UC","planning_document":"62193_PLU_20260710","demand_cell_id":"CRS3035RES200mN3123800E3751600"}},{"type":"Feature","geometry":{"type":"Point","coordinates":[1.8808275315268266,50.942410499999994]},"properties":{"parcel_id":"62193000CK0590","section":"CK","number":"590","area_m2":2365,"zone_type":"U","zone_label":"UC","planning_document":"62193_PLU_20260710","demand_cell_id":"CRS3035RES200mN3123800E3751600"}},{"type":"Feature","geometry":{"type":"Point","coordinates":[1.881473072919832,50.94095835]},"properties":{"parcel_id":"62193000CK0489","section":"CK","number":"489","area_m2":2090,"zone_type":"U","zone_label":"UC","planning_document":"62193_PLU_20260710","demand_cell_id":"CRS3035RES200mN3123800E3751600"}},{"type":"Feature","geometry":{"type":"Point","coordinates":[1.88136798326438,50.94044555]},"properties":{"parcel_id":"62193000CK0488","section":"CK","number":"488","area_m2":10416,"zone_type":"U","zone_label":"UC","planning_document":"62193_PLU_20260710","demand_cell_id":"CRS3035RES200mN3123600E3751600"}},{"type":"Feature","geometry":{"type":"Point","coordinates":[1.8804031642666659,50.9398176]},"properties":{"parcel_id":"62193000CK0462","section":"CK","number":"462","area_m2":1494,"zone_type":"U","zone_label":"UC","planning_document":"62193_PLU_20260710","demand_cell_id":"CRS3035RES200mN3123600E3751600"}},{"type":"Feature","geometry":{"type":"Point","coordinates":[1.8815491957123083,50.93911435]},"properties":{"parcel_id":"62193000CT0001","section":"CT","number":"1","area_m2":1115,"zone_type":"U","zone_label":"UD","planning_document":"62193_PLU_20260710","demand_cell_id":"CRS3035RES200mN3123600E3751600"}},{"type":"Feature","geometry":{"type":"Point","coordinates":[1.883384344459128,50.942239650000005]},"properties":{"parcel_id":"62193000CK0181","section":"CK","number":"181","area_m2":1456,"zone_type":"U","zone_label":"UC","planning_document":"62193_PLU_20260710","demand_cell_id":"CRS3035RES200mN3123800E3751800"}},{"type":"Feature","geometry":{"type":"Point","coordinates":[1.8834963733108032,50.942366750000005]},"properties":{"parcel_id":"62193000CK0180","section":"CK","number":"180","area_m2":1265,"zone_type":"U","zone_label":"UC","planning_document":"62193_PLU_20260710","demand_cell_id":"CRS3035RES200mN3123800E3751800"}},{"type":"Feature","geometry":{"type":"Point","coordinates":[1.8835505573894256,50.94251235]},"properties":{"parcel_id":"62193000CK0581","section":"CK","number":"581","area_m2":1060,"zone_type":"U","zone_label":"UC","planning_document":"62193_PLU_20260710","demand_cell_id":"CRS3035RES200mN3123800E3751800"}},{"type":"Feature","geometry":{"type":"Point","coordinates":[1.8909500801377948,50.942892099999995]},"properties":{"parcel_id":"62193000CS0500","section":"CS","number":"500","area_m2":1962,"zone_type":"U","zone_label":"UV","planning_document":"62193_PLU_20260710","demand_cell_id":"CRS3035RES200mN3123800E3752200"}},{"type":"Feature","geometry":{"type":"Point","coordinates":[1.8901908173076922,50.9428391]},"properties":{"parcel_id":"62193000CS0496","section":"CS","number":"496","area_m2":1363,"zone_type":"U","zone_label":"UV","planning_document":"62193_PLU_20260710","demand_cell_id":"CRS3035RES200mN3123800E3752200"}},{"type":"Feature","geometry":{"type":"Point","coordinates":[1.8883153680000015,50.942123800000005]},"properties":{"parcel_id":"62193000CK0366","section":"CK","number":"366","area_m2":734,"zone_type":"U","zone_label":"UD","planning_document":"62193_PLU_20260710","demand_cell_id":"CRS3035RES200mN3123800E3752200"}},{"type":"Feature","geometry":{"type":"Point","coordinates":[1.8832296596500417,50.94342555]},"properties":{"parcel_id":"62193000CK0160","section":"CK","number":"160","area_m2":718,"zone_type":"U","zone_label":"UC","planning_document":"62193_PLU_20260710","demand_cell_id":"CRS3035RES200mN3124000E3751800"}},{"type":"Feature","geometry":{"type":"Point","coordinates":[1.884074539649524,50.9430205]},"properties":{"parcel_id":"62193000CK0172","section":"CK","number":"172","area_m2":630,"zone_type":"U","zone_label":"UC","planning_document":"62193_PLU_20260710","demand_cell_id":"CRS3035RES200mN3124000E3751800"}},{"type":"Feature","geometry":{"type":"Point","coordinates":[1.8830610396973464,50.94308635]},"properties":{"parcel_id":"62193000CK0114","section":"CK","number":"114","area_m2":530,"zone_type":"U","zone_label":"UC","planning_document":"62193_PLU_20260710","demand_cell_id":"CRS3035RES200mN3124000E3751800"}},{"type":"Feature","geometry":{"type":"Point","coordinates":[1.8872224870454515,50.9425729]},"properties":{"parcel_id":"62193000CK0356","section":"CK","number":"356","area_m2":1179,"zone_type":"U","zone_label":"UD","planning_document":"62193_PLU_20260710","demand_cell_id":"CRS3035RES200mN3123800E3752000"}},{"type":"Feature","geometry":{"type":"Point","coordinates":[1.8873130733050965,50.9427088]},"properties":{"parcel_id":"62193000CK0355","section":"CK","number":"355","area_m2":1118,"zone_type":"U","zone_label":"UD","planning_document":"62193_PLU_20260710","demand_cell_id":"CRS3035RES200mN3123800E3752000"}},{"type":"Feature","geometry":{"type":"Point","coordinates":[1.8857763395702998,50.942463849999996]},"properties":{"parcel_id":"62193000CK0310","section":"CK","number":"310","area_m2":643,"zone_type":"U","zone_label":"UC","planning_document":"62193_PLU_20260710","demand_cell_id":"CRS3035RES200mN3123800E3752000"}},{"type":"Feature","geometry":{"type":"Point","coordinates":[1.8876378005360936,50.9431812]},"properties":{"parcel_id":"62193000CK0348","section":"CK","number":"348","area_m2":712,"zone_type":"U","zone_label":"UD","planning_document":"62193_PLU_20260710","demand_cell_id":"CRS3035RES200mN3124000E3752000"}},{"type":"Feature","geometry":{"type":"Point","coordinates":[1.8879221270255355,50.943505099999996]},"properties":{"parcel_id":"62193000CK0345","section":"CK","number":"345","area_m2":648,"zone_type":"U","zone_label":"UD","planning_document":"62193_PLU_20260710","demand_cell_id":"CRS3035RES200mN3124000E3752000"}},{"type":"Feature","geometry":{"type":"Point","coordinates":[1.8863038176062825,50.94306555]},"properties":{"parcel_id":"62193000CK0325","section":"CK","number":"325","area_m2":603,"zone_type":"U","zone_label":"UC","planning_document":"62193_PLU_20260710","demand_cell_id":"CRS3035RES200mN3124000E3752000"}},{"type":"Feature","geometry":{"type":"Point","coordinates":[1.892412335097018,50.9452073]},"properties":{"parcel_id":"62193000CL0230","section":"CL","number":"230","area_m2":11086,"zone_type":"U","zone_label":"UDc","planning_document":"62193_PLU_20260710","demand_cell_id":"CRS3035RES200mN3124000E3752400"}},{"type":"Feature","geometry":{"type":"Point","coordinates":[1.8915626726190493,50.94479725]},"properties":{"parcel_id":"62193000CL0197","section":"CL","number":"197","area_m2":8112,"zone_type":"U","zone_label":"UD","planning_document":"62193_PLU_20260710","demand_cell_id":"CRS3035RES200mN3124000E3752400"}},{"type":"Feature","geometry":{"type":"Point","coordinates":[1.8935295100294298,50.94453815]},"properties":{"parcel_id":"62193000CL0082","section":"CL","number":"82","area_m2":6150,"zone_type":"U","zone_label":"UD","planning_document":"62193_PLU_20260710","demand_cell_id":"CRS3035RES200mN3124000E3752400"}},{"type":"Feature","geometry":{"type":"Point","coordinates":[1.8907759600447602,50.9455021]},"properties":{"parcel_id":"62193000CL0002","section":"CL","number":"2","area_m2":13205,"zone_type":"U","zone_label":"UDc","planning_document":"62193_PLU_20260710","demand_cell_id":"CRS3035RES200mN3124200E3752400"}},{"type":"Feature","geometry":{"type":"Point","coordinates":[1.8915006301593733,50.94590455]},"properties":{"parcel_id":"62193000CL0449","section":"CL","number":"449","area_m2":3479,"zone_type":"U","zone_label":"UDc","planning_document":"62193_PLU_20260710","demand_cell_id":"CRS3035RES200mN3124200E3752400"}},{"type":"Feature","geometry":{"type":"Point","coordinates":[1.8919797693980416,50.94592915]},"properties":{"parcel_id":"62193000CL0451","section":"CL","number":"451","area_m2":1226,"zone_type":"U","zone_label":"UDc","planning_document":"62193_PLU_20260710","demand_cell_id":"CRS3035RES200mN3124200E3752400"}},{"type":"Feature","geometry":{"type":"Point","coordinates":[1.8926444316457947,50.942292]},"properties":{"parcel_id":"62193000CL0440","section":"CL","number":"440","area_m2":11257,"zone_type":"U","zone_label":"UV","planning_document":"62193_PLU_20260710","demand_cell_id":"CRS3035RES200mN3123800E3752400"}},{"type":"Feature","geometry":{"type":"Point","coordinates":[1.8933929331546393,50.943288249999995]},"properties":{"parcel_id":"62193000CL0339","section":"CL","number":"339","area_m2":7875,"zone_type":"U","zone_label":"UVa","planning_document":"62193_PLU_20260710","demand_cell_id":"CRS3035RES200mN3123800E3752400"}},{"type":"Feature","geometry":{"type":"Point","coordinates":[1.8911852839579346,50.9432573]},"properties":{"parcel_id":"62193000CL0345","section":"CL","number":"345","area_m2":3527,"zone_type":"U","zone_label":"UD","planning_document":"62193_PLU_20260710","demand_cell_id":"CRS3035RES200mN3123800E3752400"}},{"type":"Feature","geometry":{"type":"Point","coordinates":[1.8990316154628122,50.943178599999996]},"properties":{"parcel_id":"62193000CL0454","section":"CL","number":"454","area_m2":33521,"zone_type":"U","zone_label":"UVb","planning_document":"62193_PLU_20260710","demand_cell_id":"CRS3035RES200mN3123800E3752800"}},{"type":"Feature","geometry":{"type":"Point","coordinates":[1.89731752242842,50.94268425]},"properties":{"parcel_id":"62193000CL0383","section":"CL","number":"383","area_m2":6284,"zone_type":"U","zone_label":"UVa","planning_document":"62193_PLU_20260710","demand_cell_id":"CRS3035RES200mN3123800E3752800"}},{"type":"Feature","geometry":{"type":"Point","coordinates":[1.8973686582922498,50.941966550000004]},"properties":{"parcel_id":"62193000CS0459","section":"CS","number":"459","area_m2":3569,"zone_type":"U","zone_label":"UVa","planning_document":"62193_PLU_20260710","demand_cell_id":"CRS3035RES200mN3123800E3752800"}},{"type":"Feature","geometry":{"type":"Point","coordinates":[1.8958601259923262,50.94269955]},"properties":{"parcel_id":"62193000CL0371","section":"CL","number":"371","area_m2":13658,"zone_type":"U","zone_label":"UVa","planning_document":"62193_PLU_20260710","demand_cell_id":"CRS3035RES200mN3123800E3752600"}},{"type":"Feature","geometry":{"type":"Point","coordinates":[1.8944970661777993,50.942494350000004]},"properties":{"parcel_id":"62193000CL0374","section":"CL","number":"374","area_m2":6146,"zone_type":"U","zone_label":"UVa","planning_document":"62193_PLU_20260710","demand_cell_id":"CRS3035RES200mN3123800E3752600"}},{"type":"Feature","geometry":{"type":"Point","coordinates":[1.8958462548252666,50.9419171]},"properties":{"parcel_id":"62193000CS0457","section":"CS","number":"457","area_m2":3649,"zone_type":"U","zone_label":"UVa","planning_document":"62193_PLU_20260710","demand_cell_id":"CRS3035RES200mN3123800E3752600"}},{"type":"Feature","geometry":{"type":"Point","coordinates":[1.8939586995154678,50.9453089]},"properties":{"parcel_id":"62193000CL0201","section":"CL","number":"201","area_m2":3646,"zone_type":"U","zone_label":"UDc","planning_document":"62193_PLU_20260710","demand_cell_id":"CRS3035RES200mN3124000E3752600"}},{"type":"Feature","geometry":{"type":"Point","coordinates":[1.8956196016862168,50.94459755]},"properties":{"parcel_id":"62193000CL0071","section":"CL","number":"71","area_m2":2012,"zone_type":"U","zone_label":"UD","planning_document":"62193_PLU_20260710","demand_cell_id":"CRS3035RES200mN3124000E3752600"}},{"type":"Feature","geometry":{"type":"Point","coordinates":[1.8941470990596825,50.943626800000004]},"properties":{"parcel_id":"62193000CL0377","section":"CL","number":"377","area_m2":1866,"zone_type":"U","zone_label":"UD","planning_document":"62193_PLU_20260710","demand_cell_id":"CRS3035RES200mN3124000E3752600"}},{"type":"Feature","geometry":{"type":"Point","coordinates":[1.8953562986486183,50.945694950000004]},"properties":{"parcel_id":"62193000CL0224","section":"CL","number":"224","area_m2":7811,"zone_type":"U","zone_label":"UD","planning_document":"62193_PLU_20260710","demand_cell_id":"CRS3035RES200mN3124200E3752600"}},{"type":"Feature","geometry":{"type":"Point","coordinates":[1.8933113084703124,50.945974449999994]},"properties":{"parcel_id":"62193000CL0445","section":"CL","number":"445","area_m2":4293,"zone_type":"U","zone_label":"UDc","planning_document":"62193_PLU_20260710","demand_cell_id":"CRS3035RES200mN3124200E3752600"}},{"type":"Feature","geometry":{"type":"Point","coordinates":[1.8949709886565604,50.94599805]},"properties":{"parcel_id":"62193000CL0126","section":"CL","number":"126","area_m2":1692,"zone_type":"U","zone_label":"UD","planning_document":"62193_PLU_20260710","demand_cell_id":"CRS3035RES200mN3124200E3752600"}},{"type":"Feature","geometry":{"type":"Point","coordinates":[1.8972055499037543,50.94455835]},"properties":{"parcel_id":"62193000CL0058","section":"CL","number":"58","area_m2":2102,"zone_type":"U","zone_label":"UD","planning_document":"62193_PLU_20260710","demand_cell_id":"CRS3035RES200mN3124000E3752800"}},{"type":"Feature","geometry":{"type":"Point","coordinates":[1.899009431333324,50.945439]},"properties":{"parcel_id":"62193000CL0037","section":"CL","number":"37","area_m2":1619,"zone_type":"U","zone_label":"UD","planning_document":"62193_PLU_20260710","demand_cell_id":"CRS3035RES200mN3124000E3752800"}},{"type":"Feature","geometry":{"type":"Point","coordinates":[1.8965739678898708,50.94462325]},"properties":{"parcel_id":"62193000CL0429","section":"CL","number":"429","area_m2":1331,"zone_type":"U","zone_label":"UD","planning_document":"62193_PLU_20260710","demand_cell_id":"CRS3035RES200mN3124000E3752800"}},{"type":"Feature","geometry":{"type":"Point","coordinates":[1.9000586347649584,50.944934849999996]},"properties":{"parcel_id":"62193000CL0038","section":"CL","number":"38","area_m2":1345,"zone_type":"U","zone_label":"UD","planning_document":"62193_PLU_20260710","demand_cell_id":"CRS3035RES200mN3124000E3753000"}},{"type":"Feature","geometry":{"type":"Point","coordinates":[1.8999043531741502,50.944905899999995]},"properties":{"parcel_id":"62193000CL0039","section":"CL","number":"39","area_m2":1296,"zone_type":"U","zone_label":"UD","planning_document":"62193_PLU_20260710","demand_cell_id":"CRS3035RES200mN3124000E3753000"}},{"type":"Feature","geometry":{"type":"Point","coordinates":[1.8995964612333047,50.94492205]},"properties":{"parcel_id":"62193000CL0042","section":"CL","number":"42","area_m2":1283,"zone_type":"U","zone_label":"UD","planning_document":"62193_PLU_20260710","demand_cell_id":"CRS3035RES200mN3124000E3753000"}},{"type":"Feature","geometry":{"type":"Point","coordinates":[1.902543589655122,50.9457348]},"properties":{"parcel_id":"62193000CM0254","section":"CM","number":"254","area_m2":10156,"zone_type":"U","zone_label":"UD","planning_document":"62193_PLU_20260710","demand_cell_id":"CRS3035RES200mN3124000E3753200"}},{"type":"Feature","geometry":{"type":"Point","coordinates":[1.9048226989228803,50.94530485]},"properties":{"parcel_id":"62193000CM0280","section":"CM","number":"280","area_m2":6932,"zone_type":"U","zone_label":"UD","planning_document":"62193_PLU_20260710","demand_cell_id":"CRS3035RES200mN3124000E3753200"}},{"type":"Feature","geometry":{"type":"Point","coordinates":[1.9025297452127643,50.944878200000005]},"properties":{"parcel_id":"62193000CM0202","section":"CM","number":"202","area_m2":2975,"zone_type":"U","zone_label":"UD","planning_document":"62193_PLU_20260710","demand_cell_id":"CRS3035RES200mN3124000E3753200"}},{"type":"Feature","geometry":{"type":"Point","coordinates":[1.9056286640928723,50.9453065]},"properties":{"parcel_id":"62193000CM0137","section":"CM","number":"137","area_m2":1389,"zone_type":"U","zone_label":"UD","planning_document":"62193_PLU_20260710","demand_cell_id":"CRS3035RES200mN3124000E3753400"}},{"type":"Feature","geometry":{"type":"Point","coordinates":[1.9057959212496995,50.945247050000006]},"properties":{"parcel_id":"62193000CM0136","section":"CM","number":"136","area_m2":1365,"zone_type":"U","zone_label":"UD","planning_document":"62193_PLU_20260710","demand_cell_id":"CRS3035RES200mN3124000E3753400"}},{"type":"Feature","geometry":{"type":"Point","coordinates":[1.905476093824079,50.945304699999994]},"properties":{"parcel_id":"62193000CM0138","section":"CM","number":"138","area_m2":1305,"zone_type":"U","zone_label":"UD","planning_document":"62193_PLU_20260710","demand_cell_id":"CRS3035RES200mN3124000E3753400"}},{"type":"Feature","geometry":{"type":"Point","coordinates":[1.9078487292170396,50.9454013]},"properties":{"parcel_id":"62193000CM0124","section":"CM","number":"124","area_m2":1958,"zone_type":"U","zone_label":"UD","planning_document":"62193_PLU_20260710","demand_cell_id":"CRS3035RES200mN3124000E3753600"}},{"type":"Feature","geometry":{"type":"Point","coordinates":[1.910377852377097,50.945457399999995]},"properties":{"parcel_id":"62193000CM0111","section":"CM","number":"111","area_m2":1739,"zone_type":"U","zone_label":"UD","planning_document":"62193_PLU_20260710","demand_cell_id":"CRS3035RES200mN3124000E3753600"}},{"type":"Feature","geometry":{"type":"Point","coordinates":[1.909414259709603,50.9453913]},"properties":{"parcel_id":"62193000CM0160","section":"CM","number":"160","area_m2":1566,"zone_type":"U","zone_label":"UD","planning_document":"62193_PLU_20260710","demand_cell_id":"CRS3035RES200mN3124000E3753600"}},{"type":"Feature","geometry":{"type":"Point","coordinates":[1.9134257595557407,50.9454837]},"properties":{"parcel_id":"62193000CN0055","section":"CN","number":"55","area_m2":7553,"zone_type":"U","zone_label":"UD","planning_document":"62193_PLU_20260710","demand_cell_id":"CRS3035RES200mN3124000E3753800"}},{"type":"Feature","geometry":{"type":"Point","coordinates":[1.9123466315358453,50.94542225]},"properties":{"parcel_id":"62193000CN0008","section":"CN","number":"8","area_m2":5025,"zone_type":"U","zone_label":"UD","planning_document":"62193_PLU_20260710","demand_cell_id":"CRS3035RES200mN3124000E3753800"}},{"type":"Feature","geometry":{"type":"Point","coordinates":[1.9132288856180961,50.946315]},"properties":{"parcel_id":"62193000CN0102","section":"CN","number":"102","area_m2":4434,"zone_type":"U","zone_label":"UDc","planning_document":"62193_PLU_20260710","demand_cell_id":"CRS3035RES200mN3124000E3753800"}},{"type":"Feature","geometry":{"type":"Point","coordinates":[1.9170299480769235,50.94583325]},"properties":{"parcel_id":"62193000CN0038","section":"CN","number":"38","area_m2":8998,"zone_type":"U","zone_label":"UD","planning_document":"62193_PLU_20260710","demand_cell_id":"CRS3035RES200mN3124000E3754200"}},{"type":"Feature","geometry":{"type":"Point","coordinates":[1.9165205753848702,50.94636415]},"properties":{"parcel_id":"62193000CN0013","section":"CN","number":"13","area_m2":5481,"zone_type":"U","zone_label":"UD","planning_document":"62193_PLU_20260710","demand_cell_id":"CRS3035RES200mN3124000E3754200"}},{"type":"Feature","geometry":{"type":"Point","coordinates":[1.9188052384291576,50.946445600000004]},"properties":{"parcel_id":"62193000CN0025","section":"CN","number":"25","area_m2":1933,"zone_type":"U","zone_label":"UD","planning_document":"62193_PLU_20260710","demand_cell_id":"CRS3035RES200mN3124000E3754200"}},{"type":"Feature","geometry":{"type":"Point","coordinates":[1.91400959525374,50.94416955]},"properties":{"parcel_id":"62193000CN0351","section":"CN","number":"351","area_m2":22229,"zone_type":"AUc","zone_label":"1AUe","planning_document":"62193_PLU_20260710","demand_cell_id":"CRS3035RES200mN3123800E3754000"}},{"type":"Feature","geometry":{"type":"Point","coordinates":[1.9151445642387832,50.94406115]},"properties":{"parcel_id":"62193000CN0353","section":"CN","number":"353","area_m2":10273,"zone_type":"AUc","zone_label":"1AUe","planning_document":"62193_PLU_20260710","demand_cell_id":"CRS3035RES200mN3123800E3754000"}},{"type":"Feature","geometry":{"type":"Point","coordinates":[1.9162692858488337,50.94346205]},"properties":{"parcel_id":"62193000CN0355","section":"CN","number":"355","area_m2":5955,"zone_type":"AUc","zone_label":"1AUe","planning_document":"62193_PLU_20260710","demand_cell_id":"CRS3035RES200mN3123800E3754000"}},{"type":"Feature","geometry":{"type":"Point","coordinates":[1.9176972224581008,50.943442250000004]},"properties":{"parcel_id":"62193000CN0357","section":"CN","number":"357","area_m2":8234,"zone_type":"AUc","zone_label":"1AUe","planning_document":"62193_PLU_20260710","demand_cell_id":"CRS3035RES200mN3123800E3754200"}},{"type":"Feature","geometry":{"type":"Point","coordinates":[1.918990293182628,50.94472475]},"properties":{"parcel_id":"62193000CN0124","section":"CN","number":"124","area_m2":6666,"zone_type":"U","zone_label":"UD","planning_document":"62193_PLU_20260710","demand_cell_id":"CRS3035RES200mN3123800E3754200"}},{"type":"Feature","geometry":{"type":"Point","coordinates":[1.918438723089301,50.944578199999995]},"properties":{"parcel_id":"62193000CN0042","section":"CN","number":"42","area_m2":5717,"zone_type":"U","zone_label":"UD","planning_document":"62193_PLU_20260710","demand_cell_id":"CRS3035RES200mN3123800E3754200"}},{"type":"Feature","geometry":{"type":"Point","coordinates":[1.9207626095950712,50.9436365]},"properties":{"parcel_id":"62193000CN0328","section":"CN","number":"328","area_m2":11168,"zone_type":"AUc","zone_label":"1AUe","planning_document":"62193_PLU_20260710","demand_cell_id":"CRS3035RES200mN3123800E3754400"}},{"type":"Feature","geometry":{"type":"Point","coordinates":[1.9221167677599098,50.944921]},"properties":{"parcel_id":"62193000CN0180","section":"CN","number":"180","area_m2":5280,"zone_type":"U","zone_label":"UD","planning_document":"62193_PLU_20260710","demand_cell_id":"CRS3035RES200mN3123800E3754400"}},{"type":"Feature","geometry":{"type":"Point","coordinates":[1.9196261451544403,50.94488605]},"properties":{"parcel_id":"62193000CN0270","section":"CN","number":"270","area_m2":4002,"zone_type":"U","zone_label":"UD","planning_document":"62193_PLU_20260710","demand_cell_id":"CRS3035RES200mN3123800E3754400"}},{"type":"Feature","geometry":{"type":"Point","coordinates":[1.9225451408797043,50.94391725]},"properties":{"parcel_id":"62193000CN0330","section":"CN","number":"330","area_m2":7400,"zone_type":"AUc","zone_label":"1AUe","planning_document":"62193_PLU_20260710","demand_cell_id":"CRS3035RES200mN3123800E3754600"}},{"type":"Feature","geometry":{"type":"Point","coordinates":[1.9226963610211343,50.9449096]},"properties":{"parcel_id":"62193000CN0214","section":"CN","number":"214","area_m2":6054,"zone_type":"U","zone_label":"UD","planning_document":"62193_PLU_20260710","demand_cell_id":"CRS3035RES200mN3123800E3754600"}},{"type":"Feature","geometry":{"type":"Point","coordinates":[1.9222277517733708,50.945477999999994]},"properties":{"parcel_id":"62193000CN0201","section":"CN","number":"201","area_m2":570,"zone_type":"U","zone_label":"UD","planning_document":"62193_PLU_20260710","demand_cell_id":"CRS3035RES200mN3123800E3754600"}},{"type":"Feature","geometry":{"type":"Point","coordinates":[1.915485857143217,50.946336200000005]},"properties":{"parcel_id":"62193000CN0012","section":"CN","number":"12","area_m2":9657,"zone_type":"U","zone_label":"UD","planning_document":"62193_PLU_20260710","demand_cell_id":"CRS3035RES200mN3124000E3754000"}},{"type":"Feature","geometry":{"type":"Point","coordinates":[1.916153234185376,50.94547555]},"properties":{"parcel_id":"62193000CN0057","section":"CN","number":"57","area_m2":7523,"zone_type":"U","zone_label":"UD","planning_document":"62193_PLU_20260710","demand_cell_id":"CRS3035RES200mN3124000E3754000"}},{"type":"Feature","geometry":{"type":"Point","coordinates":[1.9147262367040598,50.94550875]},"properties":{"parcel_id":"62193000CN0056","section":"CN","number":"56","area_m2":6994,"zone_type":"U","zone_label":"UD","planning_document":"62193_PLU_20260710","demand_cell_id":"CRS3035RES200mN3124000E3754000"}},{"type":"Feature","geometry":{"type":"Point","coordinates":[1.921458254903448,50.94661205]},"properties":{"parcel_id":"62193000CN0127","section":"CN","number":"127","area_m2":4682,"zone_type":"U","zone_label":"UD","planning_document":"62193_PLU_20260710","demand_cell_id":"CRS3035RES200mN3124000E3754400"}},{"type":"Feature","geometry":{"type":"Point","coordinates":[1.919465218766915,50.94639145]},"properties":{"parcel_id":"62193000CN0143","section":"CN","number":"143","area_m2":2448,"zone_type":"U","zone_label":"UD","planning_document":"62193_PLU_20260710","demand_cell_id":"CRS3035RES200mN3124000E3754400"}},{"type":"Feature","geometry":{"type":"Point","coordinates":[1.9191514574545474,50.9462175]},"properties":{"parcel_id":"62193000CN0114","section":"CN","number":"114","area_m2":1369,"zone_type":"U","zone_label":"UD","planning_document":"62193_PLU_20260710","demand_cell_id":"CRS3035RES200mN3124000E3754400"}},{"type":"Feature","geometry":{"type":"Point","coordinates":[1.922090170278735,50.9463397]},"properties":{"parcel_id":"62193000CN0130","section":"CN","number":"130","area_m2":601,"zone_type":"U","zone_label":"UD","planning_document":"62193_PLU_20260710","demand_cell_id":"CRS3035RES200mN3124000E3754600"}},{"type":"Feature","geometry":{"type":"Point","coordinates":[1.9220825503413745,50.94589435]},"properties":{"parcel_id":"62193000CN0144","section":"CN","number":"144","area_m2":541,"zone_type":"U","zone_label":"UD","planning_document":"62193_PLU_20260710","demand_cell_id":"CRS3035RES200mN3124000E3754600"}},{"type":"Feature","geometry":{"type":"Point","coordinates":[1.8852688160281024,50.9387335]},"properties":{"parcel_id":"62193000CS0692","section":"CS","number":"692","area_m2":12935,"zone_type":"AUc","zone_label":"1AU","planning_document":"62193_PLU_20260710","demand_cell_id":"CRS3035RES200mN3123400E3751800"}},{"type":"Feature","geometry":{"type":"Point","coordinates":[1.884458811313086,50.9382335]},"properties":{"parcel_id":"62193000CT0521","section":"CT","number":"521","area_m2":6779,"zone_type":"U","zone_label":"UD","planning_document":"62193_PLU_20260710","demand_cell_id":"CRS3035RES200mN3123400E3751800"}},{"type":"Feature","geometry":{"type":"Point","coordinates":[1.884769736173406,50.93747195]},"properties":{"parcel_id":"62193000CT0139","section":"CT","number":"139","area_m2":1142,"zone_type":"U","zone_label":"UD","planning_document":"62193_PLU_20260710","demand_cell_id":"CRS3035RES200mN3123400E3751800"}},{"type":"Feature","geometry":{"type":"Point","coordinates":[1.8866305839550128,50.9395554]},"properties":{"parcel_id":"62193000CS0041","section":"CS","number":"41","area_m2":14050,"zone_type":"AUc","zone_label":"1AU","planning_document":"62193_PLU_20260710","demand_cell_id":"CRS3035RES200mN3123600E3752000"}},{"type":"Feature","geometry":{"type":"Point","coordinates":[1.8875200332206714,50.93972185]},"properties":{"parcel_id":"62193000CS0040","section":"CS","number":"40","area_m2":9052,"zone_type":"AUc","zone_label":"1AU","planning_document":"62193_PLU_20260710","demand_cell_id":"CRS3035RES200mN3123600E3752000"}},{"type":"Feature","geometry":{"type":"Point","coordinates":[1.8854181929564953,50.93205845]},"properties":{"parcel_id":"62193000CV0387","section":"CV","number":"387","area_m2":1156,"zone_type":"U","zone_label":"UI","planning_document":"62193_PLU_20260710","demand_cell_id":"CRS3035RES200mN3122600E3751800"}},{"type":"Feature","geometry":{"type":"Point","coordinates":[1.8869928289143494,50.931859]},"properties":{"parcel_id":"62193000CS0433","section":"CS","number":"433","area_m2":670,"zone_type":"U","zone_label":"UD","planning_document":"62193_PLU_20260710","demand_cell_id":"CRS3035RES200mN3122600E3751800"}},{"type":"Feature","geometry":{"type":"Point","coordinates":[1.888677764892017,50.93140390000001]},"properties":{"parcel_id":"62193000CS0122","section":"CS","number":"122","area_m2":689,"zone_type":"U","zone_label":"UD","planning_document":"62193_PLU_20260710","demand_cell_id":"CRS3035RES200mN3122600E3752000"}},{"type":"Feature","geometry":{"type":"Point","coordinates":[1.8899072018820582,50.93114225]},"properties":{"parcel_id":"62193000CS0136","section":"CS","number":"136","area_m2":609,"zone_type":"U","zone_label":"UD","planning_document":"62193_PLU_20260710","demand_cell_id":"CRS3035RES200mN3122600E3752000"}},{"type":"Feature","geometry":{"type":"Point","coordinates":[1.8899914303555536,50.932039599999996]},"properties":{"parcel_id":"62193000CS0192","section":"CS","number":"192","area_m2":537,"zone_type":"U","zone_label":"UD","planning_document":"62193_PLU_20260710","demand_cell_id":"CRS3035RES200mN3122600E3752000"}},{"type":"Feature","geometry":{"type":"Point","coordinates":[1.8892490990535344,50.93299425]},"properties":{"parcel_id":"62193000CT0311","section":"CT","number":"311","area_m2":930,"zone_type":"U","zone_label":"UD","planning_document":"62193_PLU_20260710","demand_cell_id":"CRS3035RES200mN3122800E3752000"}},{"type":"Feature","geometry":{"type":"Point","coordinates":[1.888899241240299,50.93299345]},"properties":{"parcel_id":"62193000CT0310","section":"CT","number":"310","area_m2":927,"zone_type":"U","zone_label":"UD","planning_document":"62193_PLU_20260710","demand_cell_id":"CRS3035RES200mN3122800E3752000"}},{"type":"Feature","geometry":{"type":"Point","coordinates":[1.887252419632465,50.93222635]},"properties":{"parcel_id":"62193000CS0214","section":"CS","number":"214","area_m2":669,"zone_type":"U","zone_label":"UD","planning_document":"62193_PLU_20260710","demand_cell_id":"CRS3035RES200mN3122800E3752000"}},{"type":"Feature","geometry":{"type":"Point","coordinates":[1.89236840371363,50.9318936]},"properties":{"parcel_id":"62193000CS0177","section":"CS","number":"177","area_m2":602,"zone_type":"U","zone_label":"UD","planning_document":"62193_PLU_20260710","demand_cell_id":"CRS3035RES200mN3122600E3752200"}},{"type":"Feature","geometry":{"type":"Point","coordinates":[1.8922382882049105,50.931500650000004]},"properties":{"parcel_id":"62193000CS0176","section":"CS","number":"176","area_m2":531,"zone_type":"U","zone_label":"UD","planning_document":"62193_PLU_20260710","demand_cell_id":"CRS3035RES200mN3122600E3752200"}},{"type":"Feature","geometry":{"type":"Point","coordinates":[1.892016502412777,50.931500650000004]},"properties":{"parcel_id":"62193000CS0175","section":"CS","number":"175","area_m2":516,"zone_type":"U","zone_label":"UD","planning_document":"62193_PLU_20260710","demand_cell_id":"CRS3035RES200mN3122600E3752200"}},{"type":"Feature","geometry":{"type":"Point","coordinates":[1.8922338053078045,50.93529515]},"properties":{"parcel_id":"62193000CS0324","section":"CS","number":"324","area_m2":2933,"zone_type":"U","zone_label":"UV","planning_document":"62193_PLU_20260710","demand_cell_id":"CRS3035RES200mN3123000E3752200"}},{"type":"Feature","geometry":{"type":"Point","coordinates":[1.889859694757669,50.935191950000004]},"properties":{"parcel_id":"62193000CS0515","section":"CS","number":"515","area_m2":2086,"zone_type":"U","zone_label":"UV","planning_document":"62193_PLU_20260710","demand_cell_id":"CRS3035RES200mN3123000E3752200"}},{"type":"Feature","geometry":{"type":"Point","coordinates":[1.8895602448502662,50.9350299]},"properties":{"parcel_id":"62193000CT0177","section":"CT","number":"177","area_m2":1149,"zone_type":"U","zone_label":"UD","planning_document":"62193_PLU_20260710","demand_cell_id":"CRS3035RES200mN3123000E3752200"}},{"type":"Feature","geometry":{"type":"Point","coordinates":[1.8875305154667306,50.9385183]},"properties":{"parcel_id":"62193000CS0668","section":"CS","number":"668","area_m2":5260,"zone_type":"AUc","zone_label":"1AU","planning_document":"62193_PLU_20260710","demand_cell_id":"CRS3035RES200mN3123400E3752000"}},{"type":"Feature","geometry":{"type":"Point","coordinates":[1.886958093444481,50.93894975]},"properties":{"parcel_id":"62193000CS0671","section":"CS","number":"671","area_m2":1873,"zone_type":"AUc","zone_label":"1AU","planning_document":"62193_PLU_20260710","demand_cell_id":"CRS3035RES200mN3123400E3752000"}},{"type":"Feature","geometry":{"type":"Point","coordinates":[1.8884301549756448,50.938958650000004]},"properties":{"parcel_id":"62193000CS0399","section":"CS","number":"399","area_m2":1688,"zone_type":"U","zone_label":"UV","planning_document":"62193_PLU_20260710","demand_cell_id":"CRS3035RES200mN3123400E3752000"}},{"type":"Feature","geometry":{"type":"Point","coordinates":[1.8855034228340117,50.932924150000005]},"properties":{"parcel_id":"62193000CV0458","section":"CV","number":"458","area_m2":8302,"zone_type":"U","zone_label":"UI","planning_document":"62193_PLU_20260710","demand_cell_id":"CRS3035RES200mN3122800E3751800"}},{"type":"Feature","geometry":{"type":"Point","coordinates":[1.885324069309029,50.93240725]},"properties":{"parcel_id":"62193000CV0389","section":"CV","number":"389","area_m2":5846,"zone_type":"U","zone_label":"UI","planning_document":"62193_PLU_20260710","demand_cell_id":"CRS3035RES200mN3122800E3751800"}},{"type":"Feature","geometry":{"type":"Point","coordinates":[1.8861637763114976,50.93229765]},"properties":{"parcel_id":"62193000CV0104","section":"CV","number":"104","area_m2":2629,"zone_type":"U","zone_label":"UI","planning_document":"62193_PLU_20260710","demand_cell_id":"CRS3035RES200mN3122800E3751800"}},{"type":"Feature","geometry":{"type":"Point","coordinates":[1.8847796709526667,50.9358179]},"properties":{"parcel_id":"62193000CT0325","section":"CT","number":"325","area_m2":10040,"zone_type":"U","zone_label":"UD","planning_document":"62193_PLU_20260710","demand_cell_id":"CRS3035RES200mN3123200E3751800"}},{"type":"Feature","geometry":{"type":"Point","coordinates":[1.8837329840152872,50.936407849999995]},"properties":{"parcel_id":"62193000CT0515","section":"CT","number":"515","area_m2":3960,"zone_type":"U","zone_label":"UD","planning_document":"62193_PLU_20260710","demand_cell_id":"CRS3035RES200mN3123200E3751800"}},{"type":"Feature","geometry":{"type":"Point","coordinates":[1.8853455078857628,50.9372671]},"properties":{"parcel_id":"62193000CT0553","section":"CT","number":"553","area_m2":2999,"zone_type":"U","zone_label":"UD","planning_document":"62193_PLU_20260710","demand_cell_id":"CRS3035RES200mN3123200E3751800"}},{"type":"Feature","geometry":{"type":"Point","coordinates":[1.8815671212914642,50.93678225]},"properties":{"parcel_id":"62193000CT0486","section":"CT","number":"486","area_m2":8529,"zone_type":"U","zone_label":"UD","planning_document":"62193_PLU_20260710","demand_cell_id":"CRS3035RES200mN3123200E3751600"}},{"type":"Feature","geometry":{"type":"Point","coordinates":[1.8824429003306253,50.936211349999994]},"properties":{"parcel_id":"62193000CT0514","section":"CT","number":"514","area_m2":4018,"zone_type":"U","zone_label":"UD","planning_document":"62193_PLU_20260710","demand_cell_id":"CRS3035RES200mN3123200E3751600"}},{"type":"Feature","geometry":{"type":"Point","coordinates":[1.8831833476592443,50.93591255]},"properties":{"parcel_id":"62193000CT0517","section":"CT","number":"517","area_m2":3534,"zone_type":"U","zone_label":"UD","planning_document":"62193_PLU_20260710","demand_cell_id":"CRS3035RES200mN3123200E3751600"}},{"type":"Feature","geometry":{"type":"Point","coordinates":[1.8853375983322038,50.93543785]},"properties":{"parcel_id":"62193000CT0453","section":"CT","number":"453","area_m2":4693,"zone_type":"U","zone_label":"UD","planning_document":"62193_PLU_20260710","demand_cell_id":"CRS3035RES200mN3123000E3751800"}},{"type":"Feature","geometry":{"type":"Point","coordinates":[1.8859263822387873,50.93487535]},"properties":{"parcel_id":"62193000CT0239","section":"CT","number":"239","area_m2":1127,"zone_type":"U","zone_label":"UD","planning_document":"62193_PLU_20260710","demand_cell_id":"CRS3035RES200mN3123000E3751800"}},{"type":"Feature","geometry":{"type":"Point","coordinates":[1.8858902565789462,50.93498745]},"properties":{"parcel_id":"62193000CT0240","section":"CT","number":"240","area_m2":1056,"zone_type":"U","zone_label":"UD","planning_document":"62193_PLU_20260710","demand_cell_id":"CRS3035RES200mN3123000E3751800"}},{"type":"Feature","geometry":{"type":"Point","coordinates":[1.8887594610923593,50.9359098]},"properties":{"parcel_id":"62193000CT0476","section":"CT","number":"476","area_m2":5410,"zone_type":"U","zone_label":"UV","planning_document":"62193_PLU_20260710","demand_cell_id":"CRS3035RES200mN3123000E3752000"}},{"type":"Feature","geometry":{"type":"Point","coordinates":[1.8889667512417816,50.935493]},"properties":{"parcel_id":"62193000CT0491","section":"CT","number":"491","area_m2":1162,"zone_type":"U","zone_label":"UV","planning_document":"62193_PLU_20260710","demand_cell_id":"CRS3035RES200mN3123000E3752000"}},{"type":"Feature","geometry":{"type":"Point","coordinates":[1.887741630403598,50.9350505]},"properties":{"parcel_id":"62193000CT0438","section":"CT","number":"438","area_m2":1153,"zone_type":"U","zone_label":"UD","planning_document":"62193_PLU_20260710","demand_cell_id":"CRS3035RES200mN3123000E3752000"}},{"type":"Feature","geometry":{"type":"Point","coordinates":[1.8813406836736477,50.937373199999996]},"properties":{"parcel_id":"62193000CT0478","section":"CT","number":"478","area_m2":4292,"zone_type":"U","zone_label":"UD","planning_document":"62193_PLU_20260710","demand_cell_id":"CRS3035RES200mN3123400E3751600"}},{"type":"Feature","geometry":{"type":"Point","coordinates":[1.8809543933852113,50.9377044]},"properties":{"parcel_id":"62193000CT0286","section":"CT","number":"286","area_m2":2572,"zone_type":"U","zone_label":"UD","planning_document":"62193_PLU_20260710","demand_cell_id":"CRS3035RES200mN3123400E3751600"}},{"type":"Feature","geometry":{"type":"Point","coordinates":[1.8809054485245693,50.93742965]},"properties":{"parcel_id":"62193000CT0383","section":"CT","number":"383","area_m2":2240,"zone_type":"U","zone_label":"UD","planning_document":"62193_PLU_20260710","demand_cell_id":"CRS3035RES200mN3123400E3751600"}},{"type":"Feature","geometry":{"type":"Point","coordinates":[1.8881072985060812,50.9361806]},"properties":{"parcel_id":"62193000CT0386","section":"CT","number":"386","area_m2":2791,"zone_type":"U","zone_label":"UD","planning_document":"62193_PLU_20260710","demand_cell_id":"CRS3035RES200mN3123200E3752000"}},{"type":"Feature","geometry":{"type":"Point","coordinates":[1.8876974795918415,50.93681665]},"properties":{"parcel_id":"62193000CT0474","section":"CT","number":"474","area_m2":2786,"zone_type":"U","zone_label":"UV","planning_document":"62193_PLU_20260710","demand_cell_id":"CRS3035RES200mN3123200E3752000"}},{"type":"Feature","geometry":{"type":"Point","coordinates":[1.887606794999999,50.9359518]},"properties":{"parcel_id":"62193000CT0167","section":"CT","number":"167","area_m2":2241,"zone_type":"U","zone_label":"UD","planning_document":"62193_PLU_20260710","demand_cell_id":"CRS3035RES200mN3123200E3752000"}},{"type":"Feature","geometry":{"type":"Point","coordinates":[1.8660978488403794,50.930487400000004]},"properties":{"parcel_id":"62193000CW0106","section":"CW","number":"106","area_m2":6682,"zone_type":"U","zone_label":"UJ","planning_document":"62193_PLU_20260710","demand_cell_id":"CRS3035RES200mN3122600E3750400"}},{"type":"Feature","geometry":{"type":"Point","coordinates":[1.8661958052582155,50.9299514]},"properties":{"parcel_id":"62193000CW0113","section":"CW","number":"113","area_m2":3526,"zone_type":"U","zone_label":"UJ","planning_document":"62193_PLU_20260710","demand_cell_id":"CRS3035RES200mN3122600E3750400"}},{"type":"Feature","geometry":{"type":"Point","coordinates":[1.8663151570052352,50.92970565]},"properties":{"parcel_id":"62193000CW0114","section":"CW","number":"114","area_m2":3169,"zone_type":"U","zone_label":"UJ","planning_document":"62193_PLU_20260710","demand_cell_id":"CRS3035RES200mN3122600E3750400"}},{"type":"Feature","geometry":{"type":"Point","coordinates":[1.866926879836163,50.92824065]},"properties":{"parcel_id":"62193000CW0131","section":"CW","number":"131","area_m2":2931,"zone_type":"U","zone_label":"UD","planning_document":"62193_PLU_20260710","demand_cell_id":"CRS3035RES200mN3122400E3750400"}},{"type":"Feature","geometry":{"type":"Point","coordinates":[1.865524179405165,50.92860255]},"properties":{"parcel_id":"62193000CW0701","section":"CW","number":"701","area_m2":1080,"zone_type":"U","zone_label":"UD","planning_document":"62193_PLU_20260710","demand_cell_id":"CRS3035RES200mN3122400E3750400"}},{"type":"Feature","geometry":{"type":"Point","coordinates":[1.8658523942167295,50.9283232]},"properties":{"parcel_id":"62193000CW0537","section":"CW","number":"537","area_m2":774,"zone_type":"U","zone_label":"UD","planning_document":"62193_PLU_20260710","demand_cell_id":"CRS3035RES200mN3122400E3750400"}},{"type":"Feature","geometry":{"type":"Point","coordinates":[1.8582929444369585,50.9313875]},"properties":{"parcel_id":"62193000CW0316","section":"CW","number":"316","area_m2":1979,"zone_type":"U","zone_label":"UD","planning_document":"62193_PLU_20260710","demand_cell_id":"CRS3035RES200mN3122800E3749800"}},{"type":"Feature","geometry":{"type":"Point","coordinates":[1.8579923636117437,50.9317442]},"properties":{"parcel_id":"62193000CW0314","section":"CW","number":"314","area_m2":1557,"zone_type":"U","zone_label":"UD","planning_document":"62193_PLU_20260710","demand_cell_id":"CRS3035RES200mN3122800E3749800"}},{"type":"Feature","geometry":{"type":"Point","coordinates":[1.8571723395936146,50.931609300000005]},"properties":{"parcel_id":"62193000CW0312","section":"CW","number":"312","area_m2":1552,"zone_type":"U","zone_label":"UD","planning_document":"62193_PLU_20260710","demand_cell_id":"CRS3035RES200mN3122800E3749800"}},{"type":"Feature","geometry":{"type":"Point","coordinates":[1.863904554721035,50.9323337]},"properties":{"parcel_id":"62193000CW0023","section":"CW","number":"23","area_m2":7784,"zone_type":"U","zone_label":"UJ","planning_document":"62193_PLU_20260710","demand_cell_id":"CRS3035RES200mN3122800E3750200"}},{"type":"Feature","geometry":{"type":"Point","coordinates":[1.8622437767666702,50.9313526]},"properties":{"parcel_id":"62193000CW0158","section":"CW","number":"158","area_m2":841,"zone_type":"U","zone_label":"UD","planning_document":"62193_PLU_20260710","demand_cell_id":"CRS3035RES200mN3122800E3750200"}},{"type":"Feature","geometry":{"type":"Point","coordinates":[1.8627965935942181,50.9308915]},"properties":{"parcel_id":"62193000CW0155","section":"CW","number":"155","area_m2":772,"zone_type":"U","zone_label":"UD","planning_document":"62193_PLU_20260710","demand_cell_id":"CRS3035RES200mN3122800E3750200"}},{"type":"Feature","geometry":{"type":"Point","coordinates":[1.8623890434054642,50.92935555]},"properties":{"parcel_id":"62193000CW0526","section":"CW","number":"526","area_m2":2189,"zone_type":"U","zone_label":"UD","planning_document":"62193_PLU_20260710","demand_cell_id":"CRS3035RES200mN3122600E3750200"}},{"type":"Feature","geometry":{"type":"Point","coordinates":[1.8636705333243022,50.929510699999994]},"properties":{"parcel_id":"62193000CW0681","section":"CW","number":"681","area_m2":827,"zone_type":"U","zone_label":"UD","planning_document":"62193_PLU_20260710","demand_cell_id":"CRS3035RES200mN3122600E3750200"}},{"type":"Feature","geometry":{"type":"Point","coordinates":[1.8634199939548397,50.930369150000004]},"properties":{"parcel_id":"62193000CW0152","section":"CW","number":"152","area_m2":759,"zone_type":"U","zone_label":"UD","planning_document":"62193_PLU_20260710","demand_cell_id":"CRS3035RES200mN3122600E3750200"}},{"type":"Feature","geometry":{"type":"Point","coordinates":[1.8555084257990864,50.9331948]},"properties":{"parcel_id":"62193000CX0651","section":"CX","number":"651","area_m2":1652,"zone_type":"U","zone_label":"UD","planning_document":"62193_PLU_20260710","demand_cell_id":"CRS3035RES200mN3123000E3749800"}},{"type":"Feature","geometry":{"type":"Point","coordinates":[1.8571384487923748,50.931981199999996]},"properties":{"parcel_id":"62193000CW0311","section":"CW","number":"311","area_m2":1346,"zone_type":"U","zone_label":"UD","planning_document":"62193_PLU_20260710","demand_cell_id":"CRS3035RES200mN3123000E3749800"}},{"type":"Feature","geometry":{"type":"Point","coordinates":[1.8565378632480185,50.932502299999996]},"properties":{"parcel_id":"62193000CW0306","section":"CW","number":"306","area_m2":1186,"zone_type":"U","zone_label":"UD","planning_document":"62193_PLU_20260710","demand_cell_id":"CRS3035RES200mN3123000E3749800"}},{"type":"Feature","geometry":{"type":"Point","coordinates":[1.8588699595256055,50.93345119999999]},"properties":{"parcel_id":"62193000CX0107","section":"CX","number":"107","area_m2":5266,"zone_type":"U","zone_label":"UD","planning_document":"62193_PLU_20260710","demand_cell_id":"CRS3035RES200mN3123000E3750000"}},{"type":"Feature","geometry":{"type":"Point","coordinates":[1.8595342673145394,50.932689749999994]},"properties":{"parcel_id":"62193000CW0662","section":"CW","number":"662","area_m2":2777,"zone_type":"U","zone_label":"UD","planning_document":"62193_PLU_20260710","demand_cell_id":"CRS3035RES200mN3123000E3750000"}},{"type":"Feature","geometry":{"type":"Point","coordinates":[1.8584191680436275,50.932710400000005]},"properties":{"parcel_id":"62193000CW0290","section":"CW","number":"290","area_m2":2739,"zone_type":"U","zone_label":"UD","planning_document":"62193_PLU_20260710","demand_cell_id":"CRS3035RES200mN3123000E3750000"}},{"type":"Feature","geometry":{"type":"Point","coordinates":[1.8589034000871139,50.93100565]},"properties":{"parcel_id":"62193000CW0334","section":"CW","number":"334","area_m2":3147,"zone_type":"U","zone_label":"UD","planning_document":"62193_PLU_20260710","demand_cell_id":"CRS3035RES200mN3122800E3750000"}},{"type":"Feature","geometry":{"type":"Point","coordinates":[1.858879982917467,50.9315396]},"properties":{"parcel_id":"62193000CW0330","section":"CW","number":"330","area_m2":1929,"zone_type":"U","zone_label":"UD","planning_document":"62193_PLU_20260710","demand_cell_id":"CRS3035RES200mN3122800E3750000"}},{"type":"Feature","geometry":{"type":"Point","coordinates":[1.8598167799604581,50.9314033]},"properties":{"parcel_id":"62193000CW0328","section":"CW","number":"328","area_m2":1752,"zone_type":"U","zone_label":"UD","planning_document":"62193_PLU_20260710","demand_cell_id":"CRS3035RES200mN3122800E3750000"}},{"type":"Feature","geometry":{"type":"Point","coordinates":[1.8615993120164633,50.93384155]},"properties":{"parcel_id":"62193000CW0564","section":"CW","number":"564","area_m2":1310,"zone_type":"U","zone_label":"UC","planning_document":"62193_PLU_20260710","demand_cell_id":"CRS3035RES200mN3123000E3750200"}},{"type":"Feature","geometry":{"type":"Point","coordinates":[1.8612188457094956,50.93383375]},"properties":{"parcel_id":"62193000CW0563","section":"CW","number":"563","area_m2":790,"zone_type":"U","zone_label":"UC","planning_document":"62193_PLU_20260710","demand_cell_id":"CRS3035RES200mN3123000E3750200"}},{"type":"Feature","geometry":{"type":"Point","coordinates":[1.861265627145918,50.933038800000006]},"properties":{"parcel_id":"62193000CW0063","section":"CW","number":"63","area_m2":790,"zone_type":"U","zone_label":"UC","planning_document":"62193_PLU_20260710","demand_cell_id":"CRS3035RES200mN3123000E3750200"}},{"type":"Feature","geometry":{"type":"Point","coordinates":[1.8597333025472689,50.9346517]},"properties":{"parcel_id":"62193000CW0389","section":"CW","number":"389","area_m2":4441,"zone_type":"U","zone_label":"UC","planning_document":"62193_PLU_20260710","demand_cell_id":"CRS3035RES200mN3123200E3750000"}},{"type":"Feature","geometry":{"type":"Point","coordinates":[1.8603070657833136,50.934079350000005]},"properties":{"parcel_id":"62193000CW0390","section":"CW","number":"390","area_m2":4312,"zone_type":"U","zone_label":"UC","planning_document":"62193_PLU_20260710","demand_cell_id":"CRS3035RES200mN3123200E3750000"}},{"type":"Feature","geometry":{"type":"Point","coordinates":[1.8583472202828795,50.93404105]},"properties":{"parcel_id":"62193000CX0658","section":"CX","number":"658","area_m2":2309,"zone_type":"U","zone_label":"UD","planning_document":"62193_PLU_20260710","demand_cell_id":"CRS3035RES200mN3123200E3750000"}},{"type":"Feature","geometry":{"type":"Point","coordinates":[1.8500093919492737,50.93350915]},"properties":{"parcel_id":"62193000CX0541","section":"CX","number":"541","area_m2":11475,"zone_type":"U","zone_label":"UI","planning_document":"62193_PLU_20260710","demand_cell_id":"CRS3035RES200mN3123200E3749400"}},{"type":"Feature","geometry":{"type":"Point","coordinates":[1.850381410739029,50.934162650000005]},"properties":{"parcel_id":"62193000CX0531","section":"CX","number":"531","area_m2":915,"zone_type":"U","zone_label":"UD","planning_document":"62193_PLU_20260710","demand_cell_id":"CRS3035RES200mN3123200E3749400"}},{"type":"Feature","geometry":{"type":"Point","coordinates":[1.8506228073274618,50.93331585]},"properties":{"parcel_id":"62193000CX0528","section":"CX","number":"528","area_m2":823,"zone_type":"U","zone_label":"UD","planning_document":"62193_PLU_20260710","demand_cell_id":"CRS3035RES200mN3123200E3749400"}},{"type":"Feature","geometry":{"type":"Point","coordinates":[1.8559430046404664,50.934697650000004]},"properties":{"parcel_id":"62193000CX0101","section":"CX","number":"101","area_m2":5200,"zone_type":"U","zone_label":"UD","planning_document":"62193_PLU_20260710","demand_cell_id":"CRS3035RES200mN3123200E3749800"}},{"type":"Feature","geometry":{"type":"Point","coordinates":[1.857812471849528,50.93440595]},"properties":{"parcel_id":"62193000CX0659","section":"CX","number":"659","area_m2":3857,"zone_type":"U","zone_label":"UD","planning_document":"62193_PLU_20260710","demand_cell_id":"CRS3035RES200mN3123200E3749800"}},{"type":"Feature","geometry":{"type":"Point","coordinates":[1.8571744563000907,50.93493545]},"properties":{"parcel_id":"62193000CX0061","section":"CX","number":"61","area_m2":994,"zone_type":"U","zone_label":"UD","planning_document":"62193_PLU_20260710","demand_cell_id":"CRS3035RES200mN3123200E3749800"}},{"type":"Feature","geometry":{"type":"Point","coordinates":[1.849930367654081,50.9321776]},"properties":{"parcel_id":"62193000CX0635","section":"CX","number":"635","area_m2":10878,"zone_type":"U","zone_label":"UI","planning_document":"62193_PLU_20260710","demand_cell_id":"CRS3035RES200mN3123000E3749400"}},{"type":"Feature","geometry":{"type":"Point","coordinates":[1.8514866792619038,50.932717]},"properties":{"parcel_id":"62193000CX0457","section":"CX","number":"457","area_m2":2116,"zone_type":"U","zone_label":"UD","planning_document":"62193_PLU_20260710","demand_cell_id":"CRS3035RES200mN3123000E3749400"}},{"type":"Feature","geometry":{"type":"Point","coordinates":[1.8510359743784068,50.932095849999996]},"properties":{"parcel_id":"62193000CX0639","section":"CX","number":"639","area_m2":1980,"zone_type":"U","zone_label":"UI","planning_document":"62193_PLU_20260710","demand_cell_id":"CRS3035RES200mN3123000E3749400"}},{"type":"Feature","geometry":{"type":"Point","coordinates":[1.8530709090301014,50.932238999999996]},"properties":{"parcel_id":"62193000CX0366","section":"CX","number":"366","area_m2":1290,"zone_type":"U","zone_label":"UD","planning_document":"62193_PLU_20260710","demand_cell_id":"CRS3035RES200mN3123000E3749600"}},{"type":"Feature","geometry":{"type":"Point","coordinates":[1.85503144892396,50.9334154]},"properties":{"parcel_id":"62193000CX0337","section":"CX","number":"337","area_m2":1041,"zone_type":"U","zone_label":"UD","planning_document":"62193_PLU_20260710","demand_cell_id":"CRS3035RES200mN3123000E3749600"}},{"type":"Feature","geometry":{"type":"Point","coordinates":[1.8541086669963676,50.93250245]},"properties":{"parcel_id":"62193000CX0358","section":"CX","number":"358","area_m2":961,"zone_type":"U","zone_label":"UD","planning_document":"62193_PLU_20260710","demand_cell_id":"CRS3035RES200mN3123000E3749600"}},{"type":"Feature","geometry":{"type":"Point","coordinates":[1.8549348474825975,50.934204199999996]},"properties":{"parcel_id":"62193000CX0679","section":"CX","number":"679","area_m2":1550,"zone_type":"U","zone_label":"UD","planning_document":"62193_PLU_20260710","demand_cell_id":"CRS3035RES200mN3123200E3749600"}},{"type":"Feature","geometry":{"type":"Point","coordinates":[1.8550615644930835,50.935033000000004]},"properties":{"parcel_id":"62193000CX0034","section":"CX","number":"34","area_m2":1283,"zone_type":"U","zone_label":"UD","planning_document":"62193_PLU_20260710","demand_cell_id":"CRS3035RES200mN3123200E3749600"}},{"type":"Feature","geometry":{"type":"Point","coordinates":[1.8545941460777189,50.93380055]},"properties":{"parcel_id":"62193000CX0239","section":"CX","number":"239","area_m2":1131,"zone_type":"U","zone_label":"UD","planning_document":"62193_PLU_20260710","demand_cell_id":"CRS3035RES200mN3123200E3749600"}},{"type":"Feature","geometry":{"type":"Point","coordinates":[1.8520895136087243,50.935586]},"properties":{"parcel_id":"62193000CX0654","section":"CX","number":"654","area_m2":1407,"zone_type":"U","zone_label":"UD","planning_document":"62193_PLU_20260710","demand_cell_id":"CRS3035RES200mN3123400E3749400"}},{"type":"Feature","geometry":{"type":"Point","coordinates":[1.8519191858878536,50.93536345]},"properties":{"parcel_id":"62193000CX0016","section":"CX","number":"16","area_m2":720,"zone_type":"U","zone_label":"UD","planning_document":"62193_PLU_20260710","demand_cell_id":"CRS3035RES200mN3123400E3749400"}},{"type":"Feature","geometry":{"type":"Point","coordinates":[1.8506006108707718,50.93518655]},"properties":{"parcel_id":"62193000CX0499","section":"CX","number":"499","area_m2":678,"zone_type":"U","zone_label":"UD","planning_document":"62193_PLU_20260710","demand_cell_id":"CRS3035RES200mN3123400E3749400"}},{"type":"Feature","geometry":{"type":"Point","coordinates":[1.8553831616470426,50.935430249999996]},"properties":{"parcel_id":"62193000CX0591","section":"CX","number":"591","area_m2":1502,"zone_type":"U","zone_label":"UD","planning_document":"62193_PLU_20260710","demand_cell_id":"CRS3035RES200mN3123400E3749800"}},{"type":"Feature","geometry":{"type":"Point","coordinates":[1.8552673787614478,50.9355821]},"properties":{"parcel_id":"62193000CX0032","section":"CX","number":"32","area_m2":913,"zone_type":"U","zone_label":"UD","planning_document":"62193_PLU_20260710","demand_cell_id":"CRS3035RES200mN3123400E3749800"}},{"type":"Feature","geometry":{"type":"Point","coordinates":[1.843953537232262,50.934774250000004]},"properties":{"parcel_id":"62193000CY0579","section":"CY","number":"579","area_m2":22042,"zone_type":"AUc","zone_label":"1AUIa","planning_document":"62193_PLU_20260710","demand_cell_id":"CRS3035RES200mN3123400E3749000"}},{"type":"Feature","geometry":{"type":"Point","coordinates":[1.8458547626085067,50.9350278]},"properties":{"parcel_id":"62193000CY0581","section":"CY","number":"581","area_m2":2103,"zone_type":"AUc","zone_label":"1AUIa","planning_document":"62193_PLU_20260710","demand_cell_id":"CRS3035RES200mN3123400E3749000"}},{"type":"Feature","geometry":{"type":"Point","coordinates":[1.8463245535974289,50.9353973]},"properties":{"parcel_id":"62193000CY0414","section":"CY","number":"414","area_m2":712,"zone_type":"AUc","zone_label":"1AUI","planning_document":"62193_PLU_20260710","demand_cell_id":"CRS3035RES200mN3123400E3749000"}},{"type":"Feature","geometry":{"type":"Point","coordinates":[1.847126300495491,50.9348919]},"properties":{"parcel_id":"62193000CY0459","section":"CY","number":"459","area_m2":929,"zone_type":"AUc","zone_label":"1AUI","planning_document":"62193_PLU_20260710","demand_cell_id":"CRS3035RES200mN3123400E3749200"}},{"type":"Feature","geometry":{"type":"Point","coordinates":[1.8473059026867025,50.93570685]},"properties":{"parcel_id":"62193000CY0488","section":"CY","number":"488","area_m2":825,"zone_type":"AUc","zone_label":"1AUI","planning_document":"62193_PLU_20260710","demand_cell_id":"CRS3035RES200mN3123400E3749200"}},{"type":"Feature","geometry":{"type":"Point","coordinates":[1.8467349325429745,50.93504445]},"properties":{"parcel_id":"62193000CY0424","section":"CY","number":"424","area_m2":624,"zone_type":"AUc","zone_label":"1AUI","planning_document":"62193_PLU_20260710","demand_cell_id":"CRS3035RES200mN3123400E3749200"}},{"type":"Feature","geometry":{"type":"Point","coordinates":[1.833903743369746,50.94473555]},"properties":{"parcel_id":"62193000DE0164","section":"DE","number":"164","area_m2":15119,"zone_type":"U","zone_label":"UC","planning_document":"62193_PLU_20260710","demand_cell_id":"CRS3035RES200mN3124600E3748400"}},{"type":"Feature","geometry":{"type":"Point","coordinates":[1.834246409801324,50.94650525]},"properties":{"parcel_id":"62193000DH0304","section":"DH","number":"304","area_m2":6170,"zone_type":"U","zone_label":"UC","planning_document":"62193_PLU_20260710","demand_cell_id":"CRS3035RES200mN3124600E3748400"}},{"type":"Feature","geometry":{"type":"Point","coordinates":[1.8333973950123152,50.9464025]},"properties":{"parcel_id":"62193000DH0503","section":"DH","number":"503","area_m2":5778,"zone_type":"U","zone_label":"UC","planning_document":"62193_PLU_20260710","demand_cell_id":"CRS3035RES200mN3124600E3748400"}},{"type":"Feature","geometry":{"type":"Point","coordinates":[1.8381308963672605,50.9444357]},"properties":{"parcel_id":"62193000DE0480","section":"DE","number":"480","area_m2":7802,"zone_type":"U","zone_label":"UC","planning_document":"62193_PLU_20260710","demand_cell_id":"CRS3035RES200mN3124400E3748600"}},{"type":"Feature","geometry":{"type":"Point","coordinates":[1.836553130611777,50.943279399999994]},"properties":{"parcel_id":"62193000DE0412","section":"DE","number":"412","area_m2":3134,"zone_type":"U","zone_label":"UC","planning_document":"62193_PLU_20260710","demand_cell_id":"CRS3035RES200mN3124400E3748600"}},{"type":"Feature","geometry":{"type":"Point","coordinates":[1.8377602760670126,50.9435831]},"properties":{"parcel_id":"62193000DE0396","section":"DE","number":"396","area_m2":2967,"zone_type":"U","zone_label":"UC","planning_document":"62193_PLU_20260710","demand_cell_id":"CRS3035RES200mN3124400E3748600"}},{"type":"Feature","geometry":{"type":"Point","coordinates":[1.8361510767170044,50.9447655]},"properties":{"parcel_id":"62193000DE0389","section":"DE","number":"389","area_m2":33820,"zone_type":"U","zone_label":"UC","planning_document":"62193_PLU_20260710","demand_cell_id":"CRS3035RES200mN3124400E3748400"}},{"type":"Feature","geometry":{"type":"Point","coordinates":[1.835908011705293,50.9431445]},"properties":{"parcel_id":"62193000DY0052","section":"DY","number":"52","area_m2":2335,"zone_type":"U","zone_label":"UC","planning_document":"62193_PLU_20260710","demand_cell_id":"CRS3035RES200mN3124400E3748400"}},{"type":"Feature","geometry":{"type":"Point","coordinates":[1.8361054508193901,50.94365325]},"properties":{"parcel_id":"62193000DE0408","section":"DE","number":"408","area_m2":1430,"zone_type":"U","zone_label":"UC","planning_document":"62193_PLU_20260710","demand_cell_id":"CRS3035RES200mN3124400E3748400"}},{"type":"Feature","geometry":{"type":"Point","coordinates":[1.8276297589355461,50.94534165]},"properties":{"parcel_id":"62193000DI0207","section":"DI","number":"207","area_m2":2849,"zone_type":"U","zone_label":"UC","planning_document":"62193_PLU_20260710","demand_cell_id":"CRS3035RES200mN3124600E3748000"}},{"type":"Feature","geometry":{"type":"Point","coordinates":[1.8299829120352813,50.94558855]},"properties":{"parcel_id":"62193000DI0776","section":"DI","number":"776","area_m2":1548,"zone_type":"U","zone_label":"UC","planning_document":"62193_PLU_20260710","demand_cell_id":"CRS3035RES200mN3124600E3748000"}},{"type":"Feature","geometry":{"type":"Point","coordinates":[1.8304003845918917,50.94471525]},"properties":{"parcel_id":"62193000DE0375","section":"DE","number":"375","area_m2":1513,"zone_type":"U","zone_label":"UC","planning_document":"62193_PLU_20260710","demand_cell_id":"CRS3035RES200mN3124600E3748000"}},{"type":"Feature","geometry":{"type":"Point","coordinates":[1.831059152933673,50.94586735]},"properties":{"parcel_id":"62193000DI0843","section":"DI","number":"843","area_m2":2148,"zone_type":"U","zone_label":"UC","planning_document":"62193_PLU_20260710","demand_cell_id":"CRS3035RES200mN3124600E3748200"}},{"type":"Feature","geometry":{"type":"Point","coordinates":[1.8321210339786047,50.94477095]},"properties":{"parcel_id":"62193000DE0368","section":"DE","number":"368","area_m2":2147,"zone_type":"U","zone_label":"UC","planning_document":"62193_PLU_20260710","demand_cell_id":"CRS3035RES200mN3124600E3748200"}},{"type":"Feature","geometry":{"type":"Point","coordinates":[1.8314747204658928,50.9449084]},"properties":{"parcel_id":"62193000DE0312","section":"DE","number":"312","area_m2":1743,"zone_type":"U","zone_label":"UC","planning_document":"62193_PLU_20260710","demand_cell_id":"CRS3035RES200mN3124600E3748200"}},{"type":"Feature","geometry":{"type":"Point","coordinates":[1.8312165448662234,50.942801849999995]},"properties":{"parcel_id":"62193000DY0175","section":"DY","number":"175","area_m2":5554,"zone_type":"U","zone_label":"UG(i)","planning_document":"62193_PLU_20260710","demand_cell_id":"CRS3035RES200mN3124400E3748200"}},{"type":"Feature","geometry":{"type":"Point","coordinates":[1.8320291343047024,50.94382135]},"properties":{"parcel_id":"62193000DY0188","section":"DY","number":"188","area_m2":2167,"zone_type":"U","zone_label":"UC","planning_document":"62193_PLU_20260710","demand_cell_id":"CRS3035RES200mN3124400E3748200"}},{"type":"Feature","geometry":{"type":"Point","coordinates":[1.8315603886978336,50.9434883]},"properties":{"parcel_id":"62193000DY0176","section":"DY","number":"176","area_m2":1837,"zone_type":"U","zone_label":"UC(i)","planning_document":"62193_PLU_20260710","demand_cell_id":"CRS3035RES200mN3124400E3748200"}},{"type":"Feature","geometry":{"type":"Point","coordinates":[1.8368815445012852,50.9501078]},"properties":{"parcel_id":"62193000DH0233","section":"DH","number":"233","area_m2":7868,"zone_type":"U","zone_label":"UAa","planning_document":"62193_PLU_20260710","demand_cell_id":"CRS3035RES200mN3125000E3748600"}},{"type":"Feature","geometry":{"type":"Point","coordinates":[1.8360070793501042,50.94894925]},"properties":{"parcel_id":"62193000DH0391","section":"DH","number":"391","area_m2":4623,"zone_type":"U","zone_label":"UC","planning_document":"62193_PLU_20260710","demand_cell_id":"CRS3035RES200mN3125000E3748600"}},{"type":"Feature","geometry":{"type":"Point","coordinates":[1.8364165888402657,50.9497516]},"properties":{"parcel_id":"62193000DH0262","section":"DH","number":"262","area_m2":3566,"zone_type":"U","zone_label":"UC","planning_document":"62193_PLU_20260710","demand_cell_id":"CRS3035RES200mN3125000E3748600"}},{"type":"Feature","geometry":{"type":"Point","coordinates":[1.832472679105813,50.949137050000004]},"properties":{"parcel_id":"62193000DH0260","section":"DH","number":"260","area_m2":19722,"zone_type":"U","zone_label":"UC","planning_document":"62193_PLU_20260710","demand_cell_id":"CRS3035RES200mN3125000E3748200"}},{"type":"Feature","geometry":{"type":"Point","coordinates":[1.8320011666516052,50.9483508]},"properties":{"parcel_id":"62193000DH0216","section":"DH","number":"216","area_m2":14980,"zone_type":"U","zone_label":"UC","planning_document":"62193_PLU_20260710","demand_cell_id":"CRS3035RES200mN3125000E3748200"}},{"type":"Feature","geometry":{"type":"Point","coordinates":[1.8299233713244525,50.9491505]},"properties":{"parcel_id":"62193000DI0527","section":"DI","number":"527","area_m2":5206,"zone_type":"U","zone_label":"UC","planning_document":"62193_PLU_20260710","demand_cell_id":"CRS3035RES200mN3125000E3748200"}},{"type":"Feature","geometry":{"type":"Point","coordinates":[1.8355654425024368,50.947006599999995]},"properties":{"parcel_id":"62193000DH0254","section":"DH","number":"254","area_m2":15150,"zone_type":"U","zone_label":"UC","planning_document":"62193_PLU_20260710","demand_cell_id":"CRS3035RES200mN3124800E3748400"}},{"type":"Feature","geometry":{"type":"Point","coordinates":[1.833739387349461,50.94754655]},"properties":{"parcel_id":"62193000DH0165","section":"DH","number":"165","area_m2":4513,"zone_type":"U","zone_label":"UC","planning_document":"62193_PLU_20260710","demand_cell_id":"CRS3035RES200mN3124800E3748400"}},{"type":"Feature","geometry":{"type":"Point","coordinates":[1.8339617476549281,50.94830545000001]},"properties":{"parcel_id":"62193000DH0213","section":"DH","number":"213","area_m2":1622,"zone_type":"U","zone_label":"UC","planning_document":"62193_PLU_20260710","demand_cell_id":"CRS3035RES200mN3124800E3748400"}},{"type":"Feature","geometry":{"type":"Point","coordinates":[1.8344684765215449,50.949513749999994]},"properties":{"parcel_id":"62193000DH0363","section":"DH","number":"363","area_m2":15187,"zone_type":"U","zone_label":"UC","planning_document":"62193_PLU_20260710","demand_cell_id":"CRS3035RES200mN3125000E3748400"}},{"type":"Feature","geometry":{"type":"Point","coordinates":[1.8352922555748523,50.9489053]},"properties":{"parcel_id":"62193000DH0292","section":"DH","number":"292","area_m2":4860,"zone_type":"U","zone_label":"UC","planning_document":"62193_PLU_20260710","demand_cell_id":"CRS3035RES200mN3125000E3748400"}},{"type":"Feature","geometry":{"type":"Point","coordinates":[1.8344109151574797,50.94887415]},"properties":{"parcel_id":"62193000DH0268","section":"DH","number":"268","area_m2":2915,"zone_type":"U","zone_label":"UC","planning_document":"62193_PLU_20260710","demand_cell_id":"CRS3035RES200mN3125000E3748400"}},{"type":"Feature","geometry":{"type":"Point","coordinates":[1.8359822322887314,50.94602355]},"properties":{"parcel_id":"62193000DH0169","section":"DH","number":"169","area_m2":2224,"zone_type":"U","zone_label":"UC","planning_document":"62193_PLU_20260710","demand_cell_id":"CRS3035RES200mN3124600E3748600"}},{"type":"Feature","geometry":{"type":"Point","coordinates":[1.8376801030884264,50.946268]},"properties":{"parcel_id":"62193000DH0236","section":"DH","number":"236","area_m2":2132,"zone_type":"U","zone_label":"UC","planning_document":"62193_PLU_20260710","demand_cell_id":"CRS3035RES200mN3124600E3748600"}},{"type":"Feature","geometry":{"type":"Point","coordinates":[1.8364338500440436,50.9462276]},"properties":{"parcel_id":"62193000DH0307","section":"DH","number":"307","area_m2":2097,"zone_type":"U","zone_label":"UC","planning_document":"62193_PLU_20260710","demand_cell_id":"CRS3035RES200mN3124600E3748600"}},{"type":"Feature","geometry":{"type":"Point","coordinates":[1.8326497871375764,50.94745255]},"properties":{"parcel_id":"62193000DH0373","section":"DH","number":"373","area_m2":1993,"zone_type":"U","zone_label":"UC","planning_document":"62193_PLU_20260710","demand_cell_id":"CRS3035RES200mN3124800E3748200"}},{"type":"Feature","geometry":{"type":"Point","coordinates":[1.8325045597436818,50.9471444]},"properties":{"parcel_id":"62193000DH0199","section":"DH","number":"199","area_m2":950,"zone_type":"U","zone_label":"UC","planning_document":"62193_PLU_20260710","demand_cell_id":"CRS3035RES200mN3124800E3748200"}},{"type":"Feature","geometry":{"type":"Point","coordinates":[1.8318766855727047,50.947065800000004]},"properties":{"parcel_id":"62193000DH0200","section":"DH","number":"200","area_m2":748,"zone_type":"U","zone_label":"UC","planning_document":"62193_PLU_20260710","demand_cell_id":"CRS3035RES200mN3124800E3748200"}},{"type":"Feature","geometry":{"type":"Point","coordinates":[1.8307749911983098,50.951448049999996]},"properties":{"parcel_id":"62193000DI0811","section":"DI","number":"811","area_m2":2324,"zone_type":"U","zone_label":"UC","planning_document":"62193_PLU_20260710","demand_cell_id":"CRS3035RES200mN3125200E3748200"}},{"type":"Feature","geometry":{"type":"Point","coordinates":[1.8308379246698743,50.95108625]},"properties":{"parcel_id":"62193000DI0808","section":"DI","number":"808","area_m2":1972,"zone_type":"U","zone_label":"UC","planning_document":"62193_PLU_20260710","demand_cell_id":"CRS3035RES200mN3125200E3748200"}},{"type":"Feature","geometry":{"type":"Point","coordinates":[1.8304941820797151,50.950254]},"properties":{"parcel_id":"62193000DI1113","section":"DI","number":"1113","area_m2":1733,"zone_type":"U","zone_label":"UC","planning_document":"62193_PLU_20260710","demand_cell_id":"CRS3035RES200mN3125200E3748200"}},{"type":"Feature","geometry":{"type":"Point","coordinates":[1.8275273367897413,50.9464184]},"properties":{"parcel_id":"62193000DI0782","section":"DI","number":"782","area_m2":16135,"zone_type":"U","zone_label":"UIb","planning_document":"62193_PLU_20260710","demand_cell_id":"CRS3035RES200mN3124800E3748000"}},{"type":"Feature","geometry":{"type":"Point","coordinates":[1.8295171428412722,50.947814449999996]},"properties":{"parcel_id":"62193000DI0354","section":"DI","number":"354","area_m2":6865,"zone_type":"U","zone_label":"UC","planning_document":"62193_PLU_20260710","demand_cell_id":"CRS3035RES200mN3124800E3748000"}},{"type":"Feature","geometry":{"type":"Point","coordinates":[1.8273778227417095,50.94739045]},"properties":{"parcel_id":"62193000DI0707","section":"DI","number":"707","area_m2":5067,"zone_type":"U","zone_label":"UC","planning_document":"62193_PLU_20260710","demand_cell_id":"CRS3035RES200mN3124800E3748000"}},{"type":"Feature","geometry":{"type":"Point","coordinates":[1.8274125780734984,50.9485354]},"properties":{"parcel_id":"62193000DI1090","section":"DI","number":"1090","area_m2":15565,"zone_type":"U","zone_label":"UC","planning_document":"62193_PLU_20260710","demand_cell_id":"CRS3035RES200mN3125000E3748000"}},{"type":"Feature","geometry":{"type":"Point","coordinates":[1.8280772274071484,50.948658050000006]},"properties":{"parcel_id":"62193000DI1089","section":"DI","number":"1089","area_m2":5155,"zone_type":"U","zone_label":"UC","planning_document":"62193_PLU_20260710","demand_cell_id":"CRS3035RES200mN3125000E3748000"}},{"type":"Feature","geometry":{"type":"Point","coordinates":[1.8286968920163695,50.9486603]},"properties":{"parcel_id":"62193000DI1093","section":"DI","number":"1093","area_m2":3531,"zone_type":"U","zone_label":"UC","planning_document":"62193_PLU_20260710","demand_cell_id":"CRS3035RES200mN3125000E3748000"}},{"type":"Feature","geometry":{"type":"Point","coordinates":[1.8289722316314996,50.9500004]},"properties":{"parcel_id":"62193000DI1125","section":"DI","number":"1125","area_m2":7839,"zone_type":"U","zone_label":"UC","planning_document":"62193_PLU_20260710","demand_cell_id":"CRS3035RES200mN3125200E3748000"}},{"type":"Feature","geometry":{"type":"Point","coordinates":[1.8290038152177217,50.95069235]},"properties":{"parcel_id":"62193000DI1094","section":"DI","number":"1094","area_m2":2229,"zone_type":"U","zone_label":"UC","planning_document":"62193_PLU_20260710","demand_cell_id":"CRS3035RES200mN3125200E3748000"}},{"type":"Feature","geometry":{"type":"Point","coordinates":[1.8288574994969378,50.9507849]},"properties":{"parcel_id":"62193000DI1095","section":"DI","number":"1095","area_m2":1758,"zone_type":"U","zone_label":"UC","planning_document":"62193_PLU_20260710","demand_cell_id":"CRS3035RES200mN3125200E3748000"}},{"type":"Feature","geometry":{"type":"Point","coordinates":[1.8247991957806193,50.9443589]},"properties":{"parcel_id":"62193000DZ0016","section":"DZ","number":"16","area_m2":1319,"zone_type":"U","zone_label":"UC","planning_document":"62193_PLU_20260710","demand_cell_id":"CRS3035RES200mN3124600E3747800"}},{"type":"Feature","geometry":{"type":"Point","coordinates":[1.8255702040604191,50.94434755]},"properties":{"parcel_id":"62193000DZ0018","section":"DZ","number":"18","area_m2":1203,"zone_type":"U","zone_label":"UC","planning_document":"62193_PLU_20260710","demand_cell_id":"CRS3035RES200mN3124600E3747800"}},{"type":"Feature","geometry":{"type":"Point","coordinates":[1.8252196513930006,50.9443513]},"properties":{"parcel_id":"62193000DZ0017","section":"DZ","number":"17","area_m2":1066,"zone_type":"U","zone_label":"UC","planning_document":"62193_PLU_20260710","demand_cell_id":"CRS3035RES200mN3124600E3747800"}},{"type":"Feature","geometry":{"type":"Point","coordinates":[1.8259878416760782,50.9484656]},"properties":{"parcel_id":"62193000DI0982","section":"DI","number":"982","area_m2":4420,"zone_type":"U","zone_label":"UC","planning_document":"62193_PLU_20260710","demand_cell_id":"CRS3035RES200mN3125000E3747800"}},{"type":"Feature","geometry":{"type":"Point","coordinates":[1.8246048797741095,50.9487924]},"properties":{"parcel_id":"62193000DK0616","section":"DK","number":"616","area_m2":4371,"zone_type":"U","zone_label":"UC","planning_document":"62193_PLU_20260710","demand_cell_id":"CRS3035RES200mN3125000E3747800"}},{"type":"Feature","geometry":{"type":"Point","coordinates":[1.8260060995433638,50.94888055]},"properties":{"parcel_id":"62193000DI0983","section":"DI","number":"983","area_m2":2194,"zone_type":"U","zone_label":"UC","planning_document":"62193_PLU_20260710","demand_cell_id":"CRS3035RES200mN3125000E3747800"}},{"type":"Feature","geometry":{"type":"Point","coordinates":[1.8247544328111036,50.94706805]},"properties":{"parcel_id":"62193000DK0704","section":"DK","number":"704","area_m2":2803,"zone_type":"U","zone_label":"UC","planning_document":"62193_PLU_20260710","demand_cell_id":"CRS3035RES200mN3124800E3747800"}},{"type":"Feature","geometry":{"type":"Point","coordinates":[1.826678546683349,50.947696050000005]},"properties":{"parcel_id":"62193000DI1110","section":"DI","number":"1110","area_m2":1804,"zone_type":"U","zone_label":"UC","planning_document":"62193_PLU_20260710","demand_cell_id":"CRS3035RES200mN3124800E3747800"}},{"type":"Feature","geometry":{"type":"Point","coordinates":[1.825114591900701,50.94668595]},"properties":{"parcel_id":"62193000DK0597","section":"DK","number":"597","area_m2":1139,"zone_type":"U","zone_label":"UC","planning_document":"62193_PLU_20260710","demand_cell_id":"CRS3035RES200mN3124800E3747800"}},{"type":"Feature","geometry":{"type":"Point","coordinates":[1.8223458038382976,50.94815815]},"properties":{"parcel_id":"62193000DK0688","section":"DK","number":"688","area_m2":11754,"zone_type":"U","zone_label":"UC","planning_document":"62193_PLU_20260710","demand_cell_id":"CRS3035RES200mN3125000E3747600"}},{"type":"Feature","geometry":{"type":"Point","coordinates":[1.8232448790206783,50.9482215]},"properties":{"parcel_id":"62193000DK0653","section":"DK","number":"653","area_m2":2906,"zone_type":"U","zone_label":"UC","planning_document":"62193_PLU_20260710","demand_cell_id":"CRS3035RES200mN3125000E3747600"}},{"type":"Feature","geometry":{"type":"Point","coordinates":[1.8239417227697539,50.9484859]},"properties":{"parcel_id":"62193000DK0615","section":"DK","number":"615","area_m2":1418,"zone_type":"U","zone_label":"UC","planning_document":"62193_PLU_20260710","demand_cell_id":"CRS3035RES200mN3125000E3747600"}},{"type":"Feature","geometry":{"type":"Point","coordinates":[1.8231637768960607,50.94700895]},"properties":{"parcel_id":"62193000DK0260","section":"DK","number":"260","area_m2":13143,"zone_type":"U","zone_label":"UC","planning_document":"62193_PLU_20260710","demand_cell_id":"CRS3035RES200mN3124800E3747600"}},{"type":"Feature","geometry":{"type":"Point","coordinates":[1.8223687885697557,50.945801149999994]},"properties":{"parcel_id":"62193000DK0313","section":"DK","number":"313","area_m2":7028,"zone_type":"U","zone_label":"UC(i)","planning_document":"62193_PLU_20260710","demand_cell_id":"CRS3035RES200mN3124800E3747600"}},{"type":"Feature","geometry":{"type":"Point","coordinates":[1.822912578391022,50.9463145]},"properties":{"parcel_id":"62193000DK0267","section":"DK","number":"267","area_m2":3090,"zone_type":"U","zone_label":"UC","planning_document":"62193_PLU_20260710","demand_cell_id":"CRS3035RES200mN3124800E3747600"}},{"type":"Feature","geometry":{"type":"Point","coordinates":[1.8231654273252789,50.945373849999996]},"properties":{"parcel_id":"62193000DK0524","section":"DK","number":"524","area_m2":6462,"zone_type":"U","zone_label":"UC(i)","planning_document":"62193_PLU_20260710","demand_cell_id":"CRS3035RES200mN3124600E3747600"}},{"type":"Feature","geometry":{"type":"Point","coordinates":[1.8230756198785194,50.9449467]},"properties":{"parcel_id":"62193000DK0275","section":"DK","number":"275","area_m2":2247,"zone_type":"U","zone_label":"UC(i)","planning_document":"62193_PLU_20260710","demand_cell_id":"CRS3035RES200mN3124600E3747600"}},{"type":"Feature","geometry":{"type":"Point","coordinates":[1.8237806417095186,50.94406445]},"properties":{"parcel_id":"62193000DZ0012","section":"DZ","number":"12","area_m2":2237,"zone_type":"U","zone_label":"UC(i)","planning_document":"62193_PLU_20260710","demand_cell_id":"CRS3035RES200mN3124600E3747600"}},{"type":"Feature","geometry":{"type":"Point","coordinates":[1.8211962703855455,50.94665945]},"properties":{"parcel_id":"62193000DK0423","section":"DK","number":"423","area_m2":684,"zone_type":"U","zone_label":"UC","planning_document":"62193_PLU_20260710","demand_cell_id":"CRS3035RES200mN3124800E3747400"}},{"type":"Feature","geometry":{"type":"Point","coordinates":[1.814824972955291,50.944068]},"properties":{"parcel_id":"62193000DL0011","section":"DL","number":"11","area_m2":12510,"zone_type":"U","zone_label":"UZEa(i)","planning_document":"62193_PLU_20260710","demand_cell_id":"CRS3035RES200mN3124600E3747000"}},{"type":"Feature","geometry":{"type":"Point","coordinates":[1.8155353399799599,50.94365465]},"properties":{"parcel_id":"62193000DL0094","section":"DL","number":"94","area_m2":8728,"zone_type":"U","zone_label":"UZEa(i)","planning_document":"62193_PLU_20260710","demand_cell_id":"CRS3035RES200mN3124600E3747000"}},{"type":"Feature","geometry":{"type":"Point","coordinates":[1.8137035298615691,50.94369585]},"properties":{"parcel_id":"62193000DL0083","section":"DL","number":"83","area_m2":1878,"zone_type":"U","zone_label":"UD(i)","planning_document":"62193_PLU_20260710","demand_cell_id":"CRS3035RES200mN3124600E3747000"}},{"type":"Feature","geometry":{"type":"Point","coordinates":[1.8132573702965307,50.9432701]},"properties":{"parcel_id":"62193000DL0088","section":"DL","number":"88","area_m2":3001,"zone_type":"U","zone_label":"UD(i)","planning_document":"62193_PLU_20260710","demand_cell_id":"CRS3035RES200mN3124600E3746800"}},{"type":"Feature","geometry":{"type":"Point","coordinates":[1.8117130537219504,50.943259]},"properties":{"parcel_id":"62193000DL0081","section":"DL","number":"81","area_m2":2804,"zone_type":"U","zone_label":"UD(i)","planning_document":"62193_PLU_20260710","demand_cell_id":"CRS3035RES200mN3124600E3746800"}},{"type":"Feature","geometry":{"type":"Point","coordinates":[1.812474357741349,50.944127699999996]},"properties":{"parcel_id":"62193000DL0096","section":"DL","number":"96","area_m2":1875,"zone_type":"U","zone_label":"UD(i)","planning_document":"62193_PLU_20260710","demand_cell_id":"CRS3035RES200mN3124600E3746800"}},{"type":"Feature","geometry":{"type":"Point","coordinates":[1.8065185717578478,50.944962649999994]},"properties":{"parcel_id":"62193000DM0037","section":"DM","number":"37","area_m2":3858,"zone_type":"U","zone_label":"UG(i)","planning_document":"62193_PLU_20260710","demand_cell_id":"CRS3035RES200mN3124800E3746400"}},{"type":"Feature","geometry":{"type":"Point","coordinates":[1.8783583013803673,50.95397065]},"properties":{"parcel_id":"62193000DO0123","section":"DO","number":"123","area_m2":22437,"zone_type":"U","zone_label":"UE","planning_document":"62193_PLU_20260710","demand_cell_id":"CRS3035RES200mN3125200E3751600"}},{"type":"Feature","geometry":{"type":"Point","coordinates":[1.8785571928663147,50.95499555]},"properties":{"parcel_id":"62193000DO0178","section":"DO","number":"178","area_m2":3726,"zone_type":"U","zone_label":"UD","planning_document":"62193_PLU_20260710","demand_cell_id":"CRS3035RES200mN3125200E3751600"}},{"type":"Feature","geometry":{"type":"Point","coordinates":[1.8777342431807589,50.954685049999995]},"properties":{"parcel_id":"62193000DO0125","section":"DO","number":"125","area_m2":2189,"zone_type":"U","zone_label":"UE","planning_document":"62193_PLU_20260710","demand_cell_id":"CRS3035RES200mN3125200E3751600"}},{"type":"Feature","geometry":{"type":"Point","coordinates":[1.884137742978723,50.9541804]},"properties":{"parcel_id":"62193000DO0033","section":"DO","number":"33","area_m2":6225,"zone_type":"U","zone_label":"UD","planning_document":"62193_PLU_20260710","demand_cell_id":"CRS3035RES200mN3125200E3752000"}},{"type":"Feature","geometry":{"type":"Point","coordinates":[1.8839320693481343,50.9553503]},"properties":{"parcel_id":"62193000DO0032","section":"DO","number":"32","area_m2":6007,"zone_type":"U","zone_label":"UD","planning_document":"62193_PLU_20260710","demand_cell_id":"CRS3035RES200mN3125200E3752000"}},{"type":"Feature","geometry":{"type":"Point","coordinates":[1.8852839766763236,50.9541899]},"properties":{"parcel_id":"62193000DP0168","section":"DP","number":"168","area_m2":5641,"zone_type":"U","zone_label":"UD","planning_document":"62193_PLU_20260710","demand_cell_id":"CRS3035RES200mN3125200E3752000"}},{"type":"Feature","geometry":{"type":"Point","coordinates":[1.8835010364946583,50.95594755]},"properties":{"parcel_id":"62193000DO0117","section":"DO","number":"117","area_m2":2254,"zone_type":"U","zone_label":"UD","planning_document":"62193_PLU_20260710","demand_cell_id":"CRS3035RES200mN3125400E3752000"}},{"type":"Feature","geometry":{"type":"Point","coordinates":[1.8836491920723353,50.95660965]},"properties":{"parcel_id":"62193000DO0284","section":"DO","number":"284","area_m2":1609,"zone_type":"U","zone_label":"UD","planning_document":"62193_PLU_20260710","demand_cell_id":"CRS3035RES200mN3125400E3752000"}},{"type":"Feature","geometry":{"type":"Point","coordinates":[1.8834867232795982,50.95684505]},"properties":{"parcel_id":"62193000DO0130","section":"DO","number":"130","area_m2":1158,"zone_type":"U","zone_label":"UD","planning_document":"62193_PLU_20260710","demand_cell_id":"CRS3035RES200mN3125400E3752000"}},{"type":"Feature","geometry":{"type":"Point","coordinates":[1.8930236242981584,50.957196350000004]},"properties":{"parcel_id":"62193000DP0165","section":"DP","number":"165","area_m2":2864,"zone_type":"U","zone_label":"UD","planning_document":"62193_PLU_20260710","demand_cell_id":"CRS3035RES200mN3125400E3752600"}},{"type":"Feature","geometry":{"type":"Point","coordinates":[1.8933646256209196,50.9578122]},"properties":{"parcel_id":"62193000DP0175","section":"DP","number":"175","area_m2":1093,"zone_type":"U","zone_label":"UD","planning_document":"62193_PLU_20260710","demand_cell_id":"CRS3035RES200mN3125400E3752600"}},{"type":"Feature","geometry":{"type":"Point","coordinates":[1.8929515371240426,50.95780715]},"properties":{"parcel_id":"62193000DP0140","section":"DP","number":"140","area_m2":888,"zone_type":"U","zone_label":"UD","planning_document":"62193_PLU_20260710","demand_cell_id":"CRS3035RES200mN3125400E3752600"}},{"type":"Feature","geometry":{"type":"Point","coordinates":[1.8869361810109009,50.954408150000006]},"properties":{"parcel_id":"62193000DP0134","section":"DP","number":"134","area_m2":20095,"zone_type":"U","zone_label":"UE","planning_document":"62193_PLU_20260710","demand_cell_id":"CRS3035RES200mN3125200E3752200"}},{"type":"Feature","geometry":{"type":"Point","coordinates":[1.8932686801544296,50.95542535]},"properties":{"parcel_id":"62193000DP0133","section":"DP","number":"133","area_m2":39638,"zone_type":"U","zone_label":"UE","planning_document":"62193_PLU_20260710","demand_cell_id":"CRS3035RES200mN3125200E3752600"}},{"type":"Feature","geometry":{"type":"Point","coordinates":[1.8885096653778854,50.957251150000005]},"properties":{"parcel_id":"62193000DP0096","section":"DP","number":"96","area_m2":1289,"zone_type":"U","zone_label":"UD","planning_document":"62193_PLU_20260710","demand_cell_id":"CRS3035RES200mN3125400E3752400"}},{"type":"Feature","geometry":{"type":"Point","coordinates":[1.8903081017665024,50.95726055]},"properties":{"parcel_id":"62193000DP0111","section":"DP","number":"111","area_m2":1090,"zone_type":"U","zone_label":"UD","planning_document":"62193_PLU_20260710","demand_cell_id":"CRS3035RES200mN3125400E3752400"}},{"type":"Feature","geometry":{"type":"Point","coordinates":[1.8886774683978518,50.9566476]},"properties":{"parcel_id":"62193000DP0089","section":"DP","number":"89","area_m2":1067,"zone_type":"U","zone_label":"UD","planning_document":"62193_PLU_20260710","demand_cell_id":"CRS3035RES200mN3125400E3752400"}},{"type":"Feature","geometry":{"type":"Point","coordinates":[1.8868489273482991,50.9567293]},"properties":{"parcel_id":"62193000DP0081","section":"DP","number":"81","area_m2":1393,"zone_type":"U","zone_label":"UD","planning_document":"62193_PLU_20260710","demand_cell_id":"CRS3035RES200mN3125400E3752200"}},{"type":"Feature","geometry":{"type":"Point","coordinates":[1.885610644989391,50.957231300000004]},"properties":{"parcel_id":"62193000DR0342","section":"DR","number":"342","area_m2":1000,"zone_type":"U","zone_label":"UD","planning_document":"62193_PLU_20260710","demand_cell_id":"CRS3035RES200mN3125400E3752200"}},{"type":"Feature","geometry":{"type":"Point","coordinates":[1.8882312570454556,50.957082549999996]},"properties":{"parcel_id":"62193000DP0071","section":"DP","number":"71","area_m2":842,"zone_type":"U","zone_label":"UD","planning_document":"62193_PLU_20260710","demand_cell_id":"CRS3035RES200mN3125400E3752200"}},{"type":"Feature","geometry":{"type":"Point","coordinates":[1.8910332818493152,50.95819385]},"properties":{"parcel_id":"62193000DP0116","section":"DP","number":"116","area_m2":9352,"zone_type":"U","zone_label":"UD","planning_document":"62193_PLU_20260710","demand_cell_id":"CRS3035RES200mN3125600E3752400"}},{"type":"Feature","geometry":{"type":"Point","coordinates":[1.8906893790119916,50.95947905]},"properties":{"parcel_id":"62193000DR0404","section":"DR","number":"404","area_m2":7316,"zone_type":"U","zone_label":"UD","planning_document":"62193_PLU_20260710","demand_cell_id":"CRS3035RES200mN3125600E3752400"}},{"type":"Feature","geometry":{"type":"Point","coordinates":[1.8883131626758074,50.958835050000005]},"properties":{"parcel_id":"62193000DR0315","section":"DR","number":"315","area_m2":3659,"zone_type":"AUs","zone_label":"2AU","planning_document":"62193_PLU_20260710","demand_cell_id":"CRS3035RES200mN3125600E3752400"}},{"type":"Feature","geometry":{"type":"Point","coordinates":[1.8874442054526623,50.959113849999994]},"properties":{"parcel_id":"62193000DR0556","section":"DR","number":"556","area_m2":5091,"zone_type":"AUs","zone_label":"2AU","planning_document":"62193_PLU_20260710","demand_cell_id":"CRS3035RES200mN3125600E3752200"}},{"type":"Feature","geometry":{"type":"Point","coordinates":[1.8863744950578816,50.958598]},"properties":{"parcel_id":"62193000DR0330","section":"DR","number":"330","area_m2":3678,"zone_type":"AUs","zone_label":"2AU","planning_document":"62193_PLU_20260710","demand_cell_id":"CRS3035RES200mN3125600E3752200"}},{"type":"Feature","geometry":{"type":"Point","coordinates":[1.8874905355540608,50.957629600000004]},"properties":{"parcel_id":"62193000DP0039","section":"DP","number":"39","area_m2":2332,"zone_type":"U","zone_label":"UD","planning_document":"62193_PLU_20260710","demand_cell_id":"CRS3035RES200mN3125600E3752200"}},{"type":"Feature","geometry":{"type":"Point","coordinates":[1.895957128764393,50.95695835]},"properties":{"parcel_id":"62193000DT0209","section":"DT","number":"209","area_m2":6201,"zone_type":"U","zone_label":"UE","planning_document":"62193_PLU_20260710","demand_cell_id":"CRS3035RES200mN3125400E3752800"}},{"type":"Feature","geometry":{"type":"Point","coordinates":[1.8964217261933072,50.956659200000004]},"properties":{"parcel_id":"62193000DT0211","section":"DT","number":"211","area_m2":5890,"zone_type":"U","zone_label":"UE","planning_document":"62193_PLU_20260710","demand_cell_id":"CRS3035RES200mN3125400E3752800"}},{"type":"Feature","geometry":{"type":"Point","coordinates":[1.8949087749726816,50.95799275]},"properties":{"parcel_id":"62193000DT0188","section":"DT","number":"188","area_m2":2792,"zone_type":"U","zone_label":"UD","planning_document":"62193_PLU_20260710","demand_cell_id":"CRS3035RES200mN3125400E3752800"}},{"type":"Feature","geometry":{"type":"Point","coordinates":[1.8932967190709038,50.9589188]},"properties":{"parcel_id":"62193000DR0368","section":"DR","number":"368","area_m2":2010,"zone_type":"U","zone_label":"UD","planning_document":"62193_PLU_20260710","demand_cell_id":"CRS3035RES200mN3125600E3752600"}},{"type":"Feature","geometry":{"type":"Point","coordinates":[1.893470501785115,50.9579795]},"properties":{"parcel_id":"62193000DP0121","section":"DP","number":"121","area_m2":1640,"zone_type":"U","zone_label":"UD","planning_document":"62193_PLU_20260710","demand_cell_id":"CRS3035RES200mN3125600E3752600"}},{"type":"Feature","geometry":{"type":"Point","coordinates":[1.891248655004374,50.95942575]},"properties":{"parcel_id":"62193000DR0405","section":"DR","number":"405","area_m2":1127,"zone_type":"U","zone_label":"UD","planning_document":"62193_PLU_20260710","demand_cell_id":"CRS3035RES200mN3125600E3752600"}},{"type":"Feature","geometry":{"type":"Point","coordinates":[1.8949675875538188,50.958872]},"properties":{"parcel_id":"62193000DT0015","section":"DT","number":"15","area_m2":3520,"zone_type":"U","zone_label":"UD","planning_document":"62193_PLU_20260710","demand_cell_id":"CRS3035RES200mN3125600E3752800"}},{"type":"Feature","geometry":{"type":"Point","coordinates":[1.8960974321473791,50.959180599999996]},"properties":{"parcel_id":"62193000DT0017","section":"DT","number":"17","area_m2":2928,"zone_type":"AUc","zone_label":"1AU","planning_document":"62193_PLU_20260710","demand_cell_id":"CRS3035RES200mN3125600E3752800"}},{"type":"Feature","geometry":{"type":"Point","coordinates":[1.894114301120877,50.9591923]},"properties":{"parcel_id":"62193000DT0001","section":"DT","number":"1","area_m2":1893,"zone_type":"AUc","zone_label":"1AU","planning_document":"62193_PLU_20260710","demand_cell_id":"CRS3035RES200mN3125600E3752800"}},{"type":"Feature","geometry":{"type":"Point","coordinates":[1.8921772332083715,50.961277550000005]},"properties":{"parcel_id":"62193000DR0264","section":"DR","number":"264","area_m2":49147,"zone_type":"AUc","zone_label":"1AU","planning_document":"62193_PLU_20260710","demand_cell_id":"CRS3035RES200mN3125800E3752600"}},{"type":"Feature","geometry":{"type":"Point","coordinates":[1.891398419325153,50.9605113]},"properties":{"parcel_id":"62193000DR0631","section":"DR","number":"631","area_m2":2992,"zone_type":"AUc","zone_label":"1AU","planning_document":"62193_PLU_20260710","demand_cell_id":"CRS3035RES200mN3125800E3752600"}},{"type":"Feature","geometry":{"type":"Point","coordinates":[1.8934875945114165,50.9606949]},"properties":{"parcel_id":"62193000DS0075","section":"DS","number":"75","area_m2":1894,"zone_type":"AUc","zone_label":"1AU","planning_document":"62193_PLU_20260710","demand_cell_id":"CRS3035RES200mN3125800E3752600"}},{"type":"Feature","geometry":{"type":"Point","coordinates":[1.8897435225932728,50.960341150000005]},"properties":{"parcel_id":"62193000DR0643","section":"DR","number":"643","area_m2":4030,"zone_type":"AUc","zone_label":"1AU","planning_document":"62193_PLU_20260710","demand_cell_id":"CRS3035RES200mN3125800E3752400"}},{"type":"Feature","geometry":{"type":"Point","coordinates":[1.8895957949110254,50.9597189]},"properties":{"parcel_id":"62193000DR0549","section":"DR","number":"549","area_m2":3376,"zone_type":"AUc","zone_label":"1AU","planning_document":"62193_PLU_20260710","demand_cell_id":"CRS3035RES200mN3125800E3752400"}},{"type":"Feature","geometry":{"type":"Point","coordinates":[1.8905015028858214,50.9603534]},"properties":{"parcel_id":"62193000DR0614","section":"DR","number":"614","area_m2":2891,"zone_type":"AUc","zone_label":"1AU","planning_document":"62193_PLU_20260710","demand_cell_id":"CRS3035RES200mN3125800E3752400"}},{"type":"Feature","geometry":{"type":"Point","coordinates":[1.882770214069064,50.9602339]},"properties":{"parcel_id":"62193000DR0051","section":"DR","number":"51","area_m2":5589,"zone_type":"U","zone_label":"UD","planning_document":"62193_PLU_20260710","demand_cell_id":"CRS3035RES200mN3125800E3752000"}},{"type":"Feature","geometry":{"type":"Point","coordinates":[1.8834670327654521,50.9605031]},"properties":{"parcel_id":"62193000DR0061","section":"DR","number":"61","area_m2":1193,"zone_type":"U","zone_label":"UD","planning_document":"62193_PLU_20260710","demand_cell_id":"CRS3035RES200mN3125800E3752000"}},{"type":"Feature","geometry":{"type":"Point","coordinates":[1.8823866965896987,50.960024950000005]},"properties":{"parcel_id":"62193000DR0067","section":"DR","number":"67","area_m2":1151,"zone_type":"U","zone_label":"UD","planning_document":"62193_PLU_20260710","demand_cell_id":"CRS3035RES200mN3125800E3752000"}},{"type":"Feature","geometry":{"type":"Point","coordinates":[1.8874377393511916,50.961570449999996]},"properties":{"parcel_id":"62193000DR0541","section":"DR","number":"541","area_m2":7905,"zone_type":"AUc","zone_label":"1AU","planning_document":"62193_PLU_20260710","demand_cell_id":"CRS3035RES200mN3126000E3752200"}},{"type":"Feature","geometry":{"type":"Point","coordinates":[1.8853520942991209,50.96159355]},"properties":{"parcel_id":"62193000DR0503","section":"DR","number":"503","area_m2":6944,"zone_type":"U","zone_label":"UD","planning_document":"62193_PLU_20260710","demand_cell_id":"CRS3035RES200mN3126000E3752200"}},{"type":"Feature","geometry":{"type":"Point","coordinates":[1.8870214680326036,50.96243465]},"properties":{"parcel_id":"62193000DR0183","section":"DR","number":"183","area_m2":2017,"zone_type":"U","zone_label":"UD","planning_document":"62193_PLU_20260710","demand_cell_id":"CRS3035RES200mN3126000E3752200"}},{"type":"Feature","geometry":{"type":"Point","coordinates":[1.8900169649046075,50.961791]},"properties":{"parcel_id":"62193000DR0571","section":"DR","number":"571","area_m2":3063,"zone_type":"AUc","zone_label":"1AU","planning_document":"62193_PLU_20260710","demand_cell_id":"CRS3035RES200mN3126000E3752400"}},{"type":"Feature","geometry":{"type":"Point","coordinates":[1.889227796828358,50.9620194]},"properties":{"parcel_id":"62193000DR0548","section":"DR","number":"548","area_m2":2680,"zone_type":"AUc","zone_label":"1AU","planning_document":"62193_PLU_20260710","demand_cell_id":"CRS3035RES200mN3126000E3752400"}},{"type":"Feature","geometry":{"type":"Point","coordinates":[1.889519554512563,50.9623238]},"properties":{"parcel_id":"62193000DR0569","section":"DR","number":"569","area_m2":2428,"zone_type":"AUc","zone_label":"1AU","planning_document":"62193_PLU_20260710","demand_cell_id":"CRS3035RES200mN3126000E3752400"}},{"type":"Feature","geometry":{"type":"Point","coordinates":[1.8851474641097266,50.960217799999995]},"properties":{"parcel_id":"62193000DR0107","section":"DR","number":"107","area_m2":1248,"zone_type":"U","zone_label":"UD","planning_document":"62193_PLU_20260710","demand_cell_id":"CRS3035RES200mN3125800E3752200"}},{"type":"Feature","geometry":{"type":"Point","coordinates":[1.8855558575224312,50.95968015]},"properties":{"parcel_id":"62193000DR0099","section":"DR","number":"99","area_m2":757,"zone_type":"U","zone_label":"UD","planning_document":"62193_PLU_20260710","demand_cell_id":"CRS3035RES200mN3125800E3752200"}},{"type":"Feature","geometry":{"type":"Point","coordinates":[1.885110786816982,50.9609275]},"properties":{"parcel_id":"62193000DR0475","section":"DR","number":"475","area_m2":683,"zone_type":"U","zone_label":"UD","planning_document":"62193_PLU_20260710","demand_cell_id":"CRS3035RES200mN3125800E3752200"}},{"type":"Feature","geometry":{"type":"Point","coordinates":[1.8930979264931742,50.96212295]},"properties":{"parcel_id":"62193000DS0079","section":"DS","number":"79","area_m2":1898,"zone_type":"AUc","zone_label":"1AU","planning_document":"62193_PLU_20260710","demand_cell_id":"CRS3035RES200mN3126000E3752600"}},{"type":"Feature","geometry":{"type":"Point","coordinates":[1.8929677279280304,50.9625847]},"properties":{"parcel_id":"62193000DS0080","section":"DS","number":"80","area_m2":1892,"zone_type":"AUc","zone_label":"1AU","planning_document":"62193_PLU_20260710","demand_cell_id":"CRS3035RES200mN3126000E3752600"}},{"type":"Feature","geometry":{"type":"Point","coordinates":[1.8907402187076525,50.961587300000005]},"properties":{"parcel_id":"62193000DR0585","section":"DR","number":"585","area_m2":1800,"zone_type":"AUc","zone_label":"1AU","planning_document":"62193_PLU_20260710","demand_cell_id":"CRS3035RES200mN3126000E3752600"}},{"type":"Feature","geometry":{"type":"Point","coordinates":[1.89401438172929,50.9636776]},"properties":{"parcel_id":"62193000DS0094","section":"DS","number":"94","area_m2":1306,"zone_type":"U","zone_label":"UD","planning_document":"62193_PLU_20260710","demand_cell_id":"CRS3035RES200mN3126200E3752800"}},{"type":"Feature","geometry":{"type":"Point","coordinates":[1.8951975567266284,50.963963199999995]},"properties":{"parcel_id":"62193000DS0015","section":"DS","number":"15","area_m2":1280,"zone_type":"U","zone_label":"UD","planning_document":"62193_PLU_20260710","demand_cell_id":"CRS3035RES200mN3126200E3752800"}},{"type":"Feature","geometry":{"type":"Point","coordinates":[1.8948898475073914,50.963826499999996]},"properties":{"parcel_id":"62193000DS0014","section":"DS","number":"14","area_m2":824,"zone_type":"U","zone_label":"UD","planning_document":"62193_PLU_20260710","demand_cell_id":"CRS3035RES200mN3126200E3752800"}},{"type":"Feature","geometry":{"type":"Point","coordinates":[1.9007328744697243,50.96439425]},"properties":{"parcel_id":"62193000DS0038","section":"DS","number":"38","area_m2":2356,"zone_type":"U","zone_label":"UD","planning_document":"62193_PLU_20260710","demand_cell_id":"CRS3035RES200mN3126200E3753200"}},{"type":"Feature","geometry":{"type":"Point","coordinates":[1.901386544959268,50.964462499999996]},"properties":{"parcel_id":"62193000DS0039","section":"DS","number":"39","area_m2":2335,"zone_type":"U","zone_label":"UD","planning_document":"62193_PLU_20260710","demand_cell_id":"CRS3035RES200mN3126200E3753200"}},{"type":"Feature","geometry":{"type":"Point","coordinates":[1.899045905492693,50.96449335]},"properties":{"parcel_id":"62193000DS0031","section":"DS","number":"31","area_m2":666,"zone_type":"U","zone_label":"UD","planning_document":"62193_PLU_20260710","demand_cell_id":"CRS3035RES200mN3126200E3753200"}},{"type":"Feature","geometry":{"type":"Point","coordinates":[1.9026995690269737,50.964497300000005]},"properties":{"parcel_id":"62193000DS0046","section":"DS","number":"46","area_m2":1831,"zone_type":"U","zone_label":"UD","planning_document":"62193_PLU_20260710","demand_cell_id":"CRS3035RES200mN3126200E3753400"}},{"type":"Feature","geometry":{"type":"Point","coordinates":[1.9029291861783322,50.96480005]},"properties":{"parcel_id":"62193000DS0044","section":"DS","number":"44","area_m2":594,"zone_type":"U","zone_label":"UD","planning_document":"62193_PLU_20260710","demand_cell_id":"CRS3035RES200mN3126200E3753400"}},{"type":"Feature","geometry":{"type":"Point","coordinates":[1.9023514897634208,50.964736450000004]},"properties":{"parcel_id":"62193000DS0042","section":"DS","number":"42","area_m2":530,"zone_type":"U","zone_label":"UD","planning_document":"62193_PLU_20260710","demand_cell_id":"CRS3035RES200mN3126200E3753400"}},{"type":"Feature","geometry":{"type":"Point","coordinates":[1.898426490220071,50.956220200000004]},"properties":{"parcel_id":"62193000DT0213","section":"DT","number":"213","area_m2":24403,"zone_type":"U","zone_label":"UE","planning_document":"62193_PLU_20260710","demand_cell_id":"CRS3035RES200mN3125200E3753000"}},{"type":"Feature","geometry":{"type":"Point","coordinates":[1.8998009571320593,50.95648155]},"properties":{"parcel_id":"62193000DT0124","section":"DT","number":"124","area_m2":20645,"zone_type":"U","zone_label":"UE","planning_document":"62193_PLU_20260710","demand_cell_id":"CRS3035RES200mN3125200E3753000"}},{"type":"Feature","geometry":{"type":"Point","coordinates":[1.8988393926172886,50.95656855]},"properties":{"parcel_id":"62193000DT0125","section":"DT","number":"125","area_m2":11331,"zone_type":"U","zone_label":"UE","planning_document":"62193_PLU_20260710","demand_cell_id":"CRS3035RES200mN3125400E3753000"}},{"type":"Feature","geometry":{"type":"Point","coordinates":[1.8973213729290488,50.95709445]},"properties":{"parcel_id":"62193000DT0210","section":"DT","number":"210","area_m2":3344,"zone_type":"U","zone_label":"UE","planning_document":"62193_PLU_20260710","demand_cell_id":"CRS3035RES200mN3125400E3753000"}},{"type":"Feature","geometry":{"type":"Point","coordinates":[1.8994704839793632,50.95758535]},"properties":{"parcel_id":"62193000DT0123","section":"DT","number":"123","area_m2":3040,"zone_type":"U","zone_label":"UE","planning_document":"62193_PLU_20260710","demand_cell_id":"CRS3035RES200mN3125400E3753000"}},{"type":"Feature","geometry":{"type":"Point","coordinates":[1.8999305362750392,50.9596837]},"properties":{"parcel_id":"62193000DT0051","section":"DT","number":"51","area_m2":10687,"zone_type":"AUc","zone_label":"1AU","planning_document":"62193_PLU_20260710","demand_cell_id":"CRS3035RES200mN3125600E3753200"}},{"type":"Feature","geometry":{"type":"Point","coordinates":[1.9021642318968746,50.95952025]},"properties":{"parcel_id":"62193000DT0062","section":"DT","number":"62","area_m2":5608,"zone_type":"AUc","zone_label":"1AU","planning_document":"62193_PLU_20260710","demand_cell_id":"CRS3035RES200mN3125600E3753200"}},{"type":"Feature","geometry":{"type":"Point","coordinates":[1.9016693627833487,50.95932795]},"properties":{"parcel_id":"62193000DT0061","section":"DT","number":"61","area_m2":5046,"zone_type":"U","zone_label":"UD","planning_document":"62193_PLU_20260710","demand_cell_id":"CRS3035RES200mN3125600E3753200"}},{"type":"Feature","geometry":{"type":"Point","coordinates":[1.9011588458455178,50.957180050000005]},"properties":{"parcel_id":"62193000DT0106","section":"DT","number":"106","area_m2":7899,"zone_type":"U","zone_label":"UE","planning_document":"62193_PLU_20260710","demand_cell_id":"CRS3035RES200mN3125400E3753200"}},{"type":"Feature","geometry":{"type":"Point","coordinates":[1.9024028942740014,50.9570014]},"properties":{"parcel_id":"62193000DT0088","section":"DT","number":"88","area_m2":5354,"zone_type":"U","zone_label":"UE","planning_document":"62193_PLU_20260710","demand_cell_id":"CRS3035RES200mN3125400E3753200"}},{"type":"Feature","geometry":{"type":"Point","coordinates":[1.9017827322911298,50.9570052]},"properties":{"parcel_id":"62193000DT0092","section":"DT","number":"92","area_m2":3624,"zone_type":"U","zone_label":"UE","planning_document":"62193_PLU_20260710","demand_cell_id":"CRS3035RES200mN3125400E3753200"}},{"type":"Feature","geometry":{"type":"Point","coordinates":[1.8985079179484539,50.95930555]},"properties":{"parcel_id":"62193000DT0047","section":"DT","number":"47","area_m2":6857,"zone_type":"U","zone_label":"UD","planning_document":"62193_PLU_20260710","demand_cell_id":"CRS3035RES200mN3125600E3753000"}},{"type":"Feature","geometry":{"type":"Point","coordinates":[1.8973666951636456,50.959570799999995]},"properties":{"parcel_id":"62193000DT0037","section":"DT","number":"37","area_m2":4834,"zone_type":"AUc","zone_label":"1AU","planning_document":"62193_PLU_20260710","demand_cell_id":"CRS3035RES200mN3125600E3753000"}},{"type":"Feature","geometry":{"type":"Point","coordinates":[1.8992144828414643,50.959425550000006]},"properties":{"parcel_id":"62193000DT0048","section":"DT","number":"48","area_m2":3064,"zone_type":"AUc","zone_label":"1AU","planning_document":"62193_PLU_20260710","demand_cell_id":"CRS3035RES200mN3125600E3753000"}},{"type":"Feature","geometry":{"type":"Point","coordinates":[1.904407464311328,50.9595738]},"properties":{"parcel_id":"62193000DT0066","section":"DT","number":"66","area_m2":7814,"zone_type":"AUc","zone_label":"1AU","planning_document":"62193_PLU_20260710","demand_cell_id":"CRS3035RES200mN3125600E3753400"}},{"type":"Feature","geometry":{"type":"Point","coordinates":[1.9028530356814495,50.95951985]},"properties":{"parcel_id":"62193000DT0063","section":"DT","number":"63","area_m2":7085,"zone_type":"AUc","zone_label":"1AU","planning_document":"62193_PLU_20260710","demand_cell_id":"CRS3035RES200mN3125600E3753400"}},{"type":"Feature","geometry":{"type":"Point","coordinates":[1.9049951144973485,50.95956845]},"properties":{"parcel_id":"62193000DT0214","section":"DT","number":"214","area_m2":2266,"zone_type":"AUc","zone_label":"1AU","planning_document":"62193_PLU_20260710","demand_cell_id":"CRS3035RES200mN3125600E3753400"}},{"type":"Feature","geometry":{"type":"Point","coordinates":[1.9116243484508144,50.964364]},"properties":{"parcel_id":"62193000DV0046","section":"DV","number":"46","area_m2":10587,"zone_type":"AUc","zone_label":"1AU","planning_document":"62193_PLU_20260710","demand_cell_id":"CRS3035RES200mN3126000E3754000"}},{"type":"Feature","geometry":{"type":"Point","coordinates":[1.912023356142072,50.9645452]},"properties":{"parcel_id":"62193000DV0020","section":"DV","number":"20","area_m2":9268,"zone_type":"AUc","zone_label":"1AU","planning_document":"62193_PLU_20260710","demand_cell_id":"CRS3035RES200mN3126000E3754000"}},{"type":"Feature","geometry":{"type":"Point","coordinates":[1.9047951235415246,50.9650049]},"properties":{"parcel_id":"62193000DV0001","section":"DV","number":"1","area_m2":1923,"zone_type":"U","zone_label":"UD","planning_document":"62193_PLU_20260710","demand_cell_id":"CRS3035RES200mN3126200E3753600"}},{"type":"Feature","geometry":{"type":"Point","coordinates":[1.9057312539152307,50.96508005]},"properties":{"parcel_id":"62193000DV0005","section":"DV","number":"5","area_m2":1404,"zone_type":"U","zone_label":"UD","planning_document":"62193_PLU_20260710","demand_cell_id":"CRS3035RES200mN3126200E3753600"}},{"type":"Feature","geometry":{"type":"Point","coordinates":[1.9094447758292534,50.9655041]},"properties":{"parcel_id":"62193000DV0012","section":"DV","number":"12","area_m2":6200,"zone_type":"U","zone_label":"UD","planning_document":"62193_PLU_20260710","demand_cell_id":"CRS3035RES200mN3126200E3753800"}},{"type":"Feature","geometry":{"type":"Point","coordinates":[1.9074043696289962,50.9651061]},"properties":{"parcel_id":"62193000DV0088","section":"DV","number":"88","area_m2":504,"zone_type":"U","zone_label":"UD","planning_document":"62193_PLU_20260710","demand_cell_id":"CRS3035RES200mN3126200E3753800"}},{"type":"Feature","geometry":{"type":"Point","coordinates":[1.911322450737265,50.965570400000004]},"properties":{"parcel_id":"62193000DV0019","section":"DV","number":"19","area_m2":1985,"zone_type":"U","zone_label":"UD","planning_document":"62193_PLU_20260710","demand_cell_id":"CRS3035RES200mN3126200E3754000"}},{"type":"Feature","geometry":{"type":"Point","coordinates":[1.9109502495462982,50.96559875]},"properties":{"parcel_id":"62193000DV0018","section":"DV","number":"18","area_m2":847,"zone_type":"U","zone_label":"UD","planning_document":"62193_PLU_20260710","demand_cell_id":"CRS3035RES200mN3126200E3754000"}},{"type":"Feature","geometry":{"type":"Point","coordinates":[1.9107528801369864,50.96559875]},"properties":{"parcel_id":"62193000DV0017","section":"DV","number":"17","area_m2":645,"zone_type":"U","zone_label":"UD","planning_document":"62193_PLU_20260710","demand_cell_id":"CRS3035RES200mN3126200E3754000"}},{"type":"Feature","geometry":{"type":"Point","coordinates":[1.8467591582748748,50.93924495]},"properties":{"parcel_id":"62193000DX0011","section":"DX","number":"11","area_m2":14001,"zone_type":"U","zone_label":"UE","planning_document":"62193_PLU_20260710","demand_cell_id":"CRS3035RES200mN3123800E3749200"}},{"type":"Feature","geometry":{"type":"Point","coordinates":[1.8461635377649899,50.9400204]},"properties":{"parcel_id":"62193000DX0005","section":"DX","number":"5","area_m2":9015,"zone_type":"U","zone_label":"UE","planning_document":"62193_PLU_20260710","demand_cell_id":"CRS3035RES200mN3123800E3749200"}},{"type":"Feature","geometry":{"type":"Point","coordinates":[1.8484826934589296,50.939065049999996]},"properties":{"parcel_id":"62193000DX0008","section":"DX","number":"8","area_m2":8961,"zone_type":"U","zone_label":"UE","planning_document":"62193_PLU_20260710","demand_cell_id":"CRS3035RES200mN3123800E3749200"}},{"type":"Feature","geometry":{"type":"Point","coordinates":[1.8404441250914796,50.94054595]},"properties":{"parcel_id":"62193000DX0097","section":"DX","number":"97","area_m2":15767,"zone_type":"U","zone_label":"UG","planning_document":"62193_PLU_20260710","demand_cell_id":"CRS3035RES200mN3124000E3748800"}},{"type":"Feature","geometry":{"type":"Point","coordinates":[1.8404815362700526,50.94000945]},"properties":{"parcel_id":"62193000DX0173","section":"DX","number":"173","area_m2":5370,"zone_type":"U","zone_label":"UG","planning_document":"62193_PLU_20260710","demand_cell_id":"CRS3035RES200mN3124000E3748800"}},{"type":"Feature","geometry":{"type":"Point","coordinates":[1.8425923379962426,50.94042845]},"properties":{"parcel_id":"62193000DX0108","section":"DX","number":"108","area_m2":4236,"zone_type":"U","zone_label":"UG","planning_document":"62193_PLU_20260710","demand_cell_id":"CRS3035RES200mN3124000E3748800"}},{"type":"Feature","geometry":{"type":"Point","coordinates":[1.8397503463976213,50.941687349999995]},"properties":{"parcel_id":"62193000DX0210","section":"DX","number":"210","area_m2":7927,"zone_type":"U","zone_label":"UG","planning_document":"62193_PLU_20260710","demand_cell_id":"CRS3035RES200mN3124200E3748800"}},{"type":"Feature","geometry":{"type":"Point","coordinates":[1.8404355845605842,50.942059]},"properties":{"parcel_id":"62193000DX0192","section":"DX","number":"192","area_m2":5194,"zone_type":"U","zone_label":"UC","planning_document":"62193_PLU_20260710","demand_cell_id":"CRS3035RES200mN3124200E3748800"}},{"type":"Feature","geometry":{"type":"Point","coordinates":[1.839833672842265,50.9421429]},"properties":{"parcel_id":"62193000DX0233","section":"DX","number":"233","area_m2":735,"zone_type":"U","zone_label":"UC","planning_document":"62193_PLU_20260710","demand_cell_id":"CRS3035RES200mN3124200E3748800"}},{"type":"Feature","geometry":{"type":"Point","coordinates":[1.8429741973781881,50.94117285]},"properties":{"parcel_id":"62193000DX0242","section":"DX","number":"242","area_m2":4108,"zone_type":"U","zone_label":"UC","planning_document":"62193_PLU_20260710","demand_cell_id":"CRS3035RES200mN3124000E3749000"}},{"type":"Feature","geometry":{"type":"Point","coordinates":[1.8443311052062525,50.9407219]},"properties":{"parcel_id":"62193000DX0003","section":"DX","number":"3","area_m2":3474,"zone_type":"U","zone_label":"UC","planning_document":"62193_PLU_20260710","demand_cell_id":"CRS3035RES200mN3124000E3749000"}},{"type":"Feature","geometry":{"type":"Point","coordinates":[1.844896016893319,50.94045365]},"properties":{"parcel_id":"62193000DX0004","section":"DX","number":"4","area_m2":2505,"zone_type":"U","zone_label":"UE","planning_document":"62193_PLU_20260710","demand_cell_id":"CRS3035RES200mN3124000E3749000"}},{"type":"Feature","geometry":{"type":"Point","coordinates":[1.833050372237943,50.94277995]},"properties":{"parcel_id":"62193000DY0157","section":"DY","number":"157","area_m2":25562,"zone_type":"U","zone_label":"UG(i)","planning_document":"62193_PLU_20260710","demand_cell_id":"CRS3035RES200mN3124200E3748200"}},{"type":"Feature","geometry":{"type":"Point","coordinates":[1.8316444540700054,50.94273255]},"properties":{"parcel_id":"62193000DY0161","section":"DY","number":"161","area_m2":5977,"zone_type":"U","zone_label":"UG(i)","planning_document":"62193_PLU_20260710","demand_cell_id":"CRS3035RES200mN3124200E3748200"}},{"type":"Feature","geometry":{"type":"Point","coordinates":[1.8305727551449182,50.9428432]},"properties":{"parcel_id":"62193000DY0006","section":"DY","number":"6","area_m2":6060,"zone_type":"U","zone_label":"UG(i)","planning_document":"62193_PLU_20260710","demand_cell_id":"CRS3035RES200mN3124400E3748000"}},{"type":"Feature","geometry":{"type":"Point","coordinates":[1.8299799138686121,50.942949049999996]},"properties":{"parcel_id":"62193000DY0003","section":"DY","number":"3","area_m2":6029,"zone_type":"U","zone_label":"UG(i)","planning_document":"62193_PLU_20260710","demand_cell_id":"CRS3035RES200mN3124400E3748000"}},{"type":"Feature","geometry":{"type":"Point","coordinates":[1.8304792808546453,50.94383740000001]},"properties":{"parcel_id":"62193000DY0182","section":"DY","number":"182","area_m2":4623,"zone_type":"U","zone_label":"UC(i)","planning_document":"62193_PLU_20260710","demand_cell_id":"CRS3035RES200mN3124400E3748000"}},{"type":"Feature","geometry":{"type":"Point","coordinates":[1.8376003633440519,50.9428027]},"properties":{"parcel_id":"62193000DY0134","section":"DY","number":"134","area_m2":3436,"zone_type":"U","zone_label":"UC","planning_document":"62193_PLU_20260710","demand_cell_id":"CRS3035RES200mN3124200E3748600"}},{"type":"Feature","geometry":{"type":"Point","coordinates":[1.8373864800899713,50.9416375]},"properties":{"parcel_id":"62193000DY0166","section":"DY","number":"166","area_m2":2427,"zone_type":"U","zone_label":"UG(i)","planning_document":"62193_PLU_20260710","demand_cell_id":"CRS3035RES200mN3124200E3748600"}},{"type":"Feature","geometry":{"type":"Point","coordinates":[1.8368033587390902,50.9428948]},"properties":{"parcel_id":"62193000DY0054","section":"DY","number":"54","area_m2":2098,"zone_type":"U","zone_label":"UC","planning_document":"62193_PLU_20260710","demand_cell_id":"CRS3035RES200mN3124200E3748600"}},{"type":"Feature","geometry":{"type":"Point","coordinates":[1.822875896050875,50.943714150000005]},"properties":{"parcel_id":"62193000DZ0007","section":"DZ","number":"7","area_m2":2641,"zone_type":"U","zone_label":"UC(i)","planning_document":"62193_PLU_20260710","demand_cell_id":"CRS3035RES200mN3124400E3747600"}},{"type":"Feature","geometry":{"type":"Point","coordinates":[1.8234974686046517,50.9438583]},"properties":{"parcel_id":"62193000DZ0010","section":"DZ","number":"10","area_m2":1527,"zone_type":"U","zone_label":"UC(i)","planning_document":"62193_PLU_20260710","demand_cell_id":"CRS3035RES200mN3124400E3747600"}},{"type":"Feature","geometry":{"type":"Point","coordinates":[1.8200332343196144,50.943795]},"properties":{"parcel_id":"62193000DZ0002","section":"DZ","number":"2","area_m2":3527,"zone_type":"U","zone_label":"UC(i)","planning_document":"62193_PLU_20260710","demand_cell_id":"CRS3035RES200mN3124600E3747400"}},{"type":"Feature","geometry":{"type":"Point","coordinates":[1.8455157610079875,50.95835785]},"properties":{"parcel_id":"62193000XE0177","section":"XE","number":"177","area_m2":3416,"zone_type":"U","zone_label":"UA","planning_document":"62193_PLU_20260710","demand_cell_id":"CRS3035RES200mN3126000E3749400"}},{"type":"Feature","geometry":{"type":"Point","coordinates":[1.846029550531376,50.95919615]},"properties":{"parcel_id":"62193000XA0259","section":"XA","number":"259","area_m2":1723,"zone_type":"U","zone_label":"UA","planning_document":"62193_PLU_20260710","demand_cell_id":"CRS3035RES200mN3126000E3749400"}},{"type":"Feature","geometry":{"type":"Point","coordinates":[1.8459381886905042,50.959712350000004]},"properties":{"parcel_id":"62193000XA0255","section":"XA","number":"255","area_m2":1039,"zone_type":"U","zone_label":"UA","planning_document":"62193_PLU_20260710","demand_cell_id":"CRS3035RES200mN3126000E3749400"}},{"type":"Feature","geometry":{"type":"Point","coordinates":[1.8496615050160523,50.9601615]},"properties":{"parcel_id":"62193000XB0039","section":"XB","number":"39","area_m2":1342,"zone_type":"U","zone_label":"UA","planning_document":"62193_PLU_20260710","demand_cell_id":"CRS3035RES200mN3126000E3749600"}},{"type":"Feature","geometry":{"type":"Point","coordinates":[1.8491087231226544,50.96019955]},"properties":{"parcel_id":"62193000XB0006","section":"XB","number":"6","area_m2":827,"zone_type":"U","zone_label":"UA","planning_document":"62193_PLU_20260710","demand_cell_id":"CRS3035RES200mN3126000E3749600"}},{"type":"Feature","geometry":{"type":"Point","coordinates":[1.8479271463461537,50.95969935]},"properties":{"parcel_id":"62193000XA0086","section":"XA","number":"86","area_m2":682,"zone_type":"U","zone_label":"UA","planning_document":"62193_PLU_20260710","demand_cell_id":"CRS3035RES200mN3126000E3749600"}},{"type":"Feature","geometry":{"type":"Point","coordinates":[1.8527730007713845,50.959673300000006]},"properties":{"parcel_id":"62193000XB0171","section":"XB","number":"171","area_m2":2703,"zone_type":"U","zone_label":"UA","planning_document":"62193_PLU_20260710","demand_cell_id":"CRS3035RES200mN3126000E3749800"}},{"type":"Feature","geometry":{"type":"Point","coordinates":[1.8531730711596481,50.959183800000005]},"properties":{"parcel_id":"62193000XB0168","section":"XB","number":"168","area_m2":861,"zone_type":"U","zone_label":"UA","planning_document":"62193_PLU_20260710","demand_cell_id":"CRS3035RES200mN3126000E3749800"}},{"type":"Feature","geometry":{"type":"Point","coordinates":[1.852949857209286,50.9588405]},"properties":{"parcel_id":"62193000XD0195","section":"XD","number":"195","area_m2":707,"zone_type":"U","zone_label":"UA","planning_document":"62193_PLU_20260710","demand_cell_id":"CRS3035RES200mN3126000E3749800"}},{"type":"Feature","geometry":{"type":"Point","coordinates":[1.8502846557971298,50.96048725]},"properties":{"parcel_id":"62193000XB0231","section":"XB","number":"231","area_m2":1971,"zone_type":"U","zone_label":"UA","planning_document":"62193_PLU_20260710","demand_cell_id":"CRS3035RES200mN3126200E3749600"}},{"type":"Feature","geometry":{"type":"Point","coordinates":[1.8496089425317388,50.960470400000005]},"properties":{"parcel_id":"62193000XB0043","section":"XB","number":"43","area_m2":532,"zone_type":"U","zone_label":"UA","planning_document":"62193_PLU_20260710","demand_cell_id":"CRS3035RES200mN3126200E3749600"}},{"type":"Feature","geometry":{"type":"Point","coordinates":[1.848482972547387,50.96056685]},"properties":{"parcel_id":"62193000XB0235","section":"XB","number":"235","area_m2":511,"zone_type":"U","zone_label":"UA","planning_document":"62193_PLU_20260710","demand_cell_id":"CRS3035RES200mN3126200E3749600"}},{"type":"Feature","geometry":{"type":"Point","coordinates":[1.8488487315384605,50.95825125]},"properties":{"parcel_id":"62193000XE0159","section":"XE","number":"159","area_m2":1981,"zone_type":"U","zone_label":"UA","planning_document":"62193_PLU_20260710","demand_cell_id":"CRS3035RES200mN3125800E3749600"}},{"type":"Feature","geometry":{"type":"Point","coordinates":[1.8499251932362604,50.9581065]},"properties":{"parcel_id":"62193000XD0035","section":"XD","number":"35","area_m2":1643,"zone_type":"U","zone_label":"UA","planning_document":"62193_PLU_20260710","demand_cell_id":"CRS3035RES200mN3125800E3749600"}},{"type":"Feature","geometry":{"type":"Point","coordinates":[1.848935344863487,50.95778435]},"properties":{"parcel_id":"62193000XE0085","section":"XE","number":"85","area_m2":1216,"zone_type":"U","zone_label":"UA","planning_document":"62193_PLU_20260710","demand_cell_id":"CRS3035RES200mN3125800E3749600"}},{"type":"Feature","geometry":{"type":"Point","coordinates":[1.8517605325000006,50.956924]},"properties":{"parcel_id":"62193000XD0111","section":"XD","number":"111","area_m2":2631,"zone_type":"U","zone_label":"UA","planning_document":"62193_PLU_20260710","demand_cell_id":"CRS3035RES200mN3125800E3749800"}},{"type":"Feature","geometry":{"type":"Point","coordinates":[1.8532474308900526,50.9581928]},"properties":{"parcel_id":"62193000XD0216","section":"XD","number":"216","area_m2":2629,"zone_type":"U","zone_label":"UA","planning_document":"62193_PLU_20260710","demand_cell_id":"CRS3035RES200mN3125800E3749800"}},{"type":"Feature","geometry":{"type":"Point","coordinates":[1.8515540897132952,50.957341799999995]},"properties":{"parcel_id":"62193000XD0271","section":"XD","number":"271","area_m2":1406,"zone_type":"U","zone_label":"UA","planning_document":"62193_PLU_20260710","demand_cell_id":"CRS3035RES200mN3125800E3749800"}},{"type":"Feature","geometry":{"type":"Point","coordinates":[1.8524549079741,50.9551991]},"properties":{"parcel_id":"62193000XI0012","section":"XI","number":"12","area_m2":1159,"zone_type":"U","zone_label":"UA","planning_document":"62193_PLU_20260710","demand_cell_id":"CRS3035RES200mN3125600E3749800"}},{"type":"Feature","geometry":{"type":"Point","coordinates":[1.8541512510110316,50.95655285]},"properties":{"parcel_id":"62193000XK0111","section":"XK","number":"111","area_m2":907,"zone_type":"U","zone_label":"UA","planning_document":"62193_PLU_20260710","demand_cell_id":"CRS3035RES200mN3125600E3749800"}},{"type":"Feature","geometry":{"type":"Point","coordinates":[1.8519267239255748,50.95526665]},"properties":{"parcel_id":"62193000XI0011","section":"XI","number":"11","area_m2":889,"zone_type":"U","zone_label":"UA","planning_document":"62193_PLU_20260710","demand_cell_id":"CRS3035RES200mN3125600E3749800"}},{"type":"Feature","geometry":{"type":"Point","coordinates":[1.8459014146700914,50.95746655]},"properties":{"parcel_id":"62193000XE0178","section":"XE","number":"178","area_m2":3430,"zone_type":"U","zone_label":"UA","planning_document":"62193_PLU_20260710","demand_cell_id":"CRS3035RES200mN3125800E3749400"}},{"type":"Feature","geometry":{"type":"Point","coordinates":[1.8479465587247392,50.95779635]},"properties":{"parcel_id":"62193000XE0103","section":"XE","number":"103","area_m2":1254,"zone_type":"U","zone_label":"UA","planning_document":"62193_PLU_20260710","demand_cell_id":"CRS3035RES200mN3125800E3749400"}},{"type":"Feature","geometry":{"type":"Point","coordinates":[1.8466474704145717,50.95777805]},"properties":{"parcel_id":"62193000XE0135","section":"XE","number":"135","area_m2":1134,"zone_type":"U","zone_label":"UA","planning_document":"62193_PLU_20260710","demand_cell_id":"CRS3035RES200mN3125800E3749400"}},{"type":"Feature","geometry":{"type":"Point","coordinates":[1.8492378686774193,50.9558544]},"properties":{"parcel_id":"62193000XI0038","section":"XI","number":"38","area_m2":4709,"zone_type":"U","zone_label":"UA","planning_document":"62193_PLU_20260710","demand_cell_id":"CRS3035RES200mN3125600E3749600"}},{"type":"Feature","geometry":{"type":"Point","coordinates":[1.8494623989593908,50.95498115]},"properties":{"parcel_id":"62193000XI0029","section":"XI","number":"29","area_m2":915,"zone_type":"U","zone_label":"UA","planning_document":"62193_PLU_20260710","demand_cell_id":"CRS3035RES200mN3125600E3749600"}},{"type":"Feature","geometry":{"type":"Point","coordinates":[1.851517583494161,50.9552985]},"properties":{"parcel_id":"62193000XI0010","section":"XI","number":"10","area_m2":810,"zone_type":"U","zone_label":"UA","planning_document":"62193_PLU_20260710","demand_cell_id":"CRS3035RES200mN3125600E3749600"}},{"type":"Feature","geometry":{"type":"Point","coordinates":[1.850506717911255,50.9616784]},"properties":{"parcel_id":"62193000XN0100","section":"XN","number":"100","area_m2":1792,"zone_type":"U","zone_label":"UA(l)(i)","planning_document":"62193_PLU_20260710","demand_cell_id":"CRS3035RES200mN3126200E3749800"}},{"type":"Feature","geometry":{"type":"Point","coordinates":[1.8512122207790214,50.9619397]},"properties":{"parcel_id":"62193000XN0011","section":"XN","number":"11","area_m2":693,"zone_type":"U","zone_label":"UA(l)(i)","planning_document":"62193_PLU_20260710","demand_cell_id":"CRS3035RES200mN3126200E3749800"}},{"type":"Feature","geometry":{"type":"Point","coordinates":[1.8514571874813162,50.9612724]},"properties":{"parcel_id":"62193000XN0097","section":"XN","number":"97","area_m2":681,"zone_type":"U","zone_label":"UA(l)(i)","planning_document":"62193_PLU_20260710","demand_cell_id":"CRS3035RES200mN3126200E3749800"}},{"type":"Feature","geometry":{"type":"Point","coordinates":[1.8423832063267598,50.94369825]},"properties":{"parcel_id":"62193000XO0051","section":"XO","number":"51","area_m2":3153,"zone_type":"U","zone_label":"UC","planning_document":"62193_PLU_20260710","demand_cell_id":"CRS3035RES200mN3124400E3749000"}},{"type":"Feature","geometry":{"type":"Point","coordinates":[1.8426113996061868,50.9442152]},"properties":{"parcel_id":"62193000XO0311","section":"XO","number":"311","area_m2":2290,"zone_type":"U","zone_label":"UC","planning_document":"62193_PLU_20260710","demand_cell_id":"CRS3035RES200mN3124400E3749000"}},{"type":"Feature","geometry":{"type":"Point","coordinates":[1.842775376867427,50.943946600000004]},"properties":{"parcel_id":"62193000XO0313","section":"XO","number":"313","area_m2":574,"zone_type":"U","zone_label":"UC","planning_document":"62193_PLU_20260710","demand_cell_id":"CRS3035RES200mN3124400E3749000"}},{"type":"Feature","geometry":{"type":"Point","coordinates":[1.8505702764084508,50.94019495]},"properties":{"parcel_id":"62193000XS0264","section":"XS","number":"264","area_m2":1214,"zone_type":"U","zone_label":"UA","planning_document":"62193_PLU_20260710","demand_cell_id":"CRS3035RES200mN3123800E3749400"}},{"type":"Feature","geometry":{"type":"Point","coordinates":[1.8508592871426885,50.940222250000005]},"properties":{"parcel_id":"62193000XS0263","section":"XS","number":"263","area_m2":955,"zone_type":"U","zone_label":"UA","planning_document":"62193_PLU_20260710","demand_cell_id":"CRS3035RES200mN3123800E3749400"}},{"type":"Feature","geometry":{"type":"Point","coordinates":[1.850015059006537,50.9396297]},"properties":{"parcel_id":"62193000XR0234","section":"XR","number":"234","area_m2":647,"zone_type":"U","zone_label":"UC","planning_document":"62193_PLU_20260710","demand_cell_id":"CRS3035RES200mN3123800E3749400"}},{"type":"Feature","geometry":{"type":"Point","coordinates":[1.8516034493650753,50.9388449]},"properties":{"parcel_id":"62193000XS0229","section":"XS","number":"229","area_m2":1202,"zone_type":"U","zone_label":"UA","planning_document":"62193_PLU_20260710","demand_cell_id":"CRS3035RES200mN3123800E3749600"}},{"type":"Feature","geometry":{"type":"Point","coordinates":[1.8520920616231764,50.938976749999995]},"properties":{"parcel_id":"62193000XS0227","section":"XS","number":"227","area_m2":526,"zone_type":"U","zone_label":"UA","planning_document":"62193_PLU_20260710","demand_cell_id":"CRS3035RES200mN3123800E3749600"}},{"type":"Feature","geometry":{"type":"Point","coordinates":[1.856967089666338,50.93975375]},"properties":{"parcel_id":"62193000XT0011","section":"XT","number":"11","area_m2":1966,"zone_type":"U","zone_label":"UA","planning_document":"62193_PLU_20260710","demand_cell_id":"CRS3035RES200mN3123800E3749800"}},{"type":"Feature","geometry":{"type":"Point","coordinates":[1.8555263281616106,50.939620250000004]},"properties":{"parcel_id":"62193000XT0114","section":"XT","number":"114","area_m2":1307,"zone_type":"U","zone_label":"UA","planning_document":"62193_PLU_20260710","demand_cell_id":"CRS3035RES200mN3123800E3749800"}},{"type":"Feature","geometry":{"type":"Point","coordinates":[1.8558817460750074,50.9392621]},"properties":{"parcel_id":"62193000XT0493","section":"XT","number":"493","area_m2":1231,"zone_type":"U","zone_label":"UA","planning_document":"62193_PLU_20260710","demand_cell_id":"CRS3035RES200mN3123800E3749800"}}]}