{"type":"FeatureCollection","name":"Filosofi 2021 — commune 75056","metadata":{"source":"INSEE — Filosofi 2021, carreaux de 200 m","published":"2026-02-12","crs":"EPSG:4326","vulnerability_formula":{"poverty_rate":0.4,"senior_rate":0.3,"single_parent_rate":0.15,"social_housing_rate":0.15}},"features":[{"type":"Feature","geometry":{"type":"Polygon","coordinates":[[[2.454753,48.815862],[2.45448,48.81765],[2.451769,48.817466],[2.452042,48.815678],[2.454753,48.815862]]]},"properties":{"id":"CRS3035RES200mN2884200E3767600","population":12.0,"households":6.2,"poverty_rate":0.0,"senior_rate":0.27499999999999997,"single_parent_rate":0.16129032258064516,"social_housing_rate":0.0,"imputed":true,"vulnerability":22.1}},{"type":"Feature","geometry":{"type":"Polygon","coordinates":[[[2.457464,48.816046],[2.457191,48.817834],[2.45448,48.81765],[2.454753,48.815862],[2.457464,48.816046]]]},"properties":{"id":"CRS3035RES200mN2884200E3767800","population":439.0,"households":215.0,"poverty_rate":0.13023255813953488,"senior_rate":0.15261958997722094,"single_parent_rate":0.10697674418604651,"social_housing_rate":0.4046511627906977,"imputed":false,"vulnerability":25.6}},{"type":"Feature","geometry":{"type":"Polygon","coordinates":[[[2.460174,48.816229],[2.459902,48.818018],[2.457191,48.817834],[2.457464,48.816046],[2.460174,48.816229]]]},"properties":{"id":"CRS3035RES200mN2884200E3768000","population":486.0,"households":231.0,"poverty_rate":0.09956709956709957,"senior_rate":0.17078189300411523,"single_parent_rate":0.07792207792207792,"social_housing_rate":0.0735930735930736,"imputed":false,"vulnerability":18.8}},{"type":"Feature","geometry":{"type":"Polygon","coordinates":[[[2.462885,48.816413],[2.462613,48.818202],[2.459902,48.818018],[2.460174,48.816229],[2.462885,48.816413]]]},"properties":{"id":"CRS3035RES200mN2884200E3768200","population":1019.0,"households":619.0,"poverty_rate":0.0888529886914378,"senior_rate":0.35034347399411186,"single_parent_rate":0.0420032310177706,"social_housing_rate":0.0,"imputed":false,"vulnerability":25.5}},{"type":"Feature","geometry":{"type":"Polygon","coordinates":[[[2.438215,48.816545],[2.437942,48.818333],[2.435231,48.818149],[2.435504,48.81636],[2.438215,48.816545]]]},"properties":{"id":"CRS3035RES200mN2884400E3766400","population":112.0,"households":44.0,"poverty_rate":0.22727272727272727,"senior_rate":0.05357142857142857,"single_parent_rate":0.09090909090909091,"social_housing_rate":0.29545454545454547,"imputed":false,"vulnerability":22.7}},{"type":"Feature","geometry":{"type":"Polygon","coordinates":[[[2.440926,48.816729],[2.440653,48.818517],[2.437942,48.818333],[2.438215,48.816545],[2.440926,48.816729]]]},"properties":{"id":"CRS3035RES200mN2884400E3766600","population":43.0,"households":14.5,"poverty_rate":0.11724137931034483,"senior_rate":0.19069767441860463,"single_parent_rate":0.11724137931034483,"social_housing_rate":0.0,"imputed":true,"vulnerability":21.4}},{"type":"Feature","geometry":{"type":"Polygon","coordinates":[[[2.443637,48.816913],[2.443363,48.818702],[2.440653,48.818517],[2.440926,48.816729],[2.443637,48.816913]]]},"properties":{"id":"CRS3035RES200mN2884400E3766800","population":31.0,"households":10.5,"poverty_rate":0.12380952380952381,"senior_rate":0.1870967741935484,"single_parent_rate":0.12380952380952381,"social_housing_rate":0.0,"imputed":true,"vulnerability":21.8}},{"type":"Feature","geometry":{"type":"Polygon","coordinates":[[[2.446347,48.817098],[2.446074,48.818886],[2.443363,48.818702],[2.443637,48.816913],[2.446347,48.817098]]]},"properties":{"id":"CRS3035RES200mN2884400E3767000","population":240.0,"households":101.0,"poverty_rate":0.1188118811881188,"senior_rate":0.22916666666666666,"single_parent_rate":0.19801980198019803,"social_housing_rate":0.6039603960396039,"imputed":false,"vulnerability":36.2}},{"type":"Feature","geometry":{"type":"Polygon","coordinates":[[[2.449058,48.817282],[2.448785,48.81907],[2.446074,48.818886],[2.446347,48.817098],[2.449058,48.817282]]]},"properties":{"id":"CRS3035RES200mN2884400E3767200","population":13.0,"households":6.8,"poverty_rate":0.0,"senior_rate":0.2846153846153846,"single_parent_rate":0.14705882352941177,"social_housing_rate":0.0,"imputed":true,"vulnerability":22.0}},{"type":"Feature","geometry":{"type":"Polygon","coordinates":[[[2.451769,48.817466],[2.451496,48.819254],[2.448785,48.81907],[2.449058,48.817282],[2.451769,48.817466]]]},"properties":{"id":"CRS3035RES200mN2884400E3767400","population":28.0,"households":12.0,"poverty_rate":0.16666666666666666,"senior_rate":0.10714285714285714,"single_parent_rate":0.08333333333333333,"social_housing_rate":0.0,"imputed":false,"vulnerability":17.8}},{"type":"Feature","geometry":{"type":"Polygon","coordinates":[[[2.459902,48.818018],[2.459629,48.819806],[2.456918,48.819622],[2.457191,48.817834],[2.459902,48.818018]]]},"properties":{"id":"CRS3035RES200mN2884400E3768000","population":5.0,"households":2.5,"poverty_rate":0.12,"senior_rate":0.3,"single_parent_rate":0.08,"social_housing_rate":0.0,"imputed":true,"vulnerability":26.0}},{"type":"Feature","geometry":{"type":"Polygon","coordinates":[[[2.462613,48.818202],[2.46234,48.81999],[2.459629,48.819806],[2.459902,48.818018],[2.462613,48.818202]]]},"properties":{"id":"CRS3035RES200mN2884400E3768200","population":251.0,"households":139.0,"poverty_rate":0.1223021582733813,"senior_rate":0.15139442231075698,"single_parent_rate":0.10071942446043165,"social_housing_rate":0.0,"imputed":false,"vulnerability":18.8}},{"type":"Feature","geometry":{"type":"Polygon","coordinates":[[[2.465324,48.818385],[2.465051,48.820174],[2.46234,48.81999],[2.462613,48.818202],[2.465324,48.818385]]]},"properties":{"id":"CRS3035RES200mN2884400E3768400","population":647.0,"households":323.0,"poverty_rate":0.0804953560371517,"senior_rate":0.17156105100463678,"single_parent_rate":0.09597523219814241,"social_housing_rate":0.015479876160990712,"imputed":false,"vulnerability":17.8}},{"type":"Feature","geometry":{"type":"Polygon","coordinates":[[[2.435231,48.818149],[2.434957,48.819937],[2.432246,48.819752],[2.43252,48.817964],[2.435231,48.818149]]]},"properties":{"id":"CRS3035RES200mN2884600E3766200","population":306.5,"households":128.0,"poverty_rate":0.109375,"senior_rate":0.09135399673735727,"single_parent_rate":0.1015625,"social_housing_rate":0.0,"imputed":false,"vulnerability":14.9}},{"type":"Feature","geometry":{"type":"Polygon","coordinates":[[[2.437942,48.818333],[2.437668,48.820121],[2.434957,48.819937],[2.435231,48.818149],[2.437942,48.818333]]]},"properties":{"id":"CRS3035RES200mN2884600E3766400","population":169.0,"households":72.0,"poverty_rate":0.16666666666666666,"senior_rate":0.04142011834319527,"single_parent_rate":0.125,"social_housing_rate":0.06944444444444445,"imputed":false,"vulnerability":17.1}},{"type":"Feature","geometry":{"type":"Polygon","coordinates":[[[2.46234,48.81999],[2.462068,48.821778],[2.459357,48.821594],[2.459629,48.819806],[2.46234,48.81999]]]},"properties":{"id":"CRS3035RES200mN2884600E3768200","population":1.0,"households":0.5,"poverty_rate":0.2,"senior_rate":0.4,"single_parent_rate":0.0,"social_housing_rate":0.0,"imputed":true,"vulnerability":32.0}},{"type":"Feature","geometry":{"type":"Polygon","coordinates":[[[2.465051,48.820174],[2.464779,48.821962],[2.462068,48.821778],[2.46234,48.81999],[2.465051,48.820174]]]},"properties":{"id":"CRS3035RES200mN2884600E3768400","population":182.5,"households":107.0,"poverty_rate":0.19626168224299065,"senior_rate":0.12054794520547946,"single_parent_rate":0.11214953271028037,"social_housing_rate":0.009345794392523364,"imputed":false,"vulnerability":21.4}},{"type":"Feature","geometry":{"type":"Polygon","coordinates":[[[2.356347,48.81456],[2.356071,48.816348],[2.35336,48.816161],[2.353636,48.814373],[2.356347,48.81456]]]},"properties":{"id":"CRS3035RES200mN2884800E3760400","population":1017.0,"households":460.0,"poverty_rate":0.20217391304347826,"senior_rate":0.21632251720747295,"single_parent_rate":0.15869565217391304,"social_housing_rate":0.8586956521739131,"imputed":false,"vulnerability":41.7}},{"type":"Feature","geometry":{"type":"Polygon","coordinates":[[[2.359057,48.814746],[2.358781,48.816534],[2.356071,48.816348],[2.356347,48.81456],[2.359057,48.814746]]]},"properties":{"id":"CRS3035RES200mN2884800E3760600","population":451.0,"households":227.0,"poverty_rate":0.21585903083700442,"senior_rate":0.17073170731707318,"single_parent_rate":0.14537444933920704,"social_housing_rate":0.4052863436123348,"imputed":false,"vulnerability":32.5}},{"type":"Feature","geometry":{"type":"Polygon","coordinates":[[[2.361768,48.814932],[2.361492,48.81672],[2.358781,48.816534],[2.359057,48.814746],[2.361768,48.814932]]]},"properties":{"id":"CRS3035RES200mN2884800E3760800","population":298.5,"households":192.0,"poverty_rate":0.16666666666666666,"senior_rate":0.1440536013400335,"single_parent_rate":0.020833333333333332,"social_housing_rate":0.041666666666666664,"imputed":false,"vulnerability":17.8}},{"type":"Feature","geometry":{"type":"Polygon","coordinates":[[[2.364478,48.815119],[2.364202,48.816906],[2.361492,48.81672],[2.361768,48.814932],[2.364478,48.815119]]]},"properties":{"id":"CRS3035RES200mN2884800E3761000","population":453.0,"households":229.0,"poverty_rate":0.26200873362445415,"senior_rate":0.046357615894039736,"single_parent_rate":0.13973799126637554,"social_housing_rate":0.5895196506550219,"imputed":false,"vulnerability":30.5}},{"type":"Feature","geometry":{"type":"Polygon","coordinates":[[[2.367189,48.815305],[2.366913,48.817093],[2.364202,48.816906],[2.364478,48.815119],[2.367189,48.815305]]]},"properties":{"id":"CRS3035RES200mN2884800E3761200","population":389.0,"households":197.0,"poverty_rate":0.20304568527918782,"senior_rate":0.16966580976863754,"single_parent_rate":0.07614213197969544,"social_housing_rate":0.0,"imputed":false,"vulnerability":22.8}},{"type":"Feature","geometry":{"type":"Polygon","coordinates":[[[2.46749,48.822145],[2.467218,48.823934],[2.464507,48.82375],[2.464779,48.821962],[2.46749,48.822145]]]},"properties":{"id":"CRS3035RES200mN2884800E3768600","population":290.0,"households":156.0,"poverty_rate":0.057692307692307696,"senior_rate":0.18275862068965518,"single_parent_rate":0.07692307692307693,"social_housing_rate":0.0641025641025641,"imputed":false,"vulnerability":17.2}},{"type":"Feature","geometry":{"type":"Polygon","coordinates":[[[2.337097,48.815041],[2.33682,48.816829],[2.33411,48.816642],[2.334387,48.814855],[2.337097,48.815041]]]},"properties":{"id":"CRS3035RES200mN2885000E3759000","population":205.5,"households":92.0,"poverty_rate":0.18478260869565216,"senior_rate":0.11678832116788321,"single_parent_rate":0.06521739130434782,"social_housing_rate":0.13043478260869565,"imputed":false,"vulnerability":20.4}},{"type":"Feature","geometry":{"type":"Polygon","coordinates":[[[2.339808,48.815228],[2.339531,48.817016],[2.33682,48.816829],[2.337097,48.815041],[2.339808,48.815228]]]},"properties":{"id":"CRS3035RES200mN2885000E3759200","population":250.5,"households":130.0,"poverty_rate":0.2,"senior_rate":0.1596806387225549,"single_parent_rate":0.08461538461538462,"social_housing_rate":0.0,"imputed":false,"vulnerability":22.4}},{"type":"Feature","geometry":{"type":"Polygon","coordinates":[[[2.342518,48.815415],[2.342241,48.817203],[2.339531,48.817016],[2.339808,48.815228],[2.342518,48.815415]]]},"properties":{"id":"CRS3035RES200mN2885000E3759400","population":362.0,"households":221.0,"poverty_rate":0.13122171945701358,"senior_rate":0.143646408839779,"single_parent_rate":0.08597285067873303,"social_housing_rate":0.0,"imputed":false,"vulnerability":18.2}},{"type":"Feature","geometry":{"type":"Polygon","coordinates":[[[2.345229,48.815602],[2.344952,48.81739],[2.342241,48.817203],[2.342518,48.815415],[2.345229,48.815602]]]},"properties":{"id":"CRS3035RES200mN2885000E3759600","population":83.0,"households":56.0,"poverty_rate":0.5,"senior_rate":0.12048192771084337,"single_parent_rate":0.017857142857142856,"social_housing_rate":0.0,"imputed":false,"vulnerability":32.4}},{"type":"Feature","geometry":{"type":"Polygon","coordinates":[[[2.35065,48.815975],[2.350373,48.817763],[2.347662,48.817576],[2.347939,48.815788],[2.35065,48.815975]]]},"properties":{"id":"CRS3035RES200mN2885000E3760000","population":594.5,"households":296.0,"poverty_rate":0.16554054054054054,"senior_rate":0.18671152228763668,"single_parent_rate":0.1858108108108108,"social_housing_rate":0.8108108108108109,"imputed":false,"vulnerability":38.7}},{"type":"Feature","geometry":{"type":"Polygon","coordinates":[[[2.35336,48.816161],[2.353084,48.817949],[2.350373,48.817763],[2.35065,48.815975],[2.35336,48.816161]]]},"properties":{"id":"CRS3035RES200mN2885000E3760200","population":546.5,"households":287.0,"poverty_rate":0.22996515679442509,"senior_rate":0.2708142726440988,"single_parent_rate":0.13588850174216027,"social_housing_rate":0.9860627177700348,"imputed":false,"vulnerability":47.1}},{"type":"Feature","geometry":{"type":"Polygon","coordinates":[[[2.358781,48.816534],[2.358505,48.818322],[2.355794,48.818136],[2.356071,48.816348],[2.358781,48.816534]]]},"properties":{"id":"CRS3035RES200mN2885000E3760600","population":488.0,"households":170.0,"poverty_rate":0.23529411764705882,"senior_rate":0.12090163934426229,"single_parent_rate":0.2,"social_housing_rate":1.0,"imputed":false,"vulnerability":42.1}},{"type":"Feature","geometry":{"type":"Polygon","coordinates":[[[2.361492,48.81672],[2.361216,48.818508],[2.358505,48.818322],[2.358781,48.816534],[2.361492,48.81672]]]},"properties":{"id":"CRS3035RES200mN2885000E3760800","population":138.5,"households":69.0,"poverty_rate":0.2608695652173913,"senior_rate":0.22382671480144403,"single_parent_rate":0.13043478260869565,"social_housing_rate":1.0,"imputed":false,"vulnerability":46.0}},{"type":"Feature","geometry":{"type":"Polygon","coordinates":[[[2.364202,48.816906],[2.363926,48.818694],[2.361216,48.818508],[2.361492,48.81672],[2.364202,48.816906]]]},"properties":{"id":"CRS3035RES200mN2885000E3761000","population":1389.5,"households":502.0,"poverty_rate":0.1852589641434263,"senior_rate":0.16768621806405182,"single_parent_rate":0.2250996015936255,"social_housing_rate":0.99800796812749,"imputed":false,"vulnerability":43.2}},{"type":"Feature","geometry":{"type":"Polygon","coordinates":[[[2.366913,48.817093],[2.366637,48.818881],[2.363926,48.818694],[2.364202,48.816906],[2.366913,48.817093]]]},"properties":{"id":"CRS3035RES200mN2885000E3761200","population":588.0,"households":206.0,"poverty_rate":0.2912621359223301,"senior_rate":0.12074829931972789,"single_parent_rate":0.1941747572815534,"social_housing_rate":1.0,"imputed":false,"vulnerability":44.6}},{"type":"Feature","geometry":{"type":"Polygon","coordinates":[[[2.369623,48.817279],[2.369348,48.819067],[2.366637,48.818881],[2.366913,48.817093],[2.369623,48.817279]]]},"properties":{"id":"CRS3035RES200mN2885000E3761400","population":52.5,"households":23.1,"poverty_rate":0.2597402597402597,"senior_rate":0.2704761904761905,"single_parent_rate":0.2251082251082251,"social_housing_rate":0.0303030303030303,"imputed":true,"vulnerability":38.1}},{"type":"Feature","geometry":{"type":"Polygon","coordinates":[[[2.372334,48.817465],[2.372058,48.819253],[2.369348,48.819067],[2.369623,48.817279],[2.372334,48.817465]]]},"properties":{"id":"CRS3035RES200mN2885000E3761600","population":321.5,"households":165.0,"poverty_rate":0.2727272727272727,"senior_rate":0.13374805598755832,"single_parent_rate":0.09696969696969697,"social_housing_rate":0.0,"imputed":false,"vulnerability":25.2}},{"type":"Feature","geometry":{"type":"Polygon","coordinates":[[[2.375045,48.817651],[2.374769,48.819439],[2.372058,48.819253],[2.372334,48.817465],[2.375045,48.817651]]]},"properties":{"id":"CRS3035RES200mN2885000E3761800","population":1196.0,"households":554.0,"poverty_rate":0.20577617328519857,"senior_rate":0.19816053511705686,"single_parent_rate":0.13898916967509026,"social_housing_rate":0.5108303249097473,"imputed":false,"vulnerability":34.9}},{"type":"Feature","geometry":{"type":"Polygon","coordinates":[[[2.431973,48.82154],[2.431699,48.823329],[2.428988,48.823144],[2.429262,48.821356],[2.431973,48.82154]]]},"properties":{"id":"CRS3035RES200mN2885000E3766000","population":13.5,"households":4.7,"poverty_rate":0.0851063829787234,"senior_rate":0.28148148148148144,"single_parent_rate":0.0851063829787234,"social_housing_rate":0.0,"imputed":true,"vulnerability":23.4}},{"type":"Feature","geometry":{"type":"Polygon","coordinates":[[[2.445528,48.822462],[2.445255,48.82425],[2.442544,48.824066],[2.442817,48.822278],[2.445528,48.822462]]]},"properties":{"id":"CRS3035RES200mN2885000E3767000","population":4.0,"households":1.4,"poverty_rate":0.07142857142857144,"senior_rate":0.275,"single_parent_rate":0.07142857142857144,"social_housing_rate":0.0,"imputed":true,"vulnerability":21.8}},{"type":"Feature","geometry":{"type":"Polygon","coordinates":[[[2.450951,48.82283],[2.450678,48.824619],[2.447966,48.824435],[2.448239,48.822646],[2.450951,48.82283]]]},"properties":{"id":"CRS3035RES200mN2885000E3767400","population":3.0,"households":1.0,"poverty_rate":0.1,"senior_rate":0.26666666666666666,"single_parent_rate":0.1,"social_housing_rate":0.0,"imputed":true,"vulnerability":24.0}},{"type":"Feature","geometry":{"type":"Polygon","coordinates":[[[2.467218,48.823934],[2.466946,48.825722],[2.464234,48.825538],[2.464507,48.82375],[2.467218,48.823934]]]},"properties":{"id":"CRS3035RES200mN2885000E3768600","population":112.5,"households":51.0,"poverty_rate":0.0784313725490196,"senior_rate":0.16,"single_parent_rate":0.058823529411764705,"social_housing_rate":0.0,"imputed":false,"vulnerability":15.3}},{"type":"Feature","geometry":{"type":"Polygon","coordinates":[[[2.33411,48.816642],[2.333833,48.81843],[2.331122,48.818243],[2.331399,48.816455],[2.33411,48.816642]]]},"properties":{"id":"CRS3035RES200mN2885200E3758800","population":623.5,"households":349.0,"poverty_rate":0.19197707736389685,"senior_rate":0.1090617481956696,"single_parent_rate":0.05730659025787966,"social_housing_rate":0.44126074498567336,"imputed":false,"vulnerability":24.7}},{"type":"Feature","geometry":{"type":"Polygon","coordinates":[[[2.342241,48.817203],[2.341965,48.818991],[2.339254,48.818804],[2.339531,48.817016],[2.342241,48.817203]]]},"properties":{"id":"CRS3035RES200mN2885200E3759400","population":3.0,"households":1.4,"poverty_rate":0.07142857142857144,"senior_rate":0.16666666666666666,"single_parent_rate":0.07142857142857144,"social_housing_rate":0.0,"imputed":true,"vulnerability":15.8}},{"type":"Feature","geometry":{"type":"Polygon","coordinates":[[[2.358505,48.818322],[2.358229,48.82011],[2.355518,48.819924],[2.355794,48.818136],[2.358505,48.818322]]]},"properties":{"id":"CRS3035RES200mN2885200E3760600","population":525.0,"households":204.0,"poverty_rate":0.16176470588235295,"senior_rate":0.17523809523809525,"single_parent_rate":0.2107843137254902,"social_housing_rate":0.9754901960784313,"imputed":false,"vulnerability":41.5}},{"type":"Feature","geometry":{"type":"Polygon","coordinates":[[[2.361216,48.818508],[2.360939,48.820296],[2.358229,48.82011],[2.358505,48.818322],[2.361216,48.818508]]]},"properties":{"id":"CRS3035RES200mN2885200E3760800","population":953.0,"households":375.0,"poverty_rate":0.18933333333333333,"senior_rate":0.16998950682056663,"single_parent_rate":0.11733333333333333,"social_housing_rate":0.856,"imputed":false,"vulnerability":36.7}},{"type":"Feature","geometry":{"type":"Polygon","coordinates":[[[2.363926,48.818694],[2.36365,48.820482],[2.360939,48.820296],[2.361216,48.818508],[2.363926,48.818694]]]},"properties":{"id":"CRS3035RES200mN2885200E3761000","population":696.0,"households":346.0,"poverty_rate":0.2023121387283237,"senior_rate":0.22270114942528735,"single_parent_rate":0.10404624277456648,"social_housing_rate":0.6127167630057804,"imputed":false,"vulnerability":36.1}},{"type":"Feature","geometry":{"type":"Polygon","coordinates":[[[2.366637,48.818881],[2.366361,48.820669],[2.36365,48.820482],[2.363926,48.818694],[2.366637,48.818881]]]},"properties":{"id":"CRS3035RES200mN2885200E3761200","population":2976.5,"households":1409.0,"poverty_rate":0.21788502484031227,"senior_rate":0.19754745506467328,"single_parent_rate":0.09723207948899928,"social_housing_rate":0.3797019162526615,"imputed":false,"vulnerability":31.7}},{"type":"Feature","geometry":{"type":"Polygon","coordinates":[[[2.369348,48.819067],[2.369072,48.820855],[2.366361,48.820669],[2.366637,48.818881],[2.369348,48.819067]]]},"properties":{"id":"CRS3035RES200mN2885200E3761400","population":10.0,"households":4.4,"poverty_rate":0.25,"senior_rate":0.27,"single_parent_rate":0.22727272727272727,"social_housing_rate":0.022727272727272728,"imputed":true,"vulnerability":37.5}},{"type":"Feature","geometry":{"type":"Polygon","coordinates":[[[2.372058,48.819253],[2.371783,48.821041],[2.369072,48.820855],[2.369348,48.819067],[2.372058,48.819253]]]},"properties":{"id":"CRS3035RES200mN2885200E3761600","population":8.0,"households":3.5,"poverty_rate":0.2571428571428572,"senior_rate":0.2625,"single_parent_rate":0.2285714285714286,"social_housing_rate":0.028571428571428574,"imputed":true,"vulnerability":37.6}},{"type":"Feature","geometry":{"type":"Polygon","coordinates":[[[2.374769,48.819439],[2.374493,48.821227],[2.371783,48.821041],[2.372058,48.819253],[2.374769,48.819439]]]},"properties":{"id":"CRS3035RES200mN2885200E3761800","population":570.0,"households":201.0,"poverty_rate":0.2736318407960199,"senior_rate":0.17543859649122806,"single_parent_rate":0.263681592039801,"social_housing_rate":1.0,"imputed":false,"vulnerability":49.7}},{"type":"Feature","geometry":{"type":"Polygon","coordinates":[[[2.37748,48.819625],[2.377204,48.821413],[2.374493,48.821227],[2.374769,48.819439],[2.37748,48.819625]]]},"properties":{"id":"CRS3035RES200mN2885200E3762000","population":190.0,"households":160.0,"poverty_rate":0.4625,"senior_rate":0.005263157894736842,"single_parent_rate":0.025,"social_housing_rate":0.8125,"imputed":false,"vulnerability":36.7}},{"type":"Feature","geometry":{"type":"Polygon","coordinates":[[[2.380191,48.81981],[2.379915,48.821598],[2.377204,48.821413],[2.37748,48.819625],[2.380191,48.81981]]]},"properties":{"id":"CRS3035RES200mN2885200E3762200","population":517.0,"households":249.0,"poverty_rate":0.2891566265060241,"senior_rate":0.1470019342359768,"single_parent_rate":0.08032128514056225,"social_housing_rate":0.08835341365461848,"imputed":false,"vulnerability":27.3}},{"type":"Feature","geometry":{"type":"Polygon","coordinates":[[[2.420855,48.82259],[2.420581,48.824378],[2.41787,48.824193],[2.418144,48.822405],[2.420855,48.82259]]]},"properties":{"id":"CRS3035RES200mN2885200E3765200","population":1058.5,"households":510.0,"poverty_rate":0.07450980392156863,"senior_rate":0.18138875767595655,"single_parent_rate":0.09215686274509804,"social_housing_rate":0.0,"imputed":false,"vulnerability":17.7}},{"type":"Feature","geometry":{"type":"Polygon","coordinates":[[[2.423566,48.822775],[2.423292,48.824563],[2.420581,48.824378],[2.420855,48.82259],[2.423566,48.822775]]]},"properties":{"id":"CRS3035RES200mN2885200E3765400","population":547.5,"households":269.0,"poverty_rate":0.09665427509293681,"senior_rate":0.1771689497716895,"single_parent_rate":0.10037174721189591,"social_housing_rate":0.026022304832713755,"imputed":false,"vulnerability":19.3}},{"type":"Feature","geometry":{"type":"Polygon","coordinates":[[[2.426277,48.822959],[2.426003,48.824747],[2.423292,48.824563],[2.423566,48.822775],[2.426277,48.822959]]]},"properties":{"id":"CRS3035RES200mN2885200E3765600","population":101.5,"households":32.0,"poverty_rate":0.0625,"senior_rate":0.27586206896551724,"single_parent_rate":0.09375,"social_housing_rate":0.0,"imputed":false,"vulnerability":22.4}},{"type":"Feature","geometry":{"type":"Polygon","coordinates":[[[2.428988,48.823144],[2.428714,48.824932],[2.426003,48.824747],[2.426277,48.822959],[2.428988,48.823144]]]},"properties":{"id":"CRS3035RES200mN2885200E3765800","population":159.0,"households":59.0,"poverty_rate":0.05084745762711865,"senior_rate":0.20754716981132076,"single_parent_rate":0.05084745762711865,"social_housing_rate":0.0,"imputed":false,"vulnerability":16.2}},{"type":"Feature","geometry":{"type":"Polygon","coordinates":[[[2.431699,48.823329],[2.431425,48.825117],[2.428714,48.824932],[2.428988,48.823144],[2.431699,48.823329]]]},"properties":{"id":"CRS3035RES200mN2885200E3766000","population":11.0,"households":3.8,"poverty_rate":0.07894736842105263,"senior_rate":0.2818181818181818,"single_parent_rate":0.07894736842105263,"social_housing_rate":0.0,"imputed":true,"vulnerability":22.9}},{"type":"Feature","geometry":{"type":"Polygon","coordinates":[[[2.328412,48.818056],[2.328134,48.819844],[2.325424,48.819657],[2.325701,48.817869],[2.328412,48.818056]]]},"properties":{"id":"CRS3035RES200mN2885400E3758400","population":354.0,"households":214.0,"poverty_rate":0.13551401869158877,"senior_rate":0.1327683615819209,"single_parent_rate":0.04205607476635514,"social_housing_rate":0.0,"imputed":false,"vulnerability":15.9}},{"type":"Feature","geometry":{"type":"Polygon","coordinates":[[[2.336543,48.818617],[2.336266,48.820405],[2.333556,48.820218],[2.333833,48.81843],[2.336543,48.818617]]]},"properties":{"id":"CRS3035RES200mN2885400E3759000","population":8.5,"households":4.1,"poverty_rate":0.09756097560975611,"senior_rate":0.1411764705882353,"single_parent_rate":0.09756097560975611,"social_housing_rate":0.0,"imputed":true,"vulnerability":16.9}},{"type":"Feature","geometry":{"type":"Polygon","coordinates":[[[2.339254,48.818804],[2.338977,48.820592],[2.336266,48.820405],[2.336543,48.818617],[2.339254,48.818804]]]},"properties":{"id":"CRS3035RES200mN2885400E3759200","population":17.0,"households":8.2,"poverty_rate":0.09756097560975611,"senior_rate":0.14705882352941177,"single_parent_rate":0.09756097560975611,"social_housing_rate":0.0,"imputed":true,"vulnerability":17.2}},{"type":"Feature","geometry":{"type":"Polygon","coordinates":[[[2.341965,48.818991],[2.341688,48.820779],[2.338977,48.820592],[2.339254,48.818804],[2.341965,48.818991]]]},"properties":{"id":"CRS3035RES200mN2885400E3759400","population":111.0,"households":71.0,"poverty_rate":0.16901408450704225,"senior_rate":0.22522522522522523,"single_parent_rate":0.08450704225352113,"social_housing_rate":0.0,"imputed":false,"vulnerability":24.5}},{"type":"Feature","geometry":{"type":"Polygon","coordinates":[[[2.344675,48.819177],[2.344398,48.820965],[2.341688,48.820779],[2.341965,48.818991],[2.344675,48.819177]]]},"properties":{"id":"CRS3035RES200mN2885400E3759600","population":856.0,"households":440.0,"poverty_rate":0.08636363636363636,"senior_rate":0.27453271028037385,"single_parent_rate":0.06363636363636363,"social_housing_rate":0.15681818181818183,"imputed":false,"vulnerability":24.5}},{"type":"Feature","geometry":{"type":"Polygon","coordinates":[[[2.347386,48.819364],[2.347109,48.821152],[2.344398,48.820965],[2.344675,48.819177],[2.347386,48.819364]]]},"properties":{"id":"CRS3035RES200mN2885400E3759800","population":1666.0,"households":701.0,"poverty_rate":0.19543509272467904,"senior_rate":0.19207683073229292,"single_parent_rate":0.1783166904422254,"social_housing_rate":0.7489300998573466,"imputed":false,"vulnerability":39.3}},{"type":"Feature","geometry":{"type":"Polygon","coordinates":[[[2.350097,48.819551],[2.34982,48.821339],[2.347109,48.821152],[2.347386,48.819364],[2.350097,48.819551]]]},"properties":{"id":"CRS3035RES200mN2885400E3760000","population":1573.5,"households":728.0,"poverty_rate":0.1510989010989011,"senior_rate":0.10359072132189387,"single_parent_rate":0.09065934065934066,"social_housing_rate":0.5631868131868132,"imputed":false,"vulnerability":25.6}},{"type":"Feature","geometry":{"type":"Polygon","coordinates":[[[2.352807,48.819737],[2.352531,48.821525],[2.34982,48.821339],[2.350097,48.819551],[2.352807,48.819737]]]},"properties":{"id":"CRS3035RES200mN2885400E3760200","population":926.0,"households":479.0,"poverty_rate":0.20250521920668058,"senior_rate":0.18250539956803455,"single_parent_rate":0.1440501043841336,"social_housing_rate":0.9937369519832986,"imputed":false,"vulnerability":41.3}},{"type":"Feature","geometry":{"type":"Polygon","coordinates":[[[2.355518,48.819924],[2.355242,48.821711],[2.352531,48.821525],[2.352807,48.819737],[2.355518,48.819924]]]},"properties":{"id":"CRS3035RES200mN2885400E3760400","population":706.5,"households":320.0,"poverty_rate":0.290625,"senior_rate":0.1726822363765039,"single_parent_rate":0.1375,"social_housing_rate":0.959375,"imputed":false,"vulnerability":44.4}},{"type":"Feature","geometry":{"type":"Polygon","coordinates":[[[2.358229,48.82011],[2.357952,48.821898],[2.355242,48.821711],[2.355518,48.819924],[2.358229,48.82011]]]},"properties":{"id":"CRS3035RES200mN2885400E3760600","population":944.5,"households":405.0,"poverty_rate":0.1506172839506173,"senior_rate":0.22763366860772896,"single_parent_rate":0.11358024691358025,"social_housing_rate":0.3950617283950617,"imputed":false,"vulnerability":30.9}},{"type":"Feature","geometry":{"type":"Polygon","coordinates":[[[2.360939,48.820296],[2.360663,48.822084],[2.357952,48.821898],[2.358229,48.82011],[2.360939,48.820296]]]},"properties":{"id":"CRS3035RES200mN2885400E3760800","population":2038.5,"households":903.0,"poverty_rate":0.14285714285714285,"senior_rate":0.22320333578611723,"single_parent_rate":0.12292358803986711,"social_housing_rate":0.5946843853820598,"imputed":false,"vulnerability":33.7}},{"type":"Feature","geometry":{"type":"Polygon","coordinates":[[[2.36365,48.820482],[2.363374,48.82227],[2.360663,48.822084],[2.360939,48.820296],[2.36365,48.820482]]]},"properties":{"id":"CRS3035RES200mN2885400E3761000","population":773.0,"households":391.0,"poverty_rate":0.21739130434782608,"senior_rate":0.16688227684346701,"single_parent_rate":0.10485933503836317,"social_housing_rate":0.4629156010230179,"imputed":false,"vulnerability":31.5}},{"type":"Feature","geometry":{"type":"Polygon","coordinates":[[[2.366361,48.820669],[2.366085,48.822457],[2.363374,48.82227],[2.36365,48.820482],[2.366361,48.820669]]]},"properties":{"id":"CRS3035RES200mN2885400E3761200","population":3441.5,"households":1479.0,"poverty_rate":0.23732251521298176,"senior_rate":0.22635478715676305,"single_parent_rate":0.13252197430696416,"social_housing_rate":0.5889114266396214,"imputed":false,"vulnerability":38.9}},{"type":"Feature","geometry":{"type":"Polygon","coordinates":[[[2.369072,48.820855],[2.368796,48.822643],[2.366085,48.822457],[2.366361,48.820669],[2.369072,48.820855]]]},"properties":{"id":"CRS3035RES200mN2885400E3761400","population":2170.5,"households":823.0,"poverty_rate":0.3377885783718105,"senior_rate":0.1999539276664363,"single_parent_rate":0.07290400972053462,"social_housing_rate":0.0,"imputed":false,"vulnerability":31.0}},{"type":"Feature","geometry":{"type":"Polygon","coordinates":[[[2.371783,48.821041],[2.371507,48.822829],[2.368796,48.822643],[2.369072,48.820855],[2.371783,48.821041]]]},"properties":{"id":"CRS3035RES200mN2885400E3761600","population":1971.5,"households":751.0,"poverty_rate":0.16511318242343542,"senior_rate":0.09282272381435455,"single_parent_rate":0.15579227696404793,"social_housing_rate":0.6697736351531292,"imputed":false,"vulnerability":30.1}},{"type":"Feature","geometry":{"type":"Polygon","coordinates":[[[2.374493,48.821227],[2.374218,48.823015],[2.371507,48.822829],[2.371783,48.821041],[2.374493,48.821227]]]},"properties":{"id":"CRS3035RES200mN2885400E3761800","population":325.5,"households":142.0,"poverty_rate":0.19014084507042253,"senior_rate":0.141321044546851,"single_parent_rate":0.21830985915492956,"social_housing_rate":1.0,"imputed":false,"vulnerability":41.7}},{"type":"Feature","geometry":{"type":"Polygon","coordinates":[[[2.377204,48.821413],[2.376929,48.823201],[2.374218,48.823015],[2.374493,48.821227],[2.377204,48.821413]]]},"properties":{"id":"CRS3035RES200mN2885400E3762000","population":1843.5,"households":979.0,"poverty_rate":0.20735444330949948,"senior_rate":0.1817195551939246,"single_parent_rate":0.11031664964249234,"social_housing_rate":0.8947906026557712,"imputed":false,"vulnerability":38.6}},{"type":"Feature","geometry":{"type":"Polygon","coordinates":[[[2.379915,48.821598],[2.37964,48.823386],[2.376929,48.823201],[2.377204,48.821413],[2.379915,48.821598]]]},"properties":{"id":"CRS3035RES200mN2885400E3762200","population":3.0,"households":1.1,"poverty_rate":0.18181818181818182,"senior_rate":0.03333333333333333,"single_parent_rate":0.18181818181818182,"social_housing_rate":0.2727272727272727,"imputed":true,"vulnerability":22.9}},{"type":"Feature","geometry":{"type":"Polygon","coordinates":[[[2.409736,48.823638],[2.409462,48.825426],[2.406751,48.825241],[2.407025,48.823453],[2.409736,48.823638]]]},"properties":{"id":"CRS3035RES200mN2885400E3764400","population":1177.0,"households":568.0,"poverty_rate":0.0897887323943662,"senior_rate":0.1911639762107052,"single_parent_rate":0.07042253521126761,"social_housing_rate":0.061619718309859156,"imputed":false,"vulnerability":19.0}},{"type":"Feature","geometry":{"type":"Polygon","coordinates":[[[2.412447,48.823823],[2.412173,48.825611],[2.409462,48.825426],[2.409736,48.823638],[2.412447,48.823823]]]},"properties":{"id":"CRS3035RES200mN2885400E3764600","population":553.0,"households":244.0,"poverty_rate":0.10245901639344263,"senior_rate":0.23508137432188064,"single_parent_rate":0.04918032786885246,"social_housing_rate":0.0,"imputed":false,"vulnerability":20.2}},{"type":"Feature","geometry":{"type":"Polygon","coordinates":[[[2.415158,48.824008],[2.414884,48.825796],[2.412173,48.825611],[2.412447,48.823823],[2.415158,48.824008]]]},"properties":{"id":"CRS3035RES200mN2885400E3764800","population":326.0,"households":162.5,"poverty_rate":0.048615384615384616,"senior_rate":0.20674846625766874,"single_parent_rate":0.06707692307692308,"social_housing_rate":0.0,"imputed":true,"vulnerability":16.7}},{"type":"Feature","geometry":{"type":"Polygon","coordinates":[[[2.41787,48.824193],[2.417595,48.825981],[2.414884,48.825796],[2.415158,48.824008],[2.41787,48.824193]]]},"properties":{"id":"CRS3035RES200mN2885400E3765000","population":302.0,"households":139.0,"poverty_rate":0.10071942446043165,"senior_rate":0.16556291390728478,"single_parent_rate":0.050359712230215826,"social_housing_rate":0.0,"imputed":false,"vulnerability":16.3}},{"type":"Feature","geometry":{"type":"Polygon","coordinates":[[[2.420581,48.824378],[2.420307,48.826166],[2.417595,48.825981],[2.41787,48.824193],[2.420581,48.824378]]]},"properties":{"id":"CRS3035RES200mN2885400E3765200","population":22.0,"households":8.3,"poverty_rate":0.0,"senior_rate":0.0,"single_parent_rate":0.07228915662650602,"social_housing_rate":0.0,"imputed":true,"vulnerability":3.1}},{"type":"Feature","geometry":{"type":"Polygon","coordinates":[[[2.466673,48.82751],[2.466401,48.829298],[2.463689,48.829115],[2.463962,48.827326],[2.466673,48.82751]]]},"properties":{"id":"CRS3035RES200mN2885400E3768600","population":161.5,"households":80.0,"poverty_rate":0.0375,"senior_rate":0.21052631578947367,"single_parent_rate":0.0125,"social_housing_rate":0.0,"imputed":false,"vulnerability":14.0}},{"type":"Feature","geometry":{"type":"Polygon","coordinates":[[[2.320003,48.819283],[2.319725,48.821071],[2.317014,48.820883],[2.317292,48.819095],[2.320003,48.819283]]]},"properties":{"id":"CRS3035RES200mN2885600E3757800","population":803.0,"households":317.0,"poverty_rate":0.17665615141955837,"senior_rate":0.2054794520547945,"single_parent_rate":0.15772870662460567,"social_housing_rate":0.050473186119873815,"imputed":false,"vulnerability":27.7}},{"type":"Feature","geometry":{"type":"Polygon","coordinates":[[[2.322713,48.81947],[2.322436,48.821258],[2.319725,48.821071],[2.320003,48.819283],[2.322713,48.81947]]]},"properties":{"id":"CRS3035RES200mN2885600E3758000","population":816.5,"households":423.0,"poverty_rate":0.1182033096926714,"senior_rate":0.15064298836497245,"single_parent_rate":0.1016548463356974,"social_housing_rate":0.014184397163120567,"imputed":false,"vulnerability":18.8}},{"type":"Feature","geometry":{"type":"Polygon","coordinates":[[[2.325424,48.819657],[2.325146,48.821445],[2.322436,48.821258],[2.322713,48.81947],[2.325424,48.819657]]]},"properties":{"id":"CRS3035RES200mN2885600E3758200","population":185.0,"households":72.0,"poverty_rate":0.05555555555555555,"senior_rate":0.11891891891891893,"single_parent_rate":0.041666666666666664,"social_housing_rate":0.0,"imputed":false,"vulnerability":11.1}},{"type":"Feature","geometry":{"type":"Polygon","coordinates":[[[2.328134,48.819844],[2.327857,48.821632],[2.325146,48.821445],[2.325424,48.819657],[2.328134,48.819844]]]},"properties":{"id":"CRS3035RES200mN2885600E3758400","population":4.0,"households":1.8,"poverty_rate":0.16666666666666666,"senior_rate":0.07500000000000001,"single_parent_rate":0.11111111111111112,"social_housing_rate":0.0,"imputed":true,"vulnerability":17.3}},{"type":"Feature","geometry":{"type":"Polygon","coordinates":[[[2.330845,48.820031],[2.330568,48.821819],[2.327857,48.821632],[2.328134,48.819844],[2.330845,48.820031]]]},"properties":{"id":"CRS3035RES200mN2885600E3758600","population":403.5,"households":137.0,"poverty_rate":0.1386861313868613,"senior_rate":0.16604708798017348,"single_parent_rate":0.1678832116788321,"social_housing_rate":0.0,"imputed":false,"vulnerability":23.3}},{"type":"Feature","geometry":{"type":"Polygon","coordinates":[[[2.333556,48.820218],[2.333279,48.822006],[2.330568,48.821819],[2.330845,48.820031],[2.333556,48.820218]]]},"properties":{"id":"CRS3035RES200mN2885600E3758800","population":23.0,"households":10.4,"poverty_rate":0.15384615384615385,"senior_rate":0.07391304347826087,"single_parent_rate":0.10576923076923077,"social_housing_rate":0.0,"imputed":true,"vulnerability":16.3}},{"type":"Feature","geometry":{"type":"Polygon","coordinates":[[[2.336266,48.820405],[2.335989,48.822193],[2.333279,48.822006],[2.333556,48.820218],[2.336266,48.820405]]]},"properties":{"id":"CRS3035RES200mN2885600E3759000","population":104.5,"households":49.0,"poverty_rate":0.10204081632653061,"senior_rate":0.20095693779904306,"single_parent_rate":0.061224489795918366,"social_housing_rate":0.0,"imputed":false,"vulnerability":18.8}},{"type":"Feature","geometry":{"type":"Polygon","coordinates":[[[2.341688,48.820779],[2.341411,48.822567],[2.3387,48.82238],[2.338977,48.820592],[2.341688,48.820779]]]},"properties":{"id":"CRS3035RES200mN2885600E3759400","population":411.0,"households":224.0,"poverty_rate":0.10267857142857142,"senior_rate":0.21897810218978103,"single_parent_rate":0.09375,"social_housing_rate":0.20535714285714285,"imputed":false,"vulnerability":24.3}},{"type":"Feature","geometry":{"type":"Polygon","coordinates":[[[2.344398,48.820965],[2.344122,48.822753],[2.341411,48.822567],[2.341688,48.820779],[2.344398,48.820965]]]},"properties":{"id":"CRS3035RES200mN2885600E3759600","population":987.5,"households":506.0,"poverty_rate":0.09288537549407115,"senior_rate":0.250126582278481,"single_parent_rate":0.05731225296442688,"social_housing_rate":0.11264822134387352,"imputed":false,"vulnerability":22.6}},{"type":"Feature","geometry":{"type":"Polygon","coordinates":[[[2.347109,48.821152],[2.346833,48.82294],[2.344122,48.822753],[2.344398,48.820965],[2.347109,48.821152]]]},"properties":{"id":"CRS3035RES200mN2885600E3759800","population":1481.5,"households":761.0,"poverty_rate":0.07490144546649145,"senior_rate":0.23827202159973002,"single_parent_rate":0.06701708278580815,"social_housing_rate":0.0,"imputed":false,"vulnerability":19.7}},{"type":"Feature","geometry":{"type":"Polygon","coordinates":[[[2.34982,48.821339],[2.349543,48.823126],[2.346833,48.82294],[2.347109,48.821152],[2.34982,48.821339]]]},"properties":{"id":"CRS3035RES200mN2885600E3760000","population":520.5,"households":234.0,"poverty_rate":0.14957264957264957,"senior_rate":0.1844380403458213,"single_parent_rate":0.13247863247863248,"social_housing_rate":0.3974358974358974,"imputed":false,"vulnerability":29.3}},{"type":"Feature","geometry":{"type":"Polygon","coordinates":[[[2.352531,48.821525],[2.352254,48.823313],[2.349543,48.823126],[2.34982,48.821339],[2.352531,48.821525]]]},"properties":{"id":"CRS3035RES200mN2885600E3760200","population":1890.0,"households":1017.0,"poverty_rate":0.2910521140609636,"senior_rate":0.16031746031746033,"single_parent_rate":0.12192723697148476,"social_housing_rate":0.7925270403146509,"imputed":false,"vulnerability":40.5}},{"type":"Feature","geometry":{"type":"Polygon","coordinates":[[[2.355242,48.821711],[2.354965,48.823499],[2.352254,48.823313],[2.352531,48.821525],[2.355242,48.821711]]]},"properties":{"id":"CRS3035RES200mN2885600E3760400","population":2095.0,"households":991.0,"poverty_rate":0.24318869828456105,"senior_rate":0.21336515513126492,"single_parent_rate":0.15943491422805248,"social_housing_rate":0.7679112008072654,"imputed":false,"vulnerability":42.3}},{"type":"Feature","geometry":{"type":"Polygon","coordinates":[[[2.357952,48.821898],[2.357676,48.823686],[2.354965,48.823499],[2.355242,48.821711],[2.357952,48.821898]]]},"properties":{"id":"CRS3035RES200mN2885600E3760600","population":1921.0,"households":869.0,"poverty_rate":0.18296892980437285,"senior_rate":0.16241540864133264,"single_parent_rate":0.11507479861910241,"social_housing_rate":0.5822784810126582,"imputed":false,"vulnerability":31.8}},{"type":"Feature","geometry":{"type":"Polygon","coordinates":[[[2.360663,48.822084],[2.360387,48.823872],[2.357676,48.823686],[2.357952,48.821898],[2.360663,48.822084]]]},"properties":{"id":"CRS3035RES200mN2885600E3760800","population":1373.0,"households":751.0,"poverty_rate":0.1970705725699068,"senior_rate":0.19664967225054625,"single_parent_rate":0.09054593874833555,"social_housing_rate":0.14513981358189082,"imputed":false,"vulnerability":26.8}},{"type":"Feature","geometry":{"type":"Polygon","coordinates":[[[2.363374,48.82227],[2.363098,48.824058],[2.360387,48.823872],[2.360663,48.822084],[2.363374,48.82227]]]},"properties":{"id":"CRS3035RES200mN2885600E3761000","population":1811.5,"households":977.0,"poverty_rate":0.19651995905834185,"senior_rate":0.1882417885730058,"single_parent_rate":0.0931422722620266,"social_housing_rate":0.218014329580348,"imputed":false,"vulnerability":27.5}},{"type":"Feature","geometry":{"type":"Polygon","coordinates":[[[2.366085,48.822457],[2.365809,48.824244],[2.363098,48.824058],[2.363374,48.82227],[2.366085,48.822457]]]},"properties":{"id":"CRS3035RES200mN2885600E3761200","population":1121.5,"households":478.0,"poverty_rate":0.19665271966527198,"senior_rate":0.23807400802496656,"single_parent_rate":0.15690376569037656,"social_housing_rate":0.8410041841004184,"imputed":false,"vulnerability":42.3}},{"type":"Feature","geometry":{"type":"Polygon","coordinates":[[[2.368796,48.822643],[2.36852,48.824431],[2.365809,48.824244],[2.366085,48.822457],[2.368796,48.822643]]]},"properties":{"id":"CRS3035RES200mN2885600E3761400","population":4713.5,"households":2095.0,"poverty_rate":0.17088305489260144,"senior_rate":0.2424949612814257,"single_parent_rate":0.12124105011933174,"social_housing_rate":0.6200477326968974,"imputed":false,"vulnerability":36.4}},{"type":"Feature","geometry":{"type":"Polygon","coordinates":[[[2.371507,48.822829],[2.371231,48.824617],[2.36852,48.824431],[2.368796,48.822643],[2.371507,48.822829]]]},"properties":{"id":"CRS3035RES200mN2885600E3761600","population":725.0,"households":351.0,"poverty_rate":0.2336182336182336,"senior_rate":0.2579310344827586,"single_parent_rate":0.1282051282051282,"social_housing_rate":0.6923076923076923,"imputed":false,"vulnerability":41.8}},{"type":"Feature","geometry":{"type":"Polygon","coordinates":[[[2.374218,48.823015],[2.373942,48.824803],[2.371231,48.824617],[2.371507,48.822829],[2.374218,48.823015]]]},"properties":{"id":"CRS3035RES200mN2885600E3761800","population":1037.5,"households":529.0,"poverty_rate":0.2003780718336484,"senior_rate":0.17060240963855422,"single_parent_rate":0.1001890359168242,"social_housing_rate":0.41398865784499056,"imputed":false,"vulnerability":29.9}},{"type":"Feature","geometry":{"type":"Polygon","coordinates":[[[2.376929,48.823201],[2.376653,48.824989],[2.373942,48.824803],[2.374218,48.823015],[2.376929,48.823201]]]},"properties":{"id":"CRS3035RES200mN2885600E3762000","population":974.5,"households":501.0,"poverty_rate":0.23552894211576847,"senior_rate":0.18676244227809133,"single_parent_rate":0.1536926147704591,"social_housing_rate":0.7365269461077845,"imputed":false,"vulnerability":39.7}},{"type":"Feature","geometry":{"type":"Polygon","coordinates":[[[2.37964,48.823386],[2.379364,48.825174],[2.376653,48.824989],[2.376929,48.823201],[2.37964,48.823386]]]},"properties":{"id":"CRS3035RES200mN2885600E3762200","population":56.5,"households":20.9,"poverty_rate":0.14832535885167467,"senior_rate":0.054867256637168134,"single_parent_rate":0.22009569377990432,"social_housing_rate":0.29665071770334933,"imputed":true,"vulnerability":24.4}},{"type":"Feature","geometry":{"type":"Polygon","coordinates":[[[2.387773,48.823943],[2.387498,48.825732],[2.384786,48.825546],[2.385062,48.823758],[2.387773,48.823943]]]},"properties":{"id":"CRS3035RES200mN2885600E3762800","population":13.5,"households":5.0,"poverty_rate":0.13999999999999999,"senior_rate":0.05925925925925926,"single_parent_rate":0.22000000000000003,"social_housing_rate":0.3,"imputed":true,"vulnerability":24.3}},{"type":"Feature","geometry":{"type":"Polygon","coordinates":[[[2.409462,48.825426],[2.409187,48.827214],[2.406476,48.827029],[2.406751,48.825241],[2.409462,48.825426]]]},"properties":{"id":"CRS3035RES200mN2885600E3764400","population":449.5,"households":206.0,"poverty_rate":0.11165048543689321,"senior_rate":0.13125695216907676,"single_parent_rate":0.09223300970873786,"social_housing_rate":0.0,"imputed":false,"vulnerability":16.8}},{"type":"Feature","geometry":{"type":"Polygon","coordinates":[[[2.412173,48.825611],[2.411899,48.827399],[2.409187,48.827214],[2.409462,48.825426],[2.412173,48.825611]]]},"properties":{"id":"CRS3035RES200mN2885600E3764600","population":3.0,"households":1.5,"poverty_rate":0.06666666666666667,"senior_rate":0.20000000000000004,"single_parent_rate":0.06666666666666667,"social_housing_rate":0.0,"imputed":true,"vulnerability":17.2}},{"type":"Feature","geometry":{"type":"Polygon","coordinates":[[[2.423018,48.826351],[2.422744,48.828139],[2.420033,48.827954],[2.420307,48.826166],[2.423018,48.826351]]]},"properties":{"id":"CRS3035RES200mN2885600E3765400","population":15.0,"households":5.7,"poverty_rate":0.0,"senior_rate":0.0,"single_parent_rate":0.07017543859649122,"social_housing_rate":0.0,"imputed":true,"vulnerability":3.0}},{"type":"Feature","geometry":{"type":"Polygon","coordinates":[[[2.458266,48.828747],[2.457993,48.830535],[2.455282,48.830351],[2.455555,48.828563],[2.458266,48.828747]]]},"properties":{"id":"CRS3035RES200mN2885600E3768000","population":1.0,"households":0.4,"poverty_rate":0.0,"senior_rate":0.30000000000000004,"single_parent_rate":0.0,"social_housing_rate":0.0,"imputed":true,"vulnerability":16.5}},{"type":"Feature","geometry":{"type":"Polygon","coordinates":[[[2.466401,48.829298],[2.466128,48.831087],[2.463417,48.830903],[2.463689,48.829115],[2.466401,48.829298]]]},"properties":{"id":"CRS3035RES200mN2885600E3768600","population":204.0,"households":90.0,"poverty_rate":0.07777777777777778,"senior_rate":0.24019607843137256,"single_parent_rate":0.07777777777777778,"social_housing_rate":0.0,"imputed":false,"vulnerability":20.5}},{"type":"Feature","geometry":{"type":"Polygon","coordinates":[[[2.314304,48.820696],[2.314026,48.822484],[2.311315,48.822296],[2.311593,48.820508],[2.314304,48.820696]]]},"properties":{"id":"CRS3035RES200mN2885800E3757400","population":799.0,"households":360.0,"poverty_rate":0.06944444444444445,"senior_rate":0.09011264080100125,"single_parent_rate":0.09722222222222222,"social_housing_rate":0.2,"imputed":false,"vulnerability":15.6}},{"type":"Feature","geometry":{"type":"Polygon","coordinates":[[[2.317014,48.820883],[2.316737,48.822671],[2.314026,48.822484],[2.314304,48.820696],[2.317014,48.820883]]]},"properties":{"id":"CRS3035RES200mN2885800E3757600","population":9.0,"households":3.5,"poverty_rate":0.08571428571428572,"senior_rate":0.06666666666666667,"single_parent_rate":0.17142857142857143,"social_housing_rate":0.0,"imputed":true,"vulnerability":15.4}},{"type":"Feature","geometry":{"type":"Polygon","coordinates":[[[2.319725,48.821071],[2.319447,48.822858],[2.316737,48.822671],[2.317014,48.820883],[2.319725,48.821071]]]},"properties":{"id":"CRS3035RES200mN2885800E3757800","population":19.0,"households":7.5,"poverty_rate":0.09333333333333332,"senior_rate":0.07368421052631578,"single_parent_rate":0.18666666666666665,"social_housing_rate":0.0,"imputed":true,"vulnerability":16.8}},{"type":"Feature","geometry":{"type":"Polygon","coordinates":[[[2.322436,48.821258],[2.322158,48.823046],[2.319447,48.822858],[2.319725,48.821071],[2.322436,48.821258]]]},"properties":{"id":"CRS3035RES200mN2885800E3758000","population":6.0,"households":2.7,"poverty_rate":0.14814814814814814,"senior_rate":0.08333333333333333,"single_parent_rate":0.1111111111111111,"social_housing_rate":0.0,"imputed":true,"vulnerability":16.8}},{"type":"Feature","geometry":{"type":"Polygon","coordinates":[[[2.325146,48.821445],[2.324869,48.823233],[2.322158,48.823046],[2.322436,48.821258],[2.325146,48.821445]]]},"properties":{"id":"CRS3035RES200mN2885800E3758200","population":1094.0,"households":394.0,"poverty_rate":0.20304568527918782,"senior_rate":0.17276051188299818,"single_parent_rate":0.1700507614213198,"social_housing_rate":0.0,"imputed":false,"vulnerability":27.0}},{"type":"Feature","geometry":{"type":"Polygon","coordinates":[[[2.327857,48.821632],[2.32758,48.82342],[2.324869,48.823233],[2.325146,48.821445],[2.327857,48.821632]]]},"properties":{"id":"CRS3035RES200mN2885800E3758400","population":1443.0,"households":582.0,"poverty_rate":0.218213058419244,"senior_rate":0.17463617463617465,"single_parent_rate":0.20618556701030927,"social_housing_rate":0.0,"imputed":false,"vulnerability":29.4}},{"type":"Feature","geometry":{"type":"Polygon","coordinates":[[[2.330568,48.821819],[2.33029,48.823607],[2.32758,48.82342],[2.327857,48.821632],[2.330568,48.821819]]]},"properties":{"id":"CRS3035RES200mN2885800E3758600","population":1372.0,"households":555.0,"poverty_rate":0.15855855855855855,"senior_rate":0.12317784256559766,"single_parent_rate":0.1837837837837838,"social_housing_rate":0.36036036036036034,"imputed":false,"vulnerability":28.1}},{"type":"Feature","geometry":{"type":"Polygon","coordinates":[[[2.333279,48.822006],[2.333001,48.823794],[2.33029,48.823607],[2.330568,48.821819],[2.333279,48.822006]]]},"properties":{"id":"CRS3035RES200mN2885800E3758800","population":9.0,"households":4.1,"poverty_rate":0.14634146341463417,"senior_rate":0.06666666666666668,"single_parent_rate":0.09756097560975611,"social_housing_rate":0.0,"imputed":true,"vulnerability":15.2}},{"type":"Feature","geometry":{"type":"Polygon","coordinates":[[[2.335989,48.822193],[2.335712,48.823981],[2.333001,48.823794],[2.333279,48.822006],[2.335989,48.822193]]]},"properties":{"id":"CRS3035RES200mN2885800E3759000","population":805.0,"households":453.0,"poverty_rate":0.059602649006622516,"senior_rate":0.2795031055900621,"single_parent_rate":0.052980132450331126,"social_housing_rate":0.0,"imputed":false,"vulnerability":20.6}},{"type":"Feature","geometry":{"type":"Polygon","coordinates":[[[2.3387,48.82238],[2.338423,48.824168],[2.335712,48.823981],[2.335989,48.822193],[2.3387,48.82238]]]},"properties":{"id":"CRS3035RES200mN2885800E3759200","population":13.0,"households":6.3,"poverty_rate":0.09523809523809523,"senior_rate":0.14615384615384616,"single_parent_rate":0.09523809523809523,"social_housing_rate":0.0,"imputed":true,"vulnerability":16.9}},{"type":"Feature","geometry":{"type":"Polygon","coordinates":[[[2.341411,48.822567],[2.341134,48.824354],[2.338423,48.824168],[2.3387,48.82238],[2.341411,48.822567]]]},"properties":{"id":"CRS3035RES200mN2885800E3759400","population":888.0,"households":512.0,"poverty_rate":0.115234375,"senior_rate":0.27364864864864863,"single_parent_rate":0.09375,"social_housing_rate":0.181640625,"imputed":false,"vulnerability":27.6}},{"type":"Feature","geometry":{"type":"Polygon","coordinates":[[[2.344122,48.822753],[2.343845,48.824541],[2.341134,48.824354],[2.341411,48.822567],[2.344122,48.822753]]]},"properties":{"id":"CRS3035RES200mN2885800E3759600","population":2002.0,"households":1021.0,"poverty_rate":0.07835455435847209,"senior_rate":0.23676323676323677,"single_parent_rate":0.07541625857002938,"social_housing_rate":0.04897159647404505,"imputed":false,"vulnerability":20.9}},{"type":"Feature","geometry":{"type":"Polygon","coordinates":[[[2.346833,48.82294],[2.346556,48.824728],[2.343845,48.824541],[2.344122,48.822753],[2.346833,48.82294]]]},"properties":{"id":"CRS3035RES200mN2885800E3759800","population":1578.0,"households":694.0,"poverty_rate":0.14121037463976946,"senior_rate":0.21039290240811154,"single_parent_rate":0.1829971181556196,"social_housing_rate":0.6109510086455331,"imputed":false,"vulnerability":35.7}},{"type":"Feature","geometry":{"type":"Polygon","coordinates":[[[2.349543,48.823126],[2.349267,48.824914],[2.346556,48.824728],[2.346833,48.82294],[2.349543,48.823126]]]},"properties":{"id":"CRS3035RES200mN2885800E3760000","population":1590.0,"households":846.0,"poverty_rate":0.11938534278959811,"senior_rate":0.20251572327044026,"single_parent_rate":0.09574468085106383,"social_housing_rate":0.15721040189125296,"imputed":false,"vulnerability":23.6}},{"type":"Feature","geometry":{"type":"Polygon","coordinates":[[[2.352254,48.823313],[2.351978,48.825101],[2.349267,48.824914],[2.349543,48.823126],[2.352254,48.823313]]]},"properties":{"id":"CRS3035RES200mN2885800E3760200","population":1612.0,"households":897.0,"poverty_rate":0.17837235228539577,"senior_rate":0.18300248138957817,"single_parent_rate":0.08361204013377926,"social_housing_rate":0.25195094760312153,"imputed":false,"vulnerability":26.4}},{"type":"Feature","geometry":{"type":"Polygon","coordinates":[[[2.354965,48.823499],[2.354689,48.825287],[2.351978,48.825101],[2.352254,48.823313],[2.354965,48.823499]]]},"properties":{"id":"CRS3035RES200mN2885800E3760400","population":918.0,"households":445.0,"poverty_rate":0.07865168539325842,"senior_rate":0.22766884531590414,"single_parent_rate":0.0696629213483146,"social_housing_rate":0.0022471910112359553,"imputed":false,"vulnerability":19.5}},{"type":"Feature","geometry":{"type":"Polygon","coordinates":[[[2.357676,48.823686],[2.3574,48.825474],[2.354689,48.825287],[2.354965,48.823499],[2.357676,48.823686]]]},"properties":{"id":"CRS3035RES200mN2885800E3760600","population":1394.5,"households":666.0,"poverty_rate":0.16516516516516516,"senior_rate":0.1541771244173539,"single_parent_rate":0.11711711711711711,"social_housing_rate":0.4189189189189189,"imputed":false,"vulnerability":28.1}},{"type":"Feature","geometry":{"type":"Polygon","coordinates":[[[2.360387,48.823872],[2.360111,48.82566],[2.3574,48.825474],[2.357676,48.823686],[2.360387,48.823872]]]},"properties":{"id":"CRS3035RES200mN2885800E3760800","population":1719.0,"households":926.0,"poverty_rate":0.09503239740820735,"senior_rate":0.20477021524141942,"single_parent_rate":0.05723542116630669,"social_housing_rate":0.0939524838012959,"imputed":false,"vulnerability":19.9}},{"type":"Feature","geometry":{"type":"Polygon","coordinates":[[[2.363098,48.824058],[2.362822,48.825846],[2.360111,48.82566],[2.360387,48.823872],[2.363098,48.824058]]]},"properties":{"id":"CRS3035RES200mN2885800E3761000","population":1486.0,"households":742.0,"poverty_rate":0.16981132075471697,"senior_rate":0.18304172274562583,"single_parent_rate":0.0876010781671159,"social_housing_rate":0.2830188679245283,"imputed":false,"vulnerability":26.6}},{"type":"Feature","geometry":{"type":"Polygon","coordinates":[[[2.365809,48.824244],[2.365533,48.826032],[2.362822,48.825846],[2.363098,48.824058],[2.365809,48.824244]]]},"properties":{"id":"CRS3035RES200mN2885800E3761200","population":1671.0,"households":757.0,"poverty_rate":0.17569352708058125,"senior_rate":0.26690604428485937,"single_parent_rate":0.10700132100396301,"social_housing_rate":0.36723910171730517,"imputed":false,"vulnerability":33.6}},{"type":"Feature","geometry":{"type":"Polygon","coordinates":[[[2.36852,48.824431],[2.368244,48.826219],[2.365533,48.826032],[2.365809,48.824244],[2.36852,48.824431]]]},"properties":{"id":"CRS3035RES200mN2885800E3761400","population":806.5,"households":359.0,"poverty_rate":0.2200557103064067,"senior_rate":0.19466831990080596,"single_parent_rate":0.17548746518105848,"social_housing_rate":0.6963788300835655,"imputed":false,"vulnerability":39.7}},{"type":"Feature","geometry":{"type":"Polygon","coordinates":[[[2.371231,48.824617],[2.370955,48.826405],[2.368244,48.826219],[2.36852,48.824431],[2.371231,48.824617]]]},"properties":{"id":"CRS3035RES200mN2885800E3761600","population":1067.0,"households":453.0,"poverty_rate":0.12141280353200883,"senior_rate":0.15557638238050608,"single_parent_rate":0.18101545253863136,"social_housing_rate":0.3509933774834437,"imputed":false,"vulnerability":27.7}},{"type":"Feature","geometry":{"type":"Polygon","coordinates":[[[2.373942,48.824803],[2.373666,48.826591],[2.370955,48.826405],[2.371231,48.824617],[2.373942,48.824803]]]},"properties":{"id":"CRS3035RES200mN2885800E3761800","population":1716.5,"households":805.0,"poverty_rate":0.1639751552795031,"senior_rate":0.13574133411010778,"single_parent_rate":0.11055900621118013,"social_housing_rate":0.3875776397515528,"imputed":false,"vulnerability":26.3}},{"type":"Feature","geometry":{"type":"Polygon","coordinates":[[[2.376653,48.824989],[2.376378,48.826777],[2.373666,48.826591],[2.373942,48.824803],[2.376653,48.824989]]]},"properties":{"id":"CRS3035RES200mN2885800E3762000","population":1026.5,"households":554.0,"poverty_rate":0.2509025270758123,"senior_rate":0.18314661471018023,"single_parent_rate":0.12815884476534295,"social_housing_rate":0.6425992779783394,"imputed":false,"vulnerability":37.8}},{"type":"Feature","geometry":{"type":"Polygon","coordinates":[[[2.379364,48.825174],[2.379089,48.826962],[2.376378,48.826777],[2.376653,48.824989],[2.379364,48.825174]]]},"properties":{"id":"CRS3035RES200mN2885800E3762200","population":1187.5,"households":516.0,"poverty_rate":0.2558139534883721,"senior_rate":0.20294736842105263,"single_parent_rate":0.1937984496124031,"social_housing_rate":0.9031007751937985,"imputed":false,"vulnerability":45.9}},{"type":"Feature","geometry":{"type":"Polygon","coordinates":[[[2.382075,48.82536],[2.3818,48.827148],[2.379089,48.826962],[2.379364,48.825174],[2.382075,48.82536]]]},"properties":{"id":"CRS3035RES200mN2885800E3762400","population":873.5,"households":348.0,"poverty_rate":0.16091954022988506,"senior_rate":0.05266170578133944,"single_parent_rate":0.14367816091954022,"social_housing_rate":0.7758620689655172,"imputed":false,"vulnerability":28.8}},{"type":"Feature","geometry":{"type":"Polygon","coordinates":[[[2.384786,48.825546],[2.384511,48.827334],[2.3818,48.827148],[2.382075,48.82536],[2.384786,48.825546]]]},"properties":{"id":"CRS3035RES200mN2885800E3762600","population":199.0,"households":67.0,"poverty_rate":0.208955223880597,"senior_rate":0.01507537688442211,"single_parent_rate":0.23880597014925373,"social_housing_rate":1.0,"imputed":false,"vulnerability":36.6}},{"type":"Feature","geometry":{"type":"Polygon","coordinates":[[[2.387498,48.825732],[2.387222,48.82752],[2.384511,48.827334],[2.384786,48.825546],[2.387498,48.825732]]]},"properties":{"id":"CRS3035RES200mN2885800E3762800","population":181.5,"households":112.0,"poverty_rate":0.2857142857142857,"senior_rate":0.0,"single_parent_rate":0.017857142857142856,"social_housing_rate":0.32142857142857145,"imputed":false,"vulnerability":19.9}},{"type":"Feature","geometry":{"type":"Polygon","coordinates":[[[2.406476,48.827029],[2.406201,48.828817],[2.40349,48.828632],[2.403765,48.826844],[2.406476,48.827029]]]},"properties":{"id":"CRS3035RES200mN2885800E3764200","population":715.5,"households":331.0,"poverty_rate":0.09063444108761329,"senior_rate":0.2124388539482879,"single_parent_rate":0.0755287009063444,"social_housing_rate":0.0,"imputed":false,"vulnerability":19.5}},{"type":"Feature","geometry":{"type":"Polygon","coordinates":[[[2.466128,48.831087],[2.465856,48.832875],[2.463144,48.832691],[2.463417,48.830903],[2.466128,48.831087]]]},"properties":{"id":"CRS3035RES200mN2885800E3768600","population":38.0,"households":16.0,"poverty_rate":0.05,"senior_rate":0.26052631578947366,"single_parent_rate":0.0,"social_housing_rate":0.0,"imputed":true,"vulnerability":16.8}},{"type":"Feature","geometry":{"type":"Polygon","coordinates":[[[2.46884,48.83127],[2.468568,48.833059],[2.465856,48.832875],[2.466128,48.831087],[2.46884,48.83127]]]},"properties":{"id":"CRS3035RES200mN2885800E3768800","population":379.0,"households":157.0,"poverty_rate":0.03821656050955414,"senior_rate":0.287598944591029,"single_parent_rate":0.09554140127388536,"social_housing_rate":0.0,"imputed":false,"vulnerability":21.9}},{"type":"Feature","geometry":{"type":"Polygon","coordinates":[[[2.308604,48.822109],[2.308326,48.823897],[2.305615,48.823709],[2.305894,48.821921],[2.308604,48.822109]]]},"properties":{"id":"CRS3035RES200mN2886000E3757000","population":970.5,"households":465.0,"poverty_rate":0.21935483870967742,"senior_rate":0.17207624935600205,"single_parent_rate":0.14193548387096774,"social_housing_rate":0.5161290322580645,"imputed":false,"vulnerability":34.3}},{"type":"Feature","geometry":{"type":"Polygon","coordinates":[[[2.311315,48.822296],[2.311037,48.824084],[2.308326,48.823897],[2.308604,48.822109],[2.311315,48.822296]]]},"properties":{"id":"CRS3035RES200mN2886000E3757200","population":1683.5,"households":754.0,"poverty_rate":0.16976127320954906,"senior_rate":0.2269082269082269,"single_parent_rate":0.15384615384615385,"social_housing_rate":0.713527851458886,"imputed":false,"vulnerability":38.3}},{"type":"Feature","geometry":{"type":"Polygon","coordinates":[[[2.314026,48.822484],[2.313748,48.824271],[2.311037,48.824084],[2.311315,48.822296],[2.314026,48.822484]]]},"properties":{"id":"CRS3035RES200mN2886000E3757400","population":3.0,"households":1.7,"poverty_rate":0.0,"senior_rate":0.03333333333333333,"single_parent_rate":0.05882352941176471,"social_housing_rate":0.05882352941176471,"imputed":true,"vulnerability":5.3}},{"type":"Feature","geometry":{"type":"Polygon","coordinates":[[[2.316737,48.822671],[2.316459,48.824459],[2.313748,48.824271],[2.314026,48.822484],[2.316737,48.822671]]]},"properties":{"id":"CRS3035RES200mN2886000E3757600","population":10.0,"households":5.6,"poverty_rate":0.0,"senior_rate":0.05,"single_parent_rate":0.03571428571428572,"social_housing_rate":0.08928571428571429,"imputed":true,"vulnerability":5.6}},{"type":"Feature","geometry":{"type":"Polygon","coordinates":[[[2.319447,48.822858],[2.31917,48.824646],[2.316459,48.824459],[2.316737,48.822671],[2.319447,48.822858]]]},"properties":{"id":"CRS3035RES200mN2886000E3757800","population":381.5,"households":182.0,"poverty_rate":0.24725274725274726,"senior_rate":0.2437745740498034,"single_parent_rate":0.23626373626373626,"social_housing_rate":1.0,"imputed":false,"vulnerability":51.0}},{"type":"Feature","geometry":{"type":"Polygon","coordinates":[[[2.322158,48.823046],[2.32188,48.824833],[2.31917,48.824646],[2.319447,48.822858],[2.322158,48.823046]]]},"properties":{"id":"CRS3035RES200mN2886000E3758000","population":1389.0,"households":608.0,"poverty_rate":0.19407894736842105,"senior_rate":0.19222462203023757,"single_parent_rate":0.1825657894736842,"social_housing_rate":0.6529605263157895,"imputed":false,"vulnerability":38.0}},{"type":"Feature","geometry":{"type":"Polygon","coordinates":[[[2.324869,48.823233],[2.324591,48.825021],[2.32188,48.824833],[2.322158,48.823046],[2.324869,48.823233]]]},"properties":{"id":"CRS3035RES200mN2886000E3758200","population":1357.0,"households":713.0,"poverty_rate":0.12201963534361851,"senior_rate":0.2092851879145173,"single_parent_rate":0.06451612903225806,"social_housing_rate":0.12061711079943899,"imputed":false,"vulnerability":22.2}},{"type":"Feature","geometry":{"type":"Polygon","coordinates":[[[2.32758,48.82342],[2.327302,48.825208],[2.324591,48.825021],[2.324869,48.823233],[2.32758,48.82342]]]},"properties":{"id":"CRS3035RES200mN2886000E3758400","population":1390.5,"households":690.0,"poverty_rate":0.14202898550724638,"senior_rate":0.16972312117943186,"single_parent_rate":0.11159420289855072,"social_housing_rate":0.27246376811594203,"imputed":false,"vulnerability":25.3}},{"type":"Feature","geometry":{"type":"Polygon","coordinates":[[[2.33029,48.823607],[2.330013,48.825395],[2.327302,48.825208],[2.32758,48.82342],[2.33029,48.823607]]]},"properties":{"id":"CRS3035RES200mN2886000E3758600","population":1196.0,"households":717.0,"poverty_rate":0.12831241283124128,"senior_rate":0.15802675585284282,"single_parent_rate":0.04184100418410042,"social_housing_rate":0.02510460251046025,"imputed":false,"vulnerability":17.3}},{"type":"Feature","geometry":{"type":"Polygon","coordinates":[[[2.333001,48.823794],[2.332724,48.825582],[2.330013,48.825395],[2.33029,48.823607],[2.333001,48.823794]]]},"properties":{"id":"CRS3035RES200mN2886000E3758800","population":738.0,"households":435.0,"poverty_rate":0.11954022988505747,"senior_rate":0.21544715447154472,"single_parent_rate":0.07586206896551724,"social_housing_rate":0.05517241379310345,"imputed":false,"vulnerability":21.9}},{"type":"Feature","geometry":{"type":"Polygon","coordinates":[[[2.335712,48.823981],[2.335435,48.825769],[2.332724,48.825582],[2.333001,48.823794],[2.335712,48.823981]]]},"properties":{"id":"CRS3035RES200mN2886000E3759000","population":57.0,"households":27.8,"poverty_rate":0.12230215827338128,"senior_rate":0.05964912280701755,"single_parent_rate":0.05035971223021582,"social_housing_rate":0.0,"imputed":true,"vulnerability":11.6}},{"type":"Feature","geometry":{"type":"Polygon","coordinates":[[[2.338423,48.824168],[2.338146,48.825956],[2.335435,48.825769],[2.335712,48.823981],[2.338423,48.824168]]]},"properties":{"id":"CRS3035RES200mN2886000E3759200","population":627.0,"households":283.0,"poverty_rate":0.15901060070671377,"senior_rate":0.20414673046251994,"single_parent_rate":0.1872791519434629,"social_housing_rate":0.7208480565371025,"imputed":false,"vulnerability":38.1}},{"type":"Feature","geometry":{"type":"Polygon","coordinates":[[[2.341134,48.824354],[2.340857,48.826142],[2.338146,48.825956],[2.338423,48.824168],[2.341134,48.824354]]]},"properties":{"id":"CRS3035RES200mN2886000E3759400","population":739.5,"households":398.0,"poverty_rate":0.09798994974874371,"senior_rate":0.3029073698444895,"single_parent_rate":0.06532663316582915,"social_housing_rate":0.05025125628140704,"imputed":false,"vulnerability":25.1}},{"type":"Feature","geometry":{"type":"Polygon","coordinates":[[[2.343845,48.824541],[2.343568,48.826329],[2.340857,48.826142],[2.341134,48.824354],[2.343845,48.824541]]]},"properties":{"id":"CRS3035RES200mN2886000E3759600","population":1552.0,"households":763.0,"poverty_rate":0.1834862385321101,"senior_rate":0.21649484536082475,"single_parent_rate":0.12319790301441677,"social_housing_rate":0.3617300131061599,"imputed":false,"vulnerability":31.8}},{"type":"Feature","geometry":{"type":"Polygon","coordinates":[[[2.346556,48.824728],[2.346279,48.826516],[2.343568,48.826329],[2.343845,48.824541],[2.346556,48.824728]]]},"properties":{"id":"CRS3035RES200mN2886000E3759800","population":995.0,"households":483.0,"poverty_rate":0.09316770186335403,"senior_rate":0.2221105527638191,"single_parent_rate":0.12008281573498965,"social_housing_rate":0.41200828157349895,"imputed":false,"vulnerability":28.2}},{"type":"Feature","geometry":{"type":"Polygon","coordinates":[[[2.349267,48.824914],[2.34899,48.826702],[2.346279,48.826516],[2.346556,48.824728],[2.349267,48.824914]]]},"properties":{"id":"CRS3035RES200mN2886000E3760000","population":1303.0,"households":774.0,"poverty_rate":0.12790697674418605,"senior_rate":0.21642363775901766,"single_parent_rate":0.08010335917312661,"social_housing_rate":0.12403100775193798,"imputed":false,"vulnerability":23.6}},{"type":"Feature","geometry":{"type":"Polygon","coordinates":[[[2.351978,48.825101],[2.351701,48.826889],[2.34899,48.826702],[2.349267,48.824914],[2.351978,48.825101]]]},"properties":{"id":"CRS3035RES200mN2886000E3760200","population":1257.0,"households":670.0,"poverty_rate":0.09253731343283582,"senior_rate":0.1805887032617343,"single_parent_rate":0.10149253731343283,"social_housing_rate":0.028358208955223882,"imputed":false,"vulnerability":19.4}},{"type":"Feature","geometry":{"type":"Polygon","coordinates":[[[2.354689,48.825287],[2.354412,48.827075],[2.351701,48.826889],[2.351978,48.825101],[2.354689,48.825287]]]},"properties":{"id":"CRS3035RES200mN2886000E3760400","population":847.0,"households":465.0,"poverty_rate":0.18064516129032257,"senior_rate":0.2762691853600944,"single_parent_rate":0.07096774193548387,"social_housing_rate":0.4129032258064516,"imputed":false,"vulnerability":33.5}},{"type":"Feature","geometry":{"type":"Polygon","coordinates":[[[2.3574,48.825474],[2.357124,48.827262],[2.354412,48.827075],[2.354689,48.825287],[2.3574,48.825474]]]},"properties":{"id":"CRS3035RES200mN2886000E3760600","population":633.5,"households":339.0,"poverty_rate":0.11209439528023599,"senior_rate":0.16258879242304658,"single_parent_rate":0.11209439528023599,"social_housing_rate":0.12094395280235988,"imputed":false,"vulnerability":21.2}},{"type":"Feature","geometry":{"type":"Polygon","coordinates":[[[2.360111,48.82566],[2.359835,48.827448],[2.357124,48.827262],[2.3574,48.825474],[2.360111,48.82566]]]},"properties":{"id":"CRS3035RES200mN2886000E3760800","population":1268.5,"households":685.0,"poverty_rate":0.1591240875912409,"senior_rate":0.20654316121403232,"single_parent_rate":0.07737226277372262,"social_housing_rate":0.3051094890510949,"imputed":false,"vulnerability":27.2}},{"type":"Feature","geometry":{"type":"Polygon","coordinates":[[[2.362822,48.825846],[2.362546,48.827634],[2.359835,48.827448],[2.360111,48.82566],[2.362822,48.825846]]]},"properties":{"id":"CRS3035RES200mN2886000E3761000","population":560.0,"households":315.0,"poverty_rate":0.1619047619047619,"senior_rate":0.18214285714285713,"single_parent_rate":0.1111111111111111,"social_housing_rate":0.5841269841269842,"imputed":false,"vulnerability":31.7}},{"type":"Feature","geometry":{"type":"Polygon","coordinates":[[[2.365533,48.826032],[2.365257,48.82782],[2.362546,48.827634],[2.362822,48.825846],[2.365533,48.826032]]]},"properties":{"id":"CRS3035RES200mN2886000E3761200","population":798.0,"households":470.0,"poverty_rate":0.15319148936170213,"senior_rate":0.2807017543859649,"single_parent_rate":0.06595744680851064,"social_housing_rate":0.42340425531914894,"imputed":false,"vulnerability":32.3}},{"type":"Feature","geometry":{"type":"Polygon","coordinates":[[[2.368244,48.826219],[2.367968,48.828007],[2.365257,48.82782],[2.365533,48.826032],[2.368244,48.826219]]]},"properties":{"id":"CRS3035RES200mN2886000E3761400","population":1067.5,"households":537.0,"poverty_rate":0.24767225325884543,"senior_rate":0.23044496487119437,"single_parent_rate":0.09683426443202979,"social_housing_rate":0.5083798882681564,"imputed":false,"vulnerability":36.9}},{"type":"Feature","geometry":{"type":"Polygon","coordinates":[[[2.370955,48.826405],[2.370679,48.828193],[2.367968,48.828007],[2.368244,48.826219],[2.370955,48.826405]]]},"properties":{"id":"CRS3035RES200mN2886000E3761600","population":1720.5,"households":902.0,"poverty_rate":0.22505543237250555,"senior_rate":0.1859924440569602,"single_parent_rate":0.10643015521064302,"social_housing_rate":0.5576496674057649,"imputed":false,"vulnerability":34.4}},{"type":"Feature","geometry":{"type":"Polygon","coordinates":[[[2.373666,48.826591],[2.373391,48.828379],[2.370679,48.828193],[2.370955,48.826405],[2.373666,48.826591]]]},"properties":{"id":"CRS3035RES200mN2886000E3761800","population":1695.0,"households":906.0,"poverty_rate":0.12251655629139073,"senior_rate":0.11445427728613569,"single_parent_rate":0.08719646799116998,"social_housing_rate":0.22075055187637968,"imputed":false,"vulnerability":19.5}},{"type":"Feature","geometry":{"type":"Polygon","coordinates":[[[2.376378,48.826777],[2.376102,48.828564],[2.373391,48.828379],[2.373666,48.826591],[2.376378,48.826777]]]},"properties":{"id":"CRS3035RES200mN2886000E3762000","population":656.5,"households":263.0,"poverty_rate":0.13688212927756654,"senior_rate":0.14775323686214775,"single_parent_rate":0.20532319391634982,"social_housing_rate":0.5893536121673004,"imputed":false,"vulnerability":32.7}},{"type":"Feature","geometry":{"type":"Polygon","coordinates":[[[2.379089,48.826962],[2.378813,48.82875],[2.376102,48.828564],[2.376378,48.826777],[2.379089,48.826962]]]},"properties":{"id":"CRS3035RES200mN2886000E3762200","population":1773.5,"households":581.0,"poverty_rate":0.43201376936316693,"senior_rate":0.08401466027628983,"single_parent_rate":0.16695352839931152,"social_housing_rate":0.7796901893287436,"imputed":false,"vulnerability":45.1}},{"type":"Feature","geometry":{"type":"Polygon","coordinates":[[[2.3818,48.827148],[2.381524,48.828936],[2.378813,48.82875],[2.379089,48.826962],[2.3818,48.827148]]]},"properties":{"id":"CRS3035RES200mN2886000E3762400","population":819.5,"households":258.0,"poverty_rate":0.2131782945736434,"senior_rate":0.03050640634533252,"single_parent_rate":0.29844961240310075,"social_housing_rate":0.9961240310077519,"imputed":false,"vulnerability":40.2}},{"type":"Feature","geometry":{"type":"Polygon","coordinates":[[[2.384511,48.827334],[2.384236,48.829122],[2.381524,48.828936],[2.3818,48.827148],[2.384511,48.827334]]]},"properties":{"id":"CRS3035RES200mN2886000E3762600","population":126.5,"households":44.0,"poverty_rate":0.11363636363636363,"senior_rate":0.05533596837944664,"single_parent_rate":0.13636363636363635,"social_housing_rate":1.0,"imputed":false,"vulnerability":29.6}},{"type":"Feature","geometry":{"type":"Polygon","coordinates":[[[2.400779,48.828447],[2.400504,48.830235],[2.397793,48.83005],[2.398067,48.828261],[2.400779,48.828447]]]},"properties":{"id":"CRS3035RES200mN2886000E3763800","population":216.5,"households":100.6,"poverty_rate":0.205765407554672,"senior_rate":0.16859122401847576,"single_parent_rate":0.05864811133200796,"social_housing_rate":0.0,"imputed":true,"vulnerability":22.1}},{"type":"Feature","geometry":{"type":"Polygon","coordinates":[[[2.40349,48.828632],[2.403215,48.83042],[2.400504,48.830235],[2.400779,48.828447],[2.40349,48.828632]]]},"properties":{"id":"CRS3035RES200mN2886000E3764000","population":681.5,"households":325.0,"poverty_rate":0.09230769230769231,"senior_rate":0.08363903154805576,"single_parent_rate":0.07692307692307693,"social_housing_rate":0.0,"imputed":false,"vulnerability":12.5}},{"type":"Feature","geometry":{"type":"Polygon","coordinates":[[[2.406201,48.828817],[2.405927,48.830605],[2.403215,48.83042],[2.40349,48.828632],[2.406201,48.828817]]]},"properties":{"id":"CRS3035RES200mN2886000E3764200","population":46.5,"households":19.3,"poverty_rate":0.0,"senior_rate":0.16344086021505375,"single_parent_rate":0.04145077720207254,"social_housing_rate":0.0,"imputed":true,"vulnerability":10.8}},{"type":"Feature","geometry":{"type":"Polygon","coordinates":[[[2.427893,48.830296],[2.427619,48.832085],[2.424908,48.8319],[2.425181,48.830112],[2.427893,48.830296]]]},"properties":{"id":"CRS3035RES200mN2886000E3765800","population":1.0,"households":0.5,"poverty_rate":0.0,"senior_rate":0.30000000000000004,"single_parent_rate":0.0,"social_housing_rate":0.0,"imputed":true,"vulnerability":16.5}},{"type":"Feature","geometry":{"type":"Polygon","coordinates":[[[2.452297,48.831956],[2.452024,48.833744],[2.449313,48.83356],[2.449586,48.831771],[2.452297,48.831956]]]},"properties":{"id":"CRS3035RES200mN2886000E3767600","population":15.0,"households":4.7,"poverty_rate":0.2127659574468085,"senior_rate":0.0,"single_parent_rate":0.0,"social_housing_rate":0.0,"imputed":true,"vulnerability":10.6}},{"type":"Feature","geometry":{"type":"Polygon","coordinates":[[[2.471279,48.833242],[2.471007,48.83503],[2.468295,48.834847],[2.468568,48.833059],[2.471279,48.833242]]]},"properties":{"id":"CRS3035RES200mN2886000E3769000","population":277.0,"households":130.0,"poverty_rate":0.06153846153846154,"senior_rate":0.2996389891696751,"single_parent_rate":0.09230769230769231,"social_housing_rate":0.0,"imputed":false,"vulnerability":23.5}},{"type":"Feature","geometry":{"type":"Polygon","coordinates":[[[2.302905,48.823521],[2.302626,48.825309],[2.299916,48.825121],[2.300194,48.823334],[2.302905,48.823521]]]},"properties":{"id":"CRS3035RES200mN2886200E3756600","population":68.0,"households":27.0,"poverty_rate":0.07407407407407407,"senior_rate":0.1323529411764706,"single_parent_rate":0.037037037037037035,"social_housing_rate":0.0,"imputed":false,"vulnerability":12.6}},{"type":"Feature","geometry":{"type":"Polygon","coordinates":[[[2.305615,48.823709],[2.305337,48.825497],[2.302626,48.825309],[2.302905,48.823521],[2.305615,48.823709]]]},"properties":{"id":"CRS3035RES200mN2886200E3756800","population":184.5,"households":113.0,"poverty_rate":0.19469026548672566,"senior_rate":0.14092140921409213,"single_parent_rate":0.10619469026548672,"social_housing_rate":0.035398230088495575,"imputed":false,"vulnerability":22.6}},{"type":"Feature","geometry":{"type":"Polygon","coordinates":[[[2.308326,48.823897],[2.308048,48.825684],[2.305337,48.825497],[2.305615,48.823709],[2.308326,48.823897]]]},"properties":{"id":"CRS3035RES200mN2886200E3757000","population":28.0,"households":15.6,"poverty_rate":0.0,"senior_rate":0.04642857142857143,"single_parent_rate":0.04487179487179487,"social_housing_rate":0.08333333333333334,"imputed":true,"vulnerability":5.7}},{"type":"Feature","geometry":{"type":"Polygon","coordinates":[[[2.313748,48.824271],[2.31347,48.826059],[2.310759,48.825872],[2.311037,48.824084],[2.313748,48.824271]]]},"properties":{"id":"CRS3035RES200mN2886200E3757400","population":1190.0,"households":664.0,"poverty_rate":0.09487951807228916,"senior_rate":0.1411764705882353,"single_parent_rate":0.2033132530120482,"social_housing_rate":0.9909638554216867,"imputed":false,"vulnerability":36.2}},{"type":"Feature","geometry":{"type":"Polygon","coordinates":[[[2.316459,48.824459],[2.316181,48.826247],[2.31347,48.826059],[2.313748,48.824271],[2.316459,48.824459]]]},"properties":{"id":"CRS3035RES200mN2886200E3757600","population":1559.0,"households":671.0,"poverty_rate":0.11326378539493294,"senior_rate":0.1141757536882617,"single_parent_rate":0.19076005961251863,"social_housing_rate":0.9076005961251863,"imputed":false,"vulnerability":33.8}},{"type":"Feature","geometry":{"type":"Polygon","coordinates":[[[2.31917,48.824646],[2.318892,48.826434],[2.316181,48.826247],[2.316459,48.824459],[2.31917,48.824646]]]},"properties":{"id":"CRS3035RES200mN2886200E3757800","population":1061.0,"households":600.0,"poverty_rate":0.16666666666666666,"senior_rate":0.17247879359095195,"single_parent_rate":0.05333333333333334,"social_housing_rate":0.125,"imputed":false,"vulnerability":22.0}},{"type":"Feature","geometry":{"type":"Polygon","coordinates":[[[2.32188,48.824833],[2.321603,48.826621],[2.318892,48.826434],[2.31917,48.824646],[2.32188,48.824833]]]},"properties":{"id":"CRS3035RES200mN2886200E3758000","population":1985.0,"households":970.0,"poverty_rate":0.16391752577319588,"senior_rate":0.21662468513853905,"single_parent_rate":0.14845360824742268,"social_housing_rate":0.6350515463917525,"imputed":false,"vulnerability":36.1}},{"type":"Feature","geometry":{"type":"Polygon","coordinates":[[[2.324591,48.825021],[2.324314,48.826808],[2.321603,48.826621],[2.32188,48.824833],[2.324591,48.825021]]]},"properties":{"id":"CRS3035RES200mN2886200E3758200","population":951.5,"households":499.0,"poverty_rate":0.10020040080160321,"senior_rate":0.2343667892800841,"single_parent_rate":0.08617234468937876,"social_housing_rate":0.0,"imputed":false,"vulnerability":21.6}},{"type":"Feature","geometry":{"type":"Polygon","coordinates":[[[2.327302,48.825208],[2.327025,48.826996],[2.324314,48.826808],[2.324591,48.825021],[2.327302,48.825208]]]},"properties":{"id":"CRS3035RES200mN2886200E3758400","population":1316.5,"households":702.0,"poverty_rate":0.08547008547008547,"senior_rate":0.26205848841625523,"single_parent_rate":0.0584045584045584,"social_housing_rate":0.0584045584045584,"imputed":false,"vulnerability":22.1}},{"type":"Feature","geometry":{"type":"Polygon","coordinates":[[[2.330013,48.825395],[2.329736,48.827183],[2.327025,48.826996],[2.327302,48.825208],[2.330013,48.825395]]]},"properties":{"id":"CRS3035RES200mN2886200E3758600","population":2168.5,"households":1144.0,"poverty_rate":0.11363636363636363,"senior_rate":0.24510029974636846,"single_parent_rate":0.10227272727272728,"social_housing_rate":0.11013986013986014,"imputed":false,"vulnerability":25.2}},{"type":"Feature","geometry":{"type":"Polygon","coordinates":[[[2.332724,48.825582],[2.332447,48.82737],[2.329736,48.827183],[2.330013,48.825395],[2.332724,48.825582]]]},"properties":{"id":"CRS3035RES200mN2886200E3758800","population":1347.5,"households":761.0,"poverty_rate":0.10249671484888305,"senior_rate":0.21076066790352505,"single_parent_rate":0.06701708278580815,"social_housing_rate":0.04467805519053877,"imputed":false,"vulnerability":20.3}},{"type":"Feature","geometry":{"type":"Polygon","coordinates":[[[2.335435,48.825769],[2.335158,48.827557],[2.332447,48.82737],[2.332724,48.825582],[2.335435,48.825769]]]},"properties":{"id":"CRS3035RES200mN2886200E3759000","population":1569.5,"households":928.0,"poverty_rate":0.1648706896551724,"senior_rate":0.19815227779547626,"single_parent_rate":0.08836206896551724,"social_housing_rate":0.23060344827586207,"imputed":false,"vulnerability":26.4}},{"type":"Feature","geometry":{"type":"Polygon","coordinates":[[[2.338146,48.825956],[2.337869,48.827743],[2.335158,48.827557],[2.335435,48.825769],[2.338146,48.825956]]]},"properties":{"id":"CRS3035RES200mN2886200E3759200","population":1263.5,"households":543.0,"poverty_rate":0.08839779005524862,"senior_rate":0.12663237039968342,"single_parent_rate":0.1712707182320442,"social_housing_rate":0.5543278084714549,"imputed":false,"vulnerability":27.1}},{"type":"Feature","geometry":{"type":"Polygon","coordinates":[[[2.340857,48.826142],[2.34058,48.82793],[2.337869,48.827743],[2.338146,48.825956],[2.340857,48.826142]]]},"properties":{"id":"CRS3035RES200mN2886200E3759400","population":443.0,"households":207.0,"poverty_rate":0.11594202898550725,"senior_rate":0.13318284424379231,"single_parent_rate":0.0966183574879227,"social_housing_rate":0.5942028985507246,"imputed":false,"vulnerability":26.2}},{"type":"Feature","geometry":{"type":"Polygon","coordinates":[[[2.343568,48.826329],[2.343291,48.828117],[2.34058,48.82793],[2.340857,48.826142],[2.343568,48.826329]]]},"properties":{"id":"CRS3035RES200mN2886200E3759600","population":714.5,"households":349.0,"poverty_rate":0.08882521489971347,"senior_rate":0.22533240027991602,"single_parent_rate":0.0659025787965616,"social_housing_rate":0.4899713467048711,"imputed":false,"vulnerability":27.0}},{"type":"Feature","geometry":{"type":"Polygon","coordinates":[[[2.346279,48.826516],[2.346002,48.828304],[2.343291,48.828117],[2.343568,48.826329],[2.346279,48.826516]]]},"properties":{"id":"CRS3035RES200mN2886200E3759800","population":1212.0,"households":667.0,"poverty_rate":0.13793103448275862,"senior_rate":0.21782178217821782,"single_parent_rate":0.0734632683658171,"social_housing_rate":0.6341829085457271,"imputed":false,"vulnerability":31.6}},{"type":"Feature","geometry":{"type":"Polygon","coordinates":[[[2.34899,48.826702],[2.348714,48.82849],[2.346002,48.828304],[2.346279,48.826516],[2.34899,48.826702]]]},"properties":{"id":"CRS3035RES200mN2886200E3760000","population":981.5,"households":551.0,"poverty_rate":0.11070780399274047,"senior_rate":0.22414671421293939,"single_parent_rate":0.06352087114337568,"social_housing_rate":0.06352087114337568,"imputed":false,"vulnerability":21.6}},{"type":"Feature","geometry":{"type":"Polygon","coordinates":[[[2.351701,48.826889],[2.351425,48.828677],[2.348714,48.82849],[2.34899,48.826702],[2.351701,48.826889]]]},"properties":{"id":"CRS3035RES200mN2886200E3760200","population":1411.5,"households":847.0,"poverty_rate":0.13105076741440377,"senior_rate":0.19411973078285513,"single_parent_rate":0.06965761511216056,"social_housing_rate":0.09563164108618655,"imputed":false,"vulnerability":21.7}},{"type":"Feature","geometry":{"type":"Polygon","coordinates":[[[2.354412,48.827075],[2.354136,48.828863],[2.351425,48.828677],[2.351701,48.826889],[2.354412,48.827075]]]},"properties":{"id":"CRS3035RES200mN2886200E3760400","population":740.5,"households":420.0,"poverty_rate":0.09523809523809523,"senior_rate":0.199864956110736,"single_parent_rate":0.09047619047619047,"social_housing_rate":0.10952380952380952,"imputed":false,"vulnerability":21.3}},{"type":"Feature","geometry":{"type":"Polygon","coordinates":[[[2.357124,48.827262],[2.356847,48.82905],[2.354136,48.828863],[2.354412,48.827075],[2.357124,48.827262]]]},"properties":{"id":"CRS3035RES200mN2886200E3760600","population":1035.0,"households":475.0,"poverty_rate":0.16421052631578947,"senior_rate":0.16135265700483092,"single_parent_rate":0.14105263157894737,"social_housing_rate":0.608421052631579,"imputed":false,"vulnerability":32.3}},{"type":"Feature","geometry":{"type":"Polygon","coordinates":[[[2.359835,48.827448],[2.359558,48.829236],[2.356847,48.82905],[2.357124,48.827262],[2.359835,48.827448]]]},"properties":{"id":"CRS3035RES200mN2886200E3760800","population":758.0,"households":447.0,"poverty_rate":0.1342281879194631,"senior_rate":0.2783641160949868,"single_parent_rate":0.07606263982102908,"social_housing_rate":0.1319910514541387,"imputed":false,"vulnerability":27.3}},{"type":"Feature","geometry":{"type":"Polygon","coordinates":[[[2.362546,48.827634],[2.36227,48.829422],[2.359558,48.829236],[2.359835,48.827448],[2.362546,48.827634]]]},"properties":{"id":"CRS3035RES200mN2886200E3761000","population":72.0,"households":48.0,"poverty_rate":0.08333333333333333,"senior_rate":0.18055555555555555,"single_parent_rate":0.08333333333333333,"social_housing_rate":0.0,"imputed":false,"vulnerability":17.7}},{"type":"Feature","geometry":{"type":"Polygon","coordinates":[[[2.365257,48.82782],[2.364981,48.829608],[2.36227,48.829422],[2.362546,48.827634],[2.365257,48.82782]]]},"properties":{"id":"CRS3035RES200mN2886200E3761200","population":1253.5,"households":568.0,"poverty_rate":0.16725352112676056,"senior_rate":0.2425209413641803,"single_parent_rate":0.15140845070422534,"social_housing_rate":1.0,"imputed":false,"vulnerability":43.2}},{"type":"Feature","geometry":{"type":"Polygon","coordinates":[[[2.367968,48.828007],[2.367692,48.829794],[2.364981,48.829608],[2.365257,48.82782],[2.367968,48.828007]]]},"properties":{"id":"CRS3035RES200mN2886200E3761400","population":1388.5,"households":713.0,"poverty_rate":0.2061711079943899,"senior_rate":0.3010442924018725,"single_parent_rate":0.12903225806451613,"social_housing_rate":0.8064516129032258,"imputed":false,"vulnerability":44.5}},{"type":"Feature","geometry":{"type":"Polygon","coordinates":[[[2.370679,48.828193],[2.370404,48.829981],[2.367692,48.829794],[2.367968,48.828007],[2.370679,48.828193]]]},"properties":{"id":"CRS3035RES200mN2886200E3761600","population":1494.5,"households":834.0,"poverty_rate":0.1079136690647482,"senior_rate":0.25493476078956173,"single_parent_rate":0.07553956834532374,"social_housing_rate":0.22661870503597123,"imputed":false,"vulnerability":26.1}},{"type":"Feature","geometry":{"type":"Polygon","coordinates":[[[2.373391,48.828379],[2.373115,48.830167],[2.370404,48.829981],[2.370679,48.828193],[2.373391,48.828379]]]},"properties":{"id":"CRS3035RES200mN2886200E3761800","population":2107.5,"households":1312.0,"poverty_rate":0.10365853658536585,"senior_rate":0.14709371293001186,"single_parent_rate":0.06478658536585366,"social_housing_rate":0.04496951219512195,"imputed":false,"vulnerability":16.7}},{"type":"Feature","geometry":{"type":"Polygon","coordinates":[[[2.376102,48.828564],[2.375826,48.830352],[2.373115,48.830167],[2.373391,48.828379],[2.376102,48.828564]]]},"properties":{"id":"CRS3035RES200mN2886200E3762000","population":1921.0,"households":1099.0,"poverty_rate":0.19654231119199272,"senior_rate":0.16605934409161896,"single_parent_rate":0.07734303912647862,"social_housing_rate":0.5150136487716106,"imputed":false,"vulnerability":30.0}},{"type":"Feature","geometry":{"type":"Polygon","coordinates":[[[2.378813,48.82875],[2.378538,48.830538],[2.375826,48.830352],[2.376102,48.828564],[2.378813,48.82875]]]},"properties":{"id":"CRS3035RES200mN2886200E3762200","population":342.5,"households":122.0,"poverty_rate":0.09016393442622951,"senior_rate":0.05547445255474453,"single_parent_rate":0.2540983606557377,"social_housing_rate":1.0,"imputed":false,"vulnerability":33.5}},{"type":"Feature","geometry":{"type":"Polygon","coordinates":[[[2.381524,48.828936],[2.381249,48.830724],[2.378538,48.830538],[2.378813,48.82875],[2.381524,48.828936]]]},"properties":{"id":"CRS3035RES200mN2886200E3762400","population":499.5,"households":189.0,"poverty_rate":0.07407407407407407,"senior_rate":0.1041041041041041,"single_parent_rate":0.10052910052910052,"social_housing_rate":0.2328042328042328,"imputed":false,"vulnerability":17.3}},{"type":"Feature","geometry":{"type":"Polygon","coordinates":[[[2.384236,48.829122],[2.38396,48.83091],[2.381249,48.830724],[2.381524,48.828936],[2.384236,48.829122]]]},"properties":{"id":"CRS3035RES200mN2886200E3762600","population":155.5,"households":73.0,"poverty_rate":0.0821917808219178,"senior_rate":0.12218649517684887,"single_parent_rate":0.0547945205479452,"social_housing_rate":0.0,"imputed":false,"vulnerability":13.2}},{"type":"Feature","geometry":{"type":"Polygon","coordinates":[[[2.403215,48.83042],[2.402941,48.832208],[2.400229,48.832023],[2.400504,48.830235],[2.403215,48.83042]]]},"properties":{"id":"CRS3035RES200mN2886200E3764000","population":186.0,"households":27.0,"poverty_rate":0.8,"senior_rate":0.053763440860215055,"single_parent_rate":0.18518518518518517,"social_housing_rate":0.9629629629629629,"imputed":false,"vulnerability":65.4}},{"type":"Feature","geometry":{"type":"Polygon","coordinates":[[[2.419484,48.83153],[2.41921,48.833318],[2.416499,48.833134],[2.416773,48.831346],[2.419484,48.83153]]]},"properties":{"id":"CRS3035RES200mN2886200E3765200","population":4.0,"households":1.9,"poverty_rate":0.0,"senior_rate":0.275,"single_parent_rate":0.10526315789473685,"social_housing_rate":0.0,"imputed":true,"vulnerability":19.7}},{"type":"Feature","geometry":{"type":"Polygon","coordinates":[[[2.471007,48.83503],[2.470735,48.836819],[2.468023,48.836635],[2.468295,48.834847],[2.471007,48.83503]]]},"properties":{"id":"CRS3035RES200mN2886200E3769000","population":80.0,"households":34.0,"poverty_rate":0.058823529411764705,"senior_rate":0.3625,"single_parent_rate":0.029411764705882353,"social_housing_rate":0.0,"imputed":false,"vulnerability":24.2}},{"type":"Feature","geometry":{"type":"Polygon","coordinates":[[[2.297205,48.824934],[2.296926,48.826721],[2.294215,48.826533],[2.294494,48.824746],[2.297205,48.824934]]]},"properties":{"id":"CRS3035RES200mN2886400E3756200","population":1732.0,"households":750.0,"poverty_rate":0.09733333333333333,"senior_rate":0.19168591224018475,"single_parent_rate":0.12133333333333333,"social_housing_rate":0.504,"imputed":false,"vulnerability":28.2}},{"type":"Feature","geometry":{"type":"Polygon","coordinates":[[[2.299916,48.825121],[2.299637,48.826909],[2.296926,48.826721],[2.297205,48.824934],[2.299916,48.825121]]]},"properties":{"id":"CRS3035RES200mN2886400E3756400","population":582.0,"households":278.0,"poverty_rate":0.1510791366906475,"senior_rate":0.19072164948453607,"single_parent_rate":0.20863309352517986,"social_housing_rate":0.9892086330935251,"imputed":false,"vulnerability":41.9}},{"type":"Feature","geometry":{"type":"Polygon","coordinates":[[[2.302626,48.825309],[2.302348,48.827097],[2.299637,48.826909],[2.299916,48.825121],[2.302626,48.825309]]]},"properties":{"id":"CRS3035RES200mN2886400E3756600","population":363.0,"households":159.0,"poverty_rate":0.32075471698113206,"senior_rate":0.20385674931129477,"single_parent_rate":0.25157232704402516,"social_housing_rate":0.9937106918238994,"imputed":false,"vulnerability":53.0}},{"type":"Feature","geometry":{"type":"Polygon","coordinates":[[[2.305337,48.825497],[2.305059,48.827285],[2.302348,48.827097],[2.302626,48.825309],[2.305337,48.825497]]]},"properties":{"id":"CRS3035RES200mN2886400E3756800","population":1009.0,"households":458.0,"poverty_rate":0.31222707423580787,"senior_rate":0.19821605550049554,"single_parent_rate":0.259825327510917,"social_housing_rate":0.0,"imputed":false,"vulnerability":37.7}},{"type":"Feature","geometry":{"type":"Polygon","coordinates":[[[2.308048,48.825684],[2.30777,48.827472],[2.305059,48.827285],[2.305337,48.825497],[2.308048,48.825684]]]},"properties":{"id":"CRS3035RES200mN2886400E3757000","population":1145.5,"households":611.0,"poverty_rate":0.3076923076923077,"senior_rate":0.27848101265822783,"single_parent_rate":0.1718494271685761,"social_housing_rate":0.972176759410802,"imputed":false,"vulnerability":52.7}},{"type":"Feature","geometry":{"type":"Polygon","coordinates":[[[2.310759,48.825872],[2.310481,48.82766],[2.30777,48.827472],[2.308048,48.825684],[2.310759,48.825872]]]},"properties":{"id":"CRS3035RES200mN2886400E3757200","population":1110.5,"households":579.0,"poverty_rate":0.30569948186528495,"senior_rate":0.2224223322827555,"single_parent_rate":0.14680483592400692,"social_housing_rate":0.853195164075993,"imputed":false,"vulnerability":46.7}},{"type":"Feature","geometry":{"type":"Polygon","coordinates":[[[2.31347,48.826059],[2.313192,48.827847],[2.310481,48.82766],[2.310759,48.825872],[2.31347,48.826059]]]},"properties":{"id":"CRS3035RES200mN2886400E3757400","population":1474.0,"households":716.0,"poverty_rate":0.10893854748603352,"senior_rate":0.16621438263229307,"single_parent_rate":0.11452513966480447,"social_housing_rate":0.28631284916201116,"imputed":false,"vulnerability":23.8}},{"type":"Feature","geometry":{"type":"Polygon","coordinates":[[[2.316181,48.826247],[2.315903,48.828034],[2.313192,48.827847],[2.31347,48.826059],[2.316181,48.826247]]]},"properties":{"id":"CRS3035RES200mN2886400E3757600","population":1378.5,"households":774.0,"poverty_rate":0.13565891472868216,"senior_rate":0.16104461371055495,"single_parent_rate":0.1020671834625323,"social_housing_rate":0.3863049095607235,"imputed":false,"vulnerability":25.8}},{"type":"Feature","geometry":{"type":"Polygon","coordinates":[[[2.318892,48.826434],[2.318614,48.828222],[2.315903,48.828034],[2.316181,48.826247],[2.318892,48.826434]]]},"properties":{"id":"CRS3035RES200mN2886400E3757800","population":884.5,"households":502.0,"poverty_rate":0.07768924302788845,"senior_rate":0.22950819672131148,"single_parent_rate":0.06374501992031872,"social_housing_rate":0.3645418326693227,"imputed":false,"vulnerability":24.7}},{"type":"Feature","geometry":{"type":"Polygon","coordinates":[[[2.321603,48.826621],[2.321325,48.828409],[2.318614,48.828222],[2.318892,48.826434],[2.321603,48.826621]]]},"properties":{"id":"CRS3035RES200mN2886400E3758000","population":389.0,"households":240.0,"poverty_rate":0.08333333333333333,"senior_rate":0.4370179948586118,"single_parent_rate":0.058333333333333334,"social_housing_rate":0.0,"imputed":false,"vulnerability":30.7}},{"type":"Feature","geometry":{"type":"Polygon","coordinates":[[[2.324314,48.826808],[2.324036,48.828596],[2.321325,48.828409],[2.321603,48.826621],[2.324314,48.826808]]]},"properties":{"id":"CRS3035RES200mN2886400E3758200","population":1049.5,"households":561.0,"poverty_rate":0.09090909090909091,"senior_rate":0.25440686040971894,"single_parent_rate":0.08377896613190731,"social_housing_rate":0.11586452762923351,"imputed":false,"vulnerability":23.9}},{"type":"Feature","geometry":{"type":"Polygon","coordinates":[[[2.327025,48.826996],[2.326747,48.828783],[2.324036,48.828596],[2.324314,48.826808],[2.327025,48.826996]]]},"properties":{"id":"CRS3035RES200mN2886400E3758400","population":1200.5,"households":659.0,"poverty_rate":0.08952959028831563,"senior_rate":0.21074552269887548,"single_parent_rate":0.06525037936267071,"social_housing_rate":0.0,"imputed":false,"vulnerability":18.9}},{"type":"Feature","geometry":{"type":"Polygon","coordinates":[[[2.329736,48.827183],[2.329459,48.82897],[2.326747,48.828783],[2.327025,48.826996],[2.329736,48.827183]]]},"properties":{"id":"CRS3035RES200mN2886400E3758600","population":1048.5,"households":543.0,"poverty_rate":0.10681399631675875,"senior_rate":0.21745350500715308,"single_parent_rate":0.07918968692449356,"social_housing_rate":0.0570902394106814,"imputed":false,"vulnerability":21.6}},{"type":"Feature","geometry":{"type":"Polygon","coordinates":[[[2.332447,48.82737],[2.33217,48.829157],[2.329459,48.82897],[2.329736,48.827183],[2.332447,48.82737]]]},"properties":{"id":"CRS3035RES200mN2886400E3758800","population":1484.5,"households":841.0,"poverty_rate":0.1117717003567182,"senior_rate":0.19467834287638935,"single_parent_rate":0.06183115338882283,"social_housing_rate":0.014268727705112961,"imputed":false,"vulnerability":19.2}},{"type":"Feature","geometry":{"type":"Polygon","coordinates":[[[2.335158,48.827557],[2.334881,48.829344],[2.33217,48.829157],[2.332447,48.82737],[2.335158,48.827557]]]},"properties":{"id":"CRS3035RES200mN2886400E3759000","population":1439.5,"households":809.0,"poverty_rate":0.11866501854140915,"senior_rate":0.1924279263633206,"single_parent_rate":0.06798516687268233,"social_housing_rate":0.0,"imputed":false,"vulnerability":19.5}},{"type":"Feature","geometry":{"type":"Polygon","coordinates":[[[2.337869,48.827743],[2.337592,48.829531],[2.334881,48.829344],[2.335158,48.827557],[2.337869,48.827743]]]},"properties":{"id":"CRS3035RES200mN2886400E3759200","population":824.5,"households":376.0,"poverty_rate":0.17553191489361702,"senior_rate":0.14554275318374774,"single_parent_rate":0.19414893617021275,"social_housing_rate":0.6888297872340425,"imputed":false,"vulnerability":35.5}},{"type":"Feature","geometry":{"type":"Polygon","coordinates":[[[2.34058,48.82793],[2.340303,48.829718],[2.337592,48.829531],[2.337869,48.827743],[2.34058,48.82793]]]},"properties":{"id":"CRS3035RES200mN2886400E3759400","population":27.0,"households":13.2,"poverty_rate":0.12121212121212123,"senior_rate":0.05925925925925926,"single_parent_rate":0.045454545454545456,"social_housing_rate":0.0,"imputed":true,"vulnerability":11.3}},{"type":"Feature","geometry":{"type":"Polygon","coordinates":[[[2.343291,48.828117],[2.343014,48.829905],[2.340303,48.829718],[2.34058,48.82793],[2.343291,48.828117]]]},"properties":{"id":"CRS3035RES200mN2886400E3759600","population":422.5,"households":245.0,"poverty_rate":0.10612244897959183,"senior_rate":0.20591715976331362,"single_parent_rate":0.10612244897959183,"social_housing_rate":0.10204081632653061,"imputed":false,"vulnerability":22.8}},{"type":"Feature","geometry":{"type":"Polygon","coordinates":[[[2.346002,48.828304],[2.345726,48.830091],[2.343014,48.829905],[2.343291,48.828117],[2.346002,48.828304]]]},"properties":{"id":"CRS3035RES200mN2886400E3759800","population":2121.5,"households":846.0,"poverty_rate":0.19739952718676124,"senior_rate":0.19325948621258543,"single_parent_rate":0.21394799054373523,"social_housing_rate":0.8522458628841607,"imputed":false,"vulnerability":42.5}},{"type":"Feature","geometry":{"type":"Polygon","coordinates":[[[2.348714,48.82849],[2.348437,48.830278],[2.345726,48.830091],[2.346002,48.828304],[2.348714,48.82849]]]},"properties":{"id":"CRS3035RES200mN2886400E3760000","population":1671.5,"households":889.0,"poverty_rate":0.10686164229471316,"senior_rate":0.2614418187256955,"single_parent_rate":0.10798650168728909,"social_housing_rate":0.2823397075365579,"imputed":false,"vulnerability":28.6}},{"type":"Feature","geometry":{"type":"Polygon","coordinates":[[[2.351425,48.828677],[2.351148,48.830465],[2.348437,48.830278],[2.348714,48.82849],[2.351425,48.828677]]]},"properties":{"id":"CRS3035RES200mN2886400E3760200","population":1031.0,"households":484.0,"poverty_rate":0.08677685950413223,"senior_rate":0.2347235693501455,"single_parent_rate":0.08677685950413223,"social_housing_rate":0.5351239669421488,"imputed":false,"vulnerability":29.0}},{"type":"Feature","geometry":{"type":"Polygon","coordinates":[[[2.354136,48.828863],[2.35386,48.830651],[2.351148,48.830465],[2.351425,48.828677],[2.354136,48.828863]]]},"properties":{"id":"CRS3035RES200mN2886400E3760400","population":1020.5,"households":592.0,"poverty_rate":0.14358108108108109,"senior_rate":0.18226359627633512,"single_parent_rate":0.0945945945945946,"social_housing_rate":0.07601351351351351,"imputed":false,"vulnerability":22.4}},{"type":"Feature","geometry":{"type":"Polygon","coordinates":[[[2.356847,48.82905],[2.356571,48.830837],[2.35386,48.830651],[2.354136,48.828863],[2.356847,48.82905]]]},"properties":{"id":"CRS3035RES200mN2886400E3760600","population":2149.0,"households":1188.0,"poverty_rate":0.10185185185185185,"senior_rate":0.2708236389018148,"single_parent_rate":0.09175084175084175,"social_housing_rate":0.0016835016835016834,"imputed":false,"vulnerability":24.0}},{"type":"Feature","geometry":{"type":"Polygon","coordinates":[[[2.359558,48.829236],[2.359282,48.831024],[2.356571,48.830837],[2.356847,48.82905],[2.359558,48.829236]]]},"properties":{"id":"CRS3035RES200mN2886400E3760800","population":2098.5,"households":1062.0,"poverty_rate":0.1497175141242938,"senior_rate":0.22349297116988326,"single_parent_rate":0.10734463276836158,"social_housing_rate":0.3785310734463277,"imputed":false,"vulnerability":30.1}},{"type":"Feature","geometry":{"type":"Polygon","coordinates":[[[2.36227,48.829422],[2.361994,48.83121],[2.359282,48.831024],[2.359558,48.829236],[2.36227,48.829422]]]},"properties":{"id":"CRS3035RES200mN2886400E3761000","population":667.5,"households":361.0,"poverty_rate":0.22160664819944598,"senior_rate":0.3235955056179775,"single_parent_rate":0.12742382271468145,"social_housing_rate":0.6592797783933518,"imputed":false,"vulnerability":44.3}},{"type":"Feature","geometry":{"type":"Polygon","coordinates":[[[2.364981,48.829608],[2.364705,48.831396],[2.361994,48.83121],[2.36227,48.829422],[2.364981,48.829608]]]},"properties":{"id":"CRS3035RES200mN2886400E3761200","population":1472.5,"households":648.0,"poverty_rate":0.24537037037037038,"senior_rate":0.20577249575551781,"single_parent_rate":0.20679012345679013,"social_housing_rate":0.875,"imputed":false,"vulnerability":45.7}},{"type":"Feature","geometry":{"type":"Polygon","coordinates":[[[2.367692,48.829794],[2.367416,48.831582],[2.364705,48.831396],[2.364981,48.829608],[2.367692,48.829794]]]},"properties":{"id":"CRS3035RES200mN2886400E3761400","population":3060.5,"households":1270.0,"poverty_rate":0.20236220472440944,"senior_rate":0.15651037412187552,"single_parent_rate":0.15590551181102363,"social_housing_rate":0.662992125984252,"imputed":false,"vulnerability":35.4}},{"type":"Feature","geometry":{"type":"Polygon","coordinates":[[[2.370404,48.829981],[2.370128,48.831768],[2.367416,48.831582],[2.367692,48.829794],[2.370404,48.829981]]]},"properties":{"id":"CRS3035RES200mN2886400E3761600","population":1255.5,"households":649.0,"poverty_rate":0.14329738058551617,"senior_rate":0.2214257268020709,"single_parent_rate":0.09244992295839753,"social_housing_rate":0.49768875192604006,"imputed":false,"vulnerability":30.8}},{"type":"Feature","geometry":{"type":"Polygon","coordinates":[[[2.373115,48.830167],[2.372839,48.831954],[2.370128,48.831768],[2.370404,48.829981],[2.373115,48.830167]]]},"properties":{"id":"CRS3035RES200mN2886400E3761800","population":1102.0,"households":556.0,"poverty_rate":0.14928057553956833,"senior_rate":0.19782214156079855,"single_parent_rate":0.08992805755395683,"social_housing_rate":0.7158273381294964,"imputed":false,"vulnerability":33.0}},{"type":"Feature","geometry":{"type":"Polygon","coordinates":[[[2.375826,48.830352],[2.375551,48.83214],[2.372839,48.831954],[2.373115,48.830167],[2.375826,48.830352]]]},"properties":{"id":"CRS3035RES200mN2886400E3762000","population":680.0,"households":382.0,"poverty_rate":0.13612565445026178,"senior_rate":0.11323529411764706,"single_parent_rate":0.07591623036649214,"social_housing_rate":0.4607329842931937,"imputed":false,"vulnerability":23.2}},{"type":"Feature","geometry":{"type":"Polygon","coordinates":[[[2.381249,48.830724],[2.380973,48.832512],[2.378262,48.832326],[2.378538,48.830538],[2.381249,48.830724]]]},"properties":{"id":"CRS3035RES200mN2886400E3762400","population":694.5,"households":287.0,"poverty_rate":0.08013937282229965,"senior_rate":0.15262778977681785,"single_parent_rate":0.11846689895470383,"social_housing_rate":0.3240418118466899,"imputed":false,"vulnerability":22.4}},{"type":"Feature","geometry":{"type":"Polygon","coordinates":[[[2.389383,48.831281],[2.389108,48.833069],[2.386396,48.832884],[2.386672,48.831096],[2.389383,48.831281]]]},"properties":{"id":"CRS3035RES200mN2886400E3763000","population":3.0,"households":1.4,"poverty_rate":0.2142857142857143,"senior_rate":0.16666666666666666,"single_parent_rate":0.07142857142857144,"social_housing_rate":0.0,"imputed":true,"vulnerability":23.0}},{"type":"Feature","geometry":{"type":"Polygon","coordinates":[[[2.397518,48.831838],[2.397243,48.833626],[2.394531,48.83344],[2.394806,48.831652],[2.397518,48.831838]]]},"properties":{"id":"CRS3035RES200mN2886400E3763600","population":334.5,"households":191.0,"poverty_rate":0.10471204188481675,"senior_rate":0.23617339312406577,"single_parent_rate":0.06806282722513089,"social_housing_rate":0.0,"imputed":false,"vulnerability":21.2}},{"type":"Feature","geometry":{"type":"Polygon","coordinates":[[[2.400229,48.832023],[2.399954,48.833811],[2.397243,48.833626],[2.397518,48.831838],[2.400229,48.832023]]]},"properties":{"id":"CRS3035RES200mN2886400E3763800","population":605.0,"households":325.0,"poverty_rate":0.09538461538461539,"senior_rate":0.24793388429752067,"single_parent_rate":0.10461538461538461,"social_housing_rate":0.0,"imputed":false,"vulnerability":22.9}},{"type":"Feature","geometry":{"type":"Polygon","coordinates":[[[2.402941,48.832208],[2.402666,48.833996],[2.399954,48.833811],[2.400229,48.832023],[2.402941,48.832208]]]},"properties":{"id":"CRS3035RES200mN2886400E3764000","population":919.0,"households":450.0,"poverty_rate":0.16444444444444445,"senior_rate":0.16430903155603918,"single_parent_rate":0.15555555555555556,"social_housing_rate":0.40444444444444444,"imputed":false,"vulnerability":30.1}},{"type":"Feature","geometry":{"type":"Polygon","coordinates":[[[2.405652,48.832393],[2.405378,48.834181],[2.402666,48.833996],[2.402941,48.832208],[2.405652,48.832393]]]},"properties":{"id":"CRS3035RES200mN2886400E3764200","population":752.5,"households":459.0,"poverty_rate":0.21350762527233116,"senior_rate":0.24053156146179402,"single_parent_rate":0.08714596949891068,"social_housing_rate":0.9891067538126361,"imputed":false,"vulnerability":42.5}},{"type":"Feature","geometry":{"type":"Polygon","coordinates":[[[2.408364,48.832579],[2.408089,48.834367],[2.405378,48.834181],[2.405652,48.832393],[2.408364,48.832579]]]},"properties":{"id":"CRS3035RES200mN2886400E3764400","population":648.5,"households":387.0,"poverty_rate":0.14728682170542637,"senior_rate":0.17579028527370855,"single_parent_rate":0.1421188630490956,"social_housing_rate":0.9922480620155039,"imputed":false,"vulnerability":38.1}},{"type":"Feature","geometry":{"type":"Polygon","coordinates":[[[2.413787,48.832949],[2.413513,48.834737],[2.410801,48.834552],[2.411075,48.832764],[2.413787,48.832949]]]},"properties":{"id":"CRS3035RES200mN2886400E3764800","population":209.5,"households":87.0,"poverty_rate":0.11494252873563218,"senior_rate":0.24343675417661098,"single_parent_rate":0.04597701149425287,"social_housing_rate":0.0,"imputed":false,"vulnerability":21.1}},{"type":"Feature","geometry":{"type":"Polygon","coordinates":[[[2.416499,48.833134],[2.416224,48.834922],[2.413513,48.834737],[2.413787,48.832949],[2.416499,48.833134]]]},"properties":{"id":"CRS3035RES200mN2886400E3765000","population":326.5,"households":155.0,"poverty_rate":0.06451612903225806,"senior_rate":0.2542113323124043,"single_parent_rate":0.07741935483870968,"social_housing_rate":0.0,"imputed":false,"vulnerability":20.6}},{"type":"Feature","geometry":{"type":"Polygon","coordinates":[[[2.41921,48.833318],[2.418936,48.835107],[2.416224,48.834922],[2.416499,48.833134],[2.41921,48.833318]]]},"properties":{"id":"CRS3035RES200mN2886400E3765200","population":159.0,"households":64.0,"poverty_rate":0.09375,"senior_rate":0.2389937106918239,"single_parent_rate":0.046875,"social_housing_rate":0.0,"imputed":false,"vulnerability":19.9}},{"type":"Feature","geometry":{"type":"Polygon","coordinates":[[[2.421922,48.833503],[2.421648,48.835291],[2.418936,48.835107],[2.41921,48.833318],[2.421922,48.833503]]]},"properties":{"id":"CRS3035RES200mN2886400E3765400","population":2.0,"households":1.0,"poverty_rate":0.0,"senior_rate":0.25,"single_parent_rate":0.1,"social_housing_rate":0.0,"imputed":true,"vulnerability":18.1}},{"type":"Feature","geometry":{"type":"Polygon","coordinates":[[[2.432769,48.834242],[2.432495,48.83603],[2.429783,48.835845],[2.430057,48.834057],[2.432769,48.834242]]]},"properties":{"id":"CRS3035RES200mN2886400E3766200","population":3.0,"households":0.9,"poverty_rate":0.22222222222222224,"senior_rate":0.0,"single_parent_rate":0.0,"social_housing_rate":0.0,"imputed":true,"vulnerability":11.1}},{"type":"Feature","geometry":{"type":"Polygon","coordinates":[[[2.44904,48.835348],[2.448766,48.837136],[2.446054,48.836952],[2.446328,48.835164],[2.44904,48.835348]]]},"properties":{"id":"CRS3035RES200mN2886400E3767400","population":13.0,"households":4.0,"poverty_rate":0.225,"senior_rate":0.0,"single_parent_rate":0.0,"social_housing_rate":0.0,"imputed":true,"vulnerability":11.2}},{"type":"Feature","geometry":{"type":"Polygon","coordinates":[[[2.457175,48.8359],[2.456902,48.837688],[2.45419,48.837504],[2.454463,48.835716],[2.457175,48.8359]]]},"properties":{"id":"CRS3035RES200mN2886400E3768000","population":5.0,"households":1.8,"poverty_rate":0.11111111111111112,"senior_rate":0.25999999999999995,"single_parent_rate":0.11111111111111112,"social_housing_rate":0.0,"imputed":true,"vulnerability":24.7}},{"type":"Feature","geometry":{"type":"Polygon","coordinates":[[[2.470735,48.836819],[2.470463,48.838607],[2.46775,48.838423],[2.468023,48.836635],[2.470735,48.836819]]]},"properties":{"id":"CRS3035RES200mN2886400E3769000","population":189.0,"households":84.0,"poverty_rate":0.05952380952380952,"senior_rate":0.2222222222222222,"single_parent_rate":0.08333333333333333,"social_housing_rate":0.0,"imputed":false,"vulnerability":18.8}},{"type":"Feature","geometry":{"type":"Polygon","coordinates":[[[2.291505,48.826346],[2.291226,48.828133],[2.288515,48.827945],[2.288794,48.826158],[2.291505,48.826346]]]},"properties":{"id":"CRS3035RES200mN2886600E3755800","population":158.0,"households":138.0,"poverty_rate":0.1956521739130435,"senior_rate":0.06329113924050633,"single_parent_rate":0.057971014492753624,"social_housing_rate":0.0,"imputed":false,"vulnerability":15.8}},{"type":"Feature","geometry":{"type":"Polygon","coordinates":[[[2.294215,48.826533],[2.293937,48.828321],[2.291226,48.828133],[2.291505,48.826346],[2.294215,48.826533]]]},"properties":{"id":"CRS3035RES200mN2886600E3756000","population":545.0,"households":293.0,"poverty_rate":0.20136518771331058,"senior_rate":0.1651376146788991,"single_parent_rate":0.09556313993174062,"social_housing_rate":0.2354948805460751,"imputed":false,"vulnerability":26.8}},{"type":"Feature","geometry":{"type":"Polygon","coordinates":[[[2.296926,48.826721],[2.296648,48.828509],[2.293937,48.828321],[2.294215,48.826533],[2.296926,48.826721]]]},"properties":{"id":"CRS3035RES200mN2886600E3756200","population":223.5,"households":80.0,"poverty_rate":0.3125,"senior_rate":0.16554809843400448,"single_parent_rate":0.3125,"social_housing_rate":1.0,"imputed":false,"vulnerability":53.2}},{"type":"Feature","geometry":{"type":"Polygon","coordinates":[[[2.299637,48.826909],[2.299359,48.828697],[2.296648,48.828509],[2.296926,48.826721],[2.299637,48.826909]]]},"properties":{"id":"CRS3035RES200mN2886600E3756400","population":854.5,"households":366.0,"poverty_rate":0.22131147540983606,"senior_rate":0.2083089526038619,"single_parent_rate":0.17486338797814208,"social_housing_rate":1.0,"imputed":false,"vulnerability":45.1}},{"type":"Feature","geometry":{"type":"Polygon","coordinates":[[[2.302348,48.827097],[2.30207,48.828885],[2.299359,48.828697],[2.299637,48.826909],[2.302348,48.827097]]]},"properties":{"id":"CRS3035RES200mN2886600E3756600","population":1741.5,"households":703.0,"poverty_rate":0.22190611664295876,"senior_rate":0.17571059431524547,"single_parent_rate":0.20625889046941678,"social_housing_rate":0.9772403982930299,"imputed":false,"vulnerability":44.3}},{"type":"Feature","geometry":{"type":"Polygon","coordinates":[[[2.305059,48.827285],[2.304781,48.829072],[2.30207,48.828885],[2.302348,48.827097],[2.305059,48.827285]]]},"properties":{"id":"CRS3035RES200mN2886600E3756800","population":463.5,"households":232.0,"poverty_rate":0.14224137931034483,"senior_rate":0.1186623516720604,"single_parent_rate":0.10775862068965517,"social_housing_rate":0.33189655172413796,"imputed":false,"vulnerability":23.3}},{"type":"Feature","geometry":{"type":"Polygon","coordinates":[[[2.30777,48.827472],[2.307492,48.82926],[2.304781,48.829072],[2.305059,48.827285],[2.30777,48.827472]]]},"properties":{"id":"CRS3035RES200mN2886600E3757000","population":610.5,"households":310.0,"poverty_rate":0.13225806451612904,"senior_rate":0.25061425061425063,"single_parent_rate":0.04838709677419355,"social_housing_rate":0.08709677419354839,"imputed":false,"vulnerability":23.8}},{"type":"Feature","geometry":{"type":"Polygon","coordinates":[[[2.310481,48.82766],[2.310203,48.829447],[2.307492,48.82926],[2.30777,48.827472],[2.310481,48.82766]]]},"properties":{"id":"CRS3035RES200mN2886600E3757200","population":1459.0,"households":682.0,"poverty_rate":0.18621700879765396,"senior_rate":0.2213845099383139,"single_parent_rate":0.12609970674486803,"social_housing_rate":0.5850439882697948,"imputed":false,"vulnerability":35.7}},{"type":"Feature","geometry":{"type":"Polygon","coordinates":[[[2.313192,48.827847],[2.312914,48.829635],[2.310203,48.829447],[2.310481,48.82766],[2.313192,48.827847]]]},"properties":{"id":"CRS3035RES200mN2886600E3757400","population":2.0,"households":1.1,"poverty_rate":0.0,"senior_rate":0.05,"single_parent_rate":0.0,"social_housing_rate":0.09090909090909091,"imputed":true,"vulnerability":4.1}},{"type":"Feature","geometry":{"type":"Polygon","coordinates":[[[2.315903,48.828034],[2.315625,48.829822],[2.312914,48.829635],[2.313192,48.827847],[2.315903,48.828034]]]},"properties":{"id":"CRS3035RES200mN2886600E3757600","population":905.5,"households":502.0,"poverty_rate":0.099601593625498,"senior_rate":0.18221976808393153,"single_parent_rate":0.0398406374501992,"social_housing_rate":0.0,"imputed":false,"vulnerability":16.7}},{"type":"Feature","geometry":{"type":"Polygon","coordinates":[[[2.318614,48.828222],[2.318336,48.83001],[2.315625,48.829822],[2.315903,48.828034],[2.318614,48.828222]]]},"properties":{"id":"CRS3035RES200mN2886600E3757800","population":1375.0,"households":792.0,"poverty_rate":0.14393939393939395,"senior_rate":0.18036363636363636,"single_parent_rate":0.07828282828282829,"social_housing_rate":0.1527777777777778,"imputed":false,"vulnerability":22.8}},{"type":"Feature","geometry":{"type":"Polygon","coordinates":[[[2.321325,48.828409],[2.321048,48.830197],[2.318336,48.83001],[2.318614,48.828222],[2.321325,48.828409]]]},"properties":{"id":"CRS3035RES200mN2886600E3758000","population":1840.0,"households":1083.0,"poverty_rate":0.14035087719298245,"senior_rate":0.1815217391304348,"single_parent_rate":0.0886426592797784,"social_housing_rate":0.2659279778393352,"imputed":false,"vulnerability":24.8}},{"type":"Feature","geometry":{"type":"Polygon","coordinates":[[[2.324036,48.828596],[2.323759,48.830384],[2.321048,48.830197],[2.321325,48.828409],[2.324036,48.828596]]]},"properties":{"id":"CRS3035RES200mN2886600E3758200","population":1548.0,"households":843.0,"poverty_rate":0.09252669039145907,"senior_rate":0.18604651162790697,"single_parent_rate":0.06998813760379596,"social_housing_rate":0.0,"imputed":false,"vulnerability":17.9}},{"type":"Feature","geometry":{"type":"Polygon","coordinates":[[[2.326747,48.828783],[2.32647,48.830571],[2.323759,48.830384],[2.324036,48.828596],[2.326747,48.828783]]]},"properties":{"id":"CRS3035RES200mN2886600E3758400","population":1237.0,"households":689.0,"poverty_rate":0.0899854862119013,"senior_rate":0.25788197251414713,"single_parent_rate":0.06095791001451379,"social_housing_rate":0.008708272859216255,"imputed":false,"vulnerability":21.4}},{"type":"Feature","geometry":{"type":"Polygon","coordinates":[[[2.329459,48.82897],[2.329181,48.830758],[2.32647,48.830571],[2.326747,48.828783],[2.329459,48.82897]]]},"properties":{"id":"CRS3035RES200mN2886600E3758600","population":1217.0,"households":693.0,"poverty_rate":0.12554112554112554,"senior_rate":0.20624486442070666,"single_parent_rate":0.06204906204906205,"social_housing_rate":0.020202020202020204,"imputed":false,"vulnerability":20.6}},{"type":"Feature","geometry":{"type":"Polygon","coordinates":[[[2.33217,48.829157],[2.331892,48.830945],[2.329181,48.830758],[2.329459,48.82897],[2.33217,48.829157]]]},"properties":{"id":"CRS3035RES200mN2886600E3758800","population":1368.5,"households":819.0,"poverty_rate":0.10256410256410256,"senior_rate":0.21921812203142127,"single_parent_rate":0.057387057387057384,"social_housing_rate":0.0,"imputed":false,"vulnerability":19.7}},{"type":"Feature","geometry":{"type":"Polygon","coordinates":[[[2.334881,48.829344],[2.334604,48.831132],[2.331892,48.830945],[2.33217,48.829157],[2.334881,48.829344]]]},"properties":{"id":"CRS3035RES200mN2886600E3759000","population":1153.0,"households":674.0,"poverty_rate":0.13204747774480713,"senior_rate":0.1717259323503903,"single_parent_rate":0.06676557863501484,"social_housing_rate":0.0830860534124629,"imputed":false,"vulnerability":20.2}},{"type":"Feature","geometry":{"type":"Polygon","coordinates":[[[2.337592,48.829531],[2.337315,48.831319],[2.334604,48.831132],[2.334881,48.829344],[2.337592,48.829531]]]},"properties":{"id":"CRS3035RES200mN2886600E3759200","population":1132.0,"households":576.0,"poverty_rate":0.16145833333333334,"senior_rate":0.2393992932862191,"single_parent_rate":0.10416666666666667,"social_housing_rate":0.3524305555555556,"imputed":false,"vulnerability":31.0}},{"type":"Feature","geometry":{"type":"Polygon","coordinates":[[[2.340303,48.829718],[2.340026,48.831506],[2.337315,48.831319],[2.337592,48.829531],[2.340303,48.829718]]]},"properties":{"id":"CRS3035RES200mN2886600E3759400","population":850.5,"households":409.0,"poverty_rate":0.08312958435207823,"senior_rate":0.17989417989417988,"single_parent_rate":0.06845965770171149,"social_housing_rate":0.10513447432762836,"imputed":false,"vulnerability":18.6}},{"type":"Feature","geometry":{"type":"Polygon","coordinates":[[[2.343014,48.829905],[2.342738,48.831693],[2.340026,48.831506],[2.340303,48.829718],[2.343014,48.829905]]]},"properties":{"id":"CRS3035RES200mN2886600E3759600","population":805.5,"households":403.0,"poverty_rate":0.12406947890818859,"senior_rate":0.24705152079453754,"single_parent_rate":0.08933002481389578,"social_housing_rate":0.18114143920595532,"imputed":false,"vulnerability":26.4}},{"type":"Feature","geometry":{"type":"Polygon","coordinates":[[[2.345726,48.830091],[2.345449,48.831879],[2.342738,48.831693],[2.343014,48.829905],[2.345726,48.830091]]]},"properties":{"id":"CRS3035RES200mN2886600E3759800","population":708.5,"households":346.0,"poverty_rate":0.06936416184971098,"senior_rate":0.21312632321806635,"single_parent_rate":0.12716763005780346,"social_housing_rate":0.12138728323699421,"imputed":false,"vulnerability":22.5}},{"type":"Feature","geometry":{"type":"Polygon","coordinates":[[[2.348437,48.830278],[2.34816,48.832066],[2.345449,48.831879],[2.345726,48.830091],[2.348437,48.830278]]]},"properties":{"id":"CRS3035RES200mN2886600E3760000","population":1200.0,"households":624.0,"poverty_rate":0.14423076923076922,"senior_rate":0.26916666666666667,"single_parent_rate":0.08173076923076923,"social_housing_rate":0.358974358974359,"imputed":false,"vulnerability":30.9}},{"type":"Feature","geometry":{"type":"Polygon","coordinates":[[[2.351148,48.830465],[2.350872,48.832252],[2.34816,48.832066],[2.348437,48.830278],[2.351148,48.830465]]]},"properties":{"id":"CRS3035RES200mN2886600E3760200","population":909.5,"households":462.0,"poverty_rate":0.22294372294372294,"senior_rate":0.22539857064321056,"single_parent_rate":0.1645021645021645,"social_housing_rate":0.7186147186147186,"imputed":false,"vulnerability":41.4}},{"type":"Feature","geometry":{"type":"Polygon","coordinates":[[[2.35386,48.830651],[2.353583,48.832439],[2.350872,48.832252],[2.351148,48.830465],[2.35386,48.830651]]]},"properties":{"id":"CRS3035RES200mN2886600E3760400","population":847.0,"households":409.0,"poverty_rate":0.09535452322738386,"senior_rate":0.256198347107438,"single_parent_rate":0.08557457212713937,"social_housing_rate":0.2860635696821516,"imputed":false,"vulnerability":26.8}},{"type":"Feature","geometry":{"type":"Polygon","coordinates":[[[2.356571,48.830837],[2.356294,48.832625],[2.353583,48.832439],[2.35386,48.830651],[2.356571,48.830837]]]},"properties":{"id":"CRS3035RES200mN2886600E3760600","population":412.5,"households":209.0,"poverty_rate":0.14832535885167464,"senior_rate":0.21818181818181817,"single_parent_rate":0.0861244019138756,"social_housing_rate":0.291866028708134,"imputed":false,"vulnerability":27.5}},{"type":"Feature","geometry":{"type":"Polygon","coordinates":[[[2.359282,48.831024],[2.359006,48.832812],[2.356294,48.832625],[2.356571,48.830837],[2.359282,48.831024]]]},"properties":{"id":"CRS3035RES200mN2886600E3760800","population":530.5,"households":328.0,"poverty_rate":0.10975609756097561,"senior_rate":0.19604147031102734,"single_parent_rate":0.04878048780487805,"social_housing_rate":0.009146341463414634,"imputed":false,"vulnerability":18.5}},{"type":"Feature","geometry":{"type":"Polygon","coordinates":[[[2.361994,48.83121],[2.361717,48.832998],[2.359006,48.832812],[2.359282,48.831024],[2.361994,48.83121]]]},"properties":{"id":"CRS3035RES200mN2886600E3761000","population":1883.5,"households":944.0,"poverty_rate":0.1048728813559322,"senior_rate":0.2936023360764534,"single_parent_rate":0.10063559322033898,"social_housing_rate":0.6536016949152542,"imputed":false,"vulnerability":35.5}},{"type":"Feature","geometry":{"type":"Polygon","coordinates":[[[2.364705,48.831396],[2.364429,48.833184],[2.361717,48.832998],[2.361994,48.83121],[2.364705,48.831396]]]},"properties":{"id":"CRS3035RES200mN2886600E3761200","population":1397.0,"households":684.0,"poverty_rate":0.1564327485380117,"senior_rate":0.2698639942734431,"single_parent_rate":0.14912280701754385,"social_housing_rate":1.0,"imputed":false,"vulnerability":44.1}},{"type":"Feature","geometry":{"type":"Polygon","coordinates":[[[2.367416,48.831582],[2.36714,48.83337],[2.364429,48.833184],[2.364705,48.831396],[2.367416,48.831582]]]},"properties":{"id":"CRS3035RES200mN2886600E3761400","population":2120.5,"households":1055.0,"poverty_rate":0.1061611374407583,"senior_rate":0.2919122848384815,"single_parent_rate":0.0947867298578199,"social_housing_rate":0.7744075829383886,"imputed":false,"vulnerability":37.1}},{"type":"Feature","geometry":{"type":"Polygon","coordinates":[[[2.370128,48.831768],[2.369852,48.833556],[2.36714,48.83337],[2.367416,48.831582],[2.370128,48.831768]]]},"properties":{"id":"CRS3035RES200mN2886600E3761600","population":1226.5,"households":658.0,"poverty_rate":0.13221884498480244,"senior_rate":0.20138605788830005,"single_parent_rate":0.11094224924012158,"social_housing_rate":0.47112462006079026,"imputed":false,"vulnerability":29.6}},{"type":"Feature","geometry":{"type":"Polygon","coordinates":[[[2.372839,48.831954],[2.372563,48.833742],[2.369852,48.833556],[2.370128,48.831768],[2.372839,48.831954]]]},"properties":{"id":"CRS3035RES200mN2886600E3761800","population":992.5,"households":419.0,"poverty_rate":0.1431980906921241,"senior_rate":0.13904282115869018,"single_parent_rate":0.18377088305489261,"social_housing_rate":0.7756563245823389,"imputed":false,"vulnerability":34.4}},{"type":"Feature","geometry":{"type":"Polygon","coordinates":[[[2.375551,48.83214],[2.375275,48.833928],[2.372563,48.833742],[2.372839,48.831954],[2.375551,48.83214]]]},"properties":{"id":"CRS3035RES200mN2886600E3762000","population":659.0,"households":260.0,"poverty_rate":0.14615384615384616,"senior_rate":0.07283763277693475,"single_parent_rate":0.1423076923076923,"social_housing_rate":0.5230769230769231,"imputed":false,"vulnerability":25.3}},{"type":"Feature","geometry":{"type":"Polygon","coordinates":[[[2.378262,48.832326],[2.377986,48.834114],[2.375275,48.833928],[2.375551,48.83214],[2.378262,48.832326]]]},"properties":{"id":"CRS3035RES200mN2886600E3762200","population":234.5,"households":88.0,"poverty_rate":0.03409090909090909,"senior_rate":0.11513859275053305,"single_parent_rate":0.14772727272727273,"social_housing_rate":1.0,"imputed":false,"vulnerability":29.4}},{"type":"Feature","geometry":{"type":"Polygon","coordinates":[[[2.380973,48.832512],[2.380698,48.8343],[2.377986,48.834114],[2.378262,48.832326],[2.380973,48.832512]]]},"properties":{"id":"CRS3035RES200mN2886600E3762400","population":191.5,"households":77.0,"poverty_rate":0.0,"senior_rate":0.1462140992167102,"single_parent_rate":0.15584415584415584,"social_housing_rate":0.987012987012987,"imputed":false,"vulnerability":29.6}},{"type":"Feature","geometry":{"type":"Polygon","coordinates":[[[2.386396,48.832884],[2.386121,48.834672],[2.38341,48.834486],[2.383685,48.832698],[2.386396,48.832884]]]},"properties":{"id":"CRS3035RES200mN2886600E3762800","population":244.5,"households":104.0,"poverty_rate":0.20192307692307693,"senior_rate":0.16768916155419222,"single_parent_rate":0.28846153846153844,"social_housing_rate":1.0,"imputed":false,"vulnerability":46.8}},{"type":"Feature","geometry":{"type":"Polygon","coordinates":[[[2.389108,48.833069],[2.388833,48.834857],[2.386121,48.834672],[2.386396,48.832884],[2.389108,48.833069]]]},"properties":{"id":"CRS3035RES200mN2886600E3763000","population":1239.5,"households":470.0,"poverty_rate":0.15319148936170213,"senior_rate":0.16780960064542155,"single_parent_rate":0.18723404255319148,"social_housing_rate":0.8085106382978723,"imputed":false,"vulnerability":37.1}},{"type":"Feature","geometry":{"type":"Polygon","coordinates":[[[2.394531,48.83344],[2.394256,48.835228],[2.391544,48.835043],[2.39182,48.833255],[2.394531,48.83344]]]},"properties":{"id":"CRS3035RES200mN2886600E3763400","population":259.5,"households":143.0,"poverty_rate":0.22377622377622378,"senior_rate":0.16184971098265896,"single_parent_rate":0.0979020979020979,"social_housing_rate":0.34265734265734266,"imputed":false,"vulnerability":29.5}},{"type":"Feature","geometry":{"type":"Polygon","coordinates":[[[2.397243,48.833626],[2.396968,48.835414],[2.394256,48.835228],[2.394531,48.83344],[2.397243,48.833626]]]},"properties":{"id":"CRS3035RES200mN2886600E3763600","population":2255.0,"households":1143.0,"poverty_rate":0.16272965879265092,"senior_rate":0.24700665188470067,"single_parent_rate":0.12598425196850394,"social_housing_rate":0.16535433070866143,"imputed":false,"vulnerability":29.6}},{"type":"Feature","geometry":{"type":"Polygon","coordinates":[[[2.399954,48.833811],[2.399679,48.835599],[2.396968,48.835414],[2.397243,48.833626],[2.399954,48.833811]]]},"properties":{"id":"CRS3035RES200mN2886600E3763800","population":1584.5,"households":943.0,"poverty_rate":0.1102863202545069,"senior_rate":0.21647207320921427,"single_parent_rate":0.05408271474019088,"social_housing_rate":0.10392364793213149,"imputed":false,"vulnerability":21.3}},{"type":"Feature","geometry":{"type":"Polygon","coordinates":[[[2.402666,48.833996],[2.402391,48.835784],[2.399679,48.835599],[2.399954,48.833811],[2.402666,48.833996]]]},"properties":{"id":"CRS3035RES200mN2886600E3764000","population":1529.0,"households":878.0,"poverty_rate":0.1492027334851936,"senior_rate":0.18116415958142576,"single_parent_rate":0.10022779043280182,"social_housing_rate":0.29043280182232345,"imputed":false,"vulnerability":26.1}},{"type":"Feature","geometry":{"type":"Polygon","coordinates":[[[2.405378,48.834181],[2.405103,48.83597],[2.402391,48.835784],[2.402666,48.833996],[2.405378,48.834181]]]},"properties":{"id":"CRS3035RES200mN2886600E3764200","population":1615.5,"households":781.0,"poverty_rate":0.13956466069142126,"senior_rate":0.15846487155679356,"single_parent_rate":0.09475032010243278,"social_housing_rate":0.21254801536491677,"imputed":false,"vulnerability":23.0}},{"type":"Feature","geometry":{"type":"Polygon","coordinates":[[[2.408089,48.834367],[2.407815,48.836155],[2.405103,48.83597],[2.405378,48.834181],[2.408089,48.834367]]]},"properties":{"id":"CRS3035RES200mN2886600E3764400","population":677.0,"households":359.0,"poverty_rate":0.1309192200557103,"senior_rate":0.22156573116691286,"single_parent_rate":0.14484679665738162,"social_housing_rate":0.6323119777158774,"imputed":false,"vulnerability":34.5}},{"type":"Feature","geometry":{"type":"Polygon","coordinates":[[[2.410801,48.834552],[2.410526,48.83634],[2.407815,48.836155],[2.408089,48.834367],[2.410801,48.834552]]]},"properties":{"id":"CRS3035RES200mN2886600E3764600","population":350.0,"households":175.0,"poverty_rate":0.15428571428571428,"senior_rate":0.19142857142857142,"single_parent_rate":0.11428571428571428,"social_housing_rate":0.9485714285714286,"imputed":false,"vulnerability":37.4}},{"type":"Feature","geometry":{"type":"Polygon","coordinates":[[[2.413513,48.834737],[2.413238,48.836525],[2.410526,48.83634],[2.410801,48.834552],[2.413513,48.834737]]]},"properties":{"id":"CRS3035RES200mN2886600E3764800","population":207.5,"households":87.0,"poverty_rate":0.09195402298850575,"senior_rate":0.12530120481927712,"single_parent_rate":0.05747126436781609,"social_housing_rate":0.0,"imputed":false,"vulnerability":14.0}},{"type":"Feature","geometry":{"type":"Polygon","coordinates":[[[2.421648,48.835291],[2.421374,48.83708],[2.418662,48.836895],[2.418936,48.835107],[2.421648,48.835291]]]},"properties":{"id":"CRS3035RES200mN2886600E3765400","population":1006.0,"households":456.0,"poverty_rate":0.08333333333333333,"senior_rate":0.22564612326043737,"single_parent_rate":0.07675438596491228,"social_housing_rate":0.0,"imputed":false,"vulnerability":19.9}},{"type":"Feature","geometry":{"type":"Polygon","coordinates":[[[2.42436,48.835476],[2.424086,48.837264],[2.421374,48.83708],[2.421648,48.835291],[2.42436,48.835476]]]},"properties":{"id":"CRS3035RES200mN2886600E3765600","population":69.5,"households":33.6,"poverty_rate":0.0,"senior_rate":0.26187050359712233,"single_parent_rate":0.08035714285714286,"social_housing_rate":0.0,"imputed":true,"vulnerability":17.9}},{"type":"Feature","geometry":{"type":"Polygon","coordinates":[[[2.435207,48.836215],[2.434933,48.838003],[2.432221,48.837818],[2.432495,48.83603],[2.435207,48.836215]]]},"properties":{"id":"CRS3035RES200mN2886600E3766400","population":151.5,"households":72.0,"poverty_rate":0.0,"senior_rate":0.0,"single_parent_rate":0.05555555555555555,"social_housing_rate":0.0,"imputed":false,"vulnerability":2.4}},{"type":"Feature","geometry":{"type":"Polygon","coordinates":[[[2.440631,48.836583],[2.440357,48.838371],[2.437645,48.838187],[2.437919,48.836399],[2.440631,48.836583]]]},"properties":{"id":"CRS3035RES200mN2886600E3766800","population":7.0,"households":2.2,"poverty_rate":0.22727272727272727,"senior_rate":0.0,"single_parent_rate":0.0,"social_housing_rate":0.0,"imputed":true,"vulnerability":11.4}},{"type":"Feature","geometry":{"type":"Polygon","coordinates":[[[2.446054,48.836952],[2.445781,48.83874],[2.443069,48.838556],[2.443343,48.836768],[2.446054,48.836952]]]},"properties":{"id":"CRS3035RES200mN2886600E3767200","population":7.0,"households":2.2,"poverty_rate":0.22727272727272727,"senior_rate":0.0,"single_parent_rate":0.0,"social_housing_rate":0.0,"imputed":true,"vulnerability":11.4}},{"type":"Feature","geometry":{"type":"Polygon","coordinates":[[[2.459614,48.837872],[2.459342,48.83966],[2.456629,48.839476],[2.456902,48.837688],[2.459614,48.837872]]]},"properties":{"id":"CRS3035RES200mN2886600E3768200","population":1.0,"households":0.4,"poverty_rate":0.0,"senior_rate":0.2,"single_parent_rate":0.0,"social_housing_rate":0.0,"imputed":true,"vulnerability":11.0}},{"type":"Feature","geometry":{"type":"Polygon","coordinates":[[[2.46775,48.838423],[2.467478,48.840212],[2.464766,48.840028],[2.465038,48.83824],[2.46775,48.838423]]]},"properties":{"id":"CRS3035RES200mN2886600E3768800","population":49.0,"households":17.8,"poverty_rate":0.10112359550561797,"senior_rate":0.25510204081632654,"single_parent_rate":0.10112359550561797,"social_housing_rate":0.0,"imputed":true,"vulnerability":23.5}},{"type":"Feature","geometry":{"type":"Polygon","coordinates":[[[2.470463,48.838607],[2.47019,48.840395],[2.467478,48.840212],[2.46775,48.838423],[2.470463,48.838607]]]},"properties":{"id":"CRS3035RES200mN2886600E3769000","population":228.5,"households":97.0,"poverty_rate":0.09278350515463918,"senior_rate":0.22319474835886213,"single_parent_rate":0.041237113402061855,"social_housing_rate":0.0,"imputed":false,"vulnerability":18.7}},{"type":"Feature","geometry":{"type":"Polygon","coordinates":[[[2.269539,48.826628],[2.269259,48.828415],[2.266548,48.828227],[2.266828,48.826439],[2.269539,48.826628]]]},"properties":{"id":"CRS3035RES200mN2886800E3754200","population":664.5,"households":380.0,"poverty_rate":0.15526315789473685,"senior_rate":0.18058690744920994,"single_parent_rate":0.09210526315789473,"social_housing_rate":0.17105263157894737,"imputed":false,"vulnerability":24.2}},{"type":"Feature","geometry":{"type":"Polygon","coordinates":[[[2.272249,48.826816],[2.27197,48.828604],[2.269259,48.828415],[2.269539,48.826628],[2.272249,48.826816]]]},"properties":{"id":"CRS3035RES200mN2886800E3754400","population":343.5,"households":158.0,"poverty_rate":0.10126582278481013,"senior_rate":0.20378457059679767,"single_parent_rate":0.13291139240506328,"social_housing_rate":0.0,"imputed":false,"vulnerability":22.0}},{"type":"Feature","geometry":{"type":"Polygon","coordinates":[[[2.27496,48.827004],[2.274681,48.828792],[2.27197,48.828604],[2.272249,48.826816],[2.27496,48.827004]]]},"properties":{"id":"CRS3035RES200mN2886800E3754600","population":590.5,"households":283.0,"poverty_rate":0.0989399293286219,"senior_rate":0.1947502116850127,"single_parent_rate":0.09187279151943463,"social_housing_rate":0.08833922261484099,"imputed":false,"vulnerability":21.0}},{"type":"Feature","geometry":{"type":"Polygon","coordinates":[[[2.293937,48.828321],[2.293658,48.830109],[2.290947,48.829921],[2.291226,48.828133],[2.293937,48.828321]]]},"properties":{"id":"CRS3035RES200mN2886800E3756000","population":71.0,"households":29.0,"poverty_rate":0.06896551724137931,"senior_rate":0.19718309859154928,"single_parent_rate":0.034482758620689655,"social_housing_rate":0.0,"imputed":false,"vulnerability":15.8}},{"type":"Feature","geometry":{"type":"Polygon","coordinates":[[[2.296648,48.828509],[2.296369,48.830297],[2.293658,48.830109],[2.293937,48.828321],[2.296648,48.828509]]]},"properties":{"id":"CRS3035RES200mN2886800E3756200","population":764.5,"households":280.0,"poverty_rate":0.21071428571428572,"senior_rate":0.11118378024852844,"single_parent_rate":0.2357142857142857,"social_housing_rate":0.825,"imputed":false,"vulnerability":39.2}},{"type":"Feature","geometry":{"type":"Polygon","coordinates":[[[2.299359,48.828697],[2.29908,48.830485],[2.296369,48.830297],[2.296648,48.828509],[2.299359,48.828697]]]},"properties":{"id":"CRS3035RES200mN2886800E3756400","population":2162.5,"households":983.0,"poverty_rate":0.20752797558494404,"senior_rate":0.2543352601156069,"single_parent_rate":0.15768056968463887,"social_housing_rate":0.9613428280773143,"imputed":false,"vulnerability":45.6}},{"type":"Feature","geometry":{"type":"Polygon","coordinates":[[[2.30207,48.828885],[2.301791,48.830672],[2.29908,48.830485],[2.299359,48.828697],[2.30207,48.828885]]]},"properties":{"id":"CRS3035RES200mN2886800E3756600","population":437.0,"households":219.0,"poverty_rate":0.136986301369863,"senior_rate":0.13729977116704806,"single_parent_rate":0.0821917808219178,"social_housing_rate":0.4383561643835616,"imputed":false,"vulnerability":24.5}},{"type":"Feature","geometry":{"type":"Polygon","coordinates":[[[2.304781,48.829072],[2.304503,48.83086],[2.301791,48.830672],[2.30207,48.828885],[2.304781,48.829072]]]},"properties":{"id":"CRS3035RES200mN2886800E3756800","population":1313.0,"households":706.0,"poverty_rate":0.13031161473087818,"senior_rate":0.1568926123381569,"single_parent_rate":0.10623229461756374,"social_housing_rate":0.29178470254957506,"imputed":false,"vulnerability":24.1}},{"type":"Feature","geometry":{"type":"Polygon","coordinates":[[[2.307492,48.82926],[2.307214,48.831048],[2.304503,48.83086],[2.304781,48.829072],[2.307492,48.82926]]]},"properties":{"id":"CRS3035RES200mN2886800E3757000","population":724.5,"households":318.0,"poverty_rate":0.14150943396226415,"senior_rate":0.14492753623188406,"single_parent_rate":0.13522012578616352,"social_housing_rate":0.44654088050314467,"imputed":false,"vulnerability":27.6}},{"type":"Feature","geometry":{"type":"Polygon","coordinates":[[[2.310203,48.829447],[2.309925,48.831235],[2.307214,48.831048],[2.307492,48.82926],[2.310203,48.829447]]]},"properties":{"id":"CRS3035RES200mN2886800E3757200","population":1776.5,"households":883.0,"poverty_rate":0.24462061155152887,"senior_rate":0.23191669012102448,"single_parent_rate":0.15855039637599094,"social_housing_rate":0.942242355605889,"imputed":false,"vulnerability":46.0}},{"type":"Feature","geometry":{"type":"Polygon","coordinates":[[[2.312914,48.829635],[2.312636,48.831423],[2.309925,48.831235],[2.310203,48.829447],[2.312914,48.829635]]]},"properties":{"id":"CRS3035RES200mN2886800E3757400","population":1084.5,"households":568.0,"poverty_rate":0.23767605633802816,"senior_rate":0.21761180267404334,"single_parent_rate":0.15492957746478872,"social_housing_rate":0.5704225352112676,"imputed":false,"vulnerability":39.1}},{"type":"Feature","geometry":{"type":"Polygon","coordinates":[[[2.315625,48.829822],[2.315347,48.83161],[2.312636,48.831423],[2.312914,48.829635],[2.315625,48.829822]]]},"properties":{"id":"CRS3035RES200mN2886800E3757600","population":2115.5,"households":1127.0,"poverty_rate":0.15350488021295475,"senior_rate":0.2056251477192153,"single_parent_rate":0.11623779946761313,"social_housing_rate":0.35581188997338065,"imputed":false,"vulnerability":29.3}},{"type":"Feature","geometry":{"type":"Polygon","coordinates":[[[2.318336,48.83001],[2.318059,48.831797],[2.315347,48.83161],[2.315625,48.829822],[2.318336,48.83001]]]},"properties":{"id":"CRS3035RES200mN2886800E3757800","population":2619.5,"households":1258.0,"poverty_rate":0.15818759936406995,"senior_rate":0.228287841191067,"single_parent_rate":0.13910969793322733,"social_housing_rate":0.4872813990461049,"imputed":false,"vulnerability":33.8}},{"type":"Feature","geometry":{"type":"Polygon","coordinates":[[[2.321048,48.830197],[2.32077,48.831985],[2.318059,48.831797],[2.318336,48.83001],[2.321048,48.830197]]]},"properties":{"id":"CRS3035RES200mN2886800E3758000","population":966.0,"households":574.0,"poverty_rate":0.11846689895470383,"senior_rate":0.19254658385093168,"single_parent_rate":0.07317073170731707,"social_housing_rate":0.02264808362369338,"imputed":false,"vulnerability":20.0}},{"type":"Feature","geometry":{"type":"Polygon","coordinates":[[[2.323759,48.830384],[2.323481,48.832172],[2.32077,48.831985],[2.321048,48.830197],[2.323759,48.830384]]]},"properties":{"id":"CRS3035RES200mN2886800E3758200","population":1685.5,"households":1094.0,"poverty_rate":0.10694698354661791,"senior_rate":0.19994067042420646,"single_parent_rate":0.06672760511882998,"social_housing_rate":0.018281535648994516,"imputed":false,"vulnerability":19.5}},{"type":"Feature","geometry":{"type":"Polygon","coordinates":[[[2.32647,48.830571],[2.326192,48.832359],[2.323481,48.832172],[2.323759,48.830384],[2.32647,48.830571]]]},"properties":{"id":"CRS3035RES200mN2886800E3758400","population":1492.5,"households":791.0,"poverty_rate":0.1011378002528445,"senior_rate":0.176214405360134,"single_parent_rate":0.08470290771175727,"social_housing_rate":0.08343868520859671,"imputed":false,"vulnerability":19.7}},{"type":"Feature","geometry":{"type":"Polygon","coordinates":[[[2.329181,48.830758],[2.328904,48.832546],[2.326192,48.832359],[2.32647,48.830571],[2.329181,48.830758]]]},"properties":{"id":"CRS3035RES200mN2886800E3758600","population":1097.0,"households":631.0,"poverty_rate":0.11568938193343899,"senior_rate":0.24247948951686418,"single_parent_rate":0.06973058637083994,"social_housing_rate":0.0,"imputed":false,"vulnerability":22.1}},{"type":"Feature","geometry":{"type":"Polygon","coordinates":[[[2.331892,48.830945],[2.331615,48.832733],[2.328904,48.832546],[2.329181,48.830758],[2.331892,48.830945]]]},"properties":{"id":"CRS3035RES200mN2886800E3758800","population":1064.0,"households":513.0,"poverty_rate":0.09941520467836257,"senior_rate":0.21146616541353383,"single_parent_rate":0.08576998050682261,"social_housing_rate":0.09551656920077972,"imputed":false,"vulnerability":21.7}},{"type":"Feature","geometry":{"type":"Polygon","coordinates":[[[2.334604,48.831132],[2.334327,48.83292],[2.331615,48.832733],[2.331892,48.830945],[2.334604,48.831132]]]},"properties":{"id":"CRS3035RES200mN2886800E3759000","population":631.5,"households":339.0,"poverty_rate":0.20943952802359883,"senior_rate":0.1377672209026128,"single_parent_rate":0.1504424778761062,"social_housing_rate":0.30973451327433627,"imputed":false,"vulnerability":29.2}},{"type":"Feature","geometry":{"type":"Polygon","coordinates":[[[2.337315,48.831319],[2.337038,48.833107],[2.334327,48.83292],[2.334604,48.831132],[2.337315,48.831319]]]},"properties":{"id":"CRS3035RES200mN2886800E3759200","population":1376.5,"households":749.0,"poverty_rate":0.09078771695594126,"senior_rate":0.244823828550672,"single_parent_rate":0.07076101468624833,"social_housing_rate":0.030707610146862484,"imputed":false,"vulnerability":21.5}},{"type":"Feature","geometry":{"type":"Polygon","coordinates":[[[2.340026,48.831506],[2.339749,48.833294],[2.337038,48.833107],[2.337315,48.831319],[2.340026,48.831506]]]},"properties":{"id":"CRS3035RES200mN2886800E3759400","population":1094.5,"households":568.0,"poverty_rate":0.1267605633802817,"senior_rate":0.21745089081772498,"single_parent_rate":0.09859154929577464,"social_housing_rate":0.23767605633802816,"imputed":false,"vulnerability":26.1}},{"type":"Feature","geometry":{"type":"Polygon","coordinates":[[[2.342738,48.831693],[2.342461,48.833481],[2.339749,48.833294],[2.340026,48.831506],[2.342738,48.831693]]]},"properties":{"id":"CRS3035RES200mN2886800E3759600","population":218.5,"households":118.0,"poverty_rate":0.07627118644067797,"senior_rate":0.2242562929061785,"single_parent_rate":0.17796610169491525,"social_housing_rate":0.1694915254237288,"imputed":false,"vulnerability":26.4}},{"type":"Feature","geometry":{"type":"Polygon","coordinates":[[[2.345449,48.831879],[2.345172,48.833667],[2.342461,48.833481],[2.342738,48.831693],[2.345449,48.831879]]]},"properties":{"id":"CRS3035RES200mN2886800E3759800","population":2347.0,"households":1213.0,"poverty_rate":0.12283594394064304,"senior_rate":0.18832552194290583,"single_parent_rate":0.10057708161582853,"social_housing_rate":0.2629843363561418,"imputed":false,"vulnerability":24.8}},{"type":"Feature","geometry":{"type":"Polygon","coordinates":[[[2.34816,48.832066],[2.347884,48.833854],[2.345172,48.833667],[2.345449,48.831879],[2.34816,48.832066]]]},"properties":{"id":"CRS3035RES200mN2886800E3760000","population":1315.0,"households":719.0,"poverty_rate":0.1349095966620306,"senior_rate":0.19543726235741446,"single_parent_rate":0.07093184979137691,"social_housing_rate":0.04450625869262865,"imputed":false,"vulnerability":21.2}},{"type":"Feature","geometry":{"type":"Polygon","coordinates":[[[2.350872,48.832252],[2.350595,48.83404],[2.347884,48.833854],[2.34816,48.832066],[2.350872,48.832252]]]},"properties":{"id":"CRS3035RES200mN2886800E3760200","population":179.5,"households":108.0,"poverty_rate":0.1388888888888889,"senior_rate":0.3064066852367688,"single_parent_rate":0.06481481481481481,"social_housing_rate":0.35185185185185186,"imputed":false,"vulnerability":31.9}},{"type":"Feature","geometry":{"type":"Polygon","coordinates":[[[2.353583,48.832439],[2.353307,48.834227],[2.350595,48.83404],[2.350872,48.832252],[2.353583,48.832439]]]},"properties":{"id":"CRS3035RES200mN2886800E3760400","population":808.5,"households":463.0,"poverty_rate":0.09503239740820735,"senior_rate":0.25479282622139765,"single_parent_rate":0.047516198704103674,"social_housing_rate":0.0,"imputed":false,"vulnerability":20.8}},{"type":"Feature","geometry":{"type":"Polygon","coordinates":[[[2.356294,48.832625],[2.356018,48.834413],[2.353307,48.834227],[2.353583,48.832439],[2.356294,48.832625]]]},"properties":{"id":"CRS3035RES200mN2886800E3760600","population":1096.5,"households":653.0,"poverty_rate":0.13016845329249618,"senior_rate":0.17601459188326493,"single_parent_rate":0.055130168453292494,"social_housing_rate":0.01225114854517611,"imputed":false,"vulnerability":18.8}},{"type":"Feature","geometry":{"type":"Polygon","coordinates":[[[2.359006,48.832812],[2.35873,48.8346],[2.356018,48.834413],[2.356294,48.832625],[2.359006,48.832812]]]},"properties":{"id":"CRS3035RES200mN2886800E3760800","population":290.0,"households":179.0,"poverty_rate":0.1005586592178771,"senior_rate":0.23448275862068965,"single_parent_rate":0.10614525139664804,"social_housing_rate":0.19553072625698323,"imputed":false,"vulnerability":25.4}},{"type":"Feature","geometry":{"type":"Polygon","coordinates":[[[2.361717,48.832998],[2.361441,48.834786],[2.35873,48.8346],[2.359006,48.832812],[2.361717,48.832998]]]},"properties":{"id":"CRS3035RES200mN2886800E3761000","population":993.0,"households":568.0,"poverty_rate":0.14788732394366197,"senior_rate":0.24169184290030213,"single_parent_rate":0.061619718309859156,"social_housing_rate":0.1426056338028169,"imputed":false,"vulnerability":25.5}},{"type":"Feature","geometry":{"type":"Polygon","coordinates":[[[2.364429,48.833184],[2.364153,48.834972],[2.361441,48.834786],[2.361717,48.832998],[2.364429,48.833184]]]},"properties":{"id":"CRS3035RES200mN2886800E3761200","population":2027.0,"households":875.0,"poverty_rate":0.12685714285714286,"senior_rate":0.252096694622595,"single_parent_rate":0.15657142857142858,"social_housing_rate":0.984,"imputed":false,"vulnerability":41.7}},{"type":"Feature","geometry":{"type":"Polygon","coordinates":[[[2.36714,48.83337],[2.366864,48.835158],[2.364153,48.834972],[2.364429,48.833184],[2.36714,48.83337]]]},"properties":{"id":"CRS3035RES200mN2886800E3761400","population":1988.5,"households":995.0,"poverty_rate":0.10753768844221105,"senior_rate":0.2650238873522756,"single_parent_rate":0.1185929648241206,"social_housing_rate":0.5698492462311557,"imputed":false,"vulnerability":33.6}},{"type":"Feature","geometry":{"type":"Polygon","coordinates":[[[2.369852,48.833556],[2.369576,48.835344],[2.366864,48.835158],[2.36714,48.83337],[2.369852,48.833556]]]},"properties":{"id":"CRS3035RES200mN2886800E3761600","population":757.0,"households":371.0,"poverty_rate":0.16442048517520216,"senior_rate":0.1334214002642008,"single_parent_rate":0.1320754716981132,"social_housing_rate":0.6199460916442049,"imputed":false,"vulnerability":30.6}},{"type":"Feature","geometry":{"type":"Polygon","coordinates":[[[2.372563,48.833742],[2.372287,48.83553],[2.369576,48.835344],[2.369852,48.833556],[2.372563,48.833742]]]},"properties":{"id":"CRS3035RES200mN2886800E3761800","population":134.5,"households":78.0,"poverty_rate":0.10256410256410256,"senior_rate":0.11895910780669144,"single_parent_rate":0.07692307692307693,"social_housing_rate":0.0,"imputed":false,"vulnerability":15.0}},{"type":"Feature","geometry":{"type":"Polygon","coordinates":[[[2.375275,48.833928],[2.374999,48.835716],[2.372287,48.83553],[2.372563,48.833742],[2.375275,48.833928]]]},"properties":{"id":"CRS3035RES200mN2886800E3762000","population":517.5,"households":204.0,"poverty_rate":0.14705882352941177,"senior_rate":0.15265700483091788,"single_parent_rate":0.16176470588235295,"social_housing_rate":0.47549019607843135,"imputed":false,"vulnerability":29.9}},{"type":"Feature","geometry":{"type":"Polygon","coordinates":[[[2.386121,48.834672],[2.385846,48.83646],[2.383134,48.836274],[2.38341,48.834486],[2.386121,48.834672]]]},"properties":{"id":"CRS3035RES200mN2886800E3762800","population":1515.0,"households":587.0,"poverty_rate":0.09369676320272573,"senior_rate":0.1405940594059406,"single_parent_rate":0.14991482112436116,"social_housing_rate":0.6422487223168655,"imputed":false,"vulnerability":28.5}},{"type":"Feature","geometry":{"type":"Polygon","coordinates":[[[2.388833,48.834857],[2.388557,48.836645],[2.385846,48.83646],[2.386121,48.834672],[2.388833,48.834857]]]},"properties":{"id":"CRS3035RES200mN2886800E3763000","population":686.5,"households":284.0,"poverty_rate":0.1619718309859155,"senior_rate":0.12672978878368535,"single_parent_rate":0.14084507042253522,"social_housing_rate":0.6056338028169014,"imputed":false,"vulnerability":30.2}},{"type":"Feature","geometry":{"type":"Polygon","coordinates":[[[2.391544,48.835043],[2.391269,48.836831],[2.388557,48.836645],[2.388833,48.834857],[2.391544,48.835043]]]},"properties":{"id":"CRS3035RES200mN2886800E3763200","population":209.0,"households":141.0,"poverty_rate":0.11347517730496454,"senior_rate":0.18660287081339713,"single_parent_rate":0.0425531914893617,"social_housing_rate":0.0,"imputed":false,"vulnerability":17.8}},{"type":"Feature","geometry":{"type":"Polygon","coordinates":[[[2.394256,48.835228],[2.393981,48.837016],[2.391269,48.836831],[2.391544,48.835043],[2.394256,48.835228]]]},"properties":{"id":"CRS3035RES200mN2886800E3763400","population":1606.0,"households":1042.0,"poverty_rate":0.09500959692898273,"senior_rate":0.17745952677459526,"single_parent_rate":0.04894433781190019,"social_housing_rate":0.22168905950095968,"imputed":false,"vulnerability":20.0}},{"type":"Feature","geometry":{"type":"Polygon","coordinates":[[[2.396968,48.835414],[2.396693,48.837202],[2.393981,48.837016],[2.394256,48.835228],[2.396968,48.835414]]]},"properties":{"id":"CRS3035RES200mN2886800E3763600","population":1050.0,"households":657.0,"poverty_rate":0.1050228310502283,"senior_rate":0.1838095238095238,"single_parent_rate":0.0380517503805175,"social_housing_rate":0.0,"imputed":false,"vulnerability":17.0}},{"type":"Feature","geometry":{"type":"Polygon","coordinates":[[[2.399679,48.835599],[2.399405,48.837387],[2.396693,48.837202],[2.396968,48.835414],[2.399679,48.835599]]]},"properties":{"id":"CRS3035RES200mN2886800E3763800","population":1114.0,"households":677.0,"poverty_rate":0.14918759231905465,"senior_rate":0.13734290843806105,"single_parent_rate":0.07090103397341212,"social_housing_rate":0.12998522895125553,"imputed":false,"vulnerability":20.0}},{"type":"Feature","geometry":{"type":"Polygon","coordinates":[[[2.402391,48.835784],[2.402116,48.837572],[2.399405,48.837387],[2.399679,48.835599],[2.402391,48.835784]]]},"properties":{"id":"CRS3035RES200mN2886800E3764000","population":2153.5,"households":1136.0,"poverty_rate":0.1602112676056338,"senior_rate":0.2595774320872997,"single_parent_rate":0.09859154929577464,"social_housing_rate":0.3529929577464789,"imputed":false,"vulnerability":31.8}},{"type":"Feature","geometry":{"type":"Polygon","coordinates":[[[2.405103,48.83597],[2.404828,48.837758],[2.402116,48.837572],[2.402391,48.835784],[2.405103,48.83597]]]},"properties":{"id":"CRS3035RES200mN2886800E3764200","population":1015.0,"households":569.0,"poverty_rate":0.12478031634446397,"senior_rate":0.17339901477832512,"single_parent_rate":0.06502636203866433,"social_housing_rate":0.13884007029876977,"imputed":false,"vulnerability":20.7}},{"type":"Feature","geometry":{"type":"Polygon","coordinates":[[[2.407815,48.836155],[2.40754,48.837943],[2.404828,48.837758],[2.405103,48.83597],[2.407815,48.836155]]]},"properties":{"id":"CRS3035RES200mN2886800E3764400","population":1910.0,"households":1006.0,"poverty_rate":0.110337972166998,"senior_rate":0.2157068062827225,"single_parent_rate":0.07554671968190854,"social_housing_rate":0.073558648111332,"imputed":false,"vulnerability":21.8}},{"type":"Feature","geometry":{"type":"Polygon","coordinates":[[[2.410526,48.83634],[2.410252,48.838128],[2.40754,48.837943],[2.407815,48.836155],[2.410526,48.83634]]]},"properties":{"id":"CRS3035RES200mN2886800E3764600","population":881.0,"households":431.0,"poverty_rate":0.13921113689095127,"senior_rate":0.24404086265607264,"single_parent_rate":0.14849187935034802,"social_housing_rate":0.8700696055684455,"imputed":false,"vulnerability":39.9}},{"type":"Feature","geometry":{"type":"Polygon","coordinates":[[[2.413238,48.836525],[2.412964,48.838313],[2.410252,48.838128],[2.410526,48.83634],[2.413238,48.836525]]]},"properties":{"id":"CRS3035RES200mN2886800E3764800","population":9.0,"households":3.7,"poverty_rate":0.0,"senior_rate":0.15555555555555556,"single_parent_rate":0.05405405405405406,"social_housing_rate":0.0,"imputed":true,"vulnerability":10.9}},{"type":"Feature","geometry":{"type":"Polygon","coordinates":[[[2.41595,48.83671],[2.415676,48.838498],[2.412964,48.838313],[2.413238,48.836525],[2.41595,48.83671]]]},"properties":{"id":"CRS3035RES200mN2886800E3765000","population":953.0,"households":418.0,"poverty_rate":0.08851674641148326,"senior_rate":0.16684155299055614,"single_parent_rate":0.09808612440191387,"social_housing_rate":0.028708133971291867,"imputed":false,"vulnerability":18.3}},{"type":"Feature","geometry":{"type":"Polygon","coordinates":[[[2.421374,48.83708],[2.4211,48.838868],[2.418388,48.838683],[2.418662,48.836895],[2.421374,48.83708]]]},"properties":{"id":"CRS3035RES200mN2886800E3765400","population":1263.5,"households":576.0,"poverty_rate":0.0798611111111111,"senior_rate":0.22160664819944598,"single_parent_rate":0.0798611111111111,"social_housing_rate":0.0,"imputed":false,"vulnerability":19.6}},{"type":"Feature","geometry":{"type":"Polygon","coordinates":[[[2.467478,48.840212],[2.467206,48.842],[2.464493,48.841816],[2.464766,48.840028],[2.467478,48.840212]]]},"properties":{"id":"CRS3035RES200mN2886800E3768800","population":323.5,"households":152.0,"poverty_rate":0.07894736842105263,"senior_rate":0.28438948995363217,"single_parent_rate":0.07236842105263158,"social_housing_rate":0.0,"imputed":false,"vulnerability":22.7}},{"type":"Feature","geometry":{"type":"Polygon","coordinates":[[[2.269259,48.828415],[2.26898,48.830203],[2.266269,48.830014],[2.266548,48.828227],[2.269259,48.828415]]]},"properties":{"id":"CRS3035RES200mN2887000E3754200","population":414.0,"households":175.0,"poverty_rate":0.04,"senior_rate":0.09903381642512077,"single_parent_rate":0.08571428571428572,"social_housing_rate":0.0,"imputed":false,"vulnerability":11.2}},{"type":"Feature","geometry":{"type":"Polygon","coordinates":[[[2.274681,48.828792],[2.274402,48.83058],[2.271691,48.830391],[2.27197,48.828604],[2.274681,48.828792]]]},"properties":{"id":"CRS3035RES200mN2887000E3754600","population":1632.0,"households":734.0,"poverty_rate":0.2452316076294278,"senior_rate":0.2420343137254902,"single_parent_rate":0.17438692098092642,"social_housing_rate":0.9931880108991825,"imputed":false,"vulnerability":48.0}},{"type":"Feature","geometry":{"type":"Polygon","coordinates":[[[2.285525,48.829545],[2.285246,48.831333],[2.282535,48.831145],[2.282814,48.829357],[2.285525,48.829545]]]},"properties":{"id":"CRS3035RES200mN2887000E3755400","population":416.0,"households":240.0,"poverty_rate":0.07916666666666666,"senior_rate":0.15144230769230768,"single_parent_rate":0.058333333333333334,"social_housing_rate":0.0,"imputed":false,"vulnerability":14.8}},{"type":"Feature","geometry":{"type":"Polygon","coordinates":[[[2.293658,48.830109],[2.293379,48.831897],[2.290668,48.831709],[2.290947,48.829921],[2.293658,48.830109]]]},"properties":{"id":"CRS3035RES200mN2887000E3756000","population":1152.0,"households":635.0,"poverty_rate":0.16062992125984252,"senior_rate":0.2092013888888889,"single_parent_rate":0.12440944881889764,"social_housing_rate":0.5874015748031496,"imputed":false,"vulnerability":33.7}},{"type":"Feature","geometry":{"type":"Polygon","coordinates":[[[2.296369,48.830297],[2.296091,48.832085],[2.293379,48.831897],[2.293658,48.830109],[2.296369,48.830297]]]},"properties":{"id":"CRS3035RES200mN2887000E3756200","population":1135.5,"households":522.0,"poverty_rate":0.25862068965517243,"senior_rate":0.17965653896961692,"single_parent_rate":0.210727969348659,"social_housing_rate":0.9252873563218391,"imputed":false,"vulnerability":45.8}},{"type":"Feature","geometry":{"type":"Polygon","coordinates":[[[2.29908,48.830485],[2.298802,48.832272],[2.296091,48.832085],[2.296369,48.830297],[2.29908,48.830485]]]},"properties":{"id":"CRS3035RES200mN2887000E3756400","population":158.0,"households":104.4,"poverty_rate":0.1082375478927203,"senior_rate":0.17848101265822786,"single_parent_rate":0.0,"social_housing_rate":0.0,"imputed":true,"vulnerability":15.2}},{"type":"Feature","geometry":{"type":"Polygon","coordinates":[[[2.301791,48.830672],[2.301513,48.83246],[2.298802,48.832272],[2.29908,48.830485],[2.301791,48.830672]]]},"properties":{"id":"CRS3035RES200mN2887000E3756600","population":10.0,"households":6.6,"poverty_rate":0.10606060606060606,"senior_rate":0.18,"single_parent_rate":0.0,"social_housing_rate":0.0,"imputed":true,"vulnerability":15.2}},{"type":"Feature","geometry":{"type":"Polygon","coordinates":[[[2.304503,48.83086],[2.304224,48.832648],[2.301513,48.83246],[2.301791,48.830672],[2.304503,48.83086]]]},"properties":{"id":"CRS3035RES200mN2887000E3756800","population":1111.0,"households":732.0,"poverty_rate":0.16939890710382513,"senior_rate":0.15751575157515751,"single_parent_rate":0.05874316939890711,"social_housing_rate":0.00819672131147541,"imputed":false,"vulnerability":19.8}},{"type":"Feature","geometry":{"type":"Polygon","coordinates":[[[2.307214,48.831048],[2.306936,48.832835],[2.304224,48.832648],[2.304503,48.83086],[2.307214,48.831048]]]},"properties":{"id":"CRS3035RES200mN2887000E3757000","population":1496.0,"households":910.0,"poverty_rate":0.14285714285714285,"senior_rate":0.2426470588235294,"single_parent_rate":0.05054945054945055,"social_housing_rate":0.34175824175824177,"imputed":false,"vulnerability":27.8}},{"type":"Feature","geometry":{"type":"Polygon","coordinates":[[[2.309925,48.831235],[2.309647,48.833023],[2.306936,48.832835],[2.307214,48.831048],[2.309925,48.831235]]]},"properties":{"id":"CRS3035RES200mN2887000E3757200","population":357.0,"households":180.0,"poverty_rate":0.2611111111111111,"senior_rate":0.0784313725490196,"single_parent_rate":0.12777777777777777,"social_housing_rate":0.18888888888888888,"imputed":false,"vulnerability":25.7}},{"type":"Feature","geometry":{"type":"Polygon","coordinates":[[[2.312636,48.831423],[2.312358,48.83321],[2.309647,48.833023],[2.309925,48.831235],[2.312636,48.831423]]]},"properties":{"id":"CRS3035RES200mN2887000E3757400","population":1468.0,"households":748.0,"poverty_rate":0.2179144385026738,"senior_rate":0.2840599455040872,"single_parent_rate":0.16042780748663102,"social_housing_rate":0.8582887700534759,"imputed":false,"vulnerability":46.3}},{"type":"Feature","geometry":{"type":"Polygon","coordinates":[[[2.315347,48.83161],[2.31507,48.833398],[2.312358,48.83321],[2.312636,48.831423],[2.315347,48.83161]]]},"properties":{"id":"CRS3035RES200mN2887000E3757600","population":2113.0,"households":1028.0,"poverty_rate":0.14105058365758755,"senior_rate":0.22243256034074776,"single_parent_rate":0.12743190661478598,"social_housing_rate":0.2723735408560311,"imputed":false,"vulnerability":28.9}},{"type":"Feature","geometry":{"type":"Polygon","coordinates":[[[2.318059,48.831797],[2.317781,48.833585],[2.31507,48.833398],[2.315347,48.83161],[2.318059,48.831797]]]},"properties":{"id":"CRS3035RES200mN2887000E3757800","population":1643.5,"households":1003.0,"poverty_rate":0.1415752741774676,"senior_rate":0.1648919987830849,"single_parent_rate":0.054835493519441676,"social_housing_rate":0.04287138584247258,"imputed":false,"vulnerability":19.2}},{"type":"Feature","geometry":{"type":"Polygon","coordinates":[[[2.32077,48.831985],[2.320492,48.833773],[2.317781,48.833585],[2.318059,48.831797],[2.32077,48.831985]]]},"properties":{"id":"CRS3035RES200mN2887000E3758000","population":1491.5,"households":956.0,"poverty_rate":0.16213389121338911,"senior_rate":0.1615822996982903,"single_parent_rate":0.0700836820083682,"social_housing_rate":0.10251046025104603,"imputed":false,"vulnerability":21.6}},{"type":"Feature","geometry":{"type":"Polygon","coordinates":[[[2.323481,48.832172],[2.323204,48.83396],[2.320492,48.833773],[2.32077,48.831985],[2.323481,48.832172]]]},"properties":{"id":"CRS3035RES200mN2887000E3758200","population":2268.5,"households":1276.0,"poverty_rate":0.21630094043887146,"senior_rate":0.21467930350451842,"single_parent_rate":0.11755485893416928,"social_housing_rate":0.5564263322884012,"imputed":false,"vulnerability":36.1}},{"type":"Feature","geometry":{"type":"Polygon","coordinates":[[[2.326192,48.832359],[2.325915,48.834147],[2.323204,48.83396],[2.323481,48.832172],[2.326192,48.832359]]]},"properties":{"id":"CRS3035RES200mN2887000E3758400","population":1068.5,"households":620.0,"poverty_rate":0.12580645161290321,"senior_rate":0.17875526438933084,"single_parent_rate":0.06290322580645161,"social_housing_rate":0.016129032258064516,"imputed":false,"vulnerability":19.1}},{"type":"Feature","geometry":{"type":"Polygon","coordinates":[[[2.328904,48.832546],[2.328626,48.834334],[2.325915,48.834147],[2.326192,48.832359],[2.328904,48.832546]]]},"properties":{"id":"CRS3035RES200mN2887000E3758600","population":1174.0,"households":644.0,"poverty_rate":0.09161490683229814,"senior_rate":0.2018739352640545,"single_parent_rate":0.07453416149068323,"social_housing_rate":0.0,"imputed":false,"vulnerability":18.9}},{"type":"Feature","geometry":{"type":"Polygon","coordinates":[[[2.331615,48.832733],[2.331338,48.834521],[2.328626,48.834334],[2.328904,48.832546],[2.331615,48.832733]]]},"properties":{"id":"CRS3035RES200mN2887000E3758800","population":1200.5,"households":633.0,"poverty_rate":0.11848341232227488,"senior_rate":0.1924198250728863,"single_parent_rate":0.10268562401263823,"social_housing_rate":0.011058451816745656,"imputed":false,"vulnerability":21.1}},{"type":"Feature","geometry":{"type":"Polygon","coordinates":[[[2.334327,48.83292],[2.334049,48.834708],[2.331338,48.834521],[2.331615,48.832733],[2.334327,48.83292]]]},"properties":{"id":"CRS3035RES200mN2887000E3759000","population":177.5,"households":87.0,"poverty_rate":0.09195402298850575,"senior_rate":0.23661971830985915,"single_parent_rate":0.11494252873563218,"social_housing_rate":0.0,"imputed":false,"vulnerability":22.6}},{"type":"Feature","geometry":{"type":"Polygon","coordinates":[[[2.337038,48.833107],[2.336761,48.834895],[2.334049,48.834708],[2.334327,48.83292],[2.337038,48.833107]]]},"properties":{"id":"CRS3035RES200mN2887000E3759200","population":606.5,"households":285.0,"poverty_rate":0.06666666666666667,"senior_rate":0.23248145094806266,"single_parent_rate":0.09824561403508772,"social_housing_rate":0.19298245614035087,"imputed":false,"vulnerability":23.3}},{"type":"Feature","geometry":{"type":"Polygon","coordinates":[[[2.339749,48.833294],[2.339472,48.835082],[2.336761,48.834895],[2.337038,48.833107],[2.339749,48.833294]]]},"properties":{"id":"CRS3035RES200mN2887000E3759400","population":250.5,"households":156.0,"poverty_rate":0.12179487179487179,"senior_rate":0.29141716566866266,"single_parent_rate":0.04487179487179487,"social_housing_rate":0.00641025641025641,"imputed":false,"vulnerability":24.2}},{"type":"Feature","geometry":{"type":"Polygon","coordinates":[[[2.342461,48.833481],[2.342184,48.835268],[2.339472,48.835082],[2.339749,48.833294],[2.342461,48.833481]]]},"properties":{"id":"CRS3035RES200mN2887000E3759600","population":320.5,"households":164.0,"poverty_rate":0.06097560975609756,"senior_rate":0.3213728549141966,"single_parent_rate":0.06097560975609756,"social_housing_rate":0.0975609756097561,"imputed":false,"vulnerability":24.8}},{"type":"Feature","geometry":{"type":"Polygon","coordinates":[[[2.345172,48.833667],[2.344895,48.835455],[2.342184,48.835268],[2.342461,48.833481],[2.345172,48.833667]]]},"properties":{"id":"CRS3035RES200mN2887000E3759800","population":919.0,"households":499.0,"poverty_rate":0.12224448897795591,"senior_rate":0.31120783460282914,"single_parent_rate":0.07014028056112225,"social_housing_rate":0.08617234468937876,"imputed":false,"vulnerability":27.6}},{"type":"Feature","geometry":{"type":"Polygon","coordinates":[[[2.347884,48.833854],[2.347607,48.835642],[2.344895,48.835455],[2.345172,48.833667],[2.347884,48.833854]]]},"properties":{"id":"CRS3035RES200mN2887000E3760000","population":762.5,"households":457.0,"poverty_rate":0.12253829321663019,"senior_rate":0.1980327868852459,"single_parent_rate":0.0525164113785558,"social_housing_rate":0.20568927789934355,"imputed":false,"vulnerability":22.4}},{"type":"Feature","geometry":{"type":"Polygon","coordinates":[[[2.350595,48.83404],[2.350318,48.835828],[2.347607,48.835642],[2.347884,48.833854],[2.350595,48.83404]]]},"properties":{"id":"CRS3035RES200mN2887000E3760200","population":1553.5,"households":889.0,"poverty_rate":0.09673790776152981,"senior_rate":0.2594142259414226,"single_parent_rate":0.06299212598425197,"social_housing_rate":0.06524184476940383,"imputed":false,"vulnerability":22.8}},{"type":"Feature","geometry":{"type":"Polygon","coordinates":[[[2.353307,48.834227],[2.35303,48.836015],[2.350318,48.835828],[2.350595,48.83404],[2.353307,48.834227]]]},"properties":{"id":"CRS3035RES200mN2887000E3760400","population":533.0,"households":295.0,"poverty_rate":0.13559322033898305,"senior_rate":0.19324577861163228,"single_parent_rate":0.07796610169491526,"social_housing_rate":0.0,"imputed":false,"vulnerability":20.8}},{"type":"Feature","geometry":{"type":"Polygon","coordinates":[[[2.356018,48.834413],[2.355742,48.836201],[2.35303,48.836015],[2.353307,48.834227],[2.356018,48.834413]]]},"properties":{"id":"CRS3035RES200mN2887000E3760600","population":866.5,"households":530.0,"poverty_rate":0.1,"senior_rate":0.21696480092325446,"single_parent_rate":0.05471698113207547,"social_housing_rate":0.0,"imputed":false,"vulnerability":19.3}},{"type":"Feature","geometry":{"type":"Polygon","coordinates":[[[2.35873,48.8346],[2.358453,48.836388],[2.355742,48.836201],[2.356018,48.834413],[2.35873,48.8346]]]},"properties":{"id":"CRS3035RES200mN2887000E3760800","population":1720.0,"households":759.0,"poverty_rate":0.19367588932806323,"senior_rate":0.1930232558139535,"single_parent_rate":0.155467720685112,"social_housing_rate":0.7496706192358367,"imputed":false,"vulnerability":38.3}},{"type":"Feature","geometry":{"type":"Polygon","coordinates":[[[2.361441,48.834786],[2.361165,48.836574],[2.358453,48.836388],[2.35873,48.8346],[2.361441,48.834786]]]},"properties":{"id":"CRS3035RES200mN2887000E3761000","population":1767.0,"households":983.0,"poverty_rate":0.20040691759918616,"senior_rate":0.20882852292020374,"single_parent_rate":0.11698880976602238,"social_housing_rate":0.37843336724313326,"imputed":false,"vulnerability":32.2}},{"type":"Feature","geometry":{"type":"Polygon","coordinates":[[[2.364153,48.834972],[2.363876,48.83676],[2.361165,48.836574],[2.361441,48.834786],[2.364153,48.834972]]]},"properties":{"id":"CRS3035RES200mN2887000E3761200","population":150.0,"households":75.0,"poverty_rate":0.05333333333333334,"senior_rate":0.2,"single_parent_rate":0.06666666666666667,"social_housing_rate":0.0,"imputed":false,"vulnerability":16.5}},{"type":"Feature","geometry":{"type":"Polygon","coordinates":[[[2.372287,48.83553],[2.372012,48.837318],[2.3693,48.837132],[2.369576,48.835344],[2.372287,48.83553]]]},"properties":{"id":"CRS3035RES200mN2887000E3761800","population":480.5,"households":174.0,"poverty_rate":0.1896551724137931,"senior_rate":0.09365244536940687,"single_parent_rate":0.23563218390804597,"social_housing_rate":0.6494252873563219,"imputed":false,"vulnerability":34.6}},{"type":"Feature","geometry":{"type":"Polygon","coordinates":[[[2.374999,48.835716],[2.374723,48.837504],[2.372012,48.837318],[2.372287,48.83553],[2.374999,48.835716]]]},"properties":{"id":"CRS3035RES200mN2887000E3762000","population":922.5,"households":393.0,"poverty_rate":0.10432569974554708,"senior_rate":0.13550135501355012,"single_parent_rate":0.14249363867684478,"social_housing_rate":0.8244274809160306,"imputed":false,"vulnerability":31.2}},{"type":"Feature","geometry":{"type":"Polygon","coordinates":[[[2.383134,48.836274],[2.382859,48.838062],[2.380147,48.837876],[2.380422,48.836088],[2.383134,48.836274]]]},"properties":{"id":"CRS3035RES200mN2887000E3762600","population":95.0,"households":38.2,"poverty_rate":0.0,"senior_rate":0.08210526315789475,"single_parent_rate":0.1544502617801047,"social_housing_rate":0.0,"imputed":true,"vulnerability":11.2}},{"type":"Feature","geometry":{"type":"Polygon","coordinates":[[[2.385846,48.83646],[2.38557,48.838248],[2.382859,48.838062],[2.383134,48.836274],[2.385846,48.83646]]]},"properties":{"id":"CRS3035RES200mN2887000E3762800","population":935.5,"households":404.0,"poverty_rate":0.07673267326732673,"senior_rate":0.18065205772314272,"single_parent_rate":0.09405940594059406,"social_housing_rate":0.4282178217821782,"imputed":false,"vulnerability":24.3}},{"type":"Feature","geometry":{"type":"Polygon","coordinates":[[[2.388557,48.836645],[2.388282,48.838433],[2.38557,48.838248],[2.385846,48.83646],[2.388557,48.836645]]]},"properties":{"id":"CRS3035RES200mN2887000E3763000","population":72.0,"households":24.0,"poverty_rate":0.0,"senior_rate":0.06944444444444445,"single_parent_rate":0.041666666666666664,"social_housing_rate":0.0,"imputed":false,"vulnerability":5.6}},{"type":"Feature","geometry":{"type":"Polygon","coordinates":[[[2.391269,48.836831],[2.390994,48.838619],[2.388282,48.838433],[2.388557,48.836645],[2.391269,48.836831]]]},"properties":{"id":"CRS3035RES200mN2887000E3763200","population":903.0,"households":573.0,"poverty_rate":0.14834205933682373,"senior_rate":0.1273532668881506,"single_parent_rate":0.06282722513089005,"social_housing_rate":0.1082024432809773,"imputed":false,"vulnerability":18.8}},{"type":"Feature","geometry":{"type":"Polygon","coordinates":[[[2.393981,48.837016],[2.393706,48.838804],[2.390994,48.838619],[2.391269,48.836831],[2.393981,48.837016]]]},"properties":{"id":"CRS3035RES200mN2887000E3763400","population":1805.0,"households":1040.0,"poverty_rate":0.12692307692307692,"senior_rate":0.16398891966759002,"single_parent_rate":0.05961538461538462,"social_housing_rate":0.07307692307692308,"imputed":false,"vulnerability":19.0}},{"type":"Feature","geometry":{"type":"Polygon","coordinates":[[[2.396693,48.837202],[2.396418,48.83899],[2.393706,48.838804],[2.393981,48.837016],[2.396693,48.837202]]]},"properties":{"id":"CRS3035RES200mN2887000E3763600","population":2542.5,"households":1152.0,"poverty_rate":0.1753472222222222,"senior_rate":0.16991150442477876,"single_parent_rate":0.1527777777777778,"social_housing_rate":0.5416666666666666,"imputed":false,"vulnerability":32.8}},{"type":"Feature","geometry":{"type":"Polygon","coordinates":[[[2.399405,48.837387],[2.39913,48.839175],[2.396418,48.83899],[2.396693,48.837202],[2.399405,48.837387]]]},"properties":{"id":"CRS3035RES200mN2887000E3763800","population":1286.0,"households":676.0,"poverty_rate":0.11834319526627218,"senior_rate":0.20762052877138415,"single_parent_rate":0.07692307692307693,"social_housing_rate":0.26479289940828404,"imputed":false,"vulnerability":24.6}},{"type":"Feature","geometry":{"type":"Polygon","coordinates":[[[2.402116,48.837572],[2.401842,48.83936],[2.39913,48.839175],[2.399405,48.837387],[2.402116,48.837572]]]},"properties":{"id":"CRS3035RES200mN2887000E3764000","population":1939.0,"households":1086.0,"poverty_rate":0.11049723756906077,"senior_rate":0.18463125322331098,"single_parent_rate":0.08379373848987108,"social_housing_rate":0.09760589318600368,"imputed":false,"vulnerability":20.8}},{"type":"Feature","geometry":{"type":"Polygon","coordinates":[[[2.404828,48.837758],[2.404554,48.839546],[2.401842,48.83936],[2.402116,48.837572],[2.404828,48.837758]]]},"properties":{"id":"CRS3035RES200mN2887000E3764200","population":1913.5,"households":930.0,"poverty_rate":0.0978494623655914,"senior_rate":0.1907499346746799,"single_parent_rate":0.08064516129032258,"social_housing_rate":0.15806451612903225,"imputed":false,"vulnerability":21.2}},{"type":"Feature","geometry":{"type":"Polygon","coordinates":[[[2.40754,48.837943],[2.407265,48.839731],[2.404554,48.839546],[2.404828,48.837758],[2.40754,48.837943]]]},"properties":{"id":"CRS3035RES200mN2887000E3764400","population":861.0,"households":483.0,"poverty_rate":0.17598343685300208,"senior_rate":0.23577235772357724,"single_parent_rate":0.14285714285714285,"social_housing_rate":0.494824016563147,"imputed":false,"vulnerability":35.4}},{"type":"Feature","geometry":{"type":"Polygon","coordinates":[[[2.410252,48.838128],[2.409977,48.839916],[2.407265,48.839731],[2.40754,48.837943],[2.410252,48.838128]]]},"properties":{"id":"CRS3035RES200mN2887000E3764600","population":979.0,"households":457.0,"poverty_rate":0.07439824945295405,"senior_rate":0.18998978549540346,"single_parent_rate":0.0962800875273523,"social_housing_rate":0.08315098468271334,"imputed":false,"vulnerability":19.6}},{"type":"Feature","geometry":{"type":"Polygon","coordinates":[[[2.415676,48.838498],[2.415401,48.840286],[2.412689,48.840101],[2.412964,48.838313],[2.415676,48.838498]]]},"properties":{"id":"CRS3035RES200mN2887000E3765000","population":766.5,"households":336.0,"poverty_rate":0.08630952380952381,"senior_rate":0.1461187214611872,"single_parent_rate":0.07738095238095238,"social_housing_rate":0.011904761904761904,"imputed":false,"vulnerability":15.9}},{"type":"Feature","geometry":{"type":"Polygon","coordinates":[[[2.4211,48.838868],[2.420826,48.840656],[2.418113,48.840471],[2.418388,48.838683],[2.4211,48.838868]]]},"properties":{"id":"CRS3035RES200mN2887000E3765400","population":753.0,"households":336.0,"poverty_rate":0.0744047619047619,"senior_rate":0.20451527224435592,"single_parent_rate":0.0625,"social_housing_rate":0.011904761904761904,"imputed":false,"vulnerability":17.8}},{"type":"Feature","geometry":{"type":"Polygon","coordinates":[[[2.43466,48.839791],[2.434386,48.841579],[2.431674,48.841394],[2.431948,48.839606],[2.43466,48.839791]]]},"properties":{"id":"CRS3035RES200mN2887000E3766400","population":78.5,"households":31.6,"poverty_rate":0.06329113924050632,"senior_rate":0.10063694267515924,"single_parent_rate":0.12341772151898733,"social_housing_rate":0.0,"imputed":true,"vulnerability":14.0}},{"type":"Feature","geometry":{"type":"Polygon","coordinates":[[[2.461781,48.841632],[2.461508,48.843421],[2.458796,48.843237],[2.459069,48.841448],[2.461781,48.841632]]]},"properties":{"id":"CRS3035RES200mN2887000E3768400","population":13.0,"households":5.3,"poverty_rate":0.01886792452830189,"senior_rate":0.25384615384615383,"single_parent_rate":0.01886792452830189,"social_housing_rate":0.0,"imputed":true,"vulnerability":15.7}},{"type":"Feature","geometry":{"type":"Polygon","coordinates":[[[2.464493,48.841816],[2.464221,48.843604],[2.461508,48.843421],[2.461781,48.841632],[2.464493,48.841816]]]},"properties":{"id":"CRS3035RES200mN2887000E3768600","population":324.0,"households":165.0,"poverty_rate":0.10303030303030303,"senior_rate":0.2222222222222222,"single_parent_rate":0.07878787878787878,"social_housing_rate":0.18787878787878787,"imputed":false,"vulnerability":23.6}},{"type":"Feature","geometry":{"type":"Polygon","coordinates":[[[2.277113,48.830768],[2.276833,48.832556],[2.274122,48.832367],[2.274402,48.83058],[2.277113,48.830768]]]},"properties":{"id":"CRS3035RES200mN2887200E3754800","population":344.5,"households":137.0,"poverty_rate":0.13138686131386862,"senior_rate":0.07547169811320754,"single_parent_rate":0.22627737226277372,"social_housing_rate":0.29927007299270075,"imputed":false,"vulnerability":25.0}},{"type":"Feature","geometry":{"type":"Polygon","coordinates":[[[2.279824,48.830956],[2.279545,48.832744],[2.276833,48.832556],[2.277113,48.830768],[2.279824,48.830956]]]},"properties":{"id":"CRS3035RES200mN2887200E3755000","population":568.0,"households":327.0,"poverty_rate":0.19877675840978593,"senior_rate":0.12852112676056338,"single_parent_rate":0.07951070336391437,"social_housing_rate":0.3333333333333333,"imputed":false,"vulnerability":25.4}},{"type":"Feature","geometry":{"type":"Polygon","coordinates":[[[2.282535,48.831145],[2.282256,48.832932],[2.279545,48.832744],[2.279824,48.830956],[2.282535,48.831145]]]},"properties":{"id":"CRS3035RES200mN2887200E3755200","population":268.5,"households":134.0,"poverty_rate":0.08208955223880597,"senior_rate":0.1303538175046555,"single_parent_rate":0.07462686567164178,"social_housing_rate":0.0,"imputed":false,"vulnerability":14.5}},{"type":"Feature","geometry":{"type":"Polygon","coordinates":[[[2.290668,48.831709],[2.29039,48.833497],[2.287678,48.833308],[2.287957,48.831521],[2.290668,48.831709]]]},"properties":{"id":"CRS3035RES200mN2887200E3755800","population":720.0,"households":413.0,"poverty_rate":0.13317191283292978,"senior_rate":0.1736111111111111,"single_parent_rate":0.07506053268765134,"social_housing_rate":0.15254237288135594,"imputed":false,"vulnerability":21.7}},{"type":"Feature","geometry":{"type":"Polygon","coordinates":[[[2.293379,48.831897],[2.293101,48.833684],[2.29039,48.833497],[2.290668,48.831709],[2.293379,48.831897]]]},"properties":{"id":"CRS3035RES200mN2887200E3756000","population":1448.0,"households":802.0,"poverty_rate":0.1172069825436409,"senior_rate":0.20027624309392264,"single_parent_rate":0.06733167082294264,"social_housing_rate":0.21321695760598502,"imputed":false,"vulnerability":23.0}},{"type":"Feature","geometry":{"type":"Polygon","coordinates":[[[2.296091,48.832085],[2.295812,48.833872],[2.293101,48.833684],[2.293379,48.831897],[2.296091,48.832085]]]},"properties":{"id":"CRS3035RES200mN2887200E3756200","population":978.0,"households":571.0,"poverty_rate":0.08581436077057793,"senior_rate":0.1390593047034765,"single_parent_rate":0.0595446584938704,"social_housing_rate":0.0,"imputed":false,"vulnerability":14.5}},{"type":"Feature","geometry":{"type":"Polygon","coordinates":[[[2.298802,48.832272],[2.298523,48.83406],[2.295812,48.833872],[2.296091,48.832085],[2.298802,48.832272]]]},"properties":{"id":"CRS3035RES200mN2887200E3756400","population":1588.0,"households":759.0,"poverty_rate":0.13965744400527008,"senior_rate":0.1681360201511335,"single_parent_rate":0.09881422924901186,"social_housing_rate":0.2964426877470356,"imputed":false,"vulnerability":24.9}},{"type":"Feature","geometry":{"type":"Polygon","coordinates":[[[2.301513,48.83246],[2.301235,48.834248],[2.298523,48.83406],[2.298802,48.832272],[2.301513,48.83246]]]},"properties":{"id":"CRS3035RES200mN2887200E3756600","population":1156.0,"households":676.0,"poverty_rate":0.11094674556213018,"senior_rate":0.20674740484429066,"single_parent_rate":0.060650887573964495,"social_housing_rate":0.02514792899408284,"imputed":false,"vulnerability":19.9}},{"type":"Feature","geometry":{"type":"Polygon","coordinates":[[[2.304224,48.832648],[2.303946,48.834436],[2.301235,48.834248],[2.301513,48.83246],[2.304224,48.832648]]]},"properties":{"id":"CRS3035RES200mN2887200E3756800","population":1418.5,"households":724.0,"poverty_rate":0.15469613259668508,"senior_rate":0.20232640112795205,"single_parent_rate":0.10359116022099447,"social_housing_rate":0.4185082872928177,"imputed":false,"vulnerability":29.6}},{"type":"Feature","geometry":{"type":"Polygon","coordinates":[[[2.306936,48.832835],[2.306657,48.834623],[2.303946,48.834436],[2.304224,48.832648],[2.306936,48.832835]]]},"properties":{"id":"CRS3035RES200mN2887200E3757000","population":1434.5,"households":838.0,"poverty_rate":0.10978520286396182,"senior_rate":0.2398048100383409,"single_parent_rate":0.059665871121718374,"social_housing_rate":0.02028639618138425,"imputed":false,"vulnerability":21.6}},{"type":"Feature","geometry":{"type":"Polygon","coordinates":[[[2.309647,48.833023],[2.309369,48.834811],[2.306657,48.834623],[2.306936,48.832835],[2.309647,48.833023]]]},"properties":{"id":"CRS3035RES200mN2887200E3757200","population":1543.0,"households":878.0,"poverty_rate":0.12870159453302962,"senior_rate":0.19507453013609852,"single_parent_rate":0.05011389521640091,"social_housing_rate":0.04669703872437358,"imputed":false,"vulnerability":20.0}},{"type":"Feature","geometry":{"type":"Polygon","coordinates":[[[2.312358,48.83321],[2.31208,48.834998],[2.309369,48.834811],[2.309647,48.833023],[2.312358,48.83321]]]},"properties":{"id":"CRS3035RES200mN2887200E3757400","population":1286.5,"households":660.0,"poverty_rate":0.1409090909090909,"senior_rate":0.20520792848814615,"single_parent_rate":0.11515151515151516,"social_housing_rate":0.30606060606060603,"imputed":false,"vulnerability":27.9}},{"type":"Feature","geometry":{"type":"Polygon","coordinates":[[[2.31507,48.833398],[2.314792,48.835186],[2.31208,48.834998],[2.312358,48.83321],[2.31507,48.833398]]]},"properties":{"id":"CRS3035RES200mN2887200E3757600","population":1693.0,"households":690.0,"poverty_rate":0.2391304347826087,"senior_rate":0.22563496751329,"single_parent_rate":0.2028985507246377,"social_housing_rate":0.7275362318840579,"imputed":false,"vulnerability":44.1}},{"type":"Feature","geometry":{"type":"Polygon","coordinates":[[[2.317781,48.833585],[2.317503,48.835373],[2.314792,48.835186],[2.31507,48.833398],[2.317781,48.833585]]]},"properties":{"id":"CRS3035RES200mN2887200E3757800","population":1328.5,"households":806.0,"poverty_rate":0.1575682382133995,"senior_rate":0.19345126082047423,"single_parent_rate":0.0967741935483871,"social_housing_rate":0.14516129032258066,"imputed":false,"vulnerability":24.9}},{"type":"Feature","geometry":{"type":"Polygon","coordinates":[[[2.320492,48.833773],[2.320214,48.83556],[2.317503,48.835373],[2.317781,48.833585],[2.320492,48.833773]]]},"properties":{"id":"CRS3035RES200mN2887200E3758000","population":1360.0,"households":829.0,"poverty_rate":0.1338962605548854,"senior_rate":0.21102941176470588,"single_parent_rate":0.05186972255729795,"social_housing_rate":0.11821471652593486,"imputed":false,"vulnerability":22.3}},{"type":"Feature","geometry":{"type":"Polygon","coordinates":[[[2.323204,48.83396],[2.322926,48.835748],[2.320214,48.83556],[2.320492,48.833773],[2.323204,48.83396]]]},"properties":{"id":"CRS3035RES200mN2887200E3758200","population":1439.5,"households":785.0,"poverty_rate":0.1286624203821656,"senior_rate":0.16741924279263634,"single_parent_rate":0.09554140127388536,"social_housing_rate":0.022929936305732482,"imputed":false,"vulnerability":20.1}},{"type":"Feature","geometry":{"type":"Polygon","coordinates":[[[2.325915,48.834147],[2.325637,48.835935],[2.322926,48.835748],[2.323204,48.83396],[2.325915,48.834147]]]},"properties":{"id":"CRS3035RES200mN2887200E3758400","population":1268.0,"households":777.0,"poverty_rate":0.12612612612612611,"senior_rate":0.2082018927444795,"single_parent_rate":0.09137709137709138,"social_housing_rate":0.19047619047619047,"imputed":false,"vulnerability":24.6}},{"type":"Feature","geometry":{"type":"Polygon","coordinates":[[[2.328626,48.834334],[2.328349,48.836122],[2.325637,48.835935],[2.325915,48.834147],[2.328626,48.834334]]]},"properties":{"id":"CRS3035RES200mN2887200E3758600","population":1774.5,"households":1100.0,"poverty_rate":0.11,"senior_rate":0.18653141730064807,"single_parent_rate":0.06272727272727273,"social_housing_rate":0.014545454545454545,"imputed":false,"vulnerability":18.7}},{"type":"Feature","geometry":{"type":"Polygon","coordinates":[[[2.331338,48.834521],[2.33106,48.836309],[2.328349,48.836122],[2.328626,48.834334],[2.331338,48.834521]]]},"properties":{"id":"CRS3035RES200mN2887200E3758800","population":938.0,"households":462.0,"poverty_rate":0.1341991341991342,"senior_rate":0.2260127931769723,"single_parent_rate":0.08008658008658008,"social_housing_rate":0.09307359307359307,"imputed":false,"vulnerability":24.0}},{"type":"Feature","geometry":{"type":"Polygon","coordinates":[[[2.334049,48.834708],[2.333772,48.836496],[2.33106,48.836309],[2.331338,48.834521],[2.334049,48.834708]]]},"properties":{"id":"CRS3035RES200mN2887200E3759000","population":715.0,"households":340.0,"poverty_rate":0.061764705882352944,"senior_rate":0.26433566433566436,"single_parent_rate":0.11764705882352941,"social_housing_rate":0.0,"imputed":false,"vulnerability":22.7}},{"type":"Feature","geometry":{"type":"Polygon","coordinates":[[[2.336761,48.834895],[2.336484,48.836683],[2.333772,48.836496],[2.334049,48.834708],[2.336761,48.834895]]]},"properties":{"id":"CRS3035RES200mN2887200E3759200","population":210.5,"households":114.0,"poverty_rate":0.02631578947368421,"senior_rate":0.2755344418052256,"single_parent_rate":0.07894736842105263,"social_housing_rate":0.0,"imputed":false,"vulnerability":19.9}},{"type":"Feature","geometry":{"type":"Polygon","coordinates":[[[2.339472,48.835082],[2.339195,48.83687],[2.336484,48.836683],[2.336761,48.834895],[2.339472,48.835082]]]},"properties":{"id":"CRS3035RES200mN2887200E3759400","population":42.0,"households":16.0,"poverty_rate":0.0,"senior_rate":0.23809523809523808,"single_parent_rate":0.0625,"social_housing_rate":0.0,"imputed":false,"vulnerability":15.8}},{"type":"Feature","geometry":{"type":"Polygon","coordinates":[[[2.342184,48.835268],[2.341907,48.837056],[2.339195,48.83687],[2.339472,48.835082],[2.342184,48.835268]]]},"properties":{"id":"CRS3035RES200mN2887200E3759600","population":274.0,"households":130.0,"poverty_rate":0.046153846153846156,"senior_rate":0.23722627737226276,"single_parent_rate":0.12307692307692308,"social_housing_rate":0.07692307692307693,"imputed":false,"vulnerability":21.8}},{"type":"Feature","geometry":{"type":"Polygon","coordinates":[[[2.344895,48.835455],[2.344618,48.837243],[2.341907,48.837056],[2.342184,48.835268],[2.344895,48.835455]]]},"properties":{"id":"CRS3035RES200mN2887200E3759800","population":1238.5,"households":650.0,"poverty_rate":0.1123076923076923,"senior_rate":0.24626564392410175,"single_parent_rate":0.08307692307692308,"social_housing_rate":0.1,"imputed":false,"vulnerability":24.3}},{"type":"Feature","geometry":{"type":"Polygon","coordinates":[[[2.347607,48.835642],[2.34733,48.83743],[2.344618,48.837243],[2.344895,48.835455],[2.347607,48.835642]]]},"properties":{"id":"CRS3035RES200mN2887200E3760000","population":910.0,"households":479.0,"poverty_rate":0.10020876826722339,"senior_rate":0.1901098901098901,"single_parent_rate":0.054279749478079335,"social_housing_rate":0.008350730688935281,"imputed":false,"vulnerability":17.9}},{"type":"Feature","geometry":{"type":"Polygon","coordinates":[[[2.350318,48.835828],[2.350042,48.837616],[2.34733,48.83743],[2.347607,48.835642],[2.350318,48.835828]]]},"properties":{"id":"CRS3035RES200mN2887200E3760200","population":1252.5,"households":737.0,"poverty_rate":0.11261872455902307,"senior_rate":0.22355289421157684,"single_parent_rate":0.054274084124830396,"social_housing_rate":0.035278154681139755,"imputed":false,"vulnerability":20.8}},{"type":"Feature","geometry":{"type":"Polygon","coordinates":[[[2.35303,48.836015],[2.352753,48.837803],[2.350042,48.837616],[2.350318,48.835828],[2.35303,48.836015]]]},"properties":{"id":"CRS3035RES200mN2887200E3760400","population":1525.5,"households":838.0,"poverty_rate":0.10620525059665871,"senior_rate":0.22025565388397247,"single_parent_rate":0.09307875894988067,"social_housing_rate":0.0,"imputed":false,"vulnerability":21.4}},{"type":"Feature","geometry":{"type":"Polygon","coordinates":[[[2.355742,48.836201],[2.355465,48.837989],[2.352753,48.837803],[2.35303,48.836015],[2.355742,48.836201]]]},"properties":{"id":"CRS3035RES200mN2887200E3760600","population":1366.0,"households":772.0,"poverty_rate":0.12046632124352331,"senior_rate":0.2247437774524158,"single_parent_rate":0.07253886010362694,"social_housing_rate":0.07772020725388601,"imputed":false,"vulnerability":22.7}},{"type":"Feature","geometry":{"type":"Polygon","coordinates":[[[2.358453,48.836388],[2.358177,48.838175],[2.355465,48.837989],[2.355742,48.836201],[2.358453,48.836388]]]},"properties":{"id":"CRS3035RES200mN2887200E3760800","population":981.0,"households":619.0,"poverty_rate":0.1308562197092084,"senior_rate":0.1906218144750255,"single_parent_rate":0.0888529886914378,"social_housing_rate":0.09046849757673667,"imputed":false,"vulnerability":22.2}},{"type":"Feature","geometry":{"type":"Polygon","coordinates":[[[2.361165,48.836574],[2.360889,48.838362],[2.358177,48.838175],[2.358453,48.836388],[2.361165,48.836574]]]},"properties":{"id":"CRS3035RES200mN2887200E3761000","population":809.0,"households":456.0,"poverty_rate":0.13596491228070176,"senior_rate":0.17552533992583436,"single_parent_rate":0.09429824561403509,"social_housing_rate":0.22807017543859648,"imputed":false,"vulnerability":24.0}},{"type":"Feature","geometry":{"type":"Polygon","coordinates":[[[2.366588,48.836946],[2.366312,48.838734],[2.3636,48.838548],[2.363876,48.83676],[2.366588,48.836946]]]},"properties":{"id":"CRS3035RES200mN2887200E3761400","population":140.5,"households":63.0,"poverty_rate":0.047619047619047616,"senior_rate":0.028469750889679714,"single_parent_rate":0.07936507936507936,"social_housing_rate":0.0,"imputed":false,"vulnerability":7.4}},{"type":"Feature","geometry":{"type":"Polygon","coordinates":[[[2.372012,48.837318],[2.371736,48.839106],[2.369024,48.83892],[2.3693,48.837132],[2.372012,48.837318]]]},"properties":{"id":"CRS3035RES200mN2887200E3761800","population":220.5,"households":110.0,"poverty_rate":0.33636363636363636,"senior_rate":0.09070294784580499,"single_parent_rate":0.12727272727272726,"social_housing_rate":0.6727272727272727,"imputed":false,"vulnerability":37.4}},{"type":"Feature","geometry":{"type":"Polygon","coordinates":[[[2.374723,48.837504],[2.374447,48.839292],[2.371736,48.839106],[2.372012,48.837318],[2.374723,48.837504]]]},"properties":{"id":"CRS3035RES200mN2887200E3762000","population":223.5,"households":122.0,"poverty_rate":0.10655737704918032,"senior_rate":0.1342281879194631,"single_parent_rate":0.040983606557377046,"social_housing_rate":0.5491803278688525,"imputed":false,"vulnerability":22.7}},{"type":"Feature","geometry":{"type":"Polygon","coordinates":[[[2.382859,48.838062],[2.382583,48.83985],[2.379871,48.839664],[2.380147,48.837876],[2.382859,48.838062]]]},"properties":{"id":"CRS3035RES200mN2887200E3762600","population":1021.0,"households":333.0,"poverty_rate":0.1981981981981982,"senior_rate":0.12242899118511263,"single_parent_rate":0.16816816816816818,"social_housing_rate":0.8078078078078078,"imputed":false,"vulnerability":36.0}},{"type":"Feature","geometry":{"type":"Polygon","coordinates":[[[2.388282,48.838433],[2.388007,48.840221],[2.385295,48.840036],[2.38557,48.838248],[2.388282,48.838433]]]},"properties":{"id":"CRS3035RES200mN2887200E3763000","population":651.0,"households":280.0,"poverty_rate":0.15357142857142858,"senior_rate":0.13671274961597543,"single_parent_rate":0.17142857142857143,"social_housing_rate":0.475,"imputed":false,"vulnerability":29.7}},{"type":"Feature","geometry":{"type":"Polygon","coordinates":[[[2.390994,48.838619],[2.390719,48.840407],[2.388007,48.840221],[2.388282,48.838433],[2.390994,48.838619]]]},"properties":{"id":"CRS3035RES200mN2887200E3763200","population":1369.0,"households":771.0,"poverty_rate":0.11154345006485085,"senior_rate":0.1731190650109569,"single_parent_rate":0.05966277561608301,"social_housing_rate":0.03761348897535668,"imputed":false,"vulnerability":18.2}},{"type":"Feature","geometry":{"type":"Polygon","coordinates":[[[2.393706,48.838804],[2.393431,48.840592],[2.390719,48.840407],[2.390994,48.838619],[2.393706,48.838804]]]},"properties":{"id":"CRS3035RES200mN2887200E3763400","population":1436.0,"households":846.0,"poverty_rate":0.10520094562647754,"senior_rate":0.16434540389972144,"single_parent_rate":0.08037825059101655,"social_housing_rate":0.037825059101654845,"imputed":false,"vulnerability":18.3}},{"type":"Feature","geometry":{"type":"Polygon","coordinates":[[[2.396418,48.83899],[2.396143,48.840778],[2.393431,48.840592],[2.393706,48.838804],[2.396418,48.83899]]]},"properties":{"id":"CRS3035RES200mN2887200E3763600","population":799.0,"households":447.0,"poverty_rate":0.1185682326621924,"senior_rate":0.2127659574468085,"single_parent_rate":0.06935123042505593,"social_housing_rate":0.09843400447427293,"imputed":false,"vulnerability":22.1}},{"type":"Feature","geometry":{"type":"Polygon","coordinates":[[[2.39913,48.839175],[2.398855,48.840963],[2.396143,48.840778],[2.396418,48.83899],[2.39913,48.839175]]]},"properties":{"id":"CRS3035RES200mN2887200E3763800","population":1593.0,"households":983.0,"poverty_rate":0.10783316378433368,"senior_rate":0.20401757689893282,"single_parent_rate":0.07426246185147507,"social_housing_rate":0.048830111902339775,"imputed":false,"vulnerability":20.6}},{"type":"Feature","geometry":{"type":"Polygon","coordinates":[[[2.401842,48.83936],[2.401567,48.841148],[2.398855,48.840963],[2.39913,48.839175],[2.401842,48.83936]]]},"properties":{"id":"CRS3035RES200mN2887200E3764000","population":1683.0,"households":972.0,"poverty_rate":0.11213991769547325,"senior_rate":0.14795008912655971,"single_parent_rate":0.07716049382716049,"social_housing_rate":0.22633744855967078,"imputed":false,"vulnerability":20.5}},{"type":"Feature","geometry":{"type":"Polygon","coordinates":[[[2.404554,48.839546],[2.404279,48.841334],[2.401567,48.841148],[2.401842,48.83936],[2.404554,48.839546]]]},"properties":{"id":"CRS3035RES200mN2887200E3764200","population":1199.5,"households":598.0,"poverty_rate":0.0903010033444816,"senior_rate":0.15923301375573157,"single_parent_rate":0.07859531772575251,"social_housing_rate":0.03177257525083612,"imputed":false,"vulnerability":17.1}},{"type":"Feature","geometry":{"type":"Polygon","coordinates":[[[2.407265,48.839731],[2.406991,48.841519],[2.404279,48.841334],[2.404554,48.839546],[2.407265,48.839731]]]},"properties":{"id":"CRS3035RES200mN2887200E3764400","population":1403.0,"households":659.0,"poverty_rate":0.08497723823975721,"senior_rate":0.15823235923022094,"single_parent_rate":0.13505311077389984,"social_housing_rate":0.30804248861911987,"imputed":false,"vulnerability":23.4}},{"type":"Feature","geometry":{"type":"Polygon","coordinates":[[[2.409977,48.839916],[2.409703,48.841704],[2.406991,48.841519],[2.407265,48.839731],[2.409977,48.839916]]]},"properties":{"id":"CRS3035RES200mN2887200E3764600","population":468.0,"households":215.0,"poverty_rate":0.05581395348837209,"senior_rate":0.18803418803418803,"single_parent_rate":0.09767441860465116,"social_housing_rate":0.0,"imputed":false,"vulnerability":17.4}},{"type":"Feature","geometry":{"type":"Polygon","coordinates":[[[2.412689,48.840101],[2.412415,48.841889],[2.409703,48.841704],[2.409977,48.839916],[2.412689,48.840101]]]},"properties":{"id":"CRS3035RES200mN2887200E3764800","population":869.0,"households":328.0,"poverty_rate":0.17682926829268292,"senior_rate":0.13693901035673187,"single_parent_rate":0.21036585365853658,"social_housing_rate":1.0,"imputed":false,"vulnerability":40.5}},{"type":"Feature","geometry":{"type":"Polygon","coordinates":[[[2.415401,48.840286],[2.415127,48.842074],[2.412415,48.841889],[2.412689,48.840101],[2.415401,48.840286]]]},"properties":{"id":"CRS3035RES200mN2887200E3765000","population":622.0,"households":277.0,"poverty_rate":0.10108303249097472,"senior_rate":0.17041800643086816,"single_parent_rate":0.1263537906137184,"social_housing_rate":0.05776173285198556,"imputed":false,"vulnerability":20.8}},{"type":"Feature","geometry":{"type":"Polygon","coordinates":[[[2.420826,48.840656],[2.420551,48.842444],[2.417839,48.842259],[2.418113,48.840471],[2.420826,48.840656]]]},"properties":{"id":"CRS3035RES200mN2887200E3765400","population":887.5,"households":403.0,"poverty_rate":0.08436724565756824,"senior_rate":0.19267605633802817,"single_parent_rate":0.10421836228287841,"social_housing_rate":0.0,"imputed":false,"vulnerability":19.3}},{"type":"Feature","geometry":{"type":"Polygon","coordinates":[[[2.42625,48.841025],[2.425976,48.842813],[2.423264,48.842629],[2.423538,48.84084],[2.42625,48.841025]]]},"properties":{"id":"CRS3035RES200mN2887200E3765800","population":292.5,"households":94.0,"poverty_rate":0.23404255319148937,"senior_rate":0.017094017094017096,"single_parent_rate":0.1702127659574468,"social_housing_rate":0.9893617021276596,"imputed":false,"vulnerability":34.8}},{"type":"Feature","geometry":{"type":"Polygon","coordinates":[[[2.428962,48.84121],[2.428688,48.842998],[2.425976,48.842813],[2.42625,48.841025],[2.428962,48.84121]]]},"properties":{"id":"CRS3035RES200mN2887200E3766000","population":339.0,"households":193.0,"poverty_rate":0.07772020725388601,"senior_rate":0.22713864306784662,"single_parent_rate":0.14507772020725387,"social_housing_rate":0.0,"imputed":false,"vulnerability":22.7}},{"type":"Feature","geometry":{"type":"Polygon","coordinates":[[[2.431674,48.841394],[2.4314,48.843183],[2.428688,48.842998],[2.428962,48.84121],[2.431674,48.841394]]]},"properties":{"id":"CRS3035RES200mN2887200E3766200","population":1659.5,"households":728.0,"poverty_rate":0.03571428571428571,"senior_rate":0.18017475143115397,"single_parent_rate":0.08104395604395605,"social_housing_rate":0.012362637362637362,"imputed":false,"vulnerability":15.4}},{"type":"Feature","geometry":{"type":"Polygon","coordinates":[[[2.453371,48.842869],[2.453098,48.844657],[2.450386,48.844473],[2.450659,48.842685],[2.453371,48.842869]]]},"properties":{"id":"CRS3035RES200mN2887200E3767800","population":54.5,"households":28.0,"poverty_rate":0.07142857142857142,"senior_rate":0.3302752293577982,"single_parent_rate":0.14285714285714285,"social_housing_rate":0.0,"imputed":false,"vulnerability":27.9}},{"type":"Feature","geometry":{"type":"Polygon","coordinates":[[[2.456084,48.843053],[2.455811,48.844841],[2.453098,48.844657],[2.453371,48.842869],[2.456084,48.843053]]]},"properties":{"id":"CRS3035RES200mN2887200E3768000","population":100.0,"households":40.7,"poverty_rate":0.022113022113022112,"senior_rate":0.257,"single_parent_rate":0.022113022113022112,"social_housing_rate":0.0,"imputed":true,"vulnerability":16.2}},{"type":"Feature","geometry":{"type":"Polygon","coordinates":[[[2.458796,48.843237],[2.458523,48.845025],[2.455811,48.844841],[2.456084,48.843053],[2.458796,48.843237]]]},"properties":{"id":"CRS3035RES200mN2887200E3768200","population":171.0,"households":71.0,"poverty_rate":0.07042253521126761,"senior_rate":0.26900584795321636,"single_parent_rate":0.028169014084507043,"social_housing_rate":0.0,"imputed":false,"vulnerability":19.5}},{"type":"Feature","geometry":{"type":"Polygon","coordinates":[[[2.461508,48.843421],[2.461236,48.845209],[2.458523,48.845025],[2.458796,48.843237],[2.461508,48.843421]]]},"properties":{"id":"CRS3035RES200mN2887200E3768400","population":324.0,"households":162.0,"poverty_rate":0.06172839506172839,"senior_rate":0.36728395061728397,"single_parent_rate":0.043209876543209874,"social_housing_rate":0.0,"imputed":false,"vulnerability":25.2}},{"type":"Feature","geometry":{"type":"Polygon","coordinates":[[[2.2687,48.831991],[2.26842,48.833778],[2.265709,48.83359],[2.265989,48.831802],[2.2687,48.831991]]]},"properties":{"id":"CRS3035RES200mN2887400E3754200","population":114.5,"households":65.0,"poverty_rate":0.27692307692307694,"senior_rate":0.05240174672489083,"single_parent_rate":0.03076923076923077,"social_housing_rate":0.0,"imputed":false,"vulnerability":18.1}},{"type":"Feature","geometry":{"type":"Polygon","coordinates":[[[2.276833,48.832556],[2.276554,48.834343],[2.273843,48.834155],[2.274122,48.832367],[2.276833,48.832556]]]},"properties":{"id":"CRS3035RES200mN2887400E3754800","population":5.5,"households":1.8,"poverty_rate":0.16666666666666666,"senior_rate":0.07272727272727274,"single_parent_rate":0.3333333333333333,"social_housing_rate":0.9444444444444444,"imputed":true,"vulnerability":40.9}},{"type":"Feature","geometry":{"type":"Polygon","coordinates":[[[2.284967,48.83312],[2.284688,48.834908],[2.281977,48.83472],[2.282256,48.832932],[2.284967,48.83312]]]},"properties":{"id":"CRS3035RES200mN2887400E3755400","population":58.0,"households":35.0,"poverty_rate":0.11428571428571428,"senior_rate":0.3620689655172414,"single_parent_rate":0.08571428571428572,"social_housing_rate":0.0,"imputed":false,"vulnerability":29.3}},{"type":"Feature","geometry":{"type":"Polygon","coordinates":[[[2.287678,48.833308],[2.287399,48.835096],[2.284688,48.834908],[2.284967,48.83312],[2.287678,48.833308]]]},"properties":{"id":"CRS3035RES200mN2887400E3755600","population":1211.5,"households":623.0,"poverty_rate":0.09470304975922954,"senior_rate":0.2071811803549319,"single_parent_rate":0.060995184590690206,"social_housing_rate":0.0,"imputed":false,"vulnerability":18.8}},{"type":"Feature","geometry":{"type":"Polygon","coordinates":[[[2.29039,48.833497],[2.290111,48.835284],[2.287399,48.835096],[2.287678,48.833308],[2.29039,48.833497]]]},"properties":{"id":"CRS3035RES200mN2887400E3755800","population":2219.5,"households":1043.0,"poverty_rate":0.14669223394055608,"senior_rate":0.16535255688218067,"single_parent_rate":0.09587727708533078,"social_housing_rate":0.23106423777564716,"imputed":false,"vulnerability":24.0}},{"type":"Feature","geometry":{"type":"Polygon","coordinates":[[[2.293101,48.833684],[2.292822,48.835472],[2.290111,48.835284],[2.29039,48.833497],[2.293101,48.833684]]]},"properties":{"id":"CRS3035RES200mN2887400E3756000","population":864.0,"households":481.0,"poverty_rate":0.12474012474012475,"senior_rate":0.22569444444444445,"single_parent_rate":0.033264033264033266,"social_housing_rate":0.04158004158004158,"imputed":false,"vulnerability":20.7}},{"type":"Feature","geometry":{"type":"Polygon","coordinates":[[[2.295812,48.833872],[2.295533,48.83566],[2.292822,48.835472],[2.293101,48.833684],[2.295812,48.833872]]]},"properties":{"id":"CRS3035RES200mN2887400E3756200","population":1348.5,"households":832.0,"poverty_rate":0.14903846153846154,"senior_rate":0.19280682239525399,"single_parent_rate":0.057692307692307696,"social_housing_rate":0.11658653846153846,"imputed":false,"vulnerability":22.3}},{"type":"Feature","geometry":{"type":"Polygon","coordinates":[[[2.298523,48.83406],[2.298245,48.835848],[2.295533,48.83566],[2.295812,48.833872],[2.298523,48.83406]]]},"properties":{"id":"CRS3035RES200mN2887400E3756400","population":1646.5,"households":820.0,"poverty_rate":0.10609756097560975,"senior_rate":0.14272699665958094,"single_parent_rate":0.11463414634146342,"social_housing_rate":0.4304878048780488,"imputed":false,"vulnerability":24.6}},{"type":"Feature","geometry":{"type":"Polygon","coordinates":[[[2.301235,48.834248],[2.300956,48.836036],[2.298245,48.835848],[2.298523,48.83406],[2.301235,48.834248]]]},"properties":{"id":"CRS3035RES200mN2887400E3756600","population":1936.5,"households":1169.0,"poverty_rate":0.1086398631308811,"senior_rate":0.1890007745933385,"single_parent_rate":0.07442258340461934,"social_housing_rate":0.08041060735671514,"imputed":false,"vulnerability":20.3}},{"type":"Feature","geometry":{"type":"Polygon","coordinates":[[[2.303946,48.834436],[2.303668,48.836223],[2.300956,48.836036],[2.301235,48.834248],[2.303946,48.834436]]]},"properties":{"id":"CRS3035RES200mN2887400E3756800","population":1927.5,"households":1113.0,"poverty_rate":0.1078167115902965,"senior_rate":0.21945525291828794,"single_parent_rate":0.07008086253369272,"social_housing_rate":0.0017969451931716084,"imputed":false,"vulnerability":20.5}},{"type":"Feature","geometry":{"type":"Polygon","coordinates":[[[2.306657,48.834623],[2.306379,48.836411],[2.303668,48.836223],[2.303946,48.834436],[2.306657,48.834623]]]},"properties":{"id":"CRS3035RES200mN2887400E3757000","population":1242.0,"households":700.0,"poverty_rate":0.10857142857142857,"senior_rate":0.3526570048309179,"single_parent_rate":0.07857142857142857,"social_housing_rate":0.14285714285714285,"imputed":false,"vulnerability":30.4}},{"type":"Feature","geometry":{"type":"Polygon","coordinates":[[[2.309369,48.834811],[2.309091,48.836599],[2.306379,48.836411],[2.306657,48.834623],[2.309369,48.834811]]]},"properties":{"id":"CRS3035RES200mN2887400E3757200","population":1289.0,"households":707.0,"poverty_rate":0.06506364922206506,"senior_rate":0.2940263770364624,"single_parent_rate":0.05374823196605375,"social_housing_rate":0.002828854314002829,"imputed":false,"vulnerability":21.8}},{"type":"Feature","geometry":{"type":"Polygon","coordinates":[[[2.31208,48.834998],[2.311802,48.836786],[2.309091,48.836599],[2.309369,48.834811],[2.31208,48.834998]]]},"properties":{"id":"CRS3035RES200mN2887400E3757400","population":2495.0,"households":1095.0,"poverty_rate":0.24840182648401826,"senior_rate":0.19318637274549097,"single_parent_rate":0.1415525114155251,"social_housing_rate":0.4986301369863014,"imputed":false,"vulnerability":36.6}},{"type":"Feature","geometry":{"type":"Polygon","coordinates":[[[2.314792,48.835186],[2.314514,48.836973],[2.311802,48.836786],[2.31208,48.834998],[2.314792,48.835186]]]},"properties":{"id":"CRS3035RES200mN2887400E3757600","population":1123.0,"households":435.0,"poverty_rate":0.13793103448275862,"senior_rate":0.09973285841495994,"single_parent_rate":0.17471264367816092,"social_housing_rate":0.9379310344827586,"imputed":false,"vulnerability":34.0}},{"type":"Feature","geometry":{"type":"Polygon","coordinates":[[[2.317503,48.835373],[2.317225,48.837161],[2.314514,48.836973],[2.314792,48.835186],[2.317503,48.835373]]]},"properties":{"id":"CRS3035RES200mN2887400E3757800","population":196.5,"households":82.0,"poverty_rate":0.08536585365853659,"senior_rate":0.10687022900763359,"single_parent_rate":0.1951219512195122,"social_housing_rate":0.4024390243902439,"imputed":false,"vulnerability":24.6}},{"type":"Feature","geometry":{"type":"Polygon","coordinates":[[[2.320214,48.83556],[2.319937,48.837348],[2.317225,48.837161],[2.317503,48.835373],[2.320214,48.83556]]]},"properties":{"id":"CRS3035RES200mN2887400E3758000","population":1595.0,"households":721.0,"poverty_rate":0.15256588072122051,"senior_rate":0.20376175548589343,"single_parent_rate":0.1622746185852982,"social_housing_rate":0.3509015256588072,"imputed":false,"vulnerability":31.1}},{"type":"Feature","geometry":{"type":"Polygon","coordinates":[[[2.322926,48.835748],[2.322648,48.837535],[2.319937,48.837348],[2.320214,48.83556],[2.322926,48.835748]]]},"properties":{"id":"CRS3035RES200mN2887400E3758200","population":1690.5,"households":803.0,"poverty_rate":0.136986301369863,"senior_rate":0.1798284531203786,"single_parent_rate":0.13947696139476962,"social_housing_rate":0.2503113325031133,"imputed":false,"vulnerability":26.5}},{"type":"Feature","geometry":{"type":"Polygon","coordinates":[[[2.325637,48.835935],[2.32536,48.837723],[2.322648,48.837535],[2.322926,48.835748],[2.325637,48.835935]]]},"properties":{"id":"CRS3035RES200mN2887400E3758400","population":897.0,"households":554.0,"poverty_rate":0.14620938628158844,"senior_rate":0.2318840579710145,"single_parent_rate":0.05776173285198556,"social_housing_rate":0.061371841155234655,"imputed":false,"vulnerability":23.5}},{"type":"Feature","geometry":{"type":"Polygon","coordinates":[[[2.328349,48.836122],[2.328072,48.83791],[2.32536,48.837723],[2.325637,48.835935],[2.328349,48.836122]]]},"properties":{"id":"CRS3035RES200mN2887400E3758600","population":139.5,"households":72.0,"poverty_rate":0.06944444444444445,"senior_rate":0.26523297491039427,"single_parent_rate":0.041666666666666664,"social_housing_rate":0.0,"imputed":false,"vulnerability":19.9}},{"type":"Feature","geometry":{"type":"Polygon","coordinates":[[[2.33106,48.836309],[2.330783,48.838097],[2.328072,48.83791],[2.328349,48.836122],[2.33106,48.836309]]]},"properties":{"id":"CRS3035RES200mN2887400E3758800","population":95.0,"households":42.0,"poverty_rate":0.07142857142857142,"senior_rate":0.3368421052631579,"single_parent_rate":0.09523809523809523,"social_housing_rate":0.0,"imputed":false,"vulnerability":26.2}},{"type":"Feature","geometry":{"type":"Polygon","coordinates":[[[2.333772,48.836496],[2.333495,48.838284],[2.330783,48.838097],[2.33106,48.836309],[2.333772,48.836496]]]},"properties":{"id":"CRS3035RES200mN2887400E3759000","population":164.5,"households":83.0,"poverty_rate":0.07228915662650602,"senior_rate":0.2188449848024316,"single_parent_rate":0.08433734939759036,"social_housing_rate":0.0,"imputed":false,"vulnerability":19.3}},{"type":"Feature","geometry":{"type":"Polygon","coordinates":[[[2.336484,48.836683],[2.336206,48.838471],[2.333495,48.838284],[2.333772,48.836496],[2.336484,48.836683]]]},"properties":{"id":"CRS3035RES200mN2887400E3759200","population":94.0,"households":47.0,"poverty_rate":0.1276595744680851,"senior_rate":0.2127659574468085,"single_parent_rate":0.0851063829787234,"social_housing_rate":0.1702127659574468,"imputed":false,"vulnerability":24.3}},{"type":"Feature","geometry":{"type":"Polygon","coordinates":[[[2.339195,48.83687],[2.338918,48.838657],[2.336206,48.838471],[2.336484,48.836683],[2.339195,48.83687]]]},"properties":{"id":"CRS3035RES200mN2887400E3759400","population":167.0,"households":88.0,"poverty_rate":0.056818181818181816,"senior_rate":0.25149700598802394,"single_parent_rate":0.125,"social_housing_rate":0.0,"imputed":false,"vulnerability":22.1}},{"type":"Feature","geometry":{"type":"Polygon","coordinates":[[[2.341907,48.837056],[2.34163,48.838844],[2.338918,48.838657],[2.339195,48.83687],[2.341907,48.837056]]]},"properties":{"id":"CRS3035RES200mN2887400E3759600","population":71.5,"households":41.0,"poverty_rate":0.17073170731707318,"senior_rate":0.1958041958041958,"single_parent_rate":0.21951219512195122,"social_housing_rate":0.0,"imputed":false,"vulnerability":28.8}},{"type":"Feature","geometry":{"type":"Polygon","coordinates":[[[2.344618,48.837243],[2.344342,48.839031],[2.34163,48.838844],[2.341907,48.837056],[2.344618,48.837243]]]},"properties":{"id":"CRS3035RES200mN2887400E3759800","population":581.5,"households":274.0,"poverty_rate":0.11313868613138686,"senior_rate":0.18572656921754085,"single_parent_rate":0.09124087591240876,"social_housing_rate":0.22992700729927007,"imputed":false,"vulnerability":23.3}},{"type":"Feature","geometry":{"type":"Polygon","coordinates":[[[2.34733,48.83743],[2.347053,48.839218],[2.344342,48.839031],[2.344618,48.837243],[2.34733,48.83743]]]},"properties":{"id":"CRS3035RES200mN2887400E3760000","population":1111.5,"households":635.0,"poverty_rate":0.16377952755905512,"senior_rate":0.2384165542060279,"single_parent_rate":0.06614173228346457,"social_housing_rate":0.0,"imputed":false,"vulnerability":24.2}},{"type":"Feature","geometry":{"type":"Polygon","coordinates":[[[2.350042,48.837616],[2.349765,48.839404],[2.347053,48.839218],[2.34733,48.83743],[2.350042,48.837616]]]},"properties":{"id":"CRS3035RES200mN2887400E3760200","population":1304.0,"households":746.0,"poverty_rate":0.12198391420911528,"senior_rate":0.2584355828220859,"single_parent_rate":0.07506702412868632,"social_housing_rate":0.05093833780160858,"imputed":false,"vulnerability":24.3}},{"type":"Feature","geometry":{"type":"Polygon","coordinates":[[[2.352753,48.837803],[2.352477,48.839591],[2.349765,48.839404],[2.350042,48.837616],[2.352753,48.837803]]]},"properties":{"id":"CRS3035RES200mN2887400E3760400","population":1195.0,"households":705.0,"poverty_rate":0.13191489361702127,"senior_rate":0.22426778242677825,"single_parent_rate":0.07375886524822695,"social_housing_rate":0.031205673758865248,"imputed":false,"vulnerability":22.6}},{"type":"Feature","geometry":{"type":"Polygon","coordinates":[[[2.355465,48.837989],[2.355189,48.839777],[2.352477,48.839591],[2.352753,48.837803],[2.355465,48.837989]]]},"properties":{"id":"CRS3035RES200mN2887400E3760600","population":641.0,"households":367.0,"poverty_rate":0.1553133514986376,"senior_rate":0.22776911076443057,"single_parent_rate":0.05994550408719346,"social_housing_rate":0.07356948228882834,"imputed":false,"vulnerability":24.0}},{"type":"Feature","geometry":{"type":"Polygon","coordinates":[[[2.358177,48.838175],[2.3579,48.839963],[2.355189,48.839777],[2.355465,48.837989],[2.358177,48.838175]]]},"properties":{"id":"CRS3035RES200mN2887400E3760800","population":930.5,"households":504.0,"poverty_rate":0.13293650793650794,"senior_rate":0.22138635142396562,"single_parent_rate":0.08531746031746032,"social_housing_rate":0.0,"imputed":false,"vulnerability":22.5}},{"type":"Feature","geometry":{"type":"Polygon","coordinates":[[[2.360889,48.838362],[2.360612,48.84015],[2.3579,48.839963],[2.358177,48.838175],[2.360889,48.838362]]]},"properties":{"id":"CRS3035RES200mN2887400E3761000","population":1611.5,"households":871.0,"poverty_rate":0.11021814006888633,"senior_rate":0.19360843934222774,"single_parent_rate":0.0711825487944891,"social_housing_rate":0.011481056257175661,"imputed":false,"vulnerability":19.4}},{"type":"Feature","geometry":{"type":"Polygon","coordinates":[[[2.3636,48.838548],[2.363324,48.840336],[2.360612,48.84015],[2.360889,48.838362],[2.3636,48.838548]]]},"properties":{"id":"CRS3035RES200mN2887400E3761200","population":181.0,"households":103.0,"poverty_rate":0.1262135922330097,"senior_rate":0.18232044198895028,"single_parent_rate":0.05825242718446602,"social_housing_rate":0.0,"imputed":false,"vulnerability":18.9}},{"type":"Feature","geometry":{"type":"Polygon","coordinates":[[[2.377159,48.839478],[2.376884,48.841266],[2.374172,48.84108],[2.374447,48.839292],[2.377159,48.839478]]]},"properties":{"id":"CRS3035RES200mN2887400E3762200","population":242.0,"households":141.0,"poverty_rate":0.0851063829787234,"senior_rate":0.2644628099173554,"single_parent_rate":0.0425531914893617,"social_housing_rate":0.0,"imputed":false,"vulnerability":20.6}},{"type":"Feature","geometry":{"type":"Polygon","coordinates":[[[2.382583,48.83985],[2.382308,48.841638],[2.379596,48.841452],[2.379871,48.839664],[2.382583,48.83985]]]},"properties":{"id":"CRS3035RES200mN2887400E3762600","population":579.5,"households":249.0,"poverty_rate":0.15261044176706828,"senior_rate":0.16048317515099222,"single_parent_rate":0.1927710843373494,"social_housing_rate":0.8795180722891566,"imputed":false,"vulnerability":38.0}},{"type":"Feature","geometry":{"type":"Polygon","coordinates":[[[2.388007,48.840221],[2.387732,48.842009],[2.38502,48.841824],[2.385295,48.840036],[2.388007,48.840221]]]},"properties":{"id":"CRS3035RES200mN2887400E3763000","population":1762.0,"households":878.0,"poverty_rate":0.11617312072892938,"senior_rate":0.18274687854710556,"single_parent_rate":0.11617312072892938,"social_housing_rate":0.255125284738041,"imputed":false,"vulnerability":24.7}},{"type":"Feature","geometry":{"type":"Polygon","coordinates":[[[2.390719,48.840407],[2.390444,48.842195],[2.387732,48.842009],[2.388007,48.840221],[2.390719,48.840407]]]},"properties":{"id":"CRS3035RES200mN2887400E3763200","population":1282.0,"households":527.0,"poverty_rate":0.1252371916508539,"senior_rate":0.18330733229329174,"single_parent_rate":0.19165085388994307,"social_housing_rate":0.6736242884250474,"imputed":false,"vulnerability":34.7}},{"type":"Feature","geometry":{"type":"Polygon","coordinates":[[[2.393431,48.840592],[2.393156,48.84238],[2.390444,48.842195],[2.390719,48.840407],[2.393431,48.840592]]]},"properties":{"id":"CRS3035RES200mN2887400E3763400","population":1317.5,"households":601.0,"poverty_rate":0.08985024958402663,"senior_rate":0.1396584440227704,"single_parent_rate":0.15307820299500832,"social_housing_rate":0.4459234608985025,"imputed":false,"vulnerability":25.5}},{"type":"Feature","geometry":{"type":"Polygon","coordinates":[[[2.396143,48.840778],[2.395868,48.842566],[2.393156,48.84238],[2.393431,48.840592],[2.396143,48.840778]]]},"properties":{"id":"CRS3035RES200mN2887400E3763600","population":1323.0,"households":763.0,"poverty_rate":0.09698558322411534,"senior_rate":0.29554043839758126,"single_parent_rate":0.05897771952817824,"social_housing_rate":0.0,"imputed":false,"vulnerability":23.7}},{"type":"Feature","geometry":{"type":"Polygon","coordinates":[[[2.398855,48.840963],[2.39858,48.842751],[2.395868,48.842566],[2.396143,48.840778],[2.398855,48.840963]]]},"properties":{"id":"CRS3035RES200mN2887400E3763800","population":547.5,"households":315.0,"poverty_rate":0.09523809523809523,"senior_rate":0.25388127853881276,"single_parent_rate":0.050793650793650794,"social_housing_rate":0.24444444444444444,"imputed":false,"vulnerability":24.6}},{"type":"Feature","geometry":{"type":"Polygon","coordinates":[[[2.401567,48.841148],[2.401292,48.842936],[2.39858,48.842751],[2.398855,48.840963],[2.401567,48.841148]]]},"properties":{"id":"CRS3035RES200mN2887400E3764000","population":1142.5,"households":651.0,"poverty_rate":0.06605222734254992,"senior_rate":0.23107221006564552,"single_parent_rate":0.053763440860215055,"social_housing_rate":0.08755760368663594,"imputed":false,"vulnerability":19.6}},{"type":"Feature","geometry":{"type":"Polygon","coordinates":[[[2.404279,48.841334],[2.404004,48.843122],[2.401292,48.842936],[2.401567,48.841148],[2.404279,48.841334]]]},"properties":{"id":"CRS3035RES200mN2887400E3764200","population":1986.0,"households":1019.0,"poverty_rate":0.11678115799803729,"senior_rate":0.18680765357502518,"single_parent_rate":0.09911678115799803,"social_housing_rate":0.2011776251226693,"imputed":false,"vulnerability":23.4}},{"type":"Feature","geometry":{"type":"Polygon","coordinates":[[[2.406991,48.841519],[2.406716,48.843307],[2.404004,48.843122],[2.404279,48.841334],[2.406991,48.841519]]]},"properties":{"id":"CRS3035RES200mN2887400E3764400","population":639.0,"households":330.0,"poverty_rate":0.06666666666666667,"senior_rate":0.19092331768388107,"single_parent_rate":0.10606060606060606,"social_housing_rate":0.0,"imputed":false,"vulnerability":18.4}},{"type":"Feature","geometry":{"type":"Polygon","coordinates":[[[2.409703,48.841704],[2.409428,48.843492],[2.406716,48.843307],[2.406991,48.841519],[2.409703,48.841704]]]},"properties":{"id":"CRS3035RES200mN2887400E3764600","population":816.0,"households":521.0,"poverty_rate":0.1017274472168906,"senior_rate":0.1875,"single_parent_rate":0.0690978886756238,"social_housing_rate":0.028790786948176585,"imputed":false,"vulnerability":18.8}},{"type":"Feature","geometry":{"type":"Polygon","coordinates":[[[2.412415,48.841889],[2.412141,48.843677],[2.409428,48.843492],[2.409703,48.841704],[2.412415,48.841889]]]},"properties":{"id":"CRS3035RES200mN2887400E3764800","population":1451.5,"households":527.0,"poverty_rate":0.16129032258064516,"senior_rate":0.15983465380640716,"single_parent_rate":0.1840607210626186,"social_housing_rate":0.9127134724857685,"imputed":false,"vulnerability":38.5}},{"type":"Feature","geometry":{"type":"Polygon","coordinates":[[[2.415127,48.842074],[2.414853,48.843862],[2.412141,48.843677],[2.412415,48.841889],[2.415127,48.842074]]]},"properties":{"id":"CRS3035RES200mN2887400E3765000","population":11.5,"households":5.0,"poverty_rate":0.02,"senior_rate":0.17391304347826086,"single_parent_rate":0.08,"social_housing_rate":0.0,"imputed":true,"vulnerability":14.0}},{"type":"Feature","geometry":{"type":"Polygon","coordinates":[[[2.417839,48.842259],[2.417565,48.844047],[2.414853,48.843862],[2.415127,48.842074],[2.417839,48.842259]]]},"properties":{"id":"CRS3035RES200mN2887400E3765200","population":643.0,"households":335.0,"poverty_rate":0.23283582089552238,"senior_rate":0.16174183514774496,"single_parent_rate":0.06567164179104477,"social_housing_rate":0.191044776119403,"imputed":false,"vulnerability":26.2}},{"type":"Feature","geometry":{"type":"Polygon","coordinates":[[[2.420551,48.842444],[2.420277,48.844232],[2.417565,48.844047],[2.417839,48.842259],[2.420551,48.842444]]]},"properties":{"id":"CRS3035RES200mN2887400E3765400","population":640.5,"households":277.0,"poverty_rate":0.06859205776173286,"senior_rate":0.20921155347384857,"single_parent_rate":0.10108303249097472,"social_housing_rate":0.0,"imputed":false,"vulnerability":19.3}},{"type":"Feature","geometry":{"type":"Polygon","coordinates":[[[2.423264,48.842629],[2.422989,48.844417],[2.420277,48.844232],[2.420551,48.842444],[2.423264,48.842629]]]},"properties":{"id":"CRS3035RES200mN2887400E3765600","population":62.0,"households":27.2,"poverty_rate":0.029411764705882356,"senior_rate":0.18064516129032257,"single_parent_rate":0.08823529411764706,"social_housing_rate":0.0,"imputed":true,"vulnerability":15.2}},{"type":"Feature","geometry":{"type":"Polygon","coordinates":[[[2.425976,48.842813],[2.425702,48.844601],[2.422989,48.844417],[2.423264,48.842629],[2.425976,48.842813]]]},"properties":{"id":"CRS3035RES200mN2887400E3765800","population":218.5,"households":117.0,"poverty_rate":0.42735042735042733,"senior_rate":0.059496567505720827,"single_parent_rate":0.15384615384615385,"social_housing_rate":1.0,"imputed":false,"vulnerability":46.3}},{"type":"Feature","geometry":{"type":"Polygon","coordinates":[[[2.439537,48.843736],[2.439263,48.845524],[2.436551,48.84534],[2.436825,48.843552],[2.439537,48.843736]]]},"properties":{"id":"CRS3035RES200mN2887400E3766800","population":440.5,"households":254.0,"poverty_rate":0.07480314960629922,"senior_rate":0.2542565266742338,"single_parent_rate":0.07874015748031496,"social_housing_rate":0.0,"imputed":false,"vulnerability":21.1}},{"type":"Feature","geometry":{"type":"Polygon","coordinates":[[[2.442249,48.84392],[2.441976,48.845708],[2.439263,48.845524],[2.439537,48.843736],[2.442249,48.84392]]]},"properties":{"id":"CRS3035RES200mN2887400E3767000","population":223.0,"households":88.0,"poverty_rate":0.06818181818181818,"senior_rate":0.18385650224215247,"single_parent_rate":0.11363636363636363,"social_housing_rate":0.0,"imputed":false,"vulnerability":18.4}},{"type":"Feature","geometry":{"type":"Polygon","coordinates":[[[2.447674,48.844289],[2.447401,48.846077],[2.444688,48.845893],[2.444961,48.844105],[2.447674,48.844289]]]},"properties":{"id":"CRS3035RES200mN2887400E3767400","population":119.0,"households":49.0,"poverty_rate":0.04081632653061224,"senior_rate":0.18487394957983194,"single_parent_rate":0.02040816326530612,"social_housing_rate":0.0,"imputed":false,"vulnerability":13.1}},{"type":"Feature","geometry":{"type":"Polygon","coordinates":[[[2.450386,48.844473],[2.450113,48.846261],[2.447401,48.846077],[2.447674,48.844289],[2.450386,48.844473]]]},"properties":{"id":"CRS3035RES200mN2887400E3767600","population":377.5,"households":176.0,"poverty_rate":0.07386363636363637,"senior_rate":0.27549668874172184,"single_parent_rate":0.10227272727272728,"social_housing_rate":0.0,"imputed":false,"vulnerability":23.3}},{"type":"Feature","geometry":{"type":"Polygon","coordinates":[[[2.453098,48.844657],[2.452825,48.846445],[2.450113,48.846261],[2.450386,48.844473],[2.453098,48.844657]]]},"properties":{"id":"CRS3035RES200mN2887400E3767800","population":447.0,"households":218.0,"poverty_rate":0.08256880733944955,"senior_rate":0.116331096196868,"single_parent_rate":0.10091743119266056,"social_housing_rate":0.0,"imputed":false,"vulnerability":14.9}},{"type":"Feature","geometry":{"type":"Polygon","coordinates":[[[2.257576,48.833024],[2.257296,48.834811],[2.254585,48.834622],[2.254865,48.832835],[2.257576,48.833024]]]},"properties":{"id":"CRS3035RES200mN2887600E3753400","population":897.0,"households":446.0,"poverty_rate":0.1031390134529148,"senior_rate":0.1850613154960981,"single_parent_rate":0.07399103139013453,"social_housing_rate":0.0,"imputed":false,"vulnerability":18.5}},{"type":"Feature","geometry":{"type":"Polygon","coordinates":[[[2.260287,48.833212],[2.260007,48.835],[2.257296,48.834811],[2.257576,48.833024],[2.260287,48.833212]]]},"properties":{"id":"CRS3035RES200mN2887600E3753600","population":4.0,"households":1.9,"poverty_rate":0.10526315789473685,"senior_rate":0.35,"single_parent_rate":0.10526315789473685,"social_housing_rate":0.0,"imputed":true,"vulnerability":29.1}},{"type":"Feature","geometry":{"type":"Polygon","coordinates":[[[2.279265,48.834532],[2.278986,48.836319],[2.276275,48.836131],[2.276554,48.834343],[2.279265,48.834532]]]},"properties":{"id":"CRS3035RES200mN2887600E3755000","population":383.5,"households":211.0,"poverty_rate":0.2559241706161137,"senior_rate":0.2711864406779661,"single_parent_rate":0.1848341232227488,"social_housing_rate":0.8341232227488151,"imputed":false,"vulnerability":48.2}},{"type":"Feature","geometry":{"type":"Polygon","coordinates":[[[2.281977,48.83472],[2.281698,48.836508],[2.278986,48.836319],[2.279265,48.834532],[2.281977,48.83472]]]},"properties":{"id":"CRS3035RES200mN2887600E3755200","population":62.0,"households":38.0,"poverty_rate":0.2631578947368421,"senior_rate":0.20967741935483872,"single_parent_rate":0.05263157894736842,"social_housing_rate":0.0,"imputed":false,"vulnerability":27.0}},{"type":"Feature","geometry":{"type":"Polygon","coordinates":[[[2.284688,48.834908],[2.284409,48.836696],[2.281698,48.836508],[2.281977,48.83472],[2.284688,48.834908]]]},"properties":{"id":"CRS3035RES200mN2887600E3755400","population":1115.5,"households":624.0,"poverty_rate":0.07532051282051282,"senior_rate":0.25369789332138054,"single_parent_rate":0.06891025641025642,"social_housing_rate":0.13782051282051283,"imputed":false,"vulnerability":22.8}},{"type":"Feature","geometry":{"type":"Polygon","coordinates":[[[2.287399,48.835096],[2.28712,48.836884],[2.284409,48.836696],[2.284688,48.834908],[2.287399,48.835096]]]},"properties":{"id":"CRS3035RES200mN2887600E3755600","population":1603.5,"households":863.0,"poverty_rate":0.13904982618771727,"senior_rate":0.21702525724976612,"single_parent_rate":0.06836616454229433,"social_housing_rate":0.22711471610660486,"imputed":false,"vulnerability":25.3}},{"type":"Feature","geometry":{"type":"Polygon","coordinates":[[[2.290111,48.835284],[2.289832,48.837072],[2.28712,48.836884],[2.287399,48.835096],[2.290111,48.835284]]]},"properties":{"id":"CRS3035RES200mN2887600E3755800","population":1268.5,"households":677.0,"poverty_rate":0.1329394387001477,"senior_rate":0.11194324004729996,"single_parent_rate":0.09896602658788774,"social_housing_rate":0.06942392909896603,"imputed":false,"vulnerability":18.1}},{"type":"Feature","geometry":{"type":"Polygon","coordinates":[[[2.292822,48.835472],[2.292543,48.83726],[2.289832,48.837072],[2.290111,48.835284],[2.292822,48.835472]]]},"properties":{"id":"CRS3035RES200mN2887600E3756000","population":1521.5,"households":860.0,"poverty_rate":0.11744186046511627,"senior_rate":0.19125862635557017,"single_parent_rate":0.053488372093023255,"social_housing_rate":0.00813953488372093,"imputed":false,"vulnerability":18.8}},{"type":"Feature","geometry":{"type":"Polygon","coordinates":[[[2.295533,48.83566],[2.295255,48.837448],[2.292543,48.83726],[2.292822,48.835472],[2.295533,48.83566]]]},"properties":{"id":"CRS3035RES200mN2887600E3756200","population":1628.5,"households":890.0,"poverty_rate":0.09325842696629214,"senior_rate":0.16149831132944428,"single_parent_rate":0.06404494382022471,"social_housing_rate":0.0011235955056179776,"imputed":false,"vulnerability":16.3}},{"type":"Feature","geometry":{"type":"Polygon","coordinates":[[[2.298245,48.835848],[2.297966,48.837636],[2.295255,48.837448],[2.295533,48.83566],[2.298245,48.835848]]]},"properties":{"id":"CRS3035RES200mN2887600E3756400","population":1531.5,"households":901.0,"poverty_rate":0.11653718091009989,"senior_rate":0.2148220698661443,"single_parent_rate":0.05993340732519423,"social_housing_rate":0.042175360710321866,"imputed":false,"vulnerability":20.9}},{"type":"Feature","geometry":{"type":"Polygon","coordinates":[[[2.300956,48.836036],[2.300678,48.837823],[2.297966,48.837636],[2.298245,48.835848],[2.300956,48.836036]]]},"properties":{"id":"CRS3035RES200mN2887600E3756600","population":1682.0,"households":977.0,"poverty_rate":0.12077789150460594,"senior_rate":0.1724137931034483,"single_parent_rate":0.06141248720573183,"social_housing_rate":0.033776867963152504,"imputed":false,"vulnerability":18.7}},{"type":"Feature","geometry":{"type":"Polygon","coordinates":[[[2.303668,48.836223],[2.303389,48.838011],[2.300678,48.837823],[2.300956,48.836036],[2.303668,48.836223]]]},"properties":{"id":"CRS3035RES200mN2887600E3756800","population":1725.0,"households":913.0,"poverty_rate":0.0887185104052574,"senior_rate":0.2463768115942029,"single_parent_rate":0.0624315443592552,"social_housing_rate":0.03614457831325301,"imputed":false,"vulnerability":21.2}},{"type":"Feature","geometry":{"type":"Polygon","coordinates":[[[2.306379,48.836411],[2.306101,48.838199],[2.303389,48.838011],[2.303668,48.836223],[2.306379,48.836411]]]},"properties":{"id":"CRS3035RES200mN2887600E3757000","population":1409.5,"households":752.0,"poverty_rate":0.10106382978723404,"senior_rate":0.2667612628591699,"single_parent_rate":0.08909574468085106,"social_housing_rate":0.36436170212765956,"imputed":false,"vulnerability":29.0}},{"type":"Feature","geometry":{"type":"Polygon","coordinates":[[[2.309091,48.836599],[2.308812,48.838386],[2.306101,48.838199],[2.306379,48.836411],[2.309091,48.836599]]]},"properties":{"id":"CRS3035RES200mN2887600E3757200","population":1180.5,"households":685.0,"poverty_rate":0.10364963503649635,"senior_rate":0.2143159678102499,"single_parent_rate":0.059854014598540145,"social_housing_rate":0.026277372262773723,"imputed":false,"vulnerability":20.0}},{"type":"Feature","geometry":{"type":"Polygon","coordinates":[[[2.311802,48.836786],[2.311524,48.838574],[2.308812,48.838386],[2.309091,48.836599],[2.311802,48.836786]]]},"properties":{"id":"CRS3035RES200mN2887600E3757400","population":1508.5,"households":728.0,"poverty_rate":0.18681318681318682,"senior_rate":0.21809744779582366,"single_parent_rate":0.13324175824175824,"social_housing_rate":0.6524725274725275,"imputed":false,"vulnerability":36.9}},{"type":"Feature","geometry":{"type":"Polygon","coordinates":[[[2.314514,48.836973],[2.314236,48.838761],[2.311524,48.838574],[2.311802,48.836786],[2.314514,48.836973]]]},"properties":{"id":"CRS3035RES200mN2887600E3757600","population":1159.0,"households":480.0,"poverty_rate":0.15625,"senior_rate":0.20534943917169973,"single_parent_rate":0.175,"social_housing_rate":0.75625,"imputed":false,"vulnerability":38.0}},{"type":"Feature","geometry":{"type":"Polygon","coordinates":[[[2.317225,48.837161],[2.316947,48.838949],[2.314236,48.838761],[2.314514,48.836973],[2.317225,48.837161]]]},"properties":{"id":"CRS3035RES200mN2887600E3757800","population":177.0,"households":62.0,"poverty_rate":0.20967741935483872,"senior_rate":0.03954802259887006,"single_parent_rate":0.25806451612903225,"social_housing_rate":0.8387096774193549,"imputed":false,"vulnerability":36.4}},{"type":"Feature","geometry":{"type":"Polygon","coordinates":[[[2.319937,48.837348],[2.319659,48.839136],[2.316947,48.838949],[2.317225,48.837161],[2.319937,48.837348]]]},"properties":{"id":"CRS3035RES200mN2887600E3758000","population":162.5,"households":116.0,"poverty_rate":0.12931034482758622,"senior_rate":0.3384615384615385,"single_parent_rate":0.05172413793103448,"social_housing_rate":0.0,"imputed":false,"vulnerability":27.3}},{"type":"Feature","geometry":{"type":"Polygon","coordinates":[[[2.322648,48.837535],[2.322371,48.839323],[2.319659,48.839136],[2.319937,48.837348],[2.322648,48.837535]]]},"properties":{"id":"CRS3035RES200mN2887600E3758200","population":334.0,"households":188.0,"poverty_rate":0.0851063829787234,"senior_rate":0.27844311377245506,"single_parent_rate":0.05851063829787234,"social_housing_rate":0.0,"imputed":false,"vulnerability":22.1}},{"type":"Feature","geometry":{"type":"Polygon","coordinates":[[[2.32536,48.837723],[2.325082,48.83951],[2.322371,48.839323],[2.322648,48.837535],[2.32536,48.837723]]]},"properties":{"id":"CRS3035RES200mN2887600E3758400","population":396.5,"households":233.0,"poverty_rate":0.13733905579399142,"senior_rate":0.21437578814627994,"single_parent_rate":0.055793991416309016,"social_housing_rate":0.0,"imputed":false,"vulnerability":21.1}},{"type":"Feature","geometry":{"type":"Polygon","coordinates":[[[2.330783,48.838097],[2.330506,48.839885],[2.327794,48.839697],[2.328072,48.83791],[2.330783,48.838097]]]},"properties":{"id":"CRS3035RES200mN2887600E3758800","population":258.0,"households":110.0,"poverty_rate":0.05454545454545454,"senior_rate":0.19767441860465115,"single_parent_rate":0.10909090909090909,"social_housing_rate":0.0,"imputed":false,"vulnerability":18.3}},{"type":"Feature","geometry":{"type":"Polygon","coordinates":[[[2.333495,48.838284],[2.333217,48.840071],[2.330506,48.839885],[2.330783,48.838097],[2.333495,48.838284]]]},"properties":{"id":"CRS3035RES200mN2887600E3759000","population":700.5,"households":399.0,"poverty_rate":0.12781954887218044,"senior_rate":0.26409707351891504,"single_parent_rate":0.06516290726817042,"social_housing_rate":0.0,"imputed":false,"vulnerability":23.7}},{"type":"Feature","geometry":{"type":"Polygon","coordinates":[[[2.336206,48.838471],[2.335929,48.840258],[2.333217,48.840071],[2.333495,48.838284],[2.336206,48.838471]]]},"properties":{"id":"CRS3035RES200mN2887600E3759200","population":694.0,"households":417.0,"poverty_rate":0.15347721822541965,"senior_rate":0.3414985590778098,"single_parent_rate":0.06474820143884892,"social_housing_rate":0.023980815347721823,"imputed":false,"vulnerability":29.6}},{"type":"Feature","geometry":{"type":"Polygon","coordinates":[[[2.338918,48.838657],[2.338641,48.840445],[2.335929,48.840258],[2.336206,48.838471],[2.338918,48.838657]]]},"properties":{"id":"CRS3035RES200mN2887600E3759400","population":506.0,"households":233.0,"poverty_rate":0.13304721030042918,"senior_rate":0.22529644268774704,"single_parent_rate":0.09012875536480687,"social_housing_rate":0.14163090128755365,"imputed":false,"vulnerability":25.1}},{"type":"Feature","geometry":{"type":"Polygon","coordinates":[[[2.34163,48.838844],[2.341353,48.840632],[2.338641,48.840445],[2.338918,48.838657],[2.34163,48.838844]]]},"properties":{"id":"CRS3035RES200mN2887600E3759600","population":979.0,"households":537.0,"poverty_rate":0.16573556797020483,"senior_rate":0.23186925434116445,"single_parent_rate":0.08193668528864059,"social_housing_rate":0.17690875232774675,"imputed":false,"vulnerability":27.2}},{"type":"Feature","geometry":{"type":"Polygon","coordinates":[[[2.344342,48.839031],[2.344065,48.840819],[2.341353,48.840632],[2.34163,48.838844],[2.344342,48.839031]]]},"properties":{"id":"CRS3035RES200mN2887600E3759800","population":69.5,"households":47.0,"poverty_rate":0.23404255319148937,"senior_rate":0.37410071942446044,"single_parent_rate":0.06382978723404255,"social_housing_rate":0.0425531914893617,"imputed":false,"vulnerability":35.7}},{"type":"Feature","geometry":{"type":"Polygon","coordinates":[[[2.347053,48.839218],[2.346776,48.841005],[2.344065,48.840819],[2.344342,48.839031],[2.347053,48.839218]]]},"properties":{"id":"CRS3035RES200mN2887600E3760000","population":1059.0,"households":510.0,"poverty_rate":0.10980392156862745,"senior_rate":0.24079320113314448,"single_parent_rate":0.08235294117647059,"social_housing_rate":0.023529411764705882,"imputed":false,"vulnerability":22.6}},{"type":"Feature","geometry":{"type":"Polygon","coordinates":[[[2.349765,48.839404],[2.349488,48.841192],[2.346776,48.841005],[2.347053,48.839218],[2.349765,48.839404]]]},"properties":{"id":"CRS3035RES200mN2887600E3760200","population":1231.0,"households":680.0,"poverty_rate":0.11323529411764706,"senior_rate":0.24532900081234768,"single_parent_rate":0.08970588235294118,"social_housing_rate":0.008823529411764706,"imputed":false,"vulnerability":23.2}},{"type":"Feature","geometry":{"type":"Polygon","coordinates":[[[2.352477,48.839591],[2.3522,48.841378],[2.349488,48.841192],[2.349765,48.839404],[2.352477,48.839591]]]},"properties":{"id":"CRS3035RES200mN2887600E3760400","population":833.0,"households":490.0,"poverty_rate":0.18571428571428572,"senior_rate":0.2112845138055222,"single_parent_rate":0.08571428571428572,"social_housing_rate":0.10204081632653061,"imputed":false,"vulnerability":26.1}},{"type":"Feature","geometry":{"type":"Polygon","coordinates":[[[2.355189,48.839777],[2.354912,48.841565],[2.3522,48.841378],[2.352477,48.839591],[2.355189,48.839777]]]},"properties":{"id":"CRS3035RES200mN2887600E3760600","population":976.0,"households":555.0,"poverty_rate":0.12252252252252252,"senior_rate":0.24282786885245902,"single_parent_rate":0.07027027027027027,"social_housing_rate":0.13153153153153152,"imputed":false,"vulnerability":24.5}},{"type":"Feature","geometry":{"type":"Polygon","coordinates":[[[2.3579,48.839963],[2.357624,48.841751],[2.354912,48.841565],[2.355189,48.839777],[2.3579,48.839963]]]},"properties":{"id":"CRS3035RES200mN2887600E3760800","population":1346.5,"households":703.0,"poverty_rate":0.12233285917496443,"senior_rate":0.29780913479391014,"single_parent_rate":0.12091038406827881,"social_housing_rate":0.6770981507823614,"imputed":false,"vulnerability":37.9}},{"type":"Feature","geometry":{"type":"Polygon","coordinates":[[[2.360612,48.84015],[2.360336,48.841938],[2.357624,48.841751],[2.3579,48.839963],[2.360612,48.84015]]]},"properties":{"id":"CRS3035RES200mN2887600E3761000","population":367.5,"households":198.0,"poverty_rate":0.10101010101010101,"senior_rate":0.26666666666666666,"single_parent_rate":0.04040404040404041,"social_housing_rate":0.12121212121212122,"imputed":false,"vulnerability":23.3}},{"type":"Feature","geometry":{"type":"Polygon","coordinates":[[[2.363324,48.840336],[2.363048,48.842124],[2.360336,48.841938],[2.360612,48.84015],[2.363324,48.840336]]]},"properties":{"id":"CRS3035RES200mN2887600E3761200","population":1218.0,"households":691.0,"poverty_rate":0.15629522431259044,"senior_rate":0.26683087027914615,"single_parent_rate":0.09117221418234443,"social_housing_rate":0.4992764109985528,"imputed":false,"vulnerability":33.9}},{"type":"Feature","geometry":{"type":"Polygon","coordinates":[[[2.376884,48.841266],[2.376608,48.843054],[2.373896,48.842868],[2.374172,48.84108],[2.376884,48.841266]]]},"properties":{"id":"CRS3035RES200mN2887600E3762200","population":954.5,"households":356.0,"poverty_rate":0.2808988764044944,"senior_rate":0.15191199580932424,"single_parent_rate":0.17696629213483145,"social_housing_rate":0.8455056179775281,"imputed":false,"vulnerability":42.7}},{"type":"Feature","geometry":{"type":"Polygon","coordinates":[[[2.379596,48.841452],[2.37932,48.84324],[2.376608,48.843054],[2.376884,48.841266],[2.379596,48.841452]]]},"properties":{"id":"CRS3035RES200mN2887600E3762400","population":2.0,"households":0.8,"poverty_rate":0.0,"senior_rate":0.1,"single_parent_rate":0.125,"social_housing_rate":0.0,"imputed":true,"vulnerability":10.9}},{"type":"Feature","geometry":{"type":"Polygon","coordinates":[[[2.38502,48.841824],[2.384744,48.843612],[2.382032,48.843426],[2.382308,48.841638],[2.38502,48.841824]]]},"properties":{"id":"CRS3035RES200mN2887600E3762800","population":448.5,"households":263.0,"poverty_rate":0.09505703422053231,"senior_rate":0.16722408026755853,"single_parent_rate":0.045627376425855515,"social_housing_rate":0.0,"imputed":false,"vulnerability":15.9}},{"type":"Feature","geometry":{"type":"Polygon","coordinates":[[[2.387732,48.842009],[2.387456,48.843797],[2.384744,48.843612],[2.38502,48.841824],[2.387732,48.842009]]]},"properties":{"id":"CRS3035RES200mN2887600E3763000","population":1243.5,"households":607.0,"poverty_rate":0.06260296540362438,"senior_rate":0.1769199839163651,"single_parent_rate":0.07742998352553541,"social_housing_rate":0.13673805601317957,"imputed":false,"vulnerability":18.3}},{"type":"Feature","geometry":{"type":"Polygon","coordinates":[[[2.390444,48.842195],[2.390168,48.843983],[2.387456,48.843797],[2.387732,48.842009],[2.390444,48.842195]]]},"properties":{"id":"CRS3035RES200mN2887600E3763200","population":1068.5,"households":523.0,"poverty_rate":0.13575525812619502,"senior_rate":0.23678053345811886,"single_parent_rate":0.11663479923518165,"social_housing_rate":0.4569789674952199,"imputed":false,"vulnerability":31.7}},{"type":"Feature","geometry":{"type":"Polygon","coordinates":[[[2.393156,48.84238],[2.39288,48.844168],[2.390168,48.843983],[2.390444,48.842195],[2.393156,48.84238]]]},"properties":{"id":"CRS3035RES200mN2887600E3763400","population":173.5,"households":82.0,"poverty_rate":0.04878048780487805,"senior_rate":0.1037463976945245,"single_parent_rate":0.08536585365853659,"social_housing_rate":0.0,"imputed":false,"vulnerability":11.8}},{"type":"Feature","geometry":{"type":"Polygon","coordinates":[[[2.395868,48.842566],[2.395593,48.844354],[2.39288,48.844168],[2.393156,48.84238],[2.395868,48.842566]]]},"properties":{"id":"CRS3035RES200mN2887600E3763600","population":2000.5,"households":890.0,"poverty_rate":0.1404494382022472,"senior_rate":0.18595351162209448,"single_parent_rate":0.12022471910112359,"social_housing_rate":0.5280898876404494,"imputed":false,"vulnerability":30.4}},{"type":"Feature","geometry":{"type":"Polygon","coordinates":[[[2.39858,48.842751],[2.398305,48.844539],[2.395593,48.844354],[2.395868,48.842566],[2.39858,48.842751]]]},"properties":{"id":"CRS3035RES200mN2887600E3763800","population":255.5,"households":118.0,"poverty_rate":0.059322033898305086,"senior_rate":0.06653620352250489,"single_parent_rate":0.09322033898305085,"social_housing_rate":0.0,"imputed":false,"vulnerability":10.7}},{"type":"Feature","geometry":{"type":"Polygon","coordinates":[[[2.401292,48.842936],[2.401017,48.844725],[2.398305,48.844539],[2.39858,48.842751],[2.401292,48.842936]]]},"properties":{"id":"CRS3035RES200mN2887600E3764000","population":212.0,"households":104.0,"poverty_rate":0.04807692307692308,"senior_rate":0.15566037735849056,"single_parent_rate":0.125,"social_housing_rate":0.0,"imputed":false,"vulnerability":16.4}},{"type":"Feature","geometry":{"type":"Polygon","coordinates":[[[2.404004,48.843122],[2.403729,48.84491],[2.401017,48.844725],[2.401292,48.842936],[2.404004,48.843122]]]},"properties":{"id":"CRS3035RES200mN2887600E3764200","population":1454.5,"households":813.0,"poverty_rate":0.14145141451414514,"senior_rate":0.22688209006531454,"single_parent_rate":0.12177121771217712,"social_housing_rate":0.4440344403444034,"imputed":false,"vulnerability":31.5}},{"type":"Feature","geometry":{"type":"Polygon","coordinates":[[[2.406716,48.843307],[2.406441,48.845095],[2.403729,48.84491],[2.404004,48.843122],[2.406716,48.843307]]]},"properties":{"id":"CRS3035RES200mN2887600E3764400","population":878.0,"households":532.0,"poverty_rate":0.10714285714285714,"senior_rate":0.30182232346241455,"single_parent_rate":0.045112781954887216,"social_housing_rate":0.020676691729323307,"imputed":false,"vulnerability":24.2}},{"type":"Feature","geometry":{"type":"Polygon","coordinates":[[[2.409428,48.843492],[2.409154,48.84528],[2.406441,48.845095],[2.406716,48.843307],[2.409428,48.843492]]]},"properties":{"id":"CRS3035RES200mN2887600E3764600","population":1633.5,"households":897.0,"poverty_rate":0.10925306577480491,"senior_rate":0.2222222222222222,"single_parent_rate":0.06131549609810479,"social_housing_rate":0.15384615384615385,"imputed":false,"vulnerability":22.6}},{"type":"Feature","geometry":{"type":"Polygon","coordinates":[[[2.412141,48.843677],[2.411866,48.845465],[2.409154,48.84528],[2.409428,48.843492],[2.412141,48.843677]]]},"properties":{"id":"CRS3035RES200mN2887600E3764800","population":1567.5,"households":646.0,"poverty_rate":0.16873065015479877,"senior_rate":0.18947368421052632,"single_parent_rate":0.16563467492260062,"social_housing_rate":0.8126934984520123,"imputed":false,"vulnerability":38.2}},{"type":"Feature","geometry":{"type":"Polygon","coordinates":[[[2.414853,48.843862],[2.414578,48.84565],[2.411866,48.845465],[2.412141,48.843677],[2.414853,48.843862]]]},"properties":{"id":"CRS3035RES200mN2887600E3765000","population":4.0,"households":1.8,"poverty_rate":0.05555555555555556,"senior_rate":0.2,"single_parent_rate":0.11111111111111112,"social_housing_rate":0.0,"imputed":true,"vulnerability":18.6}},{"type":"Feature","geometry":{"type":"Polygon","coordinates":[[[2.417565,48.844047],[2.417291,48.845835],[2.414578,48.84565],[2.414853,48.843862],[2.417565,48.844047]]]},"properties":{"id":"CRS3035RES200mN2887600E3765200","population":1407.0,"households":676.0,"poverty_rate":0.09467455621301775,"senior_rate":0.23880597014925373,"single_parent_rate":0.09023668639053255,"social_housing_rate":0.28846153846153844,"imputed":false,"vulnerability":26.1}},{"type":"Feature","geometry":{"type":"Polygon","coordinates":[[[2.422989,48.844417],[2.422715,48.846205],[2.420003,48.84602],[2.420277,48.844232],[2.422989,48.844417]]]},"properties":{"id":"CRS3035RES200mN2887600E3765600","population":1104.5,"households":519.0,"poverty_rate":0.05973025048169557,"senior_rate":0.1638750565866908,"single_parent_rate":0.15028901734104047,"social_housing_rate":0.3815028901734104,"imputed":false,"vulnerability":24.2}},{"type":"Feature","geometry":{"type":"Polygon","coordinates":[[[2.441976,48.845708],[2.441702,48.847497],[2.43899,48.847312],[2.439263,48.845524],[2.441976,48.845708]]]},"properties":{"id":"CRS3035RES200mN2887600E3767000","population":558.0,"households":307.0,"poverty_rate":0.05863192182410423,"senior_rate":0.3064516129032258,"single_parent_rate":0.0781758957654723,"social_housing_rate":0.013029315960912053,"imputed":false,"vulnerability":23.4}},{"type":"Feature","geometry":{"type":"Polygon","coordinates":[[[2.444688,48.845893],[2.444415,48.847681],[2.441702,48.847497],[2.441976,48.845708],[2.444688,48.845893]]]},"properties":{"id":"CRS3035RES200mN2887600E3767200","population":501.5,"households":247.0,"poverty_rate":0.0931174089068826,"senior_rate":0.21734795613160518,"single_parent_rate":0.04048582995951417,"social_housing_rate":0.0,"imputed":false,"vulnerability":18.4}},{"type":"Feature","geometry":{"type":"Polygon","coordinates":[[[2.254585,48.834622],[2.254305,48.83641],[2.251593,48.836221],[2.251873,48.834434],[2.254585,48.834622]]]},"properties":{"id":"CRS3035RES200mN2887800E3753200","population":1367.0,"households":714.0,"poverty_rate":0.12605042016806722,"senior_rate":0.16313094367227504,"single_parent_rate":0.0784313725490196,"social_housing_rate":0.028011204481792718,"imputed":false,"vulnerability":19.1}},{"type":"Feature","geometry":{"type":"Polygon","coordinates":[[[2.257296,48.834811],[2.257016,48.836599],[2.254305,48.83641],[2.254585,48.834622],[2.257296,48.834811]]]},"properties":{"id":"CRS3035RES200mN2887800E3753400","population":164.0,"households":73.0,"poverty_rate":0.1095890410958904,"senior_rate":0.25,"single_parent_rate":0.0684931506849315,"social_housing_rate":0.0,"imputed":false,"vulnerability":22.2}},{"type":"Feature","geometry":{"type":"Polygon","coordinates":[[[2.262718,48.835189],[2.262438,48.836976],[2.259727,48.836788],[2.260007,48.835],[2.262718,48.835189]]]},"properties":{"id":"CRS3035RES200mN2887800E3753800","population":1620.5,"households":702.0,"poverty_rate":0.17806267806267806,"senior_rate":0.2091946929959889,"single_parent_rate":0.19515669515669515,"social_housing_rate":0.9985754985754985,"imputed":false,"vulnerability":43.8}},{"type":"Feature","geometry":{"type":"Polygon","coordinates":[[[2.276275,48.836131],[2.275996,48.837919],[2.273284,48.83773],[2.273564,48.835943],[2.276275,48.836131]]]},"properties":{"id":"CRS3035RES200mN2887800E3754800","population":135.5,"households":45.2,"poverty_rate":0.17035398230088494,"senior_rate":0.07822878228782287,"single_parent_rate":0.3407079646017699,"social_housing_rate":0.9358407079646016,"imputed":true,"vulnerability":41.6}},{"type":"Feature","geometry":{"type":"Polygon","coordinates":[[[2.278986,48.836319],[2.278707,48.838107],[2.275996,48.837919],[2.276275,48.836131],[2.278986,48.836319]]]},"properties":{"id":"CRS3035RES200mN2887800E3755000","population":701.5,"households":390.0,"poverty_rate":0.1794871794871795,"senior_rate":0.1810406272273699,"single_parent_rate":0.08717948717948718,"social_housing_rate":0.2282051282051282,"imputed":false,"vulnerability":26.1}},{"type":"Feature","geometry":{"type":"Polygon","coordinates":[[[2.281698,48.836508],[2.281418,48.838295],[2.278707,48.838107],[2.278986,48.836319],[2.281698,48.836508]]]},"properties":{"id":"CRS3035RES200mN2887800E3755200","population":1434.5,"households":714.0,"poverty_rate":0.12464985994397759,"senior_rate":0.2342279539909376,"single_parent_rate":0.10504201680672269,"social_housing_rate":0.18907563025210083,"imputed":false,"vulnerability":26.5}},{"type":"Feature","geometry":{"type":"Polygon","coordinates":[[[2.284409,48.836696],[2.28413,48.838484],[2.281418,48.838295],[2.281698,48.836508],[2.284409,48.836696]]]},"properties":{"id":"CRS3035RES200mN2887800E3755400","population":2116.5,"households":1185.0,"poverty_rate":0.1080168776371308,"senior_rate":0.26080793763288446,"single_parent_rate":0.060759493670886074,"social_housing_rate":0.060759493670886074,"imputed":false,"vulnerability":23.3}},{"type":"Feature","geometry":{"type":"Polygon","coordinates":[[[2.28712,48.836884],[2.286841,48.838672],[2.28413,48.838484],[2.284409,48.836696],[2.28712,48.836884]]]},"properties":{"id":"CRS3035RES200mN2887800E3755600","population":1005.0,"households":480.0,"poverty_rate":0.14166666666666666,"senior_rate":0.1681592039800995,"single_parent_rate":0.10625,"social_housing_rate":0.27708333333333335,"imputed":false,"vulnerability":25.1}},{"type":"Feature","geometry":{"type":"Polygon","coordinates":[[[2.289832,48.837072],[2.289553,48.83886],[2.286841,48.838672],[2.28712,48.836884],[2.289832,48.837072]]]},"properties":{"id":"CRS3035RES200mN2887800E3755800","population":1307.0,"households":796.0,"poverty_rate":0.13944723618090452,"senior_rate":0.15761285386381024,"single_parent_rate":0.04648241206030151,"social_housing_rate":0.02763819095477387,"imputed":false,"vulnerability":18.1}},{"type":"Feature","geometry":{"type":"Polygon","coordinates":[[[2.292543,48.83726],[2.292265,48.839048],[2.289553,48.83886],[2.289832,48.837072],[2.292543,48.83726]]]},"properties":{"id":"CRS3035RES200mN2887800E3756000","population":1607.5,"households":939.0,"poverty_rate":0.1395101171458999,"senior_rate":0.1853810264385692,"single_parent_rate":0.07028753993610223,"social_housing_rate":0.011714589989350373,"imputed":false,"vulnerability":20.4}},{"type":"Feature","geometry":{"type":"Polygon","coordinates":[[[2.295255,48.837448],[2.294976,48.839236],[2.292265,48.839048],[2.292543,48.83726],[2.295255,48.837448]]]},"properties":{"id":"CRS3035RES200mN2887800E3756200","population":1356.0,"households":731.0,"poverty_rate":0.14774281805745554,"senior_rate":0.21386430678466076,"single_parent_rate":0.07660738714090287,"social_housing_rate":0.08755129958960328,"imputed":false,"vulnerability":23.8}},{"type":"Feature","geometry":{"type":"Polygon","coordinates":[[[2.297966,48.837636],[2.297688,48.839423],[2.294976,48.839236],[2.295255,48.837448],[2.297966,48.837636]]]},"properties":{"id":"CRS3035RES200mN2887800E3756400","population":1387.0,"households":706.0,"poverty_rate":0.09348441926345609,"senior_rate":0.1910598413842826,"single_parent_rate":0.05099150141643059,"social_housing_rate":0.0,"imputed":false,"vulnerability":17.4}},{"type":"Feature","geometry":{"type":"Polygon","coordinates":[[[2.300678,48.837823],[2.300399,48.839611],[2.297688,48.839423],[2.297966,48.837636],[2.300678,48.837823]]]},"properties":{"id":"CRS3035RES200mN2887800E3756600","population":1620.0,"households":859.0,"poverty_rate":0.10942956926658906,"senior_rate":0.1728395061728395,"single_parent_rate":0.06169965075669383,"social_housing_rate":0.0,"imputed":false,"vulnerability":17.6}},{"type":"Feature","geometry":{"type":"Polygon","coordinates":[[[2.303389,48.838011],[2.303111,48.839799],[2.300399,48.839611],[2.300678,48.837823],[2.303389,48.838011]]]},"properties":{"id":"CRS3035RES200mN2887800E3756800","population":1062.0,"households":620.0,"poverty_rate":0.0935483870967742,"senior_rate":0.2222222222222222,"single_parent_rate":0.05967741935483871,"social_housing_rate":0.1935483870967742,"imputed":false,"vulnerability":22.4}},{"type":"Feature","geometry":{"type":"Polygon","coordinates":[[[2.306101,48.838199],[2.305823,48.839987],[2.303111,48.839799],[2.303389,48.838011],[2.306101,48.838199]]]},"properties":{"id":"CRS3035RES200mN2887800E3757000","population":1034.0,"households":555.0,"poverty_rate":0.10810810810810811,"senior_rate":0.2504835589941973,"single_parent_rate":0.0918918918918919,"social_housing_rate":0.209009009009009,"imputed":false,"vulnerability":26.3}},{"type":"Feature","geometry":{"type":"Polygon","coordinates":[[[2.308812,48.838386],[2.308534,48.840174],[2.305823,48.839987],[2.306101,48.838199],[2.308812,48.838386]]]},"properties":{"id":"CRS3035RES200mN2887800E3757200","population":1678.5,"households":921.0,"poverty_rate":0.1444082519001086,"senior_rate":0.19719988084599344,"single_parent_rate":0.10749185667752444,"social_housing_rate":0.2736156351791531,"imputed":false,"vulnerability":26.8}},{"type":"Feature","geometry":{"type":"Polygon","coordinates":[[[2.311524,48.838574],[2.311246,48.840362],[2.308534,48.840174],[2.308812,48.838386],[2.311524,48.838574]]]},"properties":{"id":"CRS3035RES200mN2887800E3757400","population":1587.5,"households":830.0,"poverty_rate":0.1530120481927711,"senior_rate":0.22236220472440946,"single_parent_rate":0.15180722891566265,"social_housing_rate":0.5831325301204819,"imputed":false,"vulnerability":35.2}},{"type":"Feature","geometry":{"type":"Polygon","coordinates":[[[2.314236,48.838761],[2.313958,48.840549],[2.311246,48.840362],[2.311524,48.838574],[2.314236,48.838761]]]},"properties":{"id":"CRS3035RES200mN2887800E3757600","population":1578.0,"households":802.0,"poverty_rate":0.10099750623441396,"senior_rate":0.17363751584283904,"single_parent_rate":0.08603491271820449,"social_housing_rate":0.20074812967581046,"imputed":false,"vulnerability":21.3}},{"type":"Feature","geometry":{"type":"Polygon","coordinates":[[[2.316947,48.838949],[2.316669,48.840736],[2.313958,48.840549],[2.314236,48.838761],[2.316947,48.838949]]]},"properties":{"id":"CRS3035RES200mN2887800E3757800","population":911.0,"households":498.0,"poverty_rate":0.09839357429718876,"senior_rate":0.1986827661909989,"single_parent_rate":0.0642570281124498,"social_housing_rate":0.0,"imputed":false,"vulnerability":18.6}},{"type":"Feature","geometry":{"type":"Polygon","coordinates":[[[2.319659,48.839136],[2.319381,48.840924],[2.316669,48.840736],[2.316947,48.838949],[2.319659,48.839136]]]},"properties":{"id":"CRS3035RES200mN2887800E3758000","population":424.0,"households":232.0,"poverty_rate":0.08189655172413793,"senior_rate":0.18160377358490565,"single_parent_rate":0.04741379310344827,"social_housing_rate":0.0,"imputed":false,"vulnerability":16.1}},{"type":"Feature","geometry":{"type":"Polygon","coordinates":[[[2.322371,48.839323],[2.322093,48.841111],[2.319381,48.840924],[2.319659,48.839136],[2.322371,48.839323]]]},"properties":{"id":"CRS3035RES200mN2887800E3758200","population":1330.5,"households":660.0,"poverty_rate":0.07575757575757576,"senior_rate":0.2788425403983465,"single_parent_rate":0.09545454545454546,"social_housing_rate":0.0,"imputed":false,"vulnerability":23.3}},{"type":"Feature","geometry":{"type":"Polygon","coordinates":[[[2.325082,48.83951],[2.324805,48.841298],[2.322093,48.841111],[2.322371,48.839323],[2.325082,48.83951]]]},"properties":{"id":"CRS3035RES200mN2887800E3758400","population":959.5,"households":573.0,"poverty_rate":0.13787085514834205,"senior_rate":0.24804585721730069,"single_parent_rate":0.07504363001745201,"social_housing_rate":0.0,"imputed":false,"vulnerability":23.8}},{"type":"Feature","geometry":{"type":"Polygon","coordinates":[[[2.327794,48.839697],[2.327517,48.841485],[2.324805,48.841298],[2.325082,48.83951],[2.327794,48.839697]]]},"properties":{"id":"CRS3035RES200mN2887800E3758600","population":750.5,"households":393.0,"poverty_rate":0.04071246819338423,"senior_rate":0.18520986009327114,"single_parent_rate":0.15776081424936386,"social_housing_rate":0.0,"imputed":false,"vulnerability":19.0}},{"type":"Feature","geometry":{"type":"Polygon","coordinates":[[[2.330506,48.839885],[2.330228,48.841672],[2.327517,48.841485],[2.327794,48.839697],[2.330506,48.839885]]]},"properties":{"id":"CRS3035RES200mN2887800E3758800","population":755.5,"households":429.0,"poverty_rate":0.11655011655011654,"senior_rate":0.2541363335539378,"single_parent_rate":0.10722610722610723,"social_housing_rate":0.0,"imputed":false,"vulnerability":24.4}},{"type":"Feature","geometry":{"type":"Polygon","coordinates":[[[2.333217,48.840071],[2.33294,48.841859],[2.330228,48.841672],[2.330506,48.839885],[2.333217,48.840071]]]},"properties":{"id":"CRS3035RES200mN2887800E3759000","population":1227.5,"households":590.0,"poverty_rate":0.08644067796610169,"senior_rate":0.2240325865580448,"single_parent_rate":0.11186440677966102,"social_housing_rate":0.0576271186440678,"imputed":false,"vulnerability":22.3}},{"type":"Feature","geometry":{"type":"Polygon","coordinates":[[[2.335929,48.840258],[2.335652,48.842046],[2.33294,48.841859],[2.333217,48.840071],[2.335929,48.840258]]]},"properties":{"id":"CRS3035RES200mN2887800E3759200","population":1003.0,"households":547.0,"poverty_rate":0.08409506398537477,"senior_rate":0.29411764705882354,"single_parent_rate":0.05850091407678245,"social_housing_rate":0.0,"imputed":false,"vulnerability":22.9}},{"type":"Feature","geometry":{"type":"Polygon","coordinates":[[[2.338641,48.840445],[2.338364,48.842233],[2.335652,48.842046],[2.335929,48.840258],[2.338641,48.840445]]]},"properties":{"id":"CRS3035RES200mN2887800E3759400","population":566.5,"households":236.0,"poverty_rate":0.0847457627118644,"senior_rate":0.19240953221535745,"single_parent_rate":0.1271186440677966,"social_housing_rate":0.0211864406779661,"imputed":false,"vulnerability":20.6}},{"type":"Feature","geometry":{"type":"Polygon","coordinates":[[[2.341353,48.840632],[2.341076,48.84242],[2.338364,48.842233],[2.338641,48.840445],[2.341353,48.840632]]]},"properties":{"id":"CRS3035RES200mN2887800E3759600","population":1320.5,"households":637.0,"poverty_rate":0.09576138147566719,"senior_rate":0.24990533888678532,"single_parent_rate":0.0847723704866562,"social_housing_rate":0.02040816326530612,"imputed":false,"vulnerability":22.5}},{"type":"Feature","geometry":{"type":"Polygon","coordinates":[[[2.344065,48.840819],[2.343788,48.842607],[2.341076,48.84242],[2.341353,48.840632],[2.344065,48.840819]]]},"properties":{"id":"CRS3035RES200mN2887800E3759800","population":751.0,"households":412.0,"poverty_rate":0.13592233009708737,"senior_rate":0.22902796271637815,"single_parent_rate":0.07524271844660194,"social_housing_rate":0.03398058252427184,"imputed":false,"vulnerability":23.2}},{"type":"Feature","geometry":{"type":"Polygon","coordinates":[[[2.346776,48.841005],[2.3465,48.842793],[2.343788,48.842607],[2.344065,48.840819],[2.346776,48.841005]]]},"properties":{"id":"CRS3035RES200mN2887800E3760000","population":255.5,"households":115.0,"poverty_rate":0.13043478260869565,"senior_rate":0.1761252446183953,"single_parent_rate":0.12173913043478261,"social_housing_rate":0.4956521739130435,"imputed":false,"vulnerability":28.9}},{"type":"Feature","geometry":{"type":"Polygon","coordinates":[[[2.349488,48.841192],[2.349212,48.84298],[2.3465,48.842793],[2.346776,48.841005],[2.349488,48.841192]]]},"properties":{"id":"CRS3035RES200mN2887800E3760200","population":553.0,"households":322.0,"poverty_rate":0.16770186335403728,"senior_rate":0.20253164556962025,"single_parent_rate":0.08074534161490683,"social_housing_rate":0.09627329192546584,"imputed":false,"vulnerability":24.5}},{"type":"Feature","geometry":{"type":"Polygon","coordinates":[[[2.3522,48.841378],[2.351924,48.843166],[2.349212,48.84298],[2.349488,48.841192],[2.3522,48.841378]]]},"properties":{"id":"CRS3035RES200mN2887800E3760400","population":1234.5,"households":669.0,"poverty_rate":0.11061285500747384,"senior_rate":0.17334953422438235,"single_parent_rate":0.07473841554559044,"social_housing_rate":0.06576980568011959,"imputed":false,"vulnerability":19.3}},{"type":"Feature","geometry":{"type":"Polygon","coordinates":[[[2.354912,48.841565],[2.354636,48.843353],[2.351924,48.843166],[2.3522,48.841378],[2.354912,48.841565]]]},"properties":{"id":"CRS3035RES200mN2887800E3760600","population":1553.0,"households":900.0,"poverty_rate":0.13777777777777778,"senior_rate":0.2652929813264649,"single_parent_rate":0.09111111111111111,"social_housing_rate":0.16111111111111112,"imputed":false,"vulnerability":27.8}},{"type":"Feature","geometry":{"type":"Polygon","coordinates":[[[2.357624,48.841751],[2.357348,48.843539],[2.354636,48.843353],[2.354912,48.841565],[2.357624,48.841751]]]},"properties":{"id":"CRS3035RES200mN2887800E3760800","population":197.5,"households":87.0,"poverty_rate":0.14942528735632185,"senior_rate":0.2481012658227848,"single_parent_rate":0.10344827586206896,"social_housing_rate":0.0,"imputed":false,"vulnerability":25.6}},{"type":"Feature","geometry":{"type":"Polygon","coordinates":[[[2.360336,48.841938],[2.36006,48.843726],[2.357348,48.843539],[2.357624,48.841751],[2.360336,48.841938]]]},"properties":{"id":"CRS3035RES200mN2887800E3761000","population":40.5,"households":27.0,"poverty_rate":0.2222222222222222,"senior_rate":0.09876543209876543,"single_parent_rate":0.07407407407407407,"social_housing_rate":0.0,"imputed":false,"vulnerability":19.7}},{"type":"Feature","geometry":{"type":"Polygon","coordinates":[[[2.363048,48.842124],[2.362772,48.843912],[2.36006,48.843726],[2.360336,48.841938],[2.363048,48.842124]]]},"properties":{"id":"CRS3035RES200mN2887800E3761200","population":314.0,"households":182.0,"poverty_rate":0.0989010989010989,"senior_rate":0.23885350318471338,"single_parent_rate":0.07142857142857142,"social_housing_rate":0.0,"imputed":false,"vulnerability":21.2}},{"type":"Feature","geometry":{"type":"Polygon","coordinates":[[[2.36576,48.84231],[2.365484,48.844098],[2.362772,48.843912],[2.363048,48.842124],[2.36576,48.84231]]]},"properties":{"id":"CRS3035RES200mN2887800E3761400","population":152.0,"households":84.0,"poverty_rate":0.20238095238095238,"senior_rate":0.13815789473684212,"single_parent_rate":0.07142857142857142,"social_housing_rate":0.0,"imputed":false,"vulnerability":20.8}},{"type":"Feature","geometry":{"type":"Polygon","coordinates":[[[2.37932,48.84324],[2.379044,48.845028],[2.376332,48.844842],[2.376608,48.843054],[2.37932,48.84324]]]},"properties":{"id":"CRS3035RES200mN2887800E3762400","population":339.0,"households":122.0,"poverty_rate":0.2786885245901639,"senior_rate":0.1710914454277286,"single_parent_rate":0.21311475409836064,"social_housing_rate":0.8442622950819673,"imputed":false,"vulnerability":45.2}},{"type":"Feature","geometry":{"type":"Polygon","coordinates":[[[2.382032,48.843426],[2.381756,48.845214],[2.379044,48.845028],[2.37932,48.84324],[2.382032,48.843426]]]},"properties":{"id":"CRS3035RES200mN2887800E3762600","population":548.0,"households":293.0,"poverty_rate":0.11262798634812286,"senior_rate":0.1386861313868613,"single_parent_rate":0.12286689419795221,"social_housing_rate":0.11604095563139932,"imputed":false,"vulnerability":20.3}},{"type":"Feature","geometry":{"type":"Polygon","coordinates":[[[2.384744,48.843612],[2.384469,48.8454],[2.381756,48.845214],[2.382032,48.843426],[2.384744,48.843612]]]},"properties":{"id":"CRS3035RES200mN2887800E3762800","population":1312.5,"households":710.0,"poverty_rate":0.12253521126760564,"senior_rate":0.1737142857142857,"single_parent_rate":0.08309859154929577,"social_housing_rate":0.19014084507042253,"imputed":false,"vulnerability":22.1}},{"type":"Feature","geometry":{"type":"Polygon","coordinates":[[[2.387456,48.843797],[2.387181,48.845585],[2.384469,48.8454],[2.384744,48.843612],[2.387456,48.843797]]]},"properties":{"id":"CRS3035RES200mN2887800E3763000","population":1757.0,"households":784.0,"poverty_rate":0.06887755102040816,"senior_rate":0.221969265793967,"single_parent_rate":0.10204081632653061,"social_housing_rate":0.6275510204081632,"imputed":false,"vulnerability":29.5}},{"type":"Feature","geometry":{"type":"Polygon","coordinates":[[[2.390168,48.843983],[2.389893,48.845771],[2.387181,48.845585],[2.387456,48.843797],[2.390168,48.843983]]]},"properties":{"id":"CRS3035RES200mN2887800E3763200","population":931.5,"households":508.0,"poverty_rate":0.10826771653543307,"senior_rate":0.18572195383789586,"single_parent_rate":0.11220472440944881,"social_housing_rate":0.08267716535433071,"imputed":false,"vulnerability":21.7}},{"type":"Feature","geometry":{"type":"Polygon","coordinates":[[[2.39288,48.844168],[2.392605,48.845956],[2.389893,48.845771],[2.390168,48.843983],[2.39288,48.844168]]]},"properties":{"id":"CRS3035RES200mN2887800E3763400","population":873.5,"households":454.0,"poverty_rate":0.07929515418502203,"senior_rate":0.25414997137950773,"single_parent_rate":0.06387665198237885,"social_housing_rate":0.022026431718061675,"imputed":false,"vulnerability":21.0}},{"type":"Feature","geometry":{"type":"Polygon","coordinates":[[[2.395593,48.844354],[2.395318,48.846142],[2.392605,48.845956],[2.39288,48.844168],[2.395593,48.844354]]]},"properties":{"id":"CRS3035RES200mN2887800E3763600","population":1777.5,"households":966.0,"poverty_rate":0.07142857142857142,"senior_rate":0.2430379746835443,"single_parent_rate":0.08488612836438923,"social_housing_rate":0.055900621118012424,"imputed":false,"vulnerability":21.4}},{"type":"Feature","geometry":{"type":"Polygon","coordinates":[[[2.398305,48.844539],[2.39803,48.846327],[2.395318,48.846142],[2.395593,48.844354],[2.398305,48.844539]]]},"properties":{"id":"CRS3035RES200mN2887800E3763800","population":971.5,"households":473.0,"poverty_rate":0.09513742071881606,"senior_rate":0.20689655172413793,"single_parent_rate":0.09936575052854123,"social_housing_rate":0.15010570824524314,"imputed":false,"vulnerability":22.7}},{"type":"Feature","geometry":{"type":"Polygon","coordinates":[[[2.401017,48.844725],[2.400742,48.846513],[2.39803,48.846327],[2.398305,48.844539],[2.401017,48.844725]]]},"properties":{"id":"CRS3035RES200mN2887800E3764000","population":1374.0,"households":747.0,"poverty_rate":0.1111111111111111,"senior_rate":0.26564774381368267,"single_parent_rate":0.10174029451137885,"social_housing_rate":0.23560910307898258,"imputed":false,"vulnerability":28.1}},{"type":"Feature","geometry":{"type":"Polygon","coordinates":[[[2.403729,48.84491],[2.403454,48.846698],[2.400742,48.846513],[2.401017,48.844725],[2.403729,48.84491]]]},"properties":{"id":"CRS3035RES200mN2887800E3764200","population":1118.0,"households":601.0,"poverty_rate":0.07986688851913477,"senior_rate":0.2101967799642218,"single_parent_rate":0.06988352745424292,"social_housing_rate":0.09983361064891846,"imputed":false,"vulnerability":20.1}},{"type":"Feature","geometry":{"type":"Polygon","coordinates":[[[2.406441,48.845095],[2.406167,48.846883],[2.403454,48.846698],[2.403729,48.84491],[2.406441,48.845095]]]},"properties":{"id":"CRS3035RES200mN2887800E3764400","population":1101.5,"households":608.0,"poverty_rate":0.12828947368421054,"senior_rate":0.1979119382660009,"single_parent_rate":0.07401315789473684,"social_housing_rate":0.20394736842105263,"imputed":false,"vulnerability":23.6}},{"type":"Feature","geometry":{"type":"Polygon","coordinates":[[[2.409154,48.84528],[2.408879,48.847068],[2.406167,48.846883],[2.406441,48.845095],[2.409154,48.84528]]]},"properties":{"id":"CRS3035RES200mN2887800E3764600","population":1983.5,"households":1122.0,"poverty_rate":0.1354723707664884,"senior_rate":0.20670531888076632,"single_parent_rate":0.06684491978609626,"social_housing_rate":0.044563279857397504,"imputed":false,"vulnerability":21.7}},{"type":"Feature","geometry":{"type":"Polygon","coordinates":[[[2.411866,48.845465],[2.411591,48.847253],[2.408879,48.847068],[2.409154,48.84528],[2.411866,48.845465]]]},"properties":{"id":"CRS3035RES200mN2887800E3764800","population":1309.0,"households":578.0,"poverty_rate":0.15051903114186851,"senior_rate":0.1657754010695187,"single_parent_rate":0.18858131487889274,"social_housing_rate":0.6176470588235294,"imputed":false,"vulnerability":34.1}},{"type":"Feature","geometry":{"type":"Polygon","coordinates":[[[2.414578,48.84565],[2.414304,48.847438],[2.411591,48.847253],[2.411866,48.845465],[2.414578,48.84565]]]},"properties":{"id":"CRS3035RES200mN2887800E3765000","population":532.5,"households":232.0,"poverty_rate":0.15517241379310345,"senior_rate":0.20093896713615023,"single_parent_rate":0.1724137931034483,"social_housing_rate":0.3879310344827586,"imputed":false,"vulnerability":32.1}},{"type":"Feature","geometry":{"type":"Polygon","coordinates":[[[2.417291,48.845835],[2.417016,48.847623],[2.414304,48.847438],[2.414578,48.84565],[2.417291,48.845835]]]},"properties":{"id":"CRS3035RES200mN2887800E3765200","population":802.5,"households":383.0,"poverty_rate":0.1801566579634465,"senior_rate":0.18442367601246107,"single_parent_rate":0.1409921671018277,"social_housing_rate":0.4308093994778068,"imputed":false,"vulnerability":31.7}},{"type":"Feature","geometry":{"type":"Polygon","coordinates":[[[2.254305,48.83641],[2.254024,48.838198],[2.251313,48.838009],[2.251593,48.836221],[2.254305,48.83641]]]},"properties":{"id":"CRS3035RES200mN2888000E3753200","population":752.0,"households":358.0,"poverty_rate":0.10335195530726257,"senior_rate":0.2047872340425532,"single_parent_rate":0.07262569832402235,"social_housing_rate":0.025139664804469275,"imputed":false,"vulnerability":19.9}},{"type":"Feature","geometry":{"type":"Polygon","coordinates":[[[2.259727,48.836788],[2.259447,48.838575],[2.256736,48.838386],[2.257016,48.836599],[2.259727,48.836788]]]},"properties":{"id":"CRS3035RES200mN2888000E3753600","population":2037.0,"households":922.0,"poverty_rate":0.19956616052060738,"senior_rate":0.21600392734413354,"single_parent_rate":0.16919739696312364,"social_housing_rate":0.7440347071583514,"imputed":false,"vulnerability":40.3}},{"type":"Feature","geometry":{"type":"Polygon","coordinates":[[[2.262438,48.836976],[2.262159,48.838764],[2.259447,48.838575],[2.259727,48.836788],[2.262438,48.836976]]]},"properties":{"id":"CRS3035RES200mN2888000E3753800","population":1486.0,"households":863.0,"poverty_rate":0.1413673232908459,"senior_rate":0.17833109017496634,"single_parent_rate":0.08227114716106605,"social_housing_rate":0.03360370799536501,"imputed":false,"vulnerability":20.9}},{"type":"Feature","geometry":{"type":"Polygon","coordinates":[[[2.26515,48.837165],[2.26487,48.838953],[2.262159,48.838764],[2.262438,48.836976],[2.26515,48.837165]]]},"properties":{"id":"CRS3035RES200mN2888000E3754000","population":1498.0,"households":782.0,"poverty_rate":0.1636828644501279,"senior_rate":0.22830440587449932,"single_parent_rate":0.14578005115089515,"social_housing_rate":0.551150895140665,"imputed":false,"vulnerability":35.3}},{"type":"Feature","geometry":{"type":"Polygon","coordinates":[[[2.267861,48.837354],[2.267582,48.839141],[2.26487,48.838953],[2.26515,48.837165],[2.267861,48.837354]]]},"properties":{"id":"CRS3035RES200mN2888000E3754200","population":52.5,"households":23.0,"poverty_rate":0.17391304347826086,"senior_rate":0.22857142857142856,"single_parent_rate":0.21739130434782608,"social_housing_rate":0.0,"imputed":false,"vulnerability":30.7}},{"type":"Feature","geometry":{"type":"Polygon","coordinates":[[[2.278707,48.838107],[2.278428,48.839895],[2.275716,48.839706],[2.275996,48.837919],[2.278707,48.838107]]]},"properties":{"id":"CRS3035RES200mN2888000E3755000","population":759.0,"households":318.0,"poverty_rate":0.07861635220125786,"senior_rate":0.15019762845849802,"single_parent_rate":0.1289308176100629,"social_housing_rate":0.6163522012578616,"imputed":false,"vulnerability":27.0}},{"type":"Feature","geometry":{"type":"Polygon","coordinates":[[[2.281418,48.838295],[2.281139,48.840083],[2.278428,48.839895],[2.278707,48.838107],[2.281418,48.838295]]]},"properties":{"id":"CRS3035RES200mN2888000E3755200","population":1358.0,"households":590.0,"poverty_rate":0.1152542372881356,"senior_rate":0.27319587628865977,"single_parent_rate":0.10677966101694915,"social_housing_rate":0.0288135593220339,"imputed":false,"vulnerability":25.8}},{"type":"Feature","geometry":{"type":"Polygon","coordinates":[[[2.28413,48.838484],[2.283851,48.840271],[2.281139,48.840083],[2.281418,48.838295],[2.28413,48.838484]]]},"properties":{"id":"CRS3035RES200mN2888000E3755400","population":1200.0,"households":602.0,"poverty_rate":0.10963455149501661,"senior_rate":0.22416666666666665,"single_parent_rate":0.07641196013289037,"social_housing_rate":0.1744186046511628,"imputed":false,"vulnerability":23.7}},{"type":"Feature","geometry":{"type":"Polygon","coordinates":[[[2.286841,48.838672],[2.286563,48.840459],[2.283851,48.840271],[2.28413,48.838484],[2.286841,48.838672]]]},"properties":{"id":"CRS3035RES200mN2888000E3755600","population":1442.5,"households":809.0,"poverty_rate":0.09888751545117429,"senior_rate":0.20589254766031195,"single_parent_rate":0.08405438813349815,"social_housing_rate":0.07292954264524104,"imputed":false,"vulnerability":21.0}},{"type":"Feature","geometry":{"type":"Polygon","coordinates":[[[2.289553,48.83886],[2.289274,48.840647],[2.286563,48.840459],[2.286841,48.838672],[2.289553,48.83886]]]},"properties":{"id":"CRS3035RES200mN2888000E3755800","population":1702.0,"households":832.0,"poverty_rate":0.13341346153846154,"senior_rate":0.18155111633372503,"single_parent_rate":0.1201923076923077,"social_housing_rate":0.33533653846153844,"imputed":false,"vulnerability":26.9}},{"type":"Feature","geometry":{"type":"Polygon","coordinates":[[[2.292265,48.839048],[2.291986,48.840835],[2.289274,48.840647],[2.289553,48.83886],[2.292265,48.839048]]]},"properties":{"id":"CRS3035RES200mN2888000E3756000","population":2092.0,"households":950.0,"poverty_rate":0.11578947368421053,"senior_rate":0.17065009560229447,"single_parent_rate":0.12421052631578948,"social_housing_rate":0.5673684210526316,"imputed":false,"vulnerability":29.1}},{"type":"Feature","geometry":{"type":"Polygon","coordinates":[[[2.294976,48.839236],[2.294697,48.841023],[2.291986,48.840835],[2.292265,48.839048],[2.294976,48.839236]]]},"properties":{"id":"CRS3035RES200mN2888000E3756200","population":987.0,"households":541.0,"poverty_rate":0.08872458410351201,"senior_rate":0.2502532928064843,"single_parent_rate":0.09611829944547134,"social_housing_rate":0.4565619223659889,"imputed":false,"vulnerability":29.2}},{"type":"Feature","geometry":{"type":"Polygon","coordinates":[[[2.297688,48.839423],[2.297409,48.841211],[2.294697,48.841023],[2.294976,48.839236],[2.297688,48.839423]]]},"properties":{"id":"CRS3035RES200mN2888000E3756400","population":1323.0,"households":701.0,"poverty_rate":0.0884450784593438,"senior_rate":0.15495086923658352,"single_parent_rate":0.07132667617689016,"social_housing_rate":0.05563480741797432,"imputed":false,"vulnerability":16.9}},{"type":"Feature","geometry":{"type":"Polygon","coordinates":[[[2.300399,48.839611],[2.300121,48.841399],[2.297409,48.841211],[2.297688,48.839423],[2.300399,48.839611]]]},"properties":{"id":"CRS3035RES200mN2888000E3756600","population":1724.0,"households":929.0,"poverty_rate":0.10226049515608181,"senior_rate":0.16705336426914152,"single_parent_rate":0.06673842841765339,"social_housing_rate":0.023681377825618945,"imputed":false,"vulnerability":17.5}},{"type":"Feature","geometry":{"type":"Polygon","coordinates":[[[2.303111,48.839799],[2.302833,48.841587],[2.300121,48.841399],[2.300399,48.839611],[2.303111,48.839799]]]},"properties":{"id":"CRS3035RES200mN2888000E3756800","population":1293.0,"households":681.0,"poverty_rate":0.09691629955947137,"senior_rate":0.19953596287703015,"single_parent_rate":0.0631424375917768,"social_housing_rate":0.06607929515418502,"imputed":false,"vulnerability":19.5}},{"type":"Feature","geometry":{"type":"Polygon","coordinates":[[[2.305823,48.839987],[2.305544,48.841774],[2.302833,48.841587],[2.303111,48.839799],[2.305823,48.839987]]]},"properties":{"id":"CRS3035RES200mN2888000E3757000","population":1305.5,"households":720.0,"poverty_rate":0.13055555555555556,"senior_rate":0.1593259287629261,"single_parent_rate":0.07777777777777778,"social_housing_rate":0.08611111111111111,"imputed":false,"vulnerability":19.9}},{"type":"Feature","geometry":{"type":"Polygon","coordinates":[[[2.308534,48.840174],[2.308256,48.841962],[2.305544,48.841774],[2.305823,48.839987],[2.308534,48.840174]]]},"properties":{"id":"CRS3035RES200mN2888000E3757200","population":1490.5,"households":810.0,"poverty_rate":0.1111111111111111,"senior_rate":0.2468970144246897,"single_parent_rate":0.0654320987654321,"social_housing_rate":0.0012345679012345679,"imputed":false,"vulnerability":22.0}},{"type":"Feature","geometry":{"type":"Polygon","coordinates":[[[2.311246,48.840362],[2.310968,48.842149],[2.308256,48.841962],[2.308534,48.840174],[2.311246,48.840362]]]},"properties":{"id":"CRS3035RES200mN2888000E3757400","population":389.0,"households":220.0,"poverty_rate":0.10454545454545454,"senior_rate":0.2236503856041131,"single_parent_rate":0.02727272727272727,"social_housing_rate":0.031818181818181815,"imputed":false,"vulnerability":19.2}},{"type":"Feature","geometry":{"type":"Polygon","coordinates":[[[2.313958,48.840549],[2.31368,48.842337],[2.310968,48.842149],[2.311246,48.840362],[2.313958,48.840549]]]},"properties":{"id":"CRS3035RES200mN2888000E3757600","population":1222.0,"households":665.0,"poverty_rate":0.11578947368421053,"senior_rate":0.19230769230769232,"single_parent_rate":0.07368421052631578,"social_housing_rate":0.05714285714285714,"imputed":false,"vulnerability":20.4}},{"type":"Feature","geometry":{"type":"Polygon","coordinates":[[[2.316669,48.840736],[2.316391,48.842524],[2.31368,48.842337],[2.313958,48.840549],[2.316669,48.840736]]]},"properties":{"id":"CRS3035RES200mN2888000E3757800","population":1198.0,"households":591.0,"poverty_rate":0.08629441624365482,"senior_rate":0.18280467445742904,"single_parent_rate":0.07952622673434856,"social_housing_rate":0.01353637901861252,"imputed":false,"vulnerability":18.0}},{"type":"Feature","geometry":{"type":"Polygon","coordinates":[[[2.319381,48.840924],[2.319103,48.842712],[2.316391,48.842524],[2.316669,48.840736],[2.319381,48.840924]]]},"properties":{"id":"CRS3035RES200mN2888000E3758000","population":573.5,"households":366.0,"poverty_rate":0.11748633879781421,"senior_rate":0.3400174367916303,"single_parent_rate":0.05191256830601093,"social_housing_rate":0.0,"imputed":false,"vulnerability":26.8}},{"type":"Feature","geometry":{"type":"Polygon","coordinates":[[[2.322093,48.841111],[2.321815,48.842899],[2.319103,48.842712],[2.319381,48.840924],[2.322093,48.841111]]]},"properties":{"id":"CRS3035RES200mN2888000E3758200","population":88.0,"households":55.0,"poverty_rate":0.4,"senior_rate":0.10227272727272728,"single_parent_rate":0.32727272727272727,"social_housing_rate":0.4909090909090909,"imputed":false,"vulnerability":47.1}},{"type":"Feature","geometry":{"type":"Polygon","coordinates":[[[2.324805,48.841298],[2.324527,48.843086],[2.321815,48.842899],[2.322093,48.841111],[2.324805,48.841298]]]},"properties":{"id":"CRS3035RES200mN2888000E3758400","population":673.5,"households":401.0,"poverty_rate":0.12468827930174564,"senior_rate":0.2613214550853749,"single_parent_rate":0.057356608478802994,"social_housing_rate":0.0,"imputed":false,"vulnerability":23.1}},{"type":"Feature","geometry":{"type":"Polygon","coordinates":[[[2.327517,48.841485],[2.327239,48.843273],[2.324527,48.843086],[2.324805,48.841298],[2.327517,48.841485]]]},"properties":{"id":"CRS3035RES200mN2888000E3758600","population":1087.0,"households":680.0,"poverty_rate":0.1676470588235294,"senior_rate":0.28334866605335784,"single_parent_rate":0.061764705882352944,"social_housing_rate":0.008823529411764706,"imputed":false,"vulnerability":26.8}},{"type":"Feature","geometry":{"type":"Polygon","coordinates":[[[2.330228,48.841672],[2.329951,48.84346],[2.327239,48.843273],[2.327517,48.841485],[2.330228,48.841672]]]},"properties":{"id":"CRS3035RES200mN2888000E3758800","population":747.0,"households":448.0,"poverty_rate":0.16294642857142858,"senior_rate":0.24765729585006693,"single_parent_rate":0.08705357142857142,"social_housing_rate":0.026785714285714284,"imputed":false,"vulnerability":25.9}},{"type":"Feature","geometry":{"type":"Polygon","coordinates":[[[2.33294,48.841859],[2.332663,48.843647],[2.329951,48.84346],[2.330228,48.841672],[2.33294,48.841859]]]},"properties":{"id":"CRS3035RES200mN2888000E3759000","population":814.0,"households":440.0,"poverty_rate":0.11363636363636363,"senior_rate":0.23464373464373464,"single_parent_rate":0.08863636363636364,"social_housing_rate":0.0,"imputed":false,"vulnerability":22.4}},{"type":"Feature","geometry":{"type":"Polygon","coordinates":[[[2.335652,48.842046],[2.335375,48.843834],[2.332663,48.843647],[2.33294,48.841859],[2.335652,48.842046]]]},"properties":{"id":"CRS3035RES200mN2888000E3759200","population":748.0,"households":363.0,"poverty_rate":0.08264462809917356,"senior_rate":0.24732620320855614,"single_parent_rate":0.09090909090909091,"social_housing_rate":0.0,"imputed":false,"vulnerability":21.7}},{"type":"Feature","geometry":{"type":"Polygon","coordinates":[[[2.338364,48.842233],[2.338087,48.844021],[2.335375,48.843834],[2.335652,48.842046],[2.338364,48.842233]]]},"properties":{"id":"CRS3035RES200mN2888000E3759400","population":352.5,"households":163.0,"poverty_rate":0.09202453987730061,"senior_rate":0.275177304964539,"single_parent_rate":0.11042944785276074,"social_housing_rate":0.0,"imputed":false,"vulnerability":24.5}},{"type":"Feature","geometry":{"type":"Polygon","coordinates":[[[2.341076,48.84242],[2.340799,48.844208],[2.338087,48.844021],[2.338364,48.842233],[2.341076,48.84242]]]},"properties":{"id":"CRS3035RES200mN2888000E3759600","population":550.0,"households":239.0,"poverty_rate":0.100418410041841,"senior_rate":0.23272727272727273,"single_parent_rate":0.100418410041841,"social_housing_rate":0.0,"imputed":false,"vulnerability":22.2}},{"type":"Feature","geometry":{"type":"Polygon","coordinates":[[[2.343788,48.842607],[2.343511,48.844395],[2.340799,48.844208],[2.341076,48.84242],[2.343788,48.842607]]]},"properties":{"id":"CRS3035RES200mN2888000E3759800","population":693.0,"households":382.0,"poverty_rate":0.16753926701570682,"senior_rate":0.2698412698412698,"single_parent_rate":0.07853403141361257,"social_housing_rate":0.2198952879581152,"imputed":false,"vulnerability":29.9}},{"type":"Feature","geometry":{"type":"Polygon","coordinates":[[[2.3465,48.842793],[2.346223,48.844581],[2.343511,48.844395],[2.343788,48.842607],[2.3465,48.842793]]]},"properties":{"id":"CRS3035RES200mN2888000E3760000","population":117.5,"households":75.0,"poverty_rate":0.22666666666666666,"senior_rate":0.2127659574468085,"single_parent_rate":0.12,"social_housing_rate":0.22666666666666666,"imputed":false,"vulnerability":31.6}},{"type":"Feature","geometry":{"type":"Polygon","coordinates":[[[2.349212,48.84298],[2.348935,48.844768],[2.346223,48.844581],[2.3465,48.842793],[2.349212,48.84298]]]},"properties":{"id":"CRS3035RES200mN2888000E3760200","population":1088.5,"households":618.0,"poverty_rate":0.17637540453074432,"senior_rate":0.25264124942581534,"single_parent_rate":0.06796116504854369,"social_housing_rate":0.10679611650485436,"imputed":false,"vulnerability":27.3}},{"type":"Feature","geometry":{"type":"Polygon","coordinates":[[[2.351924,48.843166],[2.351647,48.844954],[2.348935,48.844768],[2.349212,48.84298],[2.351924,48.843166]]]},"properties":{"id":"CRS3035RES200mN2888000E3760400","population":1051.5,"households":628.0,"poverty_rate":0.1480891719745223,"senior_rate":0.20732287208749406,"single_parent_rate":0.09235668789808917,"social_housing_rate":0.14171974522292993,"imputed":false,"vulnerability":24.9}},{"type":"Feature","geometry":{"type":"Polygon","coordinates":[[[2.354636,48.843353],[2.354359,48.845141],[2.351647,48.844954],[2.351924,48.843166],[2.354636,48.843353]]]},"properties":{"id":"CRS3035RES200mN2888000E3760600","population":1408.5,"households":804.0,"poverty_rate":0.11069651741293532,"senior_rate":0.2548810791622293,"single_parent_rate":0.06218905472636816,"social_housing_rate":0.028606965174129355,"imputed":false,"vulnerability":22.7}},{"type":"Feature","geometry":{"type":"Polygon","coordinates":[[[2.357348,48.843539],[2.357071,48.845327],[2.354359,48.845141],[2.354636,48.843353],[2.357348,48.843539]]]},"properties":{"id":"CRS3035RES200mN2888000E3760800","population":425.5,"households":230.0,"poverty_rate":0.13478260869565217,"senior_rate":0.27262044653349,"single_parent_rate":0.06521739130434782,"social_housing_rate":0.0,"imputed":false,"vulnerability":24.6}},{"type":"Feature","geometry":{"type":"Polygon","coordinates":[[[2.36006,48.843726],[2.359783,48.845513],[2.357071,48.845327],[2.357348,48.843539],[2.36006,48.843726]]]},"properties":{"id":"CRS3035RES200mN2888000E3761000","population":11.5,"households":5.0,"poverty_rate":0.24,"senior_rate":0.0608695652173913,"single_parent_rate":0.24,"social_housing_rate":0.5,"imputed":true,"vulnerability":33.2}},{"type":"Feature","geometry":{"type":"Polygon","coordinates":[[[2.362772,48.843912],[2.362495,48.8457],[2.359783,48.845513],[2.36006,48.843726],[2.362772,48.843912]]]},"properties":{"id":"CRS3035RES200mN2888000E3761200","population":4.0,"households":1.7,"poverty_rate":0.23529411764705885,"senior_rate":0.075,"single_parent_rate":0.23529411764705885,"social_housing_rate":0.5294117647058824,"imputed":true,"vulnerability":34.0}},{"type":"Feature","geometry":{"type":"Polygon","coordinates":[[[2.370908,48.84447],[2.370632,48.846258],[2.36792,48.846072],[2.368196,48.844284],[2.370908,48.84447]]]},"properties":{"id":"CRS3035RES200mN2888000E3761800","population":640.5,"households":323.0,"poverty_rate":0.1021671826625387,"senior_rate":0.16237314597970337,"single_parent_rate":0.04024767801857585,"social_housing_rate":0.034055727554179564,"imputed":false,"vulnerability":16.3}},{"type":"Feature","geometry":{"type":"Polygon","coordinates":[[[2.37362,48.844656],[2.373344,48.846444],[2.370632,48.846258],[2.370908,48.84447],[2.37362,48.844656]]]},"properties":{"id":"CRS3035RES200mN2888000E3762000","population":352.0,"households":172.0,"poverty_rate":0.10465116279069768,"senior_rate":0.16477272727272727,"single_parent_rate":0.06395348837209303,"social_housing_rate":0.0755813953488372,"imputed":false,"vulnerability":18.2}},{"type":"Feature","geometry":{"type":"Polygon","coordinates":[[[2.376332,48.844842],[2.376056,48.84663],[2.373344,48.846444],[2.37362,48.844656],[2.376332,48.844842]]]},"properties":{"id":"CRS3035RES200mN2888000E3762200","population":631.0,"households":287.0,"poverty_rate":0.11498257839721254,"senior_rate":0.22345483359746435,"single_parent_rate":0.07317073170731707,"social_housing_rate":0.17421602787456447,"imputed":false,"vulnerability":23.8}},{"type":"Feature","geometry":{"type":"Polygon","coordinates":[[[2.379044,48.845028],[2.378769,48.846816],[2.376056,48.84663],[2.376332,48.844842],[2.379044,48.845028]]]},"properties":{"id":"CRS3035RES200mN2888000E3762400","population":1351.5,"households":586.0,"poverty_rate":0.10921501706484642,"senior_rate":0.12504624491305957,"single_parent_rate":0.12286689419795221,"social_housing_rate":0.4709897610921502,"imputed":false,"vulnerability":24.7}},{"type":"Feature","geometry":{"type":"Polygon","coordinates":[[[2.381756,48.845214],[2.381481,48.847002],[2.378769,48.846816],[2.379044,48.845028],[2.381756,48.845214]]]},"properties":{"id":"CRS3035RES200mN2888000E3762600","population":1599.0,"households":947.0,"poverty_rate":0.17634635691657866,"senior_rate":0.14884302689180737,"single_parent_rate":0.08764519535374868,"social_housing_rate":0.42872228088701164,"imputed":false,"vulnerability":27.2}},{"type":"Feature","geometry":{"type":"Polygon","coordinates":[[[2.384469,48.8454],[2.384193,48.847188],[2.381481,48.847002],[2.381756,48.845214],[2.384469,48.8454]]]},"properties":{"id":"CRS3035RES200mN2888000E3762800","population":1538.5,"households":889.0,"poverty_rate":0.10011248593925759,"senior_rate":0.1728956776080598,"single_parent_rate":0.0686164229471316,"social_housing_rate":0.06074240719910011,"imputed":false,"vulnerability":18.4}},{"type":"Feature","geometry":{"type":"Polygon","coordinates":[[[2.387181,48.845585],[2.386905,48.847373],[2.384193,48.847188],[2.384469,48.8454],[2.387181,48.845585]]]},"properties":{"id":"CRS3035RES200mN2888000E3763000","population":1960.0,"households":1059.0,"poverty_rate":0.18602455146364494,"senior_rate":0.16581632653061223,"single_parent_rate":0.11803588290840415,"social_housing_rate":0.4664778092540132,"imputed":false,"vulnerability":30.5}},{"type":"Feature","geometry":{"type":"Polygon","coordinates":[[[2.389893,48.845771],[2.389618,48.847559],[2.386905,48.847373],[2.387181,48.845585],[2.389893,48.845771]]]},"properties":{"id":"CRS3035RES200mN2888000E3763200","population":1772.0,"households":1010.0,"poverty_rate":0.08118811881188119,"senior_rate":0.27200902934537247,"single_parent_rate":0.061386138613861385,"social_housing_rate":0.011881188118811881,"imputed":false,"vulnerability":21.9}},{"type":"Feature","geometry":{"type":"Polygon","coordinates":[[[2.392605,48.845956],[2.39233,48.847744],[2.389618,48.847559],[2.389893,48.845771],[2.392605,48.845956]]]},"properties":{"id":"CRS3035RES200mN2888000E3763400","population":741.5,"households":351.0,"poverty_rate":0.1452991452991453,"senior_rate":0.21443020903573837,"single_parent_rate":0.150997150997151,"social_housing_rate":0.6353276353276354,"imputed":false,"vulnerability":35.1}},{"type":"Feature","geometry":{"type":"Polygon","coordinates":[[[2.395318,48.846142],[2.395042,48.84793],[2.39233,48.847744],[2.392605,48.845956],[2.395318,48.846142]]]},"properties":{"id":"CRS3035RES200mN2888000E3763600","population":1460.5,"households":837.0,"poverty_rate":0.1039426523297491,"senior_rate":0.17117425539198905,"single_parent_rate":0.06571087216248507,"social_housing_rate":0.0908004778972521,"imputed":false,"vulnerability":18.8}},{"type":"Feature","geometry":{"type":"Polygon","coordinates":[[[2.39803,48.846327],[2.397755,48.848115],[2.395042,48.84793],[2.395318,48.846142],[2.39803,48.846327]]]},"properties":{"id":"CRS3035RES200mN2888000E3763800","population":955.5,"households":500.0,"poverty_rate":0.086,"senior_rate":0.2595499738356881,"single_parent_rate":0.048,"social_housing_rate":0.0,"imputed":false,"vulnerability":20.7}},{"type":"Feature","geometry":{"type":"Polygon","coordinates":[[[2.400742,48.846513],[2.400467,48.848301],[2.397755,48.848115],[2.39803,48.846327],[2.400742,48.846513]]]},"properties":{"id":"CRS3035RES200mN2888000E3764000","population":873.0,"households":468.0,"poverty_rate":0.10042735042735043,"senior_rate":0.1706758304696449,"single_parent_rate":0.08547008547008547,"social_housing_rate":0.023504273504273504,"imputed":false,"vulnerability":18.5}},{"type":"Feature","geometry":{"type":"Polygon","coordinates":[[[2.403454,48.846698],[2.40318,48.848486],[2.400467,48.848301],[2.400742,48.846513],[2.403454,48.846698]]]},"properties":{"id":"CRS3035RES200mN2888000E3764200","population":1028.5,"households":616.0,"poverty_rate":0.07305194805194805,"senior_rate":0.2702965483714147,"single_parent_rate":0.0633116883116883,"social_housing_rate":0.0,"imputed":false,"vulnerability":21.3}},{"type":"Feature","geometry":{"type":"Polygon","coordinates":[[[2.406167,48.846883],[2.405892,48.848671],[2.40318,48.848486],[2.403454,48.846698],[2.406167,48.846883]]]},"properties":{"id":"CRS3035RES200mN2888000E3764400","population":1454.0,"households":785.0,"poverty_rate":0.1070063694267516,"senior_rate":0.22902338376891335,"single_parent_rate":0.07261146496815286,"social_housing_rate":0.510828025477707,"imputed":false,"vulnerability":28.7}},{"type":"Feature","geometry":{"type":"Polygon","coordinates":[[[2.408879,48.847068],[2.408604,48.848856],[2.405892,48.848671],[2.406167,48.846883],[2.408879,48.847068]]]},"properties":{"id":"CRS3035RES200mN2888000E3764600","population":87.5,"households":47.0,"poverty_rate":0.0851063829787234,"senior_rate":0.09142857142857143,"single_parent_rate":0.1276595744680851,"social_housing_rate":0.2553191489361702,"imputed":false,"vulnerability":18.6}},{"type":"Feature","geometry":{"type":"Polygon","coordinates":[[[2.411591,48.847253],[2.411317,48.849041],[2.408604,48.848856],[2.408879,48.847068],[2.411591,48.847253]]]},"properties":{"id":"CRS3035RES200mN2888000E3764800","population":929.0,"households":488.0,"poverty_rate":0.14549180327868852,"senior_rate":0.20559741657696448,"single_parent_rate":0.10450819672131148,"social_housing_rate":0.2151639344262295,"imputed":false,"vulnerability":26.3}},{"type":"Feature","geometry":{"type":"Polygon","coordinates":[[[2.414304,48.847438],[2.414029,48.849226],[2.411317,48.849041],[2.411591,48.847253],[2.414304,48.847438]]]},"properties":{"id":"CRS3035RES200mN2888000E3765000","population":1842.5,"households":749.0,"poverty_rate":0.21495327102803738,"senior_rate":0.19918588873812754,"single_parent_rate":0.22696929238985314,"social_housing_rate":0.9746328437917223,"imputed":false,"vulnerability":46.1}},{"type":"Feature","geometry":{"type":"Polygon","coordinates":[[[2.417016,48.847623],[2.416742,48.849411],[2.414029,48.849226],[2.414304,48.847438],[2.417016,48.847623]]]},"properties":{"id":"CRS3035RES200mN2888000E3765200","population":872.5,"households":385.0,"poverty_rate":0.23376623376623376,"senior_rate":0.19598853868194843,"single_parent_rate":0.12207792207792208,"social_housing_rate":0.587012987012987,"imputed":false,"vulnerability":36.6}},{"type":"Feature","geometry":{"type":"Polygon","coordinates":[[[2.254024,48.838198],[2.253744,48.839985],[2.251033,48.839796],[2.251313,48.838009],[2.254024,48.838198]]]},"properties":{"id":"CRS3035RES200mN2888200E3753200","population":666.0,"households":327.0,"poverty_rate":0.11926605504587157,"senior_rate":0.21021021021021022,"single_parent_rate":0.06116207951070336,"social_housing_rate":0.22629969418960244,"imputed":false,"vulnerability":23.6}},{"type":"Feature","geometry":{"type":"Polygon","coordinates":[[[2.256736,48.838386],[2.256456,48.840174],[2.253744,48.839985],[2.254024,48.838198],[2.256736,48.838386]]]},"properties":{"id":"CRS3035RES200mN2888200E3753400","population":365.0,"households":215.0,"poverty_rate":0.16279069767441862,"senior_rate":0.2958904109589041,"single_parent_rate":0.12093023255813953,"social_housing_rate":0.9720930232558139,"imputed":false,"vulnerability":44.2}},{"type":"Feature","geometry":{"type":"Polygon","coordinates":[[[2.259447,48.838575],[2.259167,48.840363],[2.256456,48.840174],[2.256736,48.838386],[2.259447,48.838575]]]},"properties":{"id":"CRS3035RES200mN2888200E3753600","population":1279.5,"households":640.0,"poverty_rate":0.14375,"senior_rate":0.2227432590855803,"single_parent_rate":0.1171875,"social_housing_rate":0.2046875,"imputed":false,"vulnerability":27.6}},{"type":"Feature","geometry":{"type":"Polygon","coordinates":[[[2.262159,48.838764],[2.261879,48.840552],[2.259167,48.840363],[2.259447,48.838575],[2.262159,48.838764]]]},"properties":{"id":"CRS3035RES200mN2888200E3753800","population":1232.5,"households":647.0,"poverty_rate":0.13601236476043277,"senior_rate":0.2052738336713996,"single_parent_rate":0.10200927357032458,"social_housing_rate":0.0015455950540958269,"imputed":false,"vulnerability":22.5}},{"type":"Feature","geometry":{"type":"Polygon","coordinates":[[[2.26487,48.838953],[2.26459,48.84074],[2.261879,48.840552],[2.262159,48.838764],[2.26487,48.838953]]]},"properties":{"id":"CRS3035RES200mN2888200E3754000","population":1371.5,"households":696.0,"poverty_rate":0.13505747126436782,"senior_rate":0.20634341961356178,"single_parent_rate":0.08189655172413793,"social_housing_rate":0.13793103448275862,"imputed":false,"vulnerability":23.7}},{"type":"Feature","geometry":{"type":"Polygon","coordinates":[[[2.267582,48.839141],[2.267302,48.840929],[2.26459,48.84074],[2.26487,48.838953],[2.267582,48.839141]]]},"properties":{"id":"CRS3035RES200mN2888200E3754200","population":1778.0,"households":917.0,"poverty_rate":0.16466739367502725,"senior_rate":0.21372328458942633,"single_parent_rate":0.1624863685932388,"social_housing_rate":0.27589967284623773,"imputed":false,"vulnerability":31.2}},{"type":"Feature","geometry":{"type":"Polygon","coordinates":[[[2.270293,48.83933],[2.270014,48.841117],[2.267302,48.840929],[2.267582,48.839141],[2.270293,48.83933]]]},"properties":{"id":"CRS3035RES200mN2888200E3754400","population":246.0,"households":131.0,"poverty_rate":0.19083969465648856,"senior_rate":0.2682926829268293,"single_parent_rate":0.12213740458015267,"social_housing_rate":0.6335877862595419,"imputed":false,"vulnerability":39.1}},{"type":"Feature","geometry":{"type":"Polygon","coordinates":[[[2.278428,48.839895],[2.278148,48.841682],[2.275437,48.841494],[2.275716,48.839706],[2.278428,48.839895]]]},"properties":{"id":"CRS3035RES200mN2888200E3755000","population":193.5,"households":102.0,"poverty_rate":0.0784313725490196,"senior_rate":0.21188630490956073,"single_parent_rate":0.06862745098039216,"social_housing_rate":0.18627450980392157,"imputed":false,"vulnerability":21.3}},{"type":"Feature","geometry":{"type":"Polygon","coordinates":[[[2.281139,48.840083],[2.28086,48.841871],[2.278148,48.841682],[2.278428,48.839895],[2.281139,48.840083]]]},"properties":{"id":"CRS3035RES200mN2888200E3755200","population":835.5,"households":350.0,"poverty_rate":0.21428571428571427,"senior_rate":0.18073010173548773,"single_parent_rate":0.20285714285714285,"social_housing_rate":0.62,"imputed":false,"vulnerability":38.7}},{"type":"Feature","geometry":{"type":"Polygon","coordinates":[[[2.283851,48.840271],[2.283572,48.842059],[2.28086,48.841871],[2.281139,48.840083],[2.283851,48.840271]]]},"properties":{"id":"CRS3035RES200mN2888200E3755400","population":2154.5,"households":972.0,"poverty_rate":0.08539094650205761,"senior_rate":0.16245068461359943,"single_parent_rate":0.09670781893004116,"social_housing_rate":0.027777777777777776,"imputed":false,"vulnerability":17.8}},{"type":"Feature","geometry":{"type":"Polygon","coordinates":[[[2.286563,48.840459],[2.286283,48.842247],[2.283572,48.842059],[2.283851,48.840271],[2.286563,48.840459]]]},"properties":{"id":"CRS3035RES200mN2888200E3755600","population":1492.0,"households":734.0,"poverty_rate":0.14032697547683923,"senior_rate":0.1260053619302949,"single_parent_rate":0.11035422343324251,"social_housing_rate":0.30517711171662126,"imputed":false,"vulnerability":23.3}},{"type":"Feature","geometry":{"type":"Polygon","coordinates":[[[2.289274,48.840647],[2.288995,48.842435],[2.286283,48.842247],[2.286563,48.840459],[2.289274,48.840647]]]},"properties":{"id":"CRS3035RES200mN2888200E3755800","population":1711.5,"households":902.0,"poverty_rate":0.10199556541019955,"senior_rate":0.18755477651183172,"single_parent_rate":0.11086474501108648,"social_housing_rate":0.164079822616408,"imputed":false,"vulnerability":22.7}},{"type":"Feature","geometry":{"type":"Polygon","coordinates":[[[2.291986,48.840835],[2.291707,48.842623],[2.288995,48.842435],[2.289274,48.840647],[2.291986,48.840835]]]},"properties":{"id":"CRS3035RES200mN2888200E3756000","population":1608.5,"households":800.0,"poverty_rate":0.1,"senior_rate":0.20267329810382345,"single_parent_rate":0.09,"social_housing_rate":0.05875,"imputed":false,"vulnerability":20.9}},{"type":"Feature","geometry":{"type":"Polygon","coordinates":[[[2.294697,48.841023],[2.294419,48.842811],[2.291707,48.842623],[2.291986,48.840835],[2.294697,48.841023]]]},"properties":{"id":"CRS3035RES200mN2888200E3756200","population":1223.5,"households":673.0,"poverty_rate":0.09955423476968796,"senior_rate":0.18961994278708622,"single_parent_rate":0.041604754829123326,"social_housing_rate":0.008915304606240713,"imputed":false,"vulnerability":17.3}},{"type":"Feature","geometry":{"type":"Polygon","coordinates":[[[2.297409,48.841211],[2.297131,48.842999],[2.294419,48.842811],[2.294697,48.841023],[2.297409,48.841211]]]},"properties":{"id":"CRS3035RES200mN2888200E3756400","population":1063.0,"households":605.0,"poverty_rate":0.09586776859504133,"senior_rate":0.20602069614299154,"single_parent_rate":0.07107438016528926,"social_housing_rate":0.4033057851239669,"imputed":false,"vulnerability":25.2}},{"type":"Feature","geometry":{"type":"Polygon","coordinates":[[[2.300121,48.841399],[2.299842,48.843187],[2.297131,48.842999],[2.297409,48.841211],[2.300121,48.841399]]]},"properties":{"id":"CRS3035RES200mN2888200E3756600","population":1304.5,"households":739.0,"poverty_rate":0.09201623815967523,"senior_rate":0.23380605596013798,"single_parent_rate":0.09607577807848444,"social_housing_rate":0.6278755074424899,"imputed":false,"vulnerability":31.0}},{"type":"Feature","geometry":{"type":"Polygon","coordinates":[[[2.302833,48.841587],[2.302554,48.843374],[2.299842,48.843187],[2.300121,48.841399],[2.302833,48.841587]]]},"properties":{"id":"CRS3035RES200mN2888200E3756800","population":1991.5,"households":1085.0,"poverty_rate":0.11152073732718894,"senior_rate":0.20487070047702738,"single_parent_rate":0.06543778801843318,"social_housing_rate":0.1327188940092166,"imputed":false,"vulnerability":21.7}},{"type":"Feature","geometry":{"type":"Polygon","coordinates":[[[2.305544,48.841774],[2.305266,48.843562],[2.302554,48.843374],[2.302833,48.841587],[2.305544,48.841774]]]},"properties":{"id":"CRS3035RES200mN2888200E3757000","population":1198.0,"households":689.0,"poverty_rate":0.10014513788098693,"senior_rate":0.18447412353923207,"single_parent_rate":0.059506531204644414,"social_housing_rate":0.0,"imputed":false,"vulnerability":17.7}},{"type":"Feature","geometry":{"type":"Polygon","coordinates":[[[2.308256,48.841962],[2.307978,48.84375],[2.305266,48.843562],[2.305544,48.841774],[2.308256,48.841962]]]},"properties":{"id":"CRS3035RES200mN2888200E3757200","population":1331.5,"households":784.0,"poverty_rate":0.13010204081632654,"senior_rate":0.19226436349981224,"single_parent_rate":0.061224489795918366,"social_housing_rate":0.0,"imputed":false,"vulnerability":19.7}},{"type":"Feature","geometry":{"type":"Polygon","coordinates":[[[2.310968,48.842149],[2.31069,48.843937],[2.307978,48.84375],[2.308256,48.841962],[2.310968,48.842149]]]},"properties":{"id":"CRS3035RES200mN2888200E3757400","population":1461.5,"households":732.0,"poverty_rate":0.11748633879781421,"senior_rate":0.2230585015395142,"single_parent_rate":0.05874316939890711,"social_housing_rate":0.0,"imputed":false,"vulnerability":20.7}},{"type":"Feature","geometry":{"type":"Polygon","coordinates":[[[2.31368,48.842337],[2.313402,48.844125],[2.31069,48.843937],[2.310968,48.842149],[2.31368,48.842337]]]},"properties":{"id":"CRS3035RES200mN2888200E3757600","population":546.5,"households":277.0,"poverty_rate":0.10108303249097472,"senior_rate":0.1555352241537054,"single_parent_rate":0.07220216606498195,"social_housing_rate":0.0,"imputed":false,"vulnerability":16.7}},{"type":"Feature","geometry":{"type":"Polygon","coordinates":[[[2.316391,48.842524],[2.316114,48.844312],[2.313402,48.844125],[2.31368,48.842337],[2.316391,48.842524]]]},"properties":{"id":"CRS3035RES200mN2888200E3757800","population":1341.5,"households":782.0,"poverty_rate":0.15217391304347827,"senior_rate":0.20797614610510623,"single_parent_rate":0.0639386189258312,"social_housing_rate":0.07800511508951406,"imputed":false,"vulnerability":23.0}},{"type":"Feature","geometry":{"type":"Polygon","coordinates":[[[2.319103,48.842712],[2.318825,48.844499],[2.316114,48.844312],[2.316391,48.842524],[2.319103,48.842712]]]},"properties":{"id":"CRS3035RES200mN2888200E3758000","population":1021.5,"households":550.0,"poverty_rate":0.11454545454545455,"senior_rate":0.18306412139011258,"single_parent_rate":0.08363636363636363,"social_housing_rate":0.04363636363636364,"imputed":false,"vulnerability":20.1}},{"type":"Feature","geometry":{"type":"Polygon","coordinates":[[[2.321815,48.842899],[2.321537,48.844687],[2.318825,48.844499],[2.319103,48.842712],[2.321815,48.842899]]]},"properties":{"id":"CRS3035RES200mN2888200E3758200","population":1059.0,"households":604.0,"poverty_rate":0.12582781456953643,"senior_rate":0.2049102927289896,"single_parent_rate":0.09602649006622517,"social_housing_rate":0.0380794701986755,"imputed":false,"vulnerability":22.3}},{"type":"Feature","geometry":{"type":"Polygon","coordinates":[[[2.324527,48.843086],[2.324249,48.844874],[2.321537,48.844687],[2.321815,48.842899],[2.324527,48.843086]]]},"properties":{"id":"CRS3035RES200mN2888200E3758400","population":487.5,"households":256.0,"poverty_rate":0.09765625,"senior_rate":0.20717948717948717,"single_parent_rate":0.08203125,"social_housing_rate":0.0,"imputed":false,"vulnerability":19.8}},{"type":"Feature","geometry":{"type":"Polygon","coordinates":[[[2.327239,48.843273],[2.326961,48.845061],[2.324249,48.844874],[2.324527,48.843086],[2.327239,48.843273]]]},"properties":{"id":"CRS3035RES200mN2888200E3758600","population":535.0,"households":256.0,"poverty_rate":0.12109375,"senior_rate":0.21495327102803738,"single_parent_rate":0.09765625,"social_housing_rate":0.0,"imputed":false,"vulnerability":22.1}},{"type":"Feature","geometry":{"type":"Polygon","coordinates":[[[2.329951,48.84346],[2.329673,48.845248],[2.326961,48.845061],[2.327239,48.843273],[2.329951,48.84346]]]},"properties":{"id":"CRS3035RES200mN2888200E3758800","population":764.0,"households":367.0,"poverty_rate":0.10899182561307902,"senior_rate":0.2892670157068063,"single_parent_rate":0.07629427792915532,"social_housing_rate":0.0,"imputed":false,"vulnerability":24.7}},{"type":"Feature","geometry":{"type":"Polygon","coordinates":[[[2.332663,48.843647],[2.332385,48.845435],[2.329673,48.845248],[2.329951,48.84346],[2.332663,48.843647]]]},"properties":{"id":"CRS3035RES200mN2888200E3759000","population":787.0,"households":406.0,"poverty_rate":0.14039408866995073,"senior_rate":0.24523506988564167,"single_parent_rate":0.09852216748768473,"social_housing_rate":0.009852216748768473,"imputed":false,"vulnerability":24.9}},{"type":"Feature","geometry":{"type":"Polygon","coordinates":[[[2.335375,48.843834],[2.335097,48.845622],[2.332385,48.845435],[2.332663,48.843647],[2.335375,48.843834]]]},"properties":{"id":"CRS3035RES200mN2888200E3759200","population":136.0,"households":73.0,"poverty_rate":0.1232876712328767,"senior_rate":0.3897058823529412,"single_parent_rate":0.0684931506849315,"social_housing_rate":0.0,"imputed":false,"vulnerability":30.6}},{"type":"Feature","geometry":{"type":"Polygon","coordinates":[[[2.338087,48.844021],[2.33781,48.845809],[2.335097,48.845622],[2.335375,48.843834],[2.338087,48.844021]]]},"properties":{"id":"CRS3035RES200mN2888200E3759400","population":27.0,"households":12.0,"poverty_rate":0.08333333333333333,"senior_rate":0.4074074074074074,"single_parent_rate":0.0,"social_housing_rate":0.0,"imputed":false,"vulnerability":26.6}},{"type":"Feature","geometry":{"type":"Polygon","coordinates":[[[2.340799,48.844208],[2.340522,48.845996],[2.33781,48.845809],[2.338087,48.844021],[2.340799,48.844208]]]},"properties":{"id":"CRS3035RES200mN2888200E3759600","population":550.5,"households":223.0,"poverty_rate":0.11210762331838565,"senior_rate":0.15985467756584923,"single_parent_rate":0.08071748878923767,"social_housing_rate":0.0,"imputed":false,"vulnerability":17.9}},{"type":"Feature","geometry":{"type":"Polygon","coordinates":[[[2.343511,48.844395],[2.343234,48.846182],[2.340522,48.845996],[2.340799,48.844208],[2.343511,48.844395]]]},"properties":{"id":"CRS3035RES200mN2888200E3759800","population":1077.0,"households":554.0,"poverty_rate":0.11552346570397112,"senior_rate":0.25069637883008355,"single_parent_rate":0.07581227436823104,"social_housing_rate":0.0631768953068592,"imputed":false,"vulnerability":23.8}},{"type":"Feature","geometry":{"type":"Polygon","coordinates":[[[2.346223,48.844581],[2.345946,48.846369],[2.343234,48.846182],[2.343511,48.844395],[2.346223,48.844581]]]},"properties":{"id":"CRS3035RES200mN2888200E3760000","population":964.0,"households":496.0,"poverty_rate":0.10080645161290322,"senior_rate":0.29564315352697096,"single_parent_rate":0.07459677419354839,"social_housing_rate":0.0,"imputed":false,"vulnerability":24.5}},{"type":"Feature","geometry":{"type":"Polygon","coordinates":[[[2.348935,48.844768],[2.348658,48.846556],[2.345946,48.846369],[2.346223,48.844581],[2.348935,48.844768]]]},"properties":{"id":"CRS3035RES200mN2888200E3760200","population":227.5,"households":109.0,"poverty_rate":0.11926605504587157,"senior_rate":0.2549450549450549,"single_parent_rate":0.03669724770642202,"social_housing_rate":0.0,"imputed":false,"vulnerability":21.6}},{"type":"Feature","geometry":{"type":"Polygon","coordinates":[[[2.351647,48.844954],[2.35137,48.846742],[2.348658,48.846556],[2.348935,48.844768],[2.351647,48.844954]]]},"properties":{"id":"CRS3035RES200mN2888200E3760400","population":899.0,"households":517.0,"poverty_rate":0.21083172147001933,"senior_rate":0.20467185761957732,"single_parent_rate":0.09864603481624758,"social_housing_rate":0.1102514506769826,"imputed":false,"vulnerability":27.7}},{"type":"Feature","geometry":{"type":"Polygon","coordinates":[[[2.354359,48.845141],[2.354082,48.846929],[2.35137,48.846742],[2.351647,48.844954],[2.354359,48.845141]]]},"properties":{"id":"CRS3035RES200mN2888200E3760600","population":1093.5,"households":664.0,"poverty_rate":0.1566265060240964,"senior_rate":0.19204389574759945,"single_parent_rate":0.061746987951807226,"social_housing_rate":0.0,"imputed":false,"vulnerability":21.1}},{"type":"Feature","geometry":{"type":"Polygon","coordinates":[[[2.357071,48.845327],[2.356795,48.847115],[2.354082,48.846929],[2.354359,48.845141],[2.357071,48.845327]]]},"properties":{"id":"CRS3035RES200mN2888200E3760800","population":384.5,"households":216.0,"poverty_rate":0.10185185185185185,"senior_rate":0.23927178153446033,"single_parent_rate":0.0787037037037037,"social_housing_rate":0.0,"imputed":false,"vulnerability":21.7}},{"type":"Feature","geometry":{"type":"Polygon","coordinates":[[[2.365207,48.845886],[2.364931,48.847674],[2.362219,48.847488],[2.362495,48.8457],[2.365207,48.845886]]]},"properties":{"id":"CRS3035RES200mN2888200E3761400","population":62.0,"households":26.9,"poverty_rate":0.2342007434944238,"senior_rate":0.06451612903225806,"single_parent_rate":0.2342007434944238,"social_housing_rate":0.4981412639405205,"imputed":true,"vulnerability":32.9}},{"type":"Feature","geometry":{"type":"Polygon","coordinates":[[[2.36792,48.846072],[2.367644,48.84786],[2.364931,48.847674],[2.365207,48.845886],[2.36792,48.846072]]]},"properties":{"id":"CRS3035RES200mN2888200E3761600","population":287.5,"households":132.0,"poverty_rate":0.06060606060606061,"senior_rate":0.24347826086956523,"single_parent_rate":0.07575757575757576,"social_housing_rate":0.0,"imputed":false,"vulnerability":19.7}},{"type":"Feature","geometry":{"type":"Polygon","coordinates":[[[2.370632,48.846258],[2.370356,48.848046],[2.367644,48.84786],[2.36792,48.846072],[2.370632,48.846258]]]},"properties":{"id":"CRS3035RES200mN2888200E3761800","population":996.0,"households":510.0,"poverty_rate":0.12352941176470589,"senior_rate":0.15261044176706828,"single_parent_rate":0.06666666666666667,"social_housing_rate":0.07058823529411765,"imputed":false,"vulnerability":18.5}},{"type":"Feature","geometry":{"type":"Polygon","coordinates":[[[2.373344,48.846444],[2.373068,48.848232],[2.370356,48.848046],[2.370632,48.846258],[2.373344,48.846444]]]},"properties":{"id":"CRS3035RES200mN2888200E3762000","population":932.5,"households":520.0,"poverty_rate":0.1,"senior_rate":0.15335120643431635,"single_parent_rate":0.051923076923076926,"social_housing_rate":0.07692307692307693,"imputed":false,"vulnerability":16.8}},{"type":"Feature","geometry":{"type":"Polygon","coordinates":[[[2.376056,48.84663],[2.37578,48.848418],[2.373068,48.848232],[2.373344,48.846444],[2.376056,48.84663]]]},"properties":{"id":"CRS3035RES200mN2888200E3762200","population":1440.0,"households":664.0,"poverty_rate":0.10692771084337349,"senior_rate":0.22916666666666666,"single_parent_rate":0.07379518072289157,"social_housing_rate":0.16265060240963855,"imputed":false,"vulnerability":23.6}},{"type":"Feature","geometry":{"type":"Polygon","coordinates":[[[2.378769,48.846816],[2.378493,48.848604],[2.37578,48.848418],[2.376056,48.84663],[2.378769,48.846816]]]},"properties":{"id":"CRS3035RES200mN2888200E3762400","population":1620.5,"households":931.0,"poverty_rate":0.17078410311493017,"senior_rate":0.18759642085775996,"single_parent_rate":0.08807733619763695,"social_housing_rate":0.2781954887218045,"imputed":false,"vulnerability":26.8}},{"type":"Feature","geometry":{"type":"Polygon","coordinates":[[[2.381481,48.847002],[2.381205,48.84879],[2.378493,48.848604],[2.378769,48.846816],[2.381481,48.847002]]]},"properties":{"id":"CRS3035RES200mN2888200E3762600","population":1175.0,"households":641.0,"poverty_rate":0.12636505460218408,"senior_rate":0.18808510638297873,"single_parent_rate":0.062402496099843996,"social_housing_rate":0.09828393135725429,"imputed":false,"vulnerability":20.8}},{"type":"Feature","geometry":{"type":"Polygon","coordinates":[[[2.384193,48.847188],[2.383918,48.848976],[2.381205,48.84879],[2.381481,48.847002],[2.384193,48.847188]]]},"properties":{"id":"CRS3035RES200mN2888200E3762800","population":114.5,"households":56.0,"poverty_rate":0.08928571428571429,"senior_rate":0.017467248908296942,"single_parent_rate":0.125,"social_housing_rate":0.4642857142857143,"imputed":false,"vulnerability":17.8}},{"type":"Feature","geometry":{"type":"Polygon","coordinates":[[[2.386905,48.847373],[2.38663,48.849161],[2.383918,48.848976],[2.384193,48.847188],[2.386905,48.847373]]]},"properties":{"id":"CRS3035RES200mN2888200E3763000","population":1265.5,"households":435.0,"poverty_rate":0.15862068965517243,"senior_rate":0.025286448044251283,"single_parent_rate":0.1793103448275862,"social_housing_rate":0.7425287356321839,"imputed":false,"vulnerability":28.2}},{"type":"Feature","geometry":{"type":"Polygon","coordinates":[[[2.389618,48.847559],[2.389342,48.849347],[2.38663,48.849161],[2.386905,48.847373],[2.389618,48.847559]]]},"properties":{"id":"CRS3035RES200mN2888200E3763200","population":2484.0,"households":1257.0,"poverty_rate":0.2760540970564837,"senior_rate":0.14130434782608695,"single_parent_rate":0.10978520286396182,"social_housing_rate":0.15194908512330946,"imputed":false,"vulnerability":28.6}},{"type":"Feature","geometry":{"type":"Polygon","coordinates":[[[2.39233,48.847744],[2.392055,48.849532],[2.389342,48.849347],[2.389618,48.847559],[2.39233,48.847744]]]},"properties":{"id":"CRS3035RES200mN2888200E3763400","population":587.5,"households":328.0,"poverty_rate":0.11585365853658537,"senior_rate":0.1276595744680851,"single_parent_rate":0.0701219512195122,"social_housing_rate":0.08536585365853659,"imputed":false,"vulnerability":17.1}},{"type":"Feature","geometry":{"type":"Polygon","coordinates":[[[2.395042,48.84793],[2.394767,48.849718],[2.392055,48.849532],[2.39233,48.847744],[2.395042,48.84793]]]},"properties":{"id":"CRS3035RES200mN2888200E3763600","population":787.0,"households":461.0,"poverty_rate":0.12147505422993492,"senior_rate":0.18932655654383734,"single_parent_rate":0.08026030368763558,"social_housing_rate":0.04121475054229935,"imputed":false,"vulnerability":20.6}},{"type":"Feature","geometry":{"type":"Polygon","coordinates":[[[2.397755,48.848115],[2.39748,48.849903],[2.394767,48.849718],[2.395042,48.84793],[2.397755,48.848115]]]},"properties":{"id":"CRS3035RES200mN2888200E3763800","population":203.0,"households":111.0,"poverty_rate":0.13513513513513514,"senior_rate":0.2315270935960591,"single_parent_rate":0.06306306306306306,"social_housing_rate":0.0,"imputed":false,"vulnerability":22.2}},{"type":"Feature","geometry":{"type":"Polygon","coordinates":[[[2.400467,48.848301],[2.400192,48.850089],[2.39748,48.849903],[2.397755,48.848115],[2.400467,48.848301]]]},"properties":{"id":"CRS3035RES200mN2888200E3764000","population":981.5,"households":552.0,"poverty_rate":0.10507246376811594,"senior_rate":0.18950585838003056,"single_parent_rate":0.04528985507246377,"social_housing_rate":0.09782608695652174,"imputed":false,"vulnerability":19.1}},{"type":"Feature","geometry":{"type":"Polygon","coordinates":[[[2.40318,48.848486],[2.402905,48.850274],[2.400192,48.850089],[2.400467,48.848301],[2.40318,48.848486]]]},"properties":{"id":"CRS3035RES200mN2888200E3764200","population":859.0,"households":457.0,"poverty_rate":0.0787746170678337,"senior_rate":0.19674039580908032,"single_parent_rate":0.06783369803063458,"social_housing_rate":0.0,"imputed":false,"vulnerability":17.7}},{"type":"Feature","geometry":{"type":"Polygon","coordinates":[[[2.405892,48.848671],[2.405617,48.850459],[2.402905,48.850274],[2.40318,48.848486],[2.405892,48.848671]]]},"properties":{"id":"CRS3035RES200mN2888200E3764400","population":805.0,"households":405.0,"poverty_rate":0.11604938271604938,"senior_rate":0.19254658385093168,"single_parent_rate":0.13580246913580246,"social_housing_rate":0.8074074074074075,"imputed":false,"vulnerability":34.4}},{"type":"Feature","geometry":{"type":"Polygon","coordinates":[[[2.408604,48.848856],[2.40833,48.850644],[2.405617,48.850459],[2.405892,48.848671],[2.408604,48.848856]]]},"properties":{"id":"CRS3035RES200mN2888200E3764600","population":1158.5,"households":623.0,"poverty_rate":0.18138041733547353,"senior_rate":0.20025895554596462,"single_parent_rate":0.07865168539325842,"social_housing_rate":0.7191011235955056,"imputed":false,"vulnerability":34.3}},{"type":"Feature","geometry":{"type":"Polygon","coordinates":[[[2.411317,48.849041],[2.411042,48.850829],[2.40833,48.850644],[2.408604,48.848856],[2.411317,48.849041]]]},"properties":{"id":"CRS3035RES200mN2888200E3764800","population":1258.0,"households":500.0,"poverty_rate":0.15,"senior_rate":0.17090620031796502,"single_parent_rate":0.164,"social_housing_rate":0.636,"imputed":false,"vulnerability":33.5}},{"type":"Feature","geometry":{"type":"Polygon","coordinates":[[[2.414029,48.849226],[2.413755,48.851014],[2.411042,48.850829],[2.411317,48.849041],[2.414029,48.849226]]]},"properties":{"id":"CRS3035RES200mN2888200E3765000","population":1084.5,"households":440.0,"poverty_rate":0.17727272727272728,"senior_rate":0.14937759336099585,"single_parent_rate":0.16136363636363638,"social_housing_rate":0.9977272727272727,"imputed":false,"vulnerability":39.0}},{"type":"Feature","geometry":{"type":"Polygon","coordinates":[[[2.416742,48.849411],[2.416468,48.851199],[2.413755,48.851014],[2.414029,48.849226],[2.416742,48.849411]]]},"properties":{"id":"CRS3035RES200mN2888200E3765200","population":95.0,"households":41.0,"poverty_rate":0.4146341463414634,"senior_rate":0.23157894736842105,"single_parent_rate":0.0975609756097561,"social_housing_rate":0.975609756097561,"imputed":false,"vulnerability":52.3}},{"type":"Feature","geometry":{"type":"Polygon","coordinates":[[[2.256456,48.840174],[2.256176,48.841962],[2.253464,48.841773],[2.253744,48.839985],[2.256456,48.840174]]]},"properties":{"id":"CRS3035RES200mN2888400E3753400","population":547.0,"households":280.0,"poverty_rate":0.21071428571428572,"senior_rate":0.2230347349177331,"single_parent_rate":0.15357142857142858,"social_housing_rate":0.9857142857142858,"imputed":false,"vulnerability":44.2}},{"type":"Feature","geometry":{"type":"Polygon","coordinates":[[[2.259167,48.840363],[2.258887,48.842151],[2.256176,48.841962],[2.256456,48.840174],[2.259167,48.840363]]]},"properties":{"id":"CRS3035RES200mN2888400E3753600","population":1795.0,"households":795.0,"poverty_rate":0.12955974842767295,"senior_rate":0.22841225626740946,"single_parent_rate":0.0930817610062893,"social_housing_rate":0.028930817610062894,"imputed":false,"vulnerability":23.5}},{"type":"Feature","geometry":{"type":"Polygon","coordinates":[[[2.261879,48.840552],[2.261599,48.842339],[2.258887,48.842151],[2.259167,48.840363],[2.261879,48.840552]]]},"properties":{"id":"CRS3035RES200mN2888400E3753800","population":894.5,"households":480.0,"poverty_rate":0.15416666666666667,"senior_rate":0.267188373392957,"single_parent_rate":0.0625,"social_housing_rate":0.0,"imputed":false,"vulnerability":25.1}},{"type":"Feature","geometry":{"type":"Polygon","coordinates":[[[2.26459,48.84074],[2.264311,48.842528],[2.261599,48.842339],[2.261879,48.840552],[2.26459,48.84074]]]},"properties":{"id":"CRS3035RES200mN2888400E3754000","population":1174.5,"households":580.0,"poverty_rate":0.1103448275862069,"senior_rate":0.227330779054917,"single_parent_rate":0.09482758620689655,"social_housing_rate":0.0,"imputed":false,"vulnerability":22.1}},{"type":"Feature","geometry":{"type":"Polygon","coordinates":[[[2.267302,48.840929],[2.267022,48.842716],[2.264311,48.842528],[2.26459,48.84074],[2.267302,48.840929]]]},"properties":{"id":"CRS3035RES200mN2888400E3754200","population":1620.0,"households":934.0,"poverty_rate":0.18950749464668093,"senior_rate":0.16419753086419753,"single_parent_rate":0.07922912205567452,"social_housing_rate":0.034261241970021415,"imputed":false,"vulnerability":22.4}},{"type":"Feature","geometry":{"type":"Polygon","coordinates":[[[2.270014,48.841117],[2.269734,48.842905],[2.267022,48.842716],[2.267302,48.840929],[2.270014,48.841117]]]},"properties":{"id":"CRS3035RES200mN2888400E3754400","population":1157.5,"households":536.0,"poverty_rate":0.15671641791044777,"senior_rate":0.20302375809935205,"single_parent_rate":0.12126865671641791,"social_housing_rate":0.23880597014925373,"imputed":false,"vulnerability":27.8}},{"type":"Feature","geometry":{"type":"Polygon","coordinates":[[[2.278148,48.841682],[2.277869,48.84347],[2.275157,48.843282],[2.275437,48.841494],[2.278148,48.841682]]]},"properties":{"id":"CRS3035RES200mN2888400E3755000","population":2040.0,"households":833.0,"poverty_rate":0.13565426170468187,"senior_rate":0.17941176470588235,"single_parent_rate":0.15126050420168066,"social_housing_rate":0.3517406962785114,"imputed":false,"vulnerability":28.5}},{"type":"Feature","geometry":{"type":"Polygon","coordinates":[[[2.28086,48.841871],[2.280581,48.843658],[2.277869,48.84347],[2.278148,48.841682],[2.28086,48.841871]]]},"properties":{"id":"CRS3035RES200mN2888400E3755200","population":1603.0,"households":816.0,"poverty_rate":0.12622549019607843,"senior_rate":0.1272613849033063,"single_parent_rate":0.08700980392156862,"social_housing_rate":0.11519607843137254,"imputed":false,"vulnerability":18.8}},{"type":"Feature","geometry":{"type":"Polygon","coordinates":[[[2.283572,48.842059],[2.283293,48.843847],[2.280581,48.843658],[2.28086,48.841871],[2.283572,48.842059]]]},"properties":{"id":"CRS3035RES200mN2888400E3755400","population":1838.5,"households":1001.0,"poverty_rate":0.12687312687312688,"senior_rate":0.16154473755779167,"single_parent_rate":0.08091908091908091,"social_housing_rate":0.03196803196803197,"imputed":false,"vulnerability":19.2}},{"type":"Feature","geometry":{"type":"Polygon","coordinates":[[[2.286283,48.842247],[2.286004,48.844035],[2.283293,48.843847],[2.283572,48.842059],[2.286283,48.842247]]]},"properties":{"id":"CRS3035RES200mN2888400E3755600","population":1273.5,"households":690.0,"poverty_rate":0.13478260869565217,"senior_rate":0.19159795838241067,"single_parent_rate":0.10434782608695652,"social_housing_rate":0.2608695652173913,"imputed":false,"vulnerability":25.7}},{"type":"Feature","geometry":{"type":"Polygon","coordinates":[[[2.288995,48.842435],[2.288716,48.844223],[2.286004,48.844035],[2.286283,48.842247],[2.288995,48.842435]]]},"properties":{"id":"CRS3035RES200mN2888400E3755800","population":2040.0,"households":1085.0,"poverty_rate":0.13456221198156681,"senior_rate":0.18627450980392157,"single_parent_rate":0.10230414746543778,"social_housing_rate":0.5013824884792627,"imputed":false,"vulnerability":28.9}},{"type":"Feature","geometry":{"type":"Polygon","coordinates":[[[2.291707,48.842623],[2.291428,48.844411],[2.288716,48.844223],[2.288995,48.842435],[2.291707,48.842623]]]},"properties":{"id":"CRS3035RES200mN2888400E3756000","population":1267.0,"households":689.0,"poverty_rate":0.0899854862119013,"senior_rate":0.21625887924230466,"single_parent_rate":0.06386066763425254,"social_housing_rate":0.06095791001451379,"imputed":false,"vulnerability":20.1}},{"type":"Feature","geometry":{"type":"Polygon","coordinates":[[[2.294419,48.842811],[2.29414,48.844599],[2.291428,48.844411],[2.291707,48.842623],[2.294419,48.842811]]]},"properties":{"id":"CRS3035RES200mN2888400E3756200","population":1218.5,"households":729.0,"poverty_rate":0.13717421124828533,"senior_rate":0.14115716044316784,"single_parent_rate":0.04663923182441701,"social_housing_rate":0.0,"imputed":false,"vulnerability":16.6}},{"type":"Feature","geometry":{"type":"Polygon","coordinates":[[[2.297131,48.842999],[2.296852,48.844787],[2.29414,48.844599],[2.294419,48.842811],[2.297131,48.842999]]]},"properties":{"id":"CRS3035RES200mN2888400E3756400","population":1930.0,"households":1120.0,"poverty_rate":0.13214285714285715,"senior_rate":0.1922279792746114,"single_parent_rate":0.08482142857142858,"social_housing_rate":0.1982142857142857,"imputed":false,"vulnerability":23.8}},{"type":"Feature","geometry":{"type":"Polygon","coordinates":[[[2.299842,48.843187],[2.299564,48.844974],[2.296852,48.844787],[2.297131,48.842999],[2.299842,48.843187]]]},"properties":{"id":"CRS3035RES200mN2888400E3756600","population":1769.5,"households":936.0,"poverty_rate":0.16346153846153846,"senior_rate":0.21983611189601582,"single_parent_rate":0.11858974358974358,"social_housing_rate":0.5416666666666666,"imputed":false,"vulnerability":33.5}},{"type":"Feature","geometry":{"type":"Polygon","coordinates":[[[2.302554,48.843374],[2.302276,48.845162],[2.299564,48.844974],[2.299842,48.843187],[2.302554,48.843374]]]},"properties":{"id":"CRS3035RES200mN2888400E3756800","population":628.0,"households":374.0,"poverty_rate":0.14171122994652408,"senior_rate":0.19904458598726116,"single_parent_rate":0.0374331550802139,"social_housing_rate":0.02406417112299465,"imputed":false,"vulnerability":20.0}},{"type":"Feature","geometry":{"type":"Polygon","coordinates":[[[2.305266,48.843562],[2.304988,48.84535],[2.302276,48.845162],[2.302554,48.843374],[2.305266,48.843562]]]},"properties":{"id":"CRS3035RES200mN2888400E3757000","population":2134.5,"households":1083.0,"poverty_rate":0.10249307479224377,"senior_rate":0.24923869758725697,"single_parent_rate":0.061865189289012,"social_housing_rate":0.0,"imputed":false,"vulnerability":21.5}},{"type":"Feature","geometry":{"type":"Polygon","coordinates":[[[2.307978,48.84375],[2.3077,48.845537],[2.304988,48.84535],[2.305266,48.843562],[2.307978,48.84375]]]},"properties":{"id":"CRS3035RES200mN2888400E3757200","population":901.5,"households":537.0,"poverty_rate":0.0931098696461825,"senior_rate":0.2384914032168608,"single_parent_rate":0.037243947858473,"social_housing_rate":0.0,"imputed":false,"vulnerability":19.4}},{"type":"Feature","geometry":{"type":"Polygon","coordinates":[[[2.31069,48.843937],[2.310412,48.845725],[2.3077,48.845537],[2.307978,48.84375],[2.31069,48.843937]]]},"properties":{"id":"CRS3035RES200mN2888400E3757400","population":1260.5,"households":675.0,"poverty_rate":0.12296296296296297,"senior_rate":0.2062673542245141,"single_parent_rate":0.06962962962962962,"social_housing_rate":0.02962962962962963,"imputed":false,"vulnerability":20.9}},{"type":"Feature","geometry":{"type":"Polygon","coordinates":[[[2.313402,48.844125],[2.313124,48.845912],[2.310412,48.845725],[2.31069,48.843937],[2.313402,48.844125]]]},"properties":{"id":"CRS3035RES200mN2888400E3757600","population":579.5,"households":317.0,"poverty_rate":0.11987381703470032,"senior_rate":0.22088006902502158,"single_parent_rate":0.0473186119873817,"social_housing_rate":0.028391167192429023,"imputed":false,"vulnerability":20.6}},{"type":"Feature","geometry":{"type":"Polygon","coordinates":[[[2.316114,48.844312],[2.315836,48.8461],[2.313124,48.845912],[2.313402,48.844125],[2.316114,48.844312]]]},"properties":{"id":"CRS3035RES200mN2888400E3757800","population":81.0,"households":30.0,"poverty_rate":0.0,"senior_rate":0.0,"single_parent_rate":0.3333333333333333,"social_housing_rate":0.0,"imputed":false,"vulnerability":14.4}},{"type":"Feature","geometry":{"type":"Polygon","coordinates":[[[2.318825,48.844499],[2.318548,48.846287],[2.315836,48.8461],[2.316114,48.844312],[2.318825,48.844499]]]},"properties":{"id":"CRS3035RES200mN2888400E3758000","population":545.5,"households":282.0,"poverty_rate":0.10283687943262411,"senior_rate":0.2694775435380385,"single_parent_rate":0.0673758865248227,"social_housing_rate":0.0,"imputed":false,"vulnerability":22.9}},{"type":"Feature","geometry":{"type":"Polygon","coordinates":[[[2.321537,48.844687],[2.32126,48.846474],[2.318548,48.846287],[2.318825,48.844499],[2.321537,48.844687]]]},"properties":{"id":"CRS3035RES200mN2888400E3758200","population":1250.5,"households":693.0,"poverty_rate":0.15584415584415584,"senior_rate":0.2590963614554178,"single_parent_rate":0.08658008658008658,"social_housing_rate":0.050505050505050504,"imputed":false,"vulnerability":26.5}},{"type":"Feature","geometry":{"type":"Polygon","coordinates":[[[2.324249,48.844874],[2.323972,48.846662],[2.32126,48.846474],[2.321537,48.844687],[2.324249,48.844874]]]},"properties":{"id":"CRS3035RES200mN2888400E3758400","population":704.5,"households":353.0,"poverty_rate":0.1048158640226629,"senior_rate":0.25833924769339955,"single_parent_rate":0.09348441926345609,"social_housing_rate":0.0169971671388102,"imputed":false,"vulnerability":23.7}},{"type":"Feature","geometry":{"type":"Polygon","coordinates":[[[2.326961,48.845061],[2.326684,48.846849],[2.323972,48.846662],[2.324249,48.844874],[2.326961,48.845061]]]},"properties":{"id":"CRS3035RES200mN2888400E3758600","population":729.0,"households":350.0,"poverty_rate":0.13714285714285715,"senior_rate":0.20987654320987653,"single_parent_rate":0.08285714285714285,"social_housing_rate":0.0,"imputed":false,"vulnerability":22.0}},{"type":"Feature","geometry":{"type":"Polygon","coordinates":[[[2.329673,48.845248],[2.329396,48.847036],[2.326684,48.846849],[2.326961,48.845061],[2.329673,48.845248]]]},"properties":{"id":"CRS3035RES200mN2888400E3758800","population":572.5,"households":272.0,"poverty_rate":0.15808823529411764,"senior_rate":0.26724890829694326,"single_parent_rate":0.07352941176470588,"social_housing_rate":0.0,"imputed":false,"vulnerability":25.8}},{"type":"Feature","geometry":{"type":"Polygon","coordinates":[[[2.332385,48.845435],[2.332108,48.847223],[2.329396,48.847036],[2.329673,48.845248],[2.332385,48.845435]]]},"properties":{"id":"CRS3035RES200mN2888400E3759000","population":1025.0,"households":507.0,"poverty_rate":0.13609467455621302,"senior_rate":0.2926829268292683,"single_parent_rate":0.05917159763313609,"social_housing_rate":0.0,"imputed":false,"vulnerability":25.5}},{"type":"Feature","geometry":{"type":"Polygon","coordinates":[[[2.335097,48.845622],[2.33482,48.84741],[2.332108,48.847223],[2.332385,48.845435],[2.335097,48.845622]]]},"properties":{"id":"CRS3035RES200mN2888400E3759200","population":50.0,"households":22.0,"poverty_rate":0.13636363636363635,"senior_rate":0.44,"single_parent_rate":0.0,"social_housing_rate":0.0,"imputed":false,"vulnerability":31.0}},{"type":"Feature","geometry":{"type":"Polygon","coordinates":[[[2.343234,48.846182],[2.342957,48.84797],[2.340245,48.847783],[2.340522,48.845996],[2.343234,48.846182]]]},"properties":{"id":"CRS3035RES200mN2888400E3759800","population":1087.5,"households":521.0,"poverty_rate":0.10556621880998081,"senior_rate":0.24367816091954023,"single_parent_rate":0.08637236084452975,"social_housing_rate":0.019193857965451054,"imputed":false,"vulnerability":22.7}},{"type":"Feature","geometry":{"type":"Polygon","coordinates":[[[2.345946,48.846369],[2.345669,48.848157],[2.342957,48.84797],[2.343234,48.846182],[2.345946,48.846369]]]},"properties":{"id":"CRS3035RES200mN2888400E3760000","population":231.0,"households":127.0,"poverty_rate":0.13385826771653545,"senior_rate":0.21212121212121213,"single_parent_rate":0.14173228346456693,"social_housing_rate":0.11023622047244094,"imputed":false,"vulnerability":26.1}},{"type":"Feature","geometry":{"type":"Polygon","coordinates":[[[2.348658,48.846556],[2.348381,48.848344],[2.345669,48.848157],[2.345946,48.846369],[2.348658,48.846556]]]},"properties":{"id":"CRS3035RES200mN2888400E3760200","population":904.0,"households":553.0,"poverty_rate":0.1717902350813743,"senior_rate":0.2079646017699115,"single_parent_rate":0.054249547920433995,"social_housing_rate":0.19168173598553345,"imputed":false,"vulnerability":25.2}},{"type":"Feature","geometry":{"type":"Polygon","coordinates":[[[2.35137,48.846742],[2.351093,48.84853],[2.348381,48.848344],[2.348658,48.846556],[2.35137,48.846742]]]},"properties":{"id":"CRS3035RES200mN2888400E3760400","population":608.5,"households":275.0,"poverty_rate":0.11636363636363636,"senior_rate":0.13804437140509448,"single_parent_rate":0.08727272727272728,"social_housing_rate":0.2290909090909091,"imputed":false,"vulnerability":20.6}},{"type":"Feature","geometry":{"type":"Polygon","coordinates":[[[2.354082,48.846929],[2.353806,48.848717],[2.351093,48.84853],[2.35137,48.846742],[2.354082,48.846929]]]},"properties":{"id":"CRS3035RES200mN2888400E3760600","population":1149.5,"households":643.0,"poverty_rate":0.17107309486780714,"senior_rate":0.1635493692909961,"single_parent_rate":0.07931570762052877,"social_housing_rate":0.17107309486780714,"imputed":false,"vulnerability":23.5}},{"type":"Feature","geometry":{"type":"Polygon","coordinates":[[[2.356795,48.847115],[2.356518,48.848903],[2.353806,48.848717],[2.354082,48.846929],[2.356795,48.847115]]]},"properties":{"id":"CRS3035RES200mN2888400E3760800","population":251.5,"households":159.0,"poverty_rate":0.14465408805031446,"senior_rate":0.15109343936381708,"single_parent_rate":0.050314465408805034,"social_housing_rate":0.0,"imputed":false,"vulnerability":17.7}},{"type":"Feature","geometry":{"type":"Polygon","coordinates":[[[2.359507,48.847301],[2.35923,48.849089],[2.356518,48.848903],[2.356795,48.847115],[2.359507,48.847301]]]},"properties":{"id":"CRS3035RES200mN2888400E3761000","population":1.0,"households":0.4,"poverty_rate":0.25,"senior_rate":0.1,"single_parent_rate":0.25,"social_housing_rate":0.5,"imputed":true,"vulnerability":36.3}},{"type":"Feature","geometry":{"type":"Polygon","coordinates":[[[2.364931,48.847674],[2.364655,48.849462],[2.361943,48.849276],[2.362219,48.847488],[2.364931,48.847674]]]},"properties":{"id":"CRS3035RES200mN2888400E3761400","population":969.0,"households":428.0,"poverty_rate":0.102803738317757,"senior_rate":0.10526315789473684,"single_parent_rate":0.12850467289719625,"social_housing_rate":0.338785046728972,"imputed":false,"vulnerability":21.6}},{"type":"Feature","geometry":{"type":"Polygon","coordinates":[[[2.367644,48.84786],[2.367367,48.849648],[2.364655,48.849462],[2.364931,48.847674],[2.367644,48.84786]]]},"properties":{"id":"CRS3035RES200mN2888400E3761600","population":578.5,"households":316.0,"poverty_rate":0.10759493670886076,"senior_rate":0.2212618841832325,"single_parent_rate":0.06962025316455696,"social_housing_rate":0.12025316455696203,"imputed":false,"vulnerability":22.4}},{"type":"Feature","geometry":{"type":"Polygon","coordinates":[[[2.370356,48.848046],[2.37008,48.849834],[2.367367,48.849648],[2.367644,48.84786],[2.370356,48.848046]]]},"properties":{"id":"CRS3035RES200mN2888400E3761800","population":740.5,"households":439.0,"poverty_rate":0.09567198177676538,"senior_rate":0.28764348413234303,"single_parent_rate":0.05694760820045558,"social_housing_rate":0.09111617312072894,"imputed":false,"vulnerability":24.4}},{"type":"Feature","geometry":{"type":"Polygon","coordinates":[[[2.373068,48.848232],[2.372792,48.85002],[2.37008,48.849834],[2.370356,48.848046],[2.373068,48.848232]]]},"properties":{"id":"CRS3035RES200mN2888400E3762000","population":865.5,"households":465.0,"poverty_rate":0.12688172043010754,"senior_rate":0.21490467937608318,"single_parent_rate":0.04946236559139785,"social_housing_rate":0.053763440860215055,"imputed":false,"vulnerability":21.1}},{"type":"Feature","geometry":{"type":"Polygon","coordinates":[[[2.37578,48.848418],[2.375505,48.850206],[2.372792,48.85002],[2.373068,48.848232],[2.37578,48.848418]]]},"properties":{"id":"CRS3035RES200mN2888400E3762200","population":1524.5,"households":892.0,"poverty_rate":0.13565022421524664,"senior_rate":0.16661200393571662,"single_parent_rate":0.06614349775784753,"social_housing_rate":0.0,"imputed":false,"vulnerability":18.8}},{"type":"Feature","geometry":{"type":"Polygon","coordinates":[[[2.378493,48.848604],[2.378217,48.850392],[2.375505,48.850206],[2.37578,48.848418],[2.378493,48.848604]]]},"properties":{"id":"CRS3035RES200mN2888400E3762400","population":1341.5,"households":808.0,"poverty_rate":0.1373762376237624,"senior_rate":0.18635855385762207,"single_parent_rate":0.08292079207920793,"social_housing_rate":0.04826732673267327,"imputed":false,"vulnerability":21.4}},{"type":"Feature","geometry":{"type":"Polygon","coordinates":[[[2.381205,48.84879],[2.380929,48.850578],[2.378217,48.850392],[2.378493,48.848604],[2.381205,48.84879]]]},"properties":{"id":"CRS3035RES200mN2888400E3762600","population":1486.0,"households":839.0,"poverty_rate":0.13706793802145412,"senior_rate":0.1857335127860027,"single_parent_rate":0.07628128724672228,"social_housing_rate":0.066746126340882,"imputed":false,"vulnerability":21.4}},{"type":"Feature","geometry":{"type":"Polygon","coordinates":[[[2.383918,48.848976],[2.383642,48.850764],[2.380929,48.850578],[2.381205,48.84879],[2.383918,48.848976]]]},"properties":{"id":"CRS3035RES200mN2888400E3762800","population":428.0,"households":239.0,"poverty_rate":0.13807531380753138,"senior_rate":0.11682242990654206,"single_parent_rate":0.09623430962343096,"social_housing_rate":0.11715481171548117,"imputed":false,"vulnerability":19.2}},{"type":"Feature","geometry":{"type":"Polygon","coordinates":[[[2.38663,48.849161],[2.386354,48.850949],[2.383642,48.850764],[2.383918,48.848976],[2.38663,48.849161]]]},"properties":{"id":"CRS3035RES200mN2888400E3763000","population":1176.0,"households":659.0,"poverty_rate":0.15933232169954475,"senior_rate":0.17346938775510204,"single_parent_rate":0.057663125948406675,"social_housing_rate":0.06525037936267071,"imputed":false,"vulnerability":21.0}},{"type":"Feature","geometry":{"type":"Polygon","coordinates":[[[2.389342,48.849347],[2.389067,48.851135],[2.386354,48.850949],[2.38663,48.849161],[2.389342,48.849347]]]},"properties":{"id":"CRS3035RES200mN2888400E3763200","population":1415.0,"households":815.0,"poverty_rate":0.1361963190184049,"senior_rate":0.1717314487632509,"single_parent_rate":0.0834355828220859,"social_housing_rate":0.08220858895705521,"imputed":false,"vulnerability":21.1}},{"type":"Feature","geometry":{"type":"Polygon","coordinates":[[[2.392055,48.849532],[2.391779,48.85132],[2.389067,48.851135],[2.389342,48.849347],[2.392055,48.849532]]]},"properties":{"id":"CRS3035RES200mN2888400E3763400","population":1864.0,"households":1161.0,"poverty_rate":0.13522825150732126,"senior_rate":0.19206008583690987,"single_parent_rate":0.06287683031869079,"social_housing_rate":0.007751937984496124,"imputed":false,"vulnerability":20.2}},{"type":"Feature","geometry":{"type":"Polygon","coordinates":[[[2.394767,48.849718],[2.394492,48.851506],[2.391779,48.85132],[2.392055,48.849532],[2.394767,48.849718]]]},"properties":{"id":"CRS3035RES200mN2888400E3763600","population":1758.0,"households":1033.0,"poverty_rate":0.15004840271055178,"senior_rate":0.16609783845278725,"single_parent_rate":0.06098741529525654,"social_housing_rate":0.13843175217812198,"imputed":false,"vulnerability":21.4}},{"type":"Feature","geometry":{"type":"Polygon","coordinates":[[[2.39748,48.849903],[2.397205,48.851691],[2.394492,48.851506],[2.394767,48.849718],[2.39748,48.849903]]]},"properties":{"id":"CRS3035RES200mN2888400E3763800","population":1426.0,"households":766.0,"poverty_rate":0.11096605744125326,"senior_rate":0.2131837307152875,"single_parent_rate":0.06919060052219321,"social_housing_rate":0.14490861618798956,"imputed":false,"vulnerability":22.4}},{"type":"Feature","geometry":{"type":"Polygon","coordinates":[[[2.400192,48.850089],[2.399917,48.851877],[2.397205,48.851691],[2.39748,48.849903],[2.400192,48.850089]]]},"properties":{"id":"CRS3035RES200mN2888400E3764000","population":1284.0,"households":710.0,"poverty_rate":0.1323943661971831,"senior_rate":0.17523364485981308,"single_parent_rate":0.07746478873239436,"social_housing_rate":0.054929577464788736,"imputed":false,"vulnerability":20.4}},{"type":"Feature","geometry":{"type":"Polygon","coordinates":[[[2.402905,48.850274],[2.40263,48.852062],[2.399917,48.851877],[2.400192,48.850089],[2.402905,48.850274]]]},"properties":{"id":"CRS3035RES200mN2888400E3764200","population":1517.0,"households":793.0,"poverty_rate":0.0832282471626734,"senior_rate":0.1931443638760712,"single_parent_rate":0.0807061790668348,"social_housing_rate":0.0,"imputed":false,"vulnerability":18.3}},{"type":"Feature","geometry":{"type":"Polygon","coordinates":[[[2.405617,48.850459],[2.405342,48.852247],[2.40263,48.852062],[2.402905,48.850274],[2.405617,48.850459]]]},"properties":{"id":"CRS3035RES200mN2888400E3764400","population":2261.0,"households":1135.0,"poverty_rate":0.13303964757709252,"senior_rate":0.17337461300309598,"single_parent_rate":0.08458149779735682,"social_housing_rate":0.1515418502202643,"imputed":false,"vulnerability":22.1}},{"type":"Feature","geometry":{"type":"Polygon","coordinates":[[[2.40833,48.850644],[2.408055,48.852432],[2.405342,48.852247],[2.405617,48.850459],[2.40833,48.850644]]]},"properties":{"id":"CRS3035RES200mN2888400E3764600","population":1424.0,"households":824.0,"poverty_rate":0.10072815533980582,"senior_rate":0.20856741573033707,"single_parent_rate":0.05946601941747573,"social_housing_rate":0.043689320388349516,"imputed":false,"vulnerability":19.7}},{"type":"Feature","geometry":{"type":"Polygon","coordinates":[[[2.411042,48.850829],[2.410768,48.852617],[2.408055,48.852432],[2.40833,48.850644],[2.411042,48.850829]]]},"properties":{"id":"CRS3035RES200mN2888400E3764800","population":824.0,"households":280.0,"poverty_rate":0.225,"senior_rate":0.16868932038834952,"single_parent_rate":0.18214285714285713,"social_housing_rate":0.9428571428571428,"imputed":false,"vulnerability":42.5}},{"type":"Feature","geometry":{"type":"Polygon","coordinates":[[[2.413755,48.851014],[2.41348,48.852802],[2.410768,48.852617],[2.411042,48.850829],[2.413755,48.851014]]]},"properties":{"id":"CRS3035RES200mN2888400E3765000","population":944.5,"households":411.0,"poverty_rate":0.3333333333333333,"senior_rate":0.23186871360508204,"single_parent_rate":0.1873479318734793,"social_housing_rate":1.0,"imputed":false,"vulnerability":52.5}},{"type":"Feature","geometry":{"type":"Polygon","coordinates":[[[2.416468,48.851199],[2.416193,48.852987],[2.41348,48.852802],[2.413755,48.851014],[2.416468,48.851199]]]},"properties":{"id":"CRS3035RES200mN2888400E3765200","population":68.0,"households":68.0,"poverty_rate":0.5294117647058824,"senior_rate":0.0,"single_parent_rate":0.0,"social_housing_rate":0.9705882352941176,"imputed":false,"vulnerability":41.0}},{"type":"Feature","geometry":{"type":"Polygon","coordinates":[[[2.253464,48.841773],[2.253184,48.84356],[2.250472,48.843372],[2.250752,48.841584],[2.253464,48.841773]]]},"properties":{"id":"CRS3035RES200mN2888600E3753200","population":244.5,"households":114.0,"poverty_rate":0.09649122807017543,"senior_rate":0.21267893660531698,"single_parent_rate":0.12280701754385964,"social_housing_rate":0.0,"imputed":false,"vulnerability":21.8}},{"type":"Feature","geometry":{"type":"Polygon","coordinates":[[[2.256176,48.841962],[2.255895,48.843749],[2.253184,48.84356],[2.253464,48.841773],[2.256176,48.841962]]]},"properties":{"id":"CRS3035RES200mN2888600E3753400","population":514.0,"households":262.0,"poverty_rate":0.20610687022900764,"senior_rate":0.2198443579766537,"single_parent_rate":0.1984732824427481,"social_housing_rate":0.9732824427480916,"imputed":false,"vulnerability":45.6}},{"type":"Feature","geometry":{"type":"Polygon","coordinates":[[[2.258887,48.842151],[2.258607,48.843938],[2.255895,48.843749],[2.256176,48.841962],[2.258887,48.842151]]]},"properties":{"id":"CRS3035RES200mN2888600E3753600","population":1740.5,"households":793.0,"poverty_rate":0.12484237074401008,"senior_rate":0.19706980752657283,"single_parent_rate":0.08827238335435057,"social_housing_rate":0.031525851197982346,"imputed":false,"vulnerability":21.4}},{"type":"Feature","geometry":{"type":"Polygon","coordinates":[[[2.261599,48.842339],[2.261319,48.844127],[2.258607,48.843938],[2.258887,48.842151],[2.261599,48.842339]]]},"properties":{"id":"CRS3035RES200mN2888600E3753800","population":1522.5,"households":732.0,"poverty_rate":0.1133879781420765,"senior_rate":0.20886699507389161,"single_parent_rate":0.11475409836065574,"social_housing_rate":0.0,"imputed":false,"vulnerability":22.1}},{"type":"Feature","geometry":{"type":"Polygon","coordinates":[[[2.264311,48.842528],[2.264031,48.844316],[2.261319,48.844127],[2.261599,48.842339],[2.264311,48.842528]]]},"properties":{"id":"CRS3035RES200mN2888600E3754000","population":937.0,"households":460.0,"poverty_rate":0.11521739130434783,"senior_rate":0.2305229455709712,"single_parent_rate":0.05652173913043478,"social_housing_rate":0.0,"imputed":false,"vulnerability":20.9}},{"type":"Feature","geometry":{"type":"Polygon","coordinates":[[[2.267022,48.842716],[2.266742,48.844504],[2.264031,48.844316],[2.264311,48.842528],[2.267022,48.842716]]]},"properties":{"id":"CRS3035RES200mN2888600E3754200","population":985.0,"households":552.0,"poverty_rate":0.15217391304347827,"senior_rate":0.22131979695431472,"single_parent_rate":0.057971014492753624,"social_housing_rate":0.07065217391304347,"imputed":false,"vulnerability":23.3}},{"type":"Feature","geometry":{"type":"Polygon","coordinates":[[[2.269734,48.842905],[2.269454,48.844693],[2.266742,48.844504],[2.267022,48.842716],[2.269734,48.842905]]]},"properties":{"id":"CRS3035RES200mN2888600E3754400","population":538.5,"households":223.0,"poverty_rate":0.06278026905829596,"senior_rate":0.1615598885793872,"single_parent_rate":0.09865470852017937,"social_housing_rate":0.0,"imputed":false,"vulnerability":16.3}},{"type":"Feature","geometry":{"type":"Polygon","coordinates":[[[2.272446,48.843093],[2.272166,48.844881],[2.269454,48.844693],[2.269734,48.842905],[2.272446,48.843093]]]},"properties":{"id":"CRS3035RES200mN2888600E3754600","population":1116.0,"households":498.0,"poverty_rate":0.1646586345381526,"senior_rate":0.253584229390681,"single_parent_rate":0.0642570281124498,"social_housing_rate":0.002008032128514056,"imputed":false,"vulnerability":25.0}},{"type":"Feature","geometry":{"type":"Polygon","coordinates":[[[2.275157,48.843282],[2.274878,48.84507],[2.272166,48.844881],[2.272446,48.843093],[2.275157,48.843282]]]},"properties":{"id":"CRS3035RES200mN2888600E3754800","population":9.0,"households":3.3,"poverty_rate":0.0,"senior_rate":0.044444444444444446,"single_parent_rate":0.18181818181818182,"social_housing_rate":0.0,"imputed":true,"vulnerability":10.3}},{"type":"Feature","geometry":{"type":"Polygon","coordinates":[[[2.277869,48.84347],[2.27759,48.845258],[2.274878,48.84507],[2.275157,48.843282],[2.277869,48.84347]]]},"properties":{"id":"CRS3035RES200mN2888600E3755000","population":999.0,"households":550.0,"poverty_rate":0.1781818181818182,"senior_rate":0.22522522522522523,"single_parent_rate":0.09454545454545454,"social_housing_rate":0.12363636363636364,"imputed":false,"vulnerability":27.2}},{"type":"Feature","geometry":{"type":"Polygon","coordinates":[[[2.280581,48.843658],[2.280302,48.845446],[2.27759,48.845258],[2.277869,48.84347],[2.280581,48.843658]]]},"properties":{"id":"CRS3035RES200mN2888600E3755200","population":1417.5,"households":686.0,"poverty_rate":0.12973760932944606,"senior_rate":0.2074074074074074,"single_parent_rate":0.10787172011661808,"social_housing_rate":0.31341107871720114,"imputed":false,"vulnerability":27.3}},{"type":"Feature","geometry":{"type":"Polygon","coordinates":[[[2.283293,48.843847],[2.283013,48.845634],[2.280302,48.845446],[2.280581,48.843658],[2.283293,48.843847]]]},"properties":{"id":"CRS3035RES200mN2888600E3755400","population":1135.5,"households":687.0,"poverty_rate":0.12954876273653565,"senior_rate":0.1814178775869661,"single_parent_rate":0.055312954876273655,"social_housing_rate":0.00727802037845706,"imputed":false,"vulnerability":19.0}},{"type":"Feature","geometry":{"type":"Polygon","coordinates":[[[2.286004,48.844035],[2.285725,48.845822],[2.283013,48.845634],[2.283293,48.843847],[2.286004,48.844035]]]},"properties":{"id":"CRS3035RES200mN2888600E3755600","population":1589.5,"households":969.0,"poverty_rate":0.1393188854489164,"senior_rate":0.17175212330921674,"single_parent_rate":0.06604747162022703,"social_housing_rate":0.0825593395252838,"imputed":false,"vulnerability":20.5}},{"type":"Feature","geometry":{"type":"Polygon","coordinates":[[[2.288716,48.844223],[2.288437,48.846011],[2.285725,48.845822],[2.286004,48.844035],[2.288716,48.844223]]]},"properties":{"id":"CRS3035RES200mN2888600E3755800","population":1979.5,"households":1124.0,"poverty_rate":0.13167259786476868,"senior_rate":0.20611265471078555,"single_parent_rate":0.08185053380782918,"social_housing_rate":0.10854092526690391,"imputed":false,"vulnerability":23.1}},{"type":"Feature","geometry":{"type":"Polygon","coordinates":[[[2.291428,48.844411],[2.291149,48.846199],[2.288437,48.846011],[2.288716,48.844223],[2.291428,48.844411]]]},"properties":{"id":"CRS3035RES200mN2888600E3756000","population":1596.5,"households":853.0,"poverty_rate":0.09495896834701055,"senior_rate":0.2079549013466959,"single_parent_rate":0.06447831184056271,"social_housing_rate":0.02579132473622509,"imputed":false,"vulnerability":19.4}},{"type":"Feature","geometry":{"type":"Polygon","coordinates":[[[2.29414,48.844599],[2.293861,48.846386],[2.291149,48.846199],[2.291428,48.844411],[2.29414,48.844599]]]},"properties":{"id":"CRS3035RES200mN2888600E3756200","population":904.5,"households":480.0,"poverty_rate":0.09375,"senior_rate":0.21669430624654507,"single_parent_rate":0.10208333333333333,"social_housing_rate":0.175,"imputed":false,"vulnerability":23.6}},{"type":"Feature","geometry":{"type":"Polygon","coordinates":[[[2.296852,48.844787],[2.296573,48.846574],[2.293861,48.846386],[2.29414,48.844599],[2.296852,48.844787]]]},"properties":{"id":"CRS3035RES200mN2888600E3756400","population":1651.5,"households":1008.0,"poverty_rate":0.13194444444444445,"senior_rate":0.1646987587042083,"single_parent_rate":0.054563492063492064,"social_housing_rate":0.000992063492063492,"imputed":false,"vulnerability":18.0}},{"type":"Feature","geometry":{"type":"Polygon","coordinates":[[[2.299564,48.844974],[2.299285,48.846762],[2.296573,48.846574],[2.296852,48.844787],[2.299564,48.844974]]]},"properties":{"id":"CRS3035RES200mN2888600E3756600","population":1658.5,"households":889.0,"poverty_rate":0.13385826771653545,"senior_rate":0.17425384383479048,"single_parent_rate":0.07536557930258718,"social_housing_rate":0.2215973003374578,"imputed":false,"vulnerability":22.9}},{"type":"Feature","geometry":{"type":"Polygon","coordinates":[[[2.302276,48.845162],[2.301997,48.84695],[2.299285,48.846762],[2.299564,48.844974],[2.302276,48.845162]]]},"properties":{"id":"CRS3035RES200mN2888600E3756800","population":2091.5,"households":1196.0,"poverty_rate":0.15133779264214048,"senior_rate":0.2204159693999522,"single_parent_rate":0.08779264214046822,"social_housing_rate":0.26588628762541805,"imputed":false,"vulnerability":27.5}},{"type":"Feature","geometry":{"type":"Polygon","coordinates":[[[2.304988,48.84535],[2.304709,48.847138],[2.301997,48.84695],[2.302276,48.845162],[2.304988,48.84535]]]},"properties":{"id":"CRS3035RES200mN2888600E3757000","population":1395.5,"households":787.0,"poverty_rate":0.11308767471410419,"senior_rate":0.2472232174847725,"single_parent_rate":0.048284625158831,"social_housing_rate":0.09529860228716645,"imputed":false,"vulnerability":22.8}},{"type":"Feature","geometry":{"type":"Polygon","coordinates":[[[2.3077,48.845537],[2.307421,48.847325],[2.304709,48.847138],[2.304988,48.84535],[2.3077,48.845537]]]},"properties":{"id":"CRS3035RES200mN2888600E3757200","population":967.0,"households":496.0,"poverty_rate":0.11693548387096774,"senior_rate":0.17063081695966908,"single_parent_rate":0.06451612903225806,"social_housing_rate":0.034274193548387094,"imputed":false,"vulnerability":18.5}},{"type":"Feature","geometry":{"type":"Polygon","coordinates":[[[2.310412,48.845725],[2.310133,48.847513],[2.307421,48.847325],[2.3077,48.845537],[2.310412,48.845725]]]},"properties":{"id":"CRS3035RES200mN2888600E3757400","population":1577.5,"households":752.0,"poverty_rate":0.09308510638297872,"senior_rate":0.2091917591125198,"single_parent_rate":0.08643617021276596,"social_housing_rate":0.010638297872340425,"imputed":false,"vulnerability":20.1}},{"type":"Feature","geometry":{"type":"Polygon","coordinates":[[[2.313124,48.845912],[2.312845,48.8477],[2.310133,48.847513],[2.310412,48.845725],[2.313124,48.845912]]]},"properties":{"id":"CRS3035RES200mN2888600E3757600","population":794.5,"households":367.0,"poverty_rate":0.09809264305177112,"senior_rate":0.24543738200125864,"single_parent_rate":0.04632152588555858,"social_housing_rate":0.0,"imputed":false,"vulnerability":20.4}},{"type":"Feature","geometry":{"type":"Polygon","coordinates":[[[2.315836,48.8461],[2.315558,48.847888],[2.312845,48.8477],[2.313124,48.845912],[2.315836,48.8461]]]},"properties":{"id":"CRS3035RES200mN2888600E3757800","population":517.5,"households":291.0,"poverty_rate":0.13402061855670103,"senior_rate":0.2647342995169082,"single_parent_rate":0.0859106529209622,"social_housing_rate":0.020618556701030927,"imputed":false,"vulnerability":25.3}},{"type":"Feature","geometry":{"type":"Polygon","coordinates":[[[2.318548,48.846287],[2.31827,48.848075],[2.315558,48.847888],[2.315836,48.8461],[2.318548,48.846287]]]},"properties":{"id":"CRS3035RES200mN2888600E3758000","population":872.0,"households":431.0,"poverty_rate":0.11136890951276102,"senior_rate":0.268348623853211,"single_parent_rate":0.10904872389791183,"social_housing_rate":0.0,"imputed":false,"vulnerability":25.0}},{"type":"Feature","geometry":{"type":"Polygon","coordinates":[[[2.32126,48.846474],[2.320982,48.848262],[2.31827,48.848075],[2.318548,48.846287],[2.32126,48.846474]]]},"properties":{"id":"CRS3035RES200mN2888600E3758200","population":994.5,"households":606.0,"poverty_rate":0.10231023102310231,"senior_rate":0.2463549522373052,"single_parent_rate":0.06105610561056106,"social_housing_rate":0.036303630363036306,"imputed":false,"vulnerability":21.8}},{"type":"Feature","geometry":{"type":"Polygon","coordinates":[[[2.323972,48.846662],[2.323694,48.848449],[2.320982,48.848262],[2.32126,48.846474],[2.323972,48.846662]]]},"properties":{"id":"CRS3035RES200mN2888600E3758400","population":877.0,"households":531.0,"poverty_rate":0.128060263653484,"senior_rate":0.34891676168757124,"single_parent_rate":0.060263653483992465,"social_housing_rate":0.018832391713747645,"imputed":false,"vulnerability":28.5}},{"type":"Feature","geometry":{"type":"Polygon","coordinates":[[[2.326684,48.846849],[2.326406,48.848637],[2.323694,48.848449],[2.323972,48.846662],[2.326684,48.846849]]]},"properties":{"id":"CRS3035RES200mN2888600E3758600","population":1061.5,"households":593.0,"poverty_rate":0.13490725126475547,"senior_rate":0.2675459255770137,"single_parent_rate":0.0893760539629005,"social_housing_rate":0.011804384485666104,"imputed":false,"vulnerability":25.5}},{"type":"Feature","geometry":{"type":"Polygon","coordinates":[[[2.329396,48.847036],[2.329118,48.848824],[2.326406,48.848637],[2.326684,48.846849],[2.329396,48.847036]]]},"properties":{"id":"CRS3035RES200mN2888600E3758800","population":891.0,"households":446.0,"poverty_rate":0.11883408071748879,"senior_rate":0.2996632996632997,"single_parent_rate":0.08071748878923767,"social_housing_rate":0.11434977578475336,"imputed":false,"vulnerability":27.6}},{"type":"Feature","geometry":{"type":"Polygon","coordinates":[[[2.332108,48.847223],[2.331831,48.849011],[2.329118,48.848824],[2.329396,48.847036],[2.332108,48.847223]]]},"properties":{"id":"CRS3035RES200mN2888600E3759000","population":770.5,"households":385.0,"poverty_rate":0.12987012987012986,"senior_rate":0.28423101881894874,"single_parent_rate":0.08311688311688312,"social_housing_rate":0.007792207792207792,"imputed":false,"vulnerability":25.8}},{"type":"Feature","geometry":{"type":"Polygon","coordinates":[[[2.33482,48.84741],[2.334543,48.849198],[2.331831,48.849011],[2.332108,48.847223],[2.33482,48.84741]]]},"properties":{"id":"CRS3035RES200mN2888600E3759200","population":249.5,"households":119.0,"poverty_rate":0.14285714285714285,"senior_rate":0.312625250501002,"single_parent_rate":0.058823529411764705,"social_housing_rate":0.0,"imputed":false,"vulnerability":26.9}},{"type":"Feature","geometry":{"type":"Polygon","coordinates":[[[2.340245,48.847783],[2.339967,48.849571],[2.337255,48.849385],[2.337532,48.847597],[2.340245,48.847783]]]},"properties":{"id":"CRS3035RES200mN2888600E3759600","population":265.0,"households":143.0,"poverty_rate":0.08391608391608392,"senior_rate":0.2528301886792453,"single_parent_rate":0.07692307692307693,"social_housing_rate":0.0,"imputed":false,"vulnerability":21.4}},{"type":"Feature","geometry":{"type":"Polygon","coordinates":[[[2.342957,48.84797],[2.34268,48.849758],[2.339967,48.849571],[2.340245,48.847783],[2.342957,48.84797]]]},"properties":{"id":"CRS3035RES200mN2888600E3759800","population":735.5,"households":365.0,"poverty_rate":0.12602739726027398,"senior_rate":0.23521414004078858,"single_parent_rate":0.08767123287671233,"social_housing_rate":0.0,"imputed":false,"vulnerability":23.0}},{"type":"Feature","geometry":{"type":"Polygon","coordinates":[[[2.345669,48.848157],[2.345392,48.849945],[2.34268,48.849758],[2.342957,48.84797],[2.345669,48.848157]]]},"properties":{"id":"CRS3035RES200mN2888600E3760000","population":259.5,"households":136.0,"poverty_rate":0.15441176470588236,"senior_rate":0.13102119460500963,"single_parent_rate":0.058823529411764705,"social_housing_rate":0.0,"imputed":false,"vulnerability":17.5}},{"type":"Feature","geometry":{"type":"Polygon","coordinates":[[[2.348381,48.848344],[2.348104,48.850131],[2.345392,48.849945],[2.345669,48.848157],[2.348381,48.848344]]]},"properties":{"id":"CRS3035RES200mN2888600E3760200","population":913.0,"households":511.0,"poverty_rate":0.1506849315068493,"senior_rate":0.23329682365826945,"single_parent_rate":0.09197651663405088,"social_housing_rate":0.04500978473581213,"imputed":false,"vulnerability":25.0}},{"type":"Feature","geometry":{"type":"Polygon","coordinates":[[[2.351093,48.84853],[2.350817,48.850318],[2.348104,48.850131],[2.348381,48.848344],[2.351093,48.84853]]]},"properties":{"id":"CRS3035RES200mN2888600E3760400","population":1115.5,"households":598.0,"poverty_rate":0.1254180602006689,"senior_rate":0.20977140295831465,"single_parent_rate":0.07357859531772576,"social_housing_rate":0.12709030100334448,"imputed":false,"vulnerability":22.9}},{"type":"Feature","geometry":{"type":"Polygon","coordinates":[[[2.353806,48.848717],[2.353529,48.850504],[2.350817,48.850318],[2.351093,48.84853],[2.353806,48.848717]]]},"properties":{"id":"CRS3035RES200mN2888600E3760600","population":1115.5,"households":599.0,"poverty_rate":0.09515859766277128,"senior_rate":0.2850739578664276,"single_parent_rate":0.05676126878130217,"social_housing_rate":0.05843071786310518,"imputed":false,"vulnerability":23.8}},{"type":"Feature","geometry":{"type":"Polygon","coordinates":[[[2.356518,48.848903],[2.356241,48.850691],[2.353529,48.850504],[2.353806,48.848717],[2.356518,48.848903]]]},"properties":{"id":"CRS3035RES200mN2888600E3760800","population":581.5,"households":300.0,"poverty_rate":0.10666666666666667,"senior_rate":0.29578675838349094,"single_parent_rate":0.07333333333333333,"social_housing_rate":0.0,"imputed":false,"vulnerability":24.8}},{"type":"Feature","geometry":{"type":"Polygon","coordinates":[[[2.35923,48.849089],[2.358954,48.850877],[2.356241,48.850691],[2.356518,48.848903],[2.35923,48.849089]]]},"properties":{"id":"CRS3035RES200mN2888600E3761000","population":121.0,"households":61.0,"poverty_rate":0.13114754098360656,"senior_rate":0.2975206611570248,"single_parent_rate":0.08196721311475409,"social_housing_rate":0.0,"imputed":false,"vulnerability":26.5}},{"type":"Feature","geometry":{"type":"Polygon","coordinates":[[[2.361943,48.849276],[2.361666,48.851064],[2.358954,48.850877],[2.35923,48.849089],[2.361943,48.849276]]]},"properties":{"id":"CRS3035RES200mN2888600E3761200","population":142.0,"households":73.0,"poverty_rate":0.0821917808219178,"senior_rate":0.323943661971831,"single_parent_rate":0.0410958904109589,"social_housing_rate":0.0,"imputed":false,"vulnerability":23.7}},{"type":"Feature","geometry":{"type":"Polygon","coordinates":[[[2.364655,48.849462],[2.364379,48.85125],[2.361666,48.851064],[2.361943,48.849276],[2.364655,48.849462]]]},"properties":{"id":"CRS3035RES200mN2888600E3761400","population":168.5,"households":84.0,"poverty_rate":0.11904761904761904,"senior_rate":0.18397626112759644,"single_parent_rate":0.07142857142857142,"social_housing_rate":0.0,"imputed":false,"vulnerability":19.2}},{"type":"Feature","geometry":{"type":"Polygon","coordinates":[[[2.367367,48.849648],[2.367091,48.851436],[2.364379,48.85125],[2.364655,48.849462],[2.367367,48.849648]]]},"properties":{"id":"CRS3035RES200mN2888600E3761600","population":568.5,"households":269.0,"poverty_rate":0.09665427509293681,"senior_rate":0.158311345646438,"single_parent_rate":0.13011152416356878,"social_housing_rate":0.45353159851301117,"imputed":false,"vulnerability":26.0}},{"type":"Feature","geometry":{"type":"Polygon","coordinates":[[[2.37008,48.849834],[2.369804,48.851622],[2.367091,48.851436],[2.367367,48.849648],[2.37008,48.849834]]]},"properties":{"id":"CRS3035RES200mN2888600E3761800","population":351.0,"households":206.0,"poverty_rate":0.10194174757281553,"senior_rate":0.16524216524216523,"single_parent_rate":0.043689320388349516,"social_housing_rate":0.09223300970873786,"imputed":false,"vulnerability":17.5}},{"type":"Feature","geometry":{"type":"Polygon","coordinates":[[[2.372792,48.85002],[2.372516,48.851808],[2.369804,48.851622],[2.37008,48.849834],[2.372792,48.85002]]]},"properties":{"id":"CRS3035RES200mN2888600E3762000","population":503.5,"households":296.0,"poverty_rate":0.10135135135135136,"senior_rate":0.11916583912611718,"single_parent_rate":0.10810810810810811,"social_housing_rate":0.22297297297297297,"imputed":false,"vulnerability":19.6}},{"type":"Feature","geometry":{"type":"Polygon","coordinates":[[[2.375505,48.850206],[2.375229,48.851994],[2.372516,48.851808],[2.372792,48.85002],[2.375505,48.850206]]]},"properties":{"id":"CRS3035RES200mN2888600E3762200","population":1236.5,"households":735.0,"poverty_rate":0.1346938775510204,"senior_rate":0.1665992721391023,"single_parent_rate":0.07346938775510205,"social_housing_rate":0.11700680272108843,"imputed":false,"vulnerability":20.8}},{"type":"Feature","geometry":{"type":"Polygon","coordinates":[[[2.378217,48.850392],[2.377941,48.85218],[2.375229,48.851994],[2.375505,48.850206],[2.378217,48.850392]]]},"properties":{"id":"CRS3035RES200mN2888600E3762400","population":1286.0,"households":697.0,"poverty_rate":0.1406025824964132,"senior_rate":0.1827371695178849,"single_parent_rate":0.09182209469153516,"social_housing_rate":0.13486370157819225,"imputed":false,"vulnerability":23.1}},{"type":"Feature","geometry":{"type":"Polygon","coordinates":[[[2.380929,48.850578],[2.380654,48.852366],[2.377941,48.85218],[2.378217,48.850392],[2.380929,48.850578]]]},"properties":{"id":"CRS3035RES200mN2888600E3762600","population":1339.5,"households":762.0,"poverty_rate":0.14435695538057744,"senior_rate":0.1358715938783128,"single_parent_rate":0.06692913385826772,"social_housing_rate":0.04199475065616798,"imputed":false,"vulnerability":18.2}},{"type":"Feature","geometry":{"type":"Polygon","coordinates":[[[2.383642,48.850764],[2.383366,48.852552],[2.380654,48.852366],[2.380929,48.850578],[2.383642,48.850764]]]},"properties":{"id":"CRS3035RES200mN2888600E3762800","population":1484.5,"households":861.0,"poverty_rate":0.148664343786295,"senior_rate":0.18322667564836645,"single_parent_rate":0.07200929152148665,"social_housing_rate":0.13937282229965156,"imputed":false,"vulnerability":22.7}},{"type":"Feature","geometry":{"type":"Polygon","coordinates":[[[2.386354,48.850949],[2.386079,48.852737],[2.383366,48.852552],[2.383642,48.850764],[2.386354,48.850949]]]},"properties":{"id":"CRS3035RES200mN2888600E3763000","population":1706.0,"households":983.0,"poverty_rate":0.11495422177009156,"senior_rate":0.15123094958968347,"single_parent_rate":0.07833163784333673,"social_housing_rate":0.11088504577822991,"imputed":false,"vulnerability":19.1}},{"type":"Feature","geometry":{"type":"Polygon","coordinates":[[[2.389067,48.851135],[2.388792,48.852923],[2.386079,48.852737],[2.386354,48.850949],[2.389067,48.851135]]]},"properties":{"id":"CRS3035RES200mN2888600E3763200","population":1023.5,"households":556.0,"poverty_rate":0.10071942446043165,"senior_rate":0.2247191011235955,"single_parent_rate":0.06115107913669065,"social_housing_rate":0.030575539568345324,"imputed":false,"vulnerability":20.5}},{"type":"Feature","geometry":{"type":"Polygon","coordinates":[[[2.391779,48.85132],[2.391504,48.853108],[2.388792,48.852923],[2.389067,48.851135],[2.391779,48.85132]]]},"properties":{"id":"CRS3035RES200mN2888600E3763400","population":1290.0,"households":769.0,"poverty_rate":0.10663198959687907,"senior_rate":0.17286821705426356,"single_parent_rate":0.0611183355006502,"social_housing_rate":0.07282184655396619,"imputed":false,"vulnerability":18.6}},{"type":"Feature","geometry":{"type":"Polygon","coordinates":[[[2.394492,48.851506],[2.394217,48.853294],[2.391504,48.853108],[2.391779,48.85132],[2.394492,48.851506]]]},"properties":{"id":"CRS3035RES200mN2888600E3763600","population":1376.5,"households":786.0,"poverty_rate":0.12849872773536897,"senior_rate":0.1787141300399564,"single_parent_rate":0.08396946564885496,"social_housing_rate":0.138676844783715,"imputed":false,"vulnerability":22.0}},{"type":"Feature","geometry":{"type":"Polygon","coordinates":[[[2.397205,48.851691],[2.39693,48.853479],[2.394217,48.853294],[2.394492,48.851506],[2.397205,48.851691]]]},"properties":{"id":"CRS3035RES200mN2888600E3763800","population":2155.0,"households":985.0,"poverty_rate":0.13096446700507614,"senior_rate":0.22134570765661252,"single_parent_rate":0.11370558375634518,"social_housing_rate":0.4131979695431472,"imputed":false,"vulnerability":29.8}},{"type":"Feature","geometry":{"type":"Polygon","coordinates":[[[2.399917,48.851877],[2.399642,48.853665],[2.39693,48.853479],[2.397205,48.851691],[2.399917,48.851877]]]},"properties":{"id":"CRS3035RES200mN2888600E3764000","population":1507.0,"households":798.0,"poverty_rate":0.13032581453634084,"senior_rate":0.14333112143331123,"single_parent_rate":0.07142857142857142,"social_housing_rate":0.043859649122807015,"imputed":false,"vulnerability":18.1}},{"type":"Feature","geometry":{"type":"Polygon","coordinates":[[[2.40263,48.852062],[2.402355,48.85385],[2.399642,48.853665],[2.399917,48.851877],[2.40263,48.852062]]]},"properties":{"id":"CRS3035RES200mN2888600E3764200","population":1614.5,"households":995.0,"poverty_rate":0.15879396984924624,"senior_rate":0.15608547537937442,"single_parent_rate":0.06934673366834171,"social_housing_rate":0.0914572864321608,"imputed":false,"vulnerability":20.9}},{"type":"Feature","geometry":{"type":"Polygon","coordinates":[[[2.405342,48.852247],[2.405068,48.854035],[2.402355,48.85385],[2.40263,48.852062],[2.405342,48.852247]]]},"properties":{"id":"CRS3035RES200mN2888600E3764400","population":1638.5,"households":838.0,"poverty_rate":0.1431980906921241,"senior_rate":0.13365883429966433,"single_parent_rate":0.09307875894988067,"social_housing_rate":0.2100238663484487,"imputed":false,"vulnerability":21.7}},{"type":"Feature","geometry":{"type":"Polygon","coordinates":[[[2.408055,48.852432],[2.40778,48.85422],[2.405068,48.854035],[2.405342,48.852247],[2.408055,48.852432]]]},"properties":{"id":"CRS3035RES200mN2888600E3764600","population":1489.5,"households":747.0,"poverty_rate":0.18473895582329317,"senior_rate":0.11547499160792213,"single_parent_rate":0.10174029451137885,"social_housing_rate":0.18072289156626506,"imputed":false,"vulnerability":22.7}},{"type":"Feature","geometry":{"type":"Polygon","coordinates":[[[2.410768,48.852617],[2.410493,48.854406],[2.40778,48.85422],[2.408055,48.852432],[2.410768,48.852617]]]},"properties":{"id":"CRS3035RES200mN2888600E3764800","population":698.0,"households":369.0,"poverty_rate":0.17615176151761516,"senior_rate":0.12034383954154727,"single_parent_rate":0.07317073170731707,"social_housing_rate":0.17344173441734417,"imputed":false,"vulnerability":21.2}},{"type":"Feature","geometry":{"type":"Polygon","coordinates":[[[2.41348,48.852802],[2.413206,48.854591],[2.410493,48.854406],[2.410768,48.852617],[2.41348,48.852802]]]},"properties":{"id":"CRS3035RES200mN2888600E3765000","population":427.0,"households":229.0,"poverty_rate":0.28820960698689957,"senior_rate":0.2576112412177986,"single_parent_rate":0.08733624454148471,"social_housing_rate":1.0,"imputed":false,"vulnerability":47.4}},{"type":"Feature","geometry":{"type":"Polygon","coordinates":[[[2.253184,48.84356],[2.252904,48.845348],[2.250192,48.845159],[2.250472,48.843372],[2.253184,48.84356]]]},"properties":{"id":"CRS3035RES200mN2888800E3753200","population":566.0,"households":242.0,"poverty_rate":0.06611570247933884,"senior_rate":0.2314487632508834,"single_parent_rate":0.08677685950413223,"social_housing_rate":0.0,"imputed":false,"vulnerability":19.8}},{"type":"Feature","geometry":{"type":"Polygon","coordinates":[[[2.255895,48.843749],[2.255615,48.845537],[2.252904,48.845348],[2.253184,48.84356],[2.255895,48.843749]]]},"properties":{"id":"CRS3035RES200mN2888800E3753400","population":143.0,"households":53.0,"poverty_rate":0.09433962264150944,"senior_rate":0.20279720279720279,"single_parent_rate":0.1509433962264151,"social_housing_rate":0.0,"imputed":false,"vulnerability":22.4}},{"type":"Feature","geometry":{"type":"Polygon","coordinates":[[[2.258607,48.843938],[2.258327,48.845726],[2.255615,48.845537],[2.255895,48.843749],[2.258607,48.843938]]]},"properties":{"id":"CRS3035RES200mN2888800E3753600","population":1257.0,"households":588.0,"poverty_rate":0.1054421768707483,"senior_rate":0.23389021479713604,"single_parent_rate":0.12074829931972789,"social_housing_rate":0.18197278911564627,"imputed":false,"vulnerability":26.1}},{"type":"Feature","geometry":{"type":"Polygon","coordinates":[[[2.261319,48.844127],[2.261039,48.845914],[2.258327,48.845726],[2.258607,48.843938],[2.261319,48.844127]]]},"properties":{"id":"CRS3035RES200mN2888800E3753800","population":1163.5,"households":622.0,"poverty_rate":0.10932475884244373,"senior_rate":0.27331327889987106,"single_parent_rate":0.06270096463022508,"social_housing_rate":0.0,"imputed":false,"vulnerability":23.2}},{"type":"Feature","geometry":{"type":"Polygon","coordinates":[[[2.264031,48.844316],[2.263751,48.846103],[2.261039,48.845914],[2.261319,48.844127],[2.264031,48.844316]]]},"properties":{"id":"CRS3035RES200mN2888800E3754000","population":728.5,"households":312.0,"poverty_rate":0.07692307692307693,"senior_rate":0.24296499656829101,"single_parent_rate":0.08974358974358974,"social_housing_rate":0.0,"imputed":false,"vulnerability":21.1}},{"type":"Feature","geometry":{"type":"Polygon","coordinates":[[[2.266742,48.844504],[2.266463,48.846292],[2.263751,48.846103],[2.264031,48.844316],[2.266742,48.844504]]]},"properties":{"id":"CRS3035RES200mN2888800E3754200","population":512.0,"households":255.0,"poverty_rate":0.10588235294117647,"senior_rate":0.216796875,"single_parent_rate":0.08627450980392157,"social_housing_rate":0.0,"imputed":false,"vulnerability":20.9}},{"type":"Feature","geometry":{"type":"Polygon","coordinates":[[[2.269454,48.844693],[2.269175,48.84648],[2.266463,48.846292],[2.266742,48.844504],[2.269454,48.844693]]]},"properties":{"id":"CRS3035RES200mN2888800E3754400","population":40.0,"households":14.7,"poverty_rate":0.0,"senior_rate":0.04,"single_parent_rate":0.163265306122449,"social_housing_rate":0.0,"imputed":true,"vulnerability":9.3}},{"type":"Feature","geometry":{"type":"Polygon","coordinates":[[[2.272166,48.844881],[2.271887,48.846669],[2.269175,48.84648],[2.269454,48.844693],[2.272166,48.844881]]]},"properties":{"id":"CRS3035RES200mN2888800E3754600","population":1077.0,"households":515.0,"poverty_rate":0.1087378640776699,"senior_rate":0.20798514391829154,"single_parent_rate":0.09514563106796116,"social_housing_rate":0.0,"imputed":false,"vulnerability":21.0}},{"type":"Feature","geometry":{"type":"Polygon","coordinates":[[[2.274878,48.84507],[2.274598,48.846857],[2.271887,48.846669],[2.272166,48.844881],[2.274878,48.84507]]]},"properties":{"id":"CRS3035RES200mN2888800E3754800","population":241.5,"households":120.0,"poverty_rate":0.175,"senior_rate":0.19875776397515527,"single_parent_rate":0.075,"social_housing_rate":0.0,"imputed":false,"vulnerability":22.9}},{"type":"Feature","geometry":{"type":"Polygon","coordinates":[[[2.280302,48.845446],[2.280022,48.847234],[2.27731,48.847046],[2.27759,48.845258],[2.280302,48.845446]]]},"properties":{"id":"CRS3035RES200mN2888800E3755200","population":1200.0,"households":577.0,"poverty_rate":0.08838821490467938,"senior_rate":0.24083333333333334,"single_parent_rate":0.07625649913344887,"social_housing_rate":0.05719237435008666,"imputed":false,"vulnerability":21.8}},{"type":"Feature","geometry":{"type":"Polygon","coordinates":[[[2.283013,48.845634],[2.282734,48.847422],[2.280022,48.847234],[2.280302,48.845446],[2.283013,48.845634]]]},"properties":{"id":"CRS3035RES200mN2888800E3755400","population":1071.5,"households":496.0,"poverty_rate":0.14516129032258066,"senior_rate":0.19598693420438637,"single_parent_rate":0.09274193548387097,"social_housing_rate":0.2762096774193548,"imputed":false,"vulnerability":26.2}},{"type":"Feature","geometry":{"type":"Polygon","coordinates":[[[2.285725,48.845822],[2.285446,48.84761],[2.282734,48.847422],[2.283013,48.845634],[2.285725,48.845822]]]},"properties":{"id":"CRS3035RES200mN2888800E3755600","population":1806.0,"households":966.0,"poverty_rate":0.2194616977225673,"senior_rate":0.22093023255813954,"single_parent_rate":0.15320910973084886,"social_housing_rate":0.6356107660455487,"imputed":false,"vulnerability":39.3}},{"type":"Feature","geometry":{"type":"Polygon","coordinates":[[[2.288437,48.846011],[2.288158,48.847798],[2.285446,48.84761],[2.285725,48.845822],[2.288437,48.846011]]]},"properties":{"id":"CRS3035RES200mN2888800E3755800","population":1628.0,"households":904.0,"poverty_rate":0.11283185840707964,"senior_rate":0.24201474201474202,"single_parent_rate":0.06305309734513274,"social_housing_rate":0.03761061946902655,"imputed":false,"vulnerability":22.2}},{"type":"Feature","geometry":{"type":"Polygon","coordinates":[[[2.291149,48.846199],[2.29087,48.847986],[2.288158,48.847798],[2.288437,48.846011],[2.291149,48.846199]]]},"properties":{"id":"CRS3035RES200mN2888800E3756000","population":1324.5,"households":682.0,"poverty_rate":0.10410557184750734,"senior_rate":0.20234050585126462,"single_parent_rate":0.06744868035190615,"social_housing_rate":0.18621700879765396,"imputed":false,"vulnerability":22.0}},{"type":"Feature","geometry":{"type":"Polygon","coordinates":[[[2.293861,48.846386],[2.293582,48.848174],[2.29087,48.847986],[2.291149,48.846199],[2.293861,48.846386]]]},"properties":{"id":"CRS3035RES200mN2888800E3756200","population":1306.5,"households":685.0,"poverty_rate":0.11970802919708029,"senior_rate":0.21431305013394567,"single_parent_rate":0.07591240875912408,"social_housing_rate":0.09927007299270073,"imputed":false,"vulnerability":22.5}},{"type":"Feature","geometry":{"type":"Polygon","coordinates":[[[2.296573,48.846574],[2.296295,48.848362],[2.293582,48.848174],[2.293861,48.846386],[2.296573,48.846574]]]},"properties":{"id":"CRS3035RES200mN2888800E3756400","population":1741.0,"households":974.0,"poverty_rate":0.11293634496919917,"senior_rate":0.15623205054566341,"single_parent_rate":0.0646817248459959,"social_housing_rate":0.011293634496919919,"imputed":false,"vulnerability":17.2}},{"type":"Feature","geometry":{"type":"Polygon","coordinates":[[[2.299285,48.846762],[2.299007,48.84855],[2.296295,48.848362],[2.296573,48.846574],[2.299285,48.846762]]]},"properties":{"id":"CRS3035RES200mN2888800E3756600","population":1662.0,"households":1045.0,"poverty_rate":0.12535885167464114,"senior_rate":0.1690734055354994,"single_parent_rate":0.049760765550239235,"social_housing_rate":0.027751196172248804,"imputed":false,"vulnerability":18.1}},{"type":"Feature","geometry":{"type":"Polygon","coordinates":[[[2.301997,48.84695],[2.301719,48.848738],[2.299007,48.84855],[2.299285,48.846762],[2.301997,48.84695]]]},"properties":{"id":"CRS3035RES200mN2888800E3756800","population":923.5,"households":460.0,"poverty_rate":0.15869565217391304,"senior_rate":0.1136978884677856,"single_parent_rate":0.08695652173913043,"social_housing_rate":0.13043478260869565,"imputed":false,"vulnerability":19.9}},{"type":"Feature","geometry":{"type":"Polygon","coordinates":[[[2.304709,48.847138],[2.304431,48.848925],[2.301719,48.848738],[2.301997,48.84695],[2.304709,48.847138]]]},"properties":{"id":"CRS3035RES200mN2888800E3757000","population":927.5,"households":469.0,"poverty_rate":0.14072494669509594,"senior_rate":0.1811320754716981,"single_parent_rate":0.05970149253731343,"social_housing_rate":0.0,"imputed":false,"vulnerability":19.6}},{"type":"Feature","geometry":{"type":"Polygon","coordinates":[[[2.307421,48.847325],[2.307143,48.849113],[2.304431,48.848925],[2.304709,48.847138],[2.307421,48.847325]]]},"properties":{"id":"CRS3035RES200mN2888800E3757200","population":762.0,"households":354.0,"poverty_rate":0.08192090395480225,"senior_rate":0.22965879265091863,"single_parent_rate":0.09322033898305085,"social_housing_rate":0.0,"imputed":false,"vulnerability":20.8}},{"type":"Feature","geometry":{"type":"Polygon","coordinates":[[[2.310133,48.847513],[2.309855,48.8493],[2.307143,48.849113],[2.307421,48.847325],[2.310133,48.847513]]]},"properties":{"id":"CRS3035RES200mN2888800E3757400","population":1538.0,"households":684.0,"poverty_rate":0.08187134502923976,"senior_rate":0.2665799739921977,"single_parent_rate":0.06140350877192982,"social_housing_rate":0.0,"imputed":false,"vulnerability":21.4}},{"type":"Feature","geometry":{"type":"Polygon","coordinates":[[[2.312845,48.8477],[2.312567,48.849488],[2.309855,48.8493],[2.310133,48.847513],[2.312845,48.8477]]]},"properties":{"id":"CRS3035RES200mN2888800E3757600","population":798.5,"households":409.0,"poverty_rate":0.097799511002445,"senior_rate":0.2266750156543519,"single_parent_rate":0.08801955990220049,"social_housing_rate":0.05378973105134474,"imputed":false,"vulnerability":22.0}},{"type":"Feature","geometry":{"type":"Polygon","coordinates":[[[2.315558,48.847888],[2.31528,48.849675],[2.312567,48.849488],[2.312845,48.8477],[2.315558,48.847888]]]},"properties":{"id":"CRS3035RES200mN2888800E3757800","population":511.0,"households":300.0,"poverty_rate":0.11666666666666667,"senior_rate":0.31898238747553814,"single_parent_rate":0.06,"social_housing_rate":0.0,"imputed":false,"vulnerability":26.0}},{"type":"Feature","geometry":{"type":"Polygon","coordinates":[[[2.31827,48.848075],[2.317992,48.849863],[2.31528,48.849675],[2.315558,48.847888],[2.31827,48.848075]]]},"properties":{"id":"CRS3035RES200mN2888800E3758000","population":330.0,"households":157.0,"poverty_rate":0.09554140127388536,"senior_rate":0.3181818181818182,"single_parent_rate":0.09554140127388536,"social_housing_rate":0.0,"imputed":false,"vulnerability":26.4}},{"type":"Feature","geometry":{"type":"Polygon","coordinates":[[[2.320982,48.848262],[2.320704,48.85005],[2.317992,48.849863],[2.31827,48.848075],[2.320982,48.848262]]]},"properties":{"id":"CRS3035RES200mN2888800E3758200","population":1567.5,"households":962.0,"poverty_rate":0.14553014553014554,"senior_rate":0.22009569377990432,"single_parent_rate":0.06444906444906445,"social_housing_rate":0.07692307692307693,"imputed":false,"vulnerability":23.3}},{"type":"Feature","geometry":{"type":"Polygon","coordinates":[[[2.323694,48.848449],[2.323416,48.850237],[2.320704,48.85005],[2.320982,48.848262],[2.323694,48.848449]]]},"properties":{"id":"CRS3035RES200mN2888800E3758400","population":142.0,"households":83.0,"poverty_rate":0.08433734939759036,"senior_rate":0.22535211267605634,"single_parent_rate":0.07228915662650602,"social_housing_rate":0.0,"imputed":false,"vulnerability":19.7}},{"type":"Feature","geometry":{"type":"Polygon","coordinates":[[[2.326406,48.848637],[2.326129,48.850424],[2.323416,48.850237],[2.323694,48.848449],[2.326406,48.848637]]]},"properties":{"id":"CRS3035RES200mN2888800E3758600","population":892.0,"households":536.0,"poverty_rate":0.15298507462686567,"senior_rate":0.2399103139013453,"single_parent_rate":0.08768656716417911,"social_housing_rate":0.22014925373134328,"imputed":false,"vulnerability":27.9}},{"type":"Feature","geometry":{"type":"Polygon","coordinates":[[[2.329118,48.848824],[2.328841,48.850612],[2.326129,48.850424],[2.326406,48.848637],[2.329118,48.848824]]]},"properties":{"id":"CRS3035RES200mN2888800E3758800","population":635.0,"households":306.0,"poverty_rate":0.09803921568627451,"senior_rate":0.27716535433070866,"single_parent_rate":0.058823529411764705,"social_housing_rate":0.0,"imputed":false,"vulnerability":22.7}},{"type":"Feature","geometry":{"type":"Polygon","coordinates":[[[2.331831,48.849011],[2.331553,48.850799],[2.328841,48.850612],[2.329118,48.848824],[2.331831,48.849011]]]},"properties":{"id":"CRS3035RES200mN2888800E3759000","population":928.0,"households":481.0,"poverty_rate":0.10602910602910603,"senior_rate":0.3125,"single_parent_rate":0.062370062370062374,"social_housing_rate":0.0,"imputed":false,"vulnerability":25.2}},{"type":"Feature","geometry":{"type":"Polygon","coordinates":[[[2.334543,48.849198],[2.334266,48.850985],[2.331553,48.850799],[2.331831,48.849011],[2.334543,48.849198]]]},"properties":{"id":"CRS3035RES200mN2888800E3759200","population":319.5,"households":175.0,"poverty_rate":0.14285714285714285,"senior_rate":0.3411580594679186,"single_parent_rate":0.09714285714285714,"social_housing_rate":0.0,"imputed":false,"vulnerability":30.1}},{"type":"Feature","geometry":{"type":"Polygon","coordinates":[[[2.337255,48.849385],[2.336978,48.851172],[2.334266,48.850985],[2.334543,48.849198],[2.337255,48.849385]]]},"properties":{"id":"CRS3035RES200mN2888800E3759400","population":503.5,"households":270.0,"poverty_rate":0.14814814814814814,"senior_rate":0.2899702085402185,"single_parent_rate":0.05925925925925926,"social_housing_rate":0.0,"imputed":false,"vulnerability":25.9}},{"type":"Feature","geometry":{"type":"Polygon","coordinates":[[[2.339967,48.849571],[2.33969,48.851359],[2.336978,48.851172],[2.337255,48.849385],[2.339967,48.849571]]]},"properties":{"id":"CRS3035RES200mN2888800E3759600","population":724.5,"households":398.0,"poverty_rate":0.11055276381909548,"senior_rate":0.3036576949620428,"single_parent_rate":0.0829145728643216,"social_housing_rate":0.0,"imputed":false,"vulnerability":25.8}},{"type":"Feature","geometry":{"type":"Polygon","coordinates":[[[2.34268,48.849758],[2.342403,48.851546],[2.33969,48.851359],[2.339967,48.849571],[2.34268,48.849758]]]},"properties":{"id":"CRS3035RES200mN2888800E3759800","population":207.5,"households":105.0,"poverty_rate":0.13333333333333333,"senior_rate":0.22650602409638554,"single_parent_rate":0.0761904761904762,"social_housing_rate":0.05714285714285714,"imputed":false,"vulnerability":23.3}},{"type":"Feature","geometry":{"type":"Polygon","coordinates":[[[2.345392,48.849945],[2.345115,48.851733],[2.342403,48.851546],[2.34268,48.849758],[2.345392,48.849945]]]},"properties":{"id":"CRS3035RES200mN2888800E3760000","population":483.5,"households":265.0,"poverty_rate":0.1660377358490566,"senior_rate":0.2874870734229576,"single_parent_rate":0.08679245283018867,"social_housing_rate":0.0,"imputed":false,"vulnerability":27.9}},{"type":"Feature","geometry":{"type":"Polygon","coordinates":[[[2.348104,48.850131],[2.347827,48.851919],[2.345115,48.851733],[2.345392,48.849945],[2.348104,48.850131]]]},"properties":{"id":"CRS3035RES200mN2888800E3760200","population":1054.5,"households":567.0,"poverty_rate":0.18342151675485008,"senior_rate":0.23518255097202465,"single_parent_rate":0.1111111111111111,"social_housing_rate":0.13227513227513227,"imputed":false,"vulnerability":28.9}},{"type":"Feature","geometry":{"type":"Polygon","coordinates":[[[2.350817,48.850318],[2.35054,48.852106],[2.347827,48.851919],[2.348104,48.850131],[2.350817,48.850318]]]},"properties":{"id":"CRS3035RES200mN2888800E3760400","population":986.0,"households":577.0,"poverty_rate":0.14558058925476602,"senior_rate":0.27281947261663286,"single_parent_rate":0.060658578856152515,"social_housing_rate":0.16291161178509533,"imputed":false,"vulnerability":27.4}},{"type":"Feature","geometry":{"type":"Polygon","coordinates":[[[2.353529,48.850504],[2.353252,48.852292],[2.35054,48.852106],[2.350817,48.850318],[2.353529,48.850504]]]},"properties":{"id":"CRS3035RES200mN2888800E3760600","population":103.0,"households":57.0,"poverty_rate":0.21052631578947367,"senior_rate":0.22330097087378642,"single_parent_rate":0.0,"social_housing_rate":0.2982456140350877,"imputed":false,"vulnerability":27.3}},{"type":"Feature","geometry":{"type":"Polygon","coordinates":[[[2.356241,48.850691],[2.355965,48.852479],[2.353252,48.852292],[2.353529,48.850504],[2.356241,48.850691]]]},"properties":{"id":"CRS3035RES200mN2888800E3760800","population":528.0,"households":339.0,"poverty_rate":0.1592920353982301,"senior_rate":0.25,"single_parent_rate":0.07964601769911504,"social_housing_rate":0.035398230088495575,"imputed":false,"vulnerability":25.7}},{"type":"Feature","geometry":{"type":"Polygon","coordinates":[[[2.358954,48.850877],[2.358677,48.852665],[2.355965,48.852479],[2.356241,48.850691],[2.358954,48.850877]]]},"properties":{"id":"CRS3035RES200mN2888800E3761000","population":762.0,"households":448.0,"poverty_rate":0.16071428571428573,"senior_rate":0.2545931758530184,"single_parent_rate":0.08928571428571429,"social_housing_rate":0.024553571428571428,"imputed":false,"vulnerability":26.3}},{"type":"Feature","geometry":{"type":"Polygon","coordinates":[[[2.361666,48.851064],[2.36139,48.852851],[2.358677,48.852665],[2.358954,48.850877],[2.361666,48.851064]]]},"properties":{"id":"CRS3035RES200mN2888800E3761200","population":404.5,"households":223.0,"poverty_rate":0.1210762331838565,"senior_rate":0.29171817058096416,"single_parent_rate":0.12556053811659193,"social_housing_rate":0.17488789237668162,"imputed":false,"vulnerability":30.2}},{"type":"Feature","geometry":{"type":"Polygon","coordinates":[[[2.364379,48.85125],[2.364102,48.853038],[2.36139,48.852851],[2.361666,48.851064],[2.364379,48.85125]]]},"properties":{"id":"CRS3035RES200mN2888800E3761400","population":957.5,"households":514.0,"poverty_rate":0.11089494163424124,"senior_rate":0.21201044386422976,"single_parent_rate":0.06614785992217899,"social_housing_rate":0.029182879377431907,"imputed":false,"vulnerability":20.5}},{"type":"Feature","geometry":{"type":"Polygon","coordinates":[[[2.367091,48.851436],[2.366815,48.853224],[2.364102,48.853038],[2.364379,48.85125],[2.367091,48.851436]]]},"properties":{"id":"CRS3035RES200mN2888800E3761600","population":1103.0,"households":573.0,"poverty_rate":0.1012216404886562,"senior_rate":0.1840435176790571,"single_parent_rate":0.07678883071553229,"social_housing_rate":0.06108202443280977,"imputed":false,"vulnerability":19.4}},{"type":"Feature","geometry":{"type":"Polygon","coordinates":[[[2.369804,48.851622],[2.369528,48.85341],[2.366815,48.853224],[2.367091,48.851436],[2.369804,48.851622]]]},"properties":{"id":"CRS3035RES200mN2888800E3761800","population":462.5,"households":215.0,"poverty_rate":0.07906976744186046,"senior_rate":0.17945945945945946,"single_parent_rate":0.07906976744186046,"social_housing_rate":0.06511627906976744,"imputed":false,"vulnerability":18.2}},{"type":"Feature","geometry":{"type":"Polygon","coordinates":[[[2.372516,48.851808],[2.37224,48.853596],[2.369528,48.85341],[2.369804,48.851622],[2.372516,48.851808]]]},"properties":{"id":"CRS3035RES200mN2888800E3762000","population":249.5,"households":131.0,"poverty_rate":0.09923664122137404,"senior_rate":0.17234468937875752,"single_parent_rate":0.11450381679389313,"social_housing_rate":0.0,"imputed":false,"vulnerability":19.4}},{"type":"Feature","geometry":{"type":"Polygon","coordinates":[[[2.375229,48.851994],[2.374953,48.853782],[2.37224,48.853596],[2.372516,48.851808],[2.375229,48.851994]]]},"properties":{"id":"CRS3035RES200mN2888800E3762200","population":1414.0,"households":827.0,"poverty_rate":0.14026602176541716,"senior_rate":0.14002828854314003,"single_parent_rate":0.07013301088270858,"social_housing_rate":0.03990326481257558,"imputed":false,"vulnerability":18.3}},{"type":"Feature","geometry":{"type":"Polygon","coordinates":[[[2.377941,48.85218],[2.377665,48.853968],[2.374953,48.853782],[2.375229,48.851994],[2.377941,48.85218]]]},"properties":{"id":"CRS3035RES200mN2888800E3762400","population":1218.5,"households":646.0,"poverty_rate":0.12229102167182662,"senior_rate":0.18383258104226508,"single_parent_rate":0.06811145510835913,"social_housing_rate":0.08359133126934984,"imputed":false,"vulnerability":20.4}},{"type":"Feature","geometry":{"type":"Polygon","coordinates":[[[2.380654,48.852366],[2.380378,48.854154],[2.377665,48.853968],[2.377941,48.85218],[2.380654,48.852366]]]},"properties":{"id":"CRS3035RES200mN2888800E3762600","population":1316.5,"households":690.0,"poverty_rate":0.14782608695652175,"senior_rate":0.19217622483858715,"single_parent_rate":0.1072463768115942,"social_housing_rate":0.22028985507246376,"imputed":false,"vulnerability":25.9}},{"type":"Feature","geometry":{"type":"Polygon","coordinates":[[[2.383366,48.852552],[2.383091,48.854339],[2.380378,48.854154],[2.380654,48.852366],[2.383366,48.852552]]]},"properties":{"id":"CRS3035RES200mN2888800E3762800","population":1122.0,"households":602.0,"poverty_rate":0.13953488372093023,"senior_rate":0.16131907308377896,"single_parent_rate":0.07475083056478406,"social_housing_rate":0.16279069767441862,"imputed":false,"vulnerability":21.5}},{"type":"Feature","geometry":{"type":"Polygon","coordinates":[[[2.386079,48.852737],[2.385803,48.854525],[2.383091,48.854339],[2.383366,48.852552],[2.386079,48.852737]]]},"properties":{"id":"CRS3035RES200mN2888800E3763000","population":1812.0,"households":1013.0,"poverty_rate":0.10365251727541955,"senior_rate":0.15562913907284767,"single_parent_rate":0.07996051332675222,"social_housing_rate":0.049358341559723594,"imputed":false,"vulnerability":17.9}},{"type":"Feature","geometry":{"type":"Polygon","coordinates":[[[2.388792,48.852923],[2.388516,48.854711],[2.385803,48.854525],[2.386079,48.852737],[2.388792,48.852923]]]},"properties":{"id":"CRS3035RES200mN2888800E3763200","population":1583.0,"households":925.0,"poverty_rate":0.08648648648648649,"senior_rate":0.22236260265319013,"single_parent_rate":0.057297297297297295,"social_housing_rate":0.021621621621621623,"imputed":false,"vulnerability":19.4}},{"type":"Feature","geometry":{"type":"Polygon","coordinates":[[[2.391504,48.853108],[2.391229,48.854896],[2.388516,48.854711],[2.388792,48.852923],[2.391504,48.853108]]]},"properties":{"id":"CRS3035RES200mN2888800E3763400","population":1510.5,"households":772.0,"poverty_rate":0.16191709844559585,"senior_rate":0.19662363455809334,"single_parent_rate":0.07253886010362694,"social_housing_rate":0.31865284974093266,"imputed":false,"vulnerability":26.8}},{"type":"Feature","geometry":{"type":"Polygon","coordinates":[[[2.394217,48.853294],[2.393942,48.855082],[2.391229,48.854896],[2.391504,48.853108],[2.394217,48.853294]]]},"properties":{"id":"CRS3035RES200mN2888800E3763600","population":1155.5,"households":681.0,"poverty_rate":0.09691629955947137,"senior_rate":0.1903937689311986,"single_parent_rate":0.0513950073421439,"social_housing_rate":0.032305433186490456,"imputed":false,"vulnerability":18.0}},{"type":"Feature","geometry":{"type":"Polygon","coordinates":[[[2.39693,48.853479],[2.396654,48.855267],[2.393942,48.855082],[2.394217,48.853294],[2.39693,48.853479]]]},"properties":{"id":"CRS3035RES200mN2888800E3763800","population":1097.0,"households":555.0,"poverty_rate":0.11711711711711711,"senior_rate":0.14676390154968094,"single_parent_rate":0.08468468468468468,"social_housing_rate":0.17477477477477477,"imputed":false,"vulnerability":20.2}},{"type":"Feature","geometry":{"type":"Polygon","coordinates":[[[2.399642,48.853665],[2.399367,48.855453],[2.396654,48.855267],[2.39693,48.853479],[2.399642,48.853665]]]},"properties":{"id":"CRS3035RES200mN2888800E3764000","population":1821.0,"households":895.0,"poverty_rate":0.16089385474860335,"senior_rate":0.10378912685337727,"single_parent_rate":0.09162011173184358,"social_housing_rate":0.28044692737430166,"imputed":false,"vulnerability":21.9}},{"type":"Feature","geometry":{"type":"Polygon","coordinates":[[[2.402355,48.85385],[2.40208,48.855638],[2.399367,48.855453],[2.399642,48.853665],[2.402355,48.85385]]]},"properties":{"id":"CRS3035RES200mN2888800E3764200","population":1722.5,"households":902.0,"poverty_rate":0.16518847006651885,"senior_rate":0.16894049346879536,"single_parent_rate":0.082039911308204,"social_housing_rate":0.2827050997782705,"imputed":false,"vulnerability":25.3}},{"type":"Feature","geometry":{"type":"Polygon","coordinates":[[[2.405068,48.854035],[2.404793,48.855823],[2.40208,48.855638],[2.402355,48.85385],[2.405068,48.854035]]]},"properties":{"id":"CRS3035RES200mN2888800E3764400","population":1663.5,"households":645.0,"poverty_rate":0.19689922480620156,"senior_rate":0.11241358581304478,"single_parent_rate":0.14263565891472868,"social_housing_rate":0.5937984496124031,"imputed":false,"vulnerability":31.1}},{"type":"Feature","geometry":{"type":"Polygon","coordinates":[[[2.40778,48.85422],[2.407506,48.856008],[2.404793,48.855823],[2.405068,48.854035],[2.40778,48.85422]]]},"properties":{"id":"CRS3035RES200mN2888800E3764600","population":1212.0,"households":603.0,"poverty_rate":0.1824212271973466,"senior_rate":0.13283828382838284,"single_parent_rate":0.087893864013267,"social_housing_rate":0.39303482587064675,"imputed":false,"vulnerability":26.1}},{"type":"Feature","geometry":{"type":"Polygon","coordinates":[[[2.410493,48.854406],[2.410218,48.856194],[2.407506,48.856008],[2.40778,48.85422],[2.410493,48.854406]]]},"properties":{"id":"CRS3035RES200mN2888800E3764800","population":2468.5,"households":1045.0,"poverty_rate":0.21913875598086124,"senior_rate":0.18027141989062184,"single_parent_rate":0.17320574162679425,"social_housing_rate":0.7397129186602871,"imputed":false,"vulnerability":39.5}},{"type":"Feature","geometry":{"type":"Polygon","coordinates":[[[2.413206,48.854591],[2.412931,48.856379],[2.410218,48.856194],[2.410493,48.854406],[2.413206,48.854591]]]},"properties":{"id":"CRS3035RES200mN2888800E3765000","population":1992.5,"households":947.0,"poverty_rate":0.293558606124604,"senior_rate":0.21681304893350062,"single_parent_rate":0.11721224920802534,"social_housing_rate":0.9989440337909187,"imputed":false,"vulnerability":46.7}},{"type":"Feature","geometry":{"type":"Polygon","coordinates":[[[2.24748,48.84497],[2.2472,48.846758],[2.244488,48.846569],[2.244768,48.844781],[2.24748,48.84497]]]},"properties":{"id":"CRS3035RES200mN2889000E3752800","population":554.5,"households":229.0,"poverty_rate":0.0611353711790393,"senior_rate":0.218214607754734,"single_parent_rate":0.06986899563318777,"social_housing_rate":0.0,"imputed":false,"vulnerability":18.1}},{"type":"Feature","geometry":{"type":"Polygon","coordinates":[[[2.250192,48.845159],[2.249911,48.846947],[2.2472,48.846758],[2.24748,48.84497],[2.250192,48.845159]]]},"properties":{"id":"CRS3035RES200mN2889000E3753000","population":102.0,"households":42.0,"poverty_rate":0.09523809523809523,"senior_rate":0.29411764705882354,"single_parent_rate":0.09523809523809523,"social_housing_rate":0.0,"imputed":false,"vulnerability":25.1}},{"type":"Feature","geometry":{"type":"Polygon","coordinates":[[[2.252904,48.845348],[2.252623,48.847136],[2.249911,48.846947],[2.250192,48.845159],[2.252904,48.845348]]]},"properties":{"id":"CRS3035RES200mN2889000E3753200","population":30.0,"households":14.5,"poverty_rate":0.0896551724137931,"senior_rate":0.17666666666666667,"single_parent_rate":0.04827586206896552,"social_housing_rate":0.0,"imputed":true,"vulnerability":16.3}},{"type":"Feature","geometry":{"type":"Polygon","coordinates":[[[2.255615,48.845537],[2.255335,48.847325],[2.252623,48.847136],[2.252904,48.845348],[2.255615,48.845537]]]},"properties":{"id":"CRS3035RES200mN2889000E3753400","population":4.5,"households":2.2,"poverty_rate":0.09090909090909091,"senior_rate":0.17777777777777778,"single_parent_rate":0.045454545454545456,"social_housing_rate":0.0,"imputed":true,"vulnerability":16.3}},{"type":"Feature","geometry":{"type":"Polygon","coordinates":[[[2.258327,48.845726],[2.258047,48.847513],[2.255335,48.847325],[2.255615,48.845537],[2.258327,48.845726]]]},"properties":{"id":"CRS3035RES200mN2889000E3753600","population":72.5,"households":43.0,"poverty_rate":0.18604651162790697,"senior_rate":0.23448275862068965,"single_parent_rate":0.023255813953488372,"social_housing_rate":0.0,"imputed":false,"vulnerability":23.2}},{"type":"Feature","geometry":{"type":"Polygon","coordinates":[[[2.261039,48.845914],[2.260759,48.847702],[2.258047,48.847513],[2.258327,48.845726],[2.261039,48.845914]]]},"properties":{"id":"CRS3035RES200mN2889000E3753800","population":1485.5,"households":803.0,"poverty_rate":0.15442092154420922,"senior_rate":0.24705486368226187,"single_parent_rate":0.09339975093399751,"social_housing_rate":0.3561643835616438,"imputed":false,"vulnerability":30.7}},{"type":"Feature","geometry":{"type":"Polygon","coordinates":[[[2.263751,48.846103],[2.263471,48.847891],[2.260759,48.847702],[2.261039,48.845914],[2.263751,48.846103]]]},"properties":{"id":"CRS3035RES200mN2889000E3754000","population":1516.5,"households":757.0,"poverty_rate":0.10039630118890357,"senior_rate":0.2644246620507748,"single_parent_rate":0.07529722589167767,"social_housing_rate":0.0,"imputed":false,"vulnerability":22.8}},{"type":"Feature","geometry":{"type":"Polygon","coordinates":[[[2.266463,48.846292],[2.266183,48.848079],[2.263471,48.847891],[2.263751,48.846103],[2.266463,48.846292]]]},"properties":{"id":"CRS3035RES200mN2889000E3754200","population":792.0,"households":326.0,"poverty_rate":0.10736196319018405,"senior_rate":0.15656565656565657,"single_parent_rate":0.1196319018404908,"social_housing_rate":0.0,"imputed":false,"vulnerability":19.2}},{"type":"Feature","geometry":{"type":"Polygon","coordinates":[[[2.269175,48.84648],[2.268895,48.848268],[2.266183,48.848079],[2.266463,48.846292],[2.269175,48.84648]]]},"properties":{"id":"CRS3035RES200mN2889000E3754400","population":613.5,"households":300.0,"poverty_rate":0.11,"senior_rate":0.16462917685411574,"single_parent_rate":0.07666666666666666,"social_housing_rate":0.06333333333333334,"imputed":false,"vulnerability":18.8}},{"type":"Feature","geometry":{"type":"Polygon","coordinates":[[[2.271887,48.846669],[2.271607,48.848456],[2.268895,48.848268],[2.269175,48.84648],[2.271887,48.846669]]]},"properties":{"id":"CRS3035RES200mN2889000E3754600","population":1389.5,"households":660.0,"poverty_rate":0.07727272727272727,"senior_rate":0.2223821518531846,"single_parent_rate":0.11515151515151516,"social_housing_rate":0.0,"imputed":false,"vulnerability":21.1}},{"type":"Feature","geometry":{"type":"Polygon","coordinates":[[[2.274598,48.846857],[2.274319,48.848645],[2.271607,48.848456],[2.271887,48.846669],[2.274598,48.846857]]]},"properties":{"id":"CRS3035RES200mN2889000E3754800","population":1663.5,"households":770.0,"poverty_rate":0.11948051948051948,"senior_rate":0.23324316200781484,"single_parent_rate":0.09220779220779221,"social_housing_rate":0.0,"imputed":false,"vulnerability":22.8}},{"type":"Feature","geometry":{"type":"Polygon","coordinates":[[[2.27731,48.847046],[2.277031,48.848833],[2.274319,48.848645],[2.274598,48.846857],[2.27731,48.847046]]]},"properties":{"id":"CRS3035RES200mN2889000E3755000","population":413.5,"households":209.0,"poverty_rate":0.17703349282296652,"senior_rate":0.22732769044740025,"single_parent_rate":0.08133971291866028,"social_housing_rate":0.0,"imputed":false,"vulnerability":24.9}},{"type":"Feature","geometry":{"type":"Polygon","coordinates":[[[2.282734,48.847422],[2.282455,48.84921],[2.279743,48.849021],[2.280022,48.847234],[2.282734,48.847422]]]},"properties":{"id":"CRS3035RES200mN2889000E3755400","population":1335.5,"households":714.0,"poverty_rate":0.13445378151260504,"senior_rate":0.28004492699363537,"single_parent_rate":0.09663865546218488,"social_housing_rate":0.6148459383753502,"imputed":false,"vulnerability":35.5}},{"type":"Feature","geometry":{"type":"Polygon","coordinates":[[[2.285446,48.84761],[2.285167,48.849398],[2.282455,48.84921],[2.282734,48.847422],[2.285446,48.84761]]]},"properties":{"id":"CRS3035RES200mN2889000E3755600","population":1399.5,"households":765.0,"poverty_rate":0.13202614379084968,"senior_rate":0.27295462665237585,"single_parent_rate":0.08758169934640522,"social_housing_rate":0.2718954248366013,"imputed":false,"vulnerability":29.5}},{"type":"Feature","geometry":{"type":"Polygon","coordinates":[[[2.288158,48.847798],[2.287879,48.849586],[2.285167,48.849398],[2.285446,48.84761],[2.288158,48.847798]]]},"properties":{"id":"CRS3035RES200mN2889000E3755800","population":943.0,"households":515.0,"poverty_rate":0.15728155339805824,"senior_rate":0.18769883351007424,"single_parent_rate":0.12427184466019417,"social_housing_rate":0.4058252427184466,"imputed":false,"vulnerability":29.6}},{"type":"Feature","geometry":{"type":"Polygon","coordinates":[[[2.29087,48.847986],[2.290591,48.849774],[2.287879,48.849586],[2.288158,48.847798],[2.29087,48.847986]]]},"properties":{"id":"CRS3035RES200mN2889000E3756000","population":1920.5,"households":1074.0,"poverty_rate":0.09590316573556797,"senior_rate":0.22806560791460556,"single_parent_rate":0.06517690875232775,"social_housing_rate":0.008379888268156424,"imputed":false,"vulnerability":20.3}},{"type":"Feature","geometry":{"type":"Polygon","coordinates":[[[2.293582,48.848174],[2.293304,48.849962],[2.290591,48.849774],[2.29087,48.847986],[2.293582,48.848174]]]},"properties":{"id":"CRS3035RES200mN2889000E3756200","population":1337.5,"households":894.0,"poverty_rate":0.12527964205816555,"senior_rate":0.20934579439252338,"single_parent_rate":0.026845637583892617,"social_housing_rate":0.0,"imputed":false,"vulnerability":18.9}},{"type":"Feature","geometry":{"type":"Polygon","coordinates":[[[2.296295,48.848362],[2.296016,48.85015],[2.293304,48.849962],[2.293582,48.848174],[2.296295,48.848362]]]},"properties":{"id":"CRS3035RES200mN2889000E3756400","population":1557.5,"households":948.0,"poverty_rate":0.11392405063291139,"senior_rate":0.15858747993579456,"single_parent_rate":0.04852320675105485,"social_housing_rate":0.006329113924050633,"imputed":false,"vulnerability":16.6}},{"type":"Feature","geometry":{"type":"Polygon","coordinates":[[[2.299007,48.84855],[2.298728,48.850338],[2.296016,48.85015],[2.296295,48.848362],[2.299007,48.84855]]]},"properties":{"id":"CRS3035RES200mN2889000E3756600","population":1147.0,"households":645.0,"poverty_rate":0.13643410852713178,"senior_rate":0.2005231037489102,"single_parent_rate":0.06976744186046512,"social_housing_rate":0.09302325581395349,"imputed":false,"vulnerability":22.3}},{"type":"Feature","geometry":{"type":"Polygon","coordinates":[[[2.301719,48.848738],[2.30144,48.850525],[2.298728,48.850338],[2.299007,48.84855],[2.301719,48.848738]]]},"properties":{"id":"CRS3035RES200mN2889000E3756800","population":1596.0,"households":755.0,"poverty_rate":0.10596026490066225,"senior_rate":0.2211779448621554,"single_parent_rate":0.05695364238410596,"social_housing_rate":0.0,"imputed":false,"vulnerability":19.9}},{"type":"Feature","geometry":{"type":"Polygon","coordinates":[[[2.304431,48.848925],[2.304152,48.850713],[2.30144,48.850525],[2.301719,48.848738],[2.304431,48.848925]]]},"properties":{"id":"CRS3035RES200mN2889000E3757000","population":628.5,"households":305.0,"poverty_rate":0.11147540983606558,"senior_rate":0.3023070803500398,"single_parent_rate":0.03934426229508197,"social_housing_rate":0.0,"imputed":false,"vulnerability":23.9}},{"type":"Feature","geometry":{"type":"Polygon","coordinates":[[[2.309855,48.8493],[2.309577,48.851088],[2.306865,48.850901],[2.307143,48.849113],[2.309855,48.8493]]]},"properties":{"id":"CRS3035RES200mN2889000E3757400","population":466.0,"households":239.0,"poverty_rate":0.0794979079497908,"senior_rate":0.296137339055794,"single_parent_rate":0.058577405857740586,"social_housing_rate":0.0,"imputed":false,"vulnerability":22.8}},{"type":"Feature","geometry":{"type":"Polygon","coordinates":[[[2.312567,48.849488],[2.312289,48.851276],[2.309577,48.851088],[2.309855,48.8493],[2.312567,48.849488]]]},"properties":{"id":"CRS3035RES200mN2889000E3757600","population":451.5,"households":206.0,"poverty_rate":0.0825242718446602,"senior_rate":0.24141749723145073,"single_parent_rate":0.07766990291262135,"social_housing_rate":0.0,"imputed":false,"vulnerability":20.8}},{"type":"Feature","geometry":{"type":"Polygon","coordinates":[[[2.31528,48.849675],[2.315001,48.851463],[2.312289,48.851276],[2.312567,48.849488],[2.31528,48.849675]]]},"properties":{"id":"CRS3035RES200mN2889000E3757800","population":293.0,"households":118.0,"poverty_rate":0.09322033898305085,"senior_rate":0.2354948805460751,"single_parent_rate":0.0847457627118644,"social_housing_rate":0.0,"imputed":false,"vulnerability":21.3}},{"type":"Feature","geometry":{"type":"Polygon","coordinates":[[[2.317992,48.849863],[2.317714,48.851651],[2.315001,48.851463],[2.31528,48.849675],[2.317992,48.849863]]]},"properties":{"id":"CRS3035RES200mN2889000E3758000","population":360.5,"households":198.0,"poverty_rate":0.10606060606060606,"senior_rate":0.33841886269070737,"single_parent_rate":0.050505050505050504,"social_housing_rate":0.0,"imputed":false,"vulnerability":26.1}},{"type":"Feature","geometry":{"type":"Polygon","coordinates":[[[2.320704,48.85005],[2.320426,48.851838],[2.317714,48.851651],[2.317992,48.849863],[2.320704,48.85005]]]},"properties":{"id":"CRS3035RES200mN2889000E3758200","population":1200.0,"households":614.0,"poverty_rate":0.10912052117263844,"senior_rate":0.145,"single_parent_rate":0.0749185667752443,"social_housing_rate":0.016286644951140065,"imputed":false,"vulnerability":16.9}},{"type":"Feature","geometry":{"type":"Polygon","coordinates":[[[2.323416,48.850237],[2.323139,48.852025],[2.320426,48.851838],[2.320704,48.85005],[2.323416,48.850237]]]},"properties":{"id":"CRS3035RES200mN2889000E3758400","population":55.0,"households":33.0,"poverty_rate":0.030303030303030304,"senior_rate":0.38181818181818183,"single_parent_rate":0.06060606060606061,"social_housing_rate":0.0,"imputed":false,"vulnerability":25.1}},{"type":"Feature","geometry":{"type":"Polygon","coordinates":[[[2.326129,48.850424],[2.325851,48.852212],[2.323139,48.852025],[2.323416,48.850237],[2.326129,48.850424]]]},"properties":{"id":"CRS3035RES200mN2889000E3758600","population":246.0,"households":142.0,"poverty_rate":0.1056338028169014,"senior_rate":0.32926829268292684,"single_parent_rate":0.07042253521126761,"social_housing_rate":0.0,"imputed":false,"vulnerability":26.4}},{"type":"Feature","geometry":{"type":"Polygon","coordinates":[[[2.328841,48.850612],[2.328563,48.852399],[2.325851,48.852212],[2.326129,48.850424],[2.328841,48.850612]]]},"properties":{"id":"CRS3035RES200mN2889000E3758800","population":583.5,"households":302.0,"poverty_rate":0.09271523178807947,"senior_rate":0.2930591259640103,"single_parent_rate":0.046357615894039736,"social_housing_rate":0.0,"imputed":false,"vulnerability":22.8}},{"type":"Feature","geometry":{"type":"Polygon","coordinates":[[[2.331553,48.850799],[2.331276,48.852586],[2.328563,48.852399],[2.328841,48.850612],[2.331553,48.850799]]]},"properties":{"id":"CRS3035RES200mN2889000E3759000","population":913.5,"households":436.0,"poverty_rate":0.14220183486238533,"senior_rate":0.2047071702244116,"single_parent_rate":0.08256880733944955,"social_housing_rate":0.1743119266055046,"imputed":false,"vulnerability":24.6}},{"type":"Feature","geometry":{"type":"Polygon","coordinates":[[[2.334266,48.850985],[2.333988,48.852773],[2.331276,48.852586],[2.331553,48.850799],[2.334266,48.850985]]]},"properties":{"id":"CRS3035RES200mN2889000E3759200","population":805.0,"households":444.0,"poverty_rate":0.15315315315315314,"senior_rate":0.21366459627329193,"single_parent_rate":0.06306306306306306,"social_housing_rate":0.0,"imputed":false,"vulnerability":22.1}},{"type":"Feature","geometry":{"type":"Polygon","coordinates":[[[2.336978,48.851172],[2.336701,48.85296],[2.333988,48.852773],[2.334266,48.850985],[2.336978,48.851172]]]},"properties":{"id":"CRS3035RES200mN2889000E3759400","population":715.5,"households":421.0,"poverty_rate":0.14726840855106887,"senior_rate":0.2557651991614256,"single_parent_rate":0.10451306413301663,"social_housing_rate":0.035629453681710214,"imputed":false,"vulnerability":26.5}},{"type":"Feature","geometry":{"type":"Polygon","coordinates":[[[2.33969,48.851359],[2.339413,48.853147],[2.336701,48.85296],[2.336978,48.851172],[2.33969,48.851359]]]},"properties":{"id":"CRS3035RES200mN2889000E3759600","population":710.0,"households":417.0,"poverty_rate":0.19424460431654678,"senior_rate":0.24225352112676057,"single_parent_rate":0.07434052757793765,"social_housing_rate":0.0,"imputed":false,"vulnerability":26.3}},{"type":"Feature","geometry":{"type":"Polygon","coordinates":[[[2.342403,48.851546],[2.342126,48.853334],[2.339413,48.853147],[2.33969,48.851359],[2.342403,48.851546]]]},"properties":{"id":"CRS3035RES200mN2889000E3759800","population":449.0,"households":252.0,"poverty_rate":0.1388888888888889,"senior_rate":0.2516703786191537,"single_parent_rate":0.06746031746031746,"social_housing_rate":0.0,"imputed":false,"vulnerability":23.7}},{"type":"Feature","geometry":{"type":"Polygon","coordinates":[[[2.345115,48.851733],[2.344838,48.853521],[2.342126,48.853334],[2.342403,48.851546],[2.345115,48.851733]]]},"properties":{"id":"CRS3035RES200mN2889000E3760000","population":722.5,"households":382.0,"poverty_rate":0.14136125654450263,"senior_rate":0.23114186851211072,"single_parent_rate":0.06806282722513089,"social_housing_rate":0.0,"imputed":false,"vulnerability":22.7}},{"type":"Feature","geometry":{"type":"Polygon","coordinates":[[[2.347827,48.851919],[2.347551,48.853707],[2.344838,48.853521],[2.345115,48.851733],[2.347827,48.851919]]]},"properties":{"id":"CRS3035RES200mN2889000E3760200","population":689.5,"households":441.0,"poverty_rate":0.24263038548752835,"senior_rate":0.19724437998549674,"single_parent_rate":0.09523809523809523,"social_housing_rate":0.07482993197278912,"imputed":false,"vulnerability":28.2}},{"type":"Feature","geometry":{"type":"Polygon","coordinates":[[[2.35054,48.852106],[2.350263,48.853894],[2.347551,48.853707],[2.347827,48.851919],[2.35054,48.852106]]]},"properties":{"id":"CRS3035RES200mN2889000E3760400","population":145.0,"households":72.0,"poverty_rate":0.16666666666666666,"senior_rate":0.19310344827586207,"single_parent_rate":0.06944444444444445,"social_housing_rate":0.0,"imputed":false,"vulnerability":22.0}},{"type":"Feature","geometry":{"type":"Polygon","coordinates":[[[2.353252,48.852292],[2.352976,48.85408],[2.350263,48.853894],[2.35054,48.852106],[2.353252,48.852292]]]},"properties":{"id":"CRS3035RES200mN2889000E3760600","population":218.5,"households":112.0,"poverty_rate":0.11607142857142858,"senior_rate":0.3340961098398169,"single_parent_rate":0.05357142857142857,"social_housing_rate":0.0,"imputed":false,"vulnerability":26.5}},{"type":"Feature","geometry":{"type":"Polygon","coordinates":[[[2.355965,48.852479],[2.355688,48.854267],[2.352976,48.85408],[2.353252,48.852292],[2.355965,48.852479]]]},"properties":{"id":"CRS3035RES200mN2889000E3760800","population":534.0,"households":324.0,"poverty_rate":0.19753086419753085,"senior_rate":0.2696629213483146,"single_parent_rate":0.04938271604938271,"social_housing_rate":0.0,"imputed":false,"vulnerability":26.8}},{"type":"Feature","geometry":{"type":"Polygon","coordinates":[[[2.358677,48.852665],[2.358401,48.854453],[2.355688,48.854267],[2.355965,48.852479],[2.358677,48.852665]]]},"properties":{"id":"CRS3035RES200mN2889000E3761000","population":22.0,"households":11.0,"poverty_rate":0.0,"senior_rate":0.5454545454545454,"single_parent_rate":0.09090909090909091,"social_housing_rate":0.0,"imputed":false,"vulnerability":33.9}},{"type":"Feature","geometry":{"type":"Polygon","coordinates":[[[2.36139,48.852851],[2.361113,48.854639],[2.358401,48.854453],[2.358677,48.852665],[2.36139,48.852851]]]},"properties":{"id":"CRS3035RES200mN2889000E3761200","population":498.5,"households":243.0,"poverty_rate":0.2139917695473251,"senior_rate":0.24072216649949849,"single_parent_rate":0.17695473251028807,"social_housing_rate":0.7160493827160493,"imputed":false,"vulnerability":42.3}},{"type":"Feature","geometry":{"type":"Polygon","coordinates":[[[2.364102,48.853038],[2.363826,48.854826],[2.361113,48.854639],[2.36139,48.852851],[2.364102,48.853038]]]},"properties":{"id":"CRS3035RES200mN2889000E3761400","population":1174.5,"households":740.0,"poverty_rate":0.1783783783783784,"senior_rate":0.2205193699446573,"single_parent_rate":0.08648648648648649,"social_housing_rate":0.23108108108108108,"imputed":false,"vulnerability":28.3}},{"type":"Feature","geometry":{"type":"Polygon","coordinates":[[[2.366815,48.853224],[2.366539,48.855012],[2.363826,48.854826],[2.364102,48.853038],[2.366815,48.853224]]]},"properties":{"id":"CRS3035RES200mN2889000E3761600","population":903.0,"households":546.0,"poverty_rate":0.1446886446886447,"senior_rate":0.2026578073089701,"single_parent_rate":0.06776556776556776,"social_housing_rate":0.007326007326007326,"imputed":false,"vulnerability":21.4}},{"type":"Feature","geometry":{"type":"Polygon","coordinates":[[[2.369528,48.85341],[2.369251,48.855198],[2.366539,48.855012],[2.366815,48.853224],[2.369528,48.85341]]]},"properties":{"id":"CRS3035RES200mN2889000E3761800","population":1024.5,"households":600.0,"poverty_rate":0.12833333333333333,"senior_rate":0.21864324060517326,"single_parent_rate":0.06333333333333334,"social_housing_rate":0.02,"imputed":false,"vulnerability":21.5}},{"type":"Feature","geometry":{"type":"Polygon","coordinates":[[[2.37224,48.853596],[2.371964,48.855384],[2.369251,48.855198],[2.369528,48.85341],[2.37224,48.853596]]]},"properties":{"id":"CRS3035RES200mN2889000E3762000","population":918.0,"households":566.0,"poverty_rate":0.1784452296819788,"senior_rate":0.15577342047930284,"single_parent_rate":0.053003533568904596,"social_housing_rate":0.02120141342756184,"imputed":false,"vulnerability":20.1}},{"type":"Feature","geometry":{"type":"Polygon","coordinates":[[[2.374953,48.853782],[2.374677,48.85557],[2.371964,48.855384],[2.37224,48.853596],[2.374953,48.853782]]]},"properties":{"id":"CRS3035RES200mN2889000E3762200","population":1387.0,"households":801.0,"poverty_rate":0.11735330836454431,"senior_rate":0.14708002883922133,"single_parent_rate":0.06491885143570537,"social_housing_rate":0.13982521847690388,"imputed":false,"vulnerability":18.9}},{"type":"Feature","geometry":{"type":"Polygon","coordinates":[[[2.377665,48.853968],[2.37739,48.855756],[2.374677,48.85557],[2.374953,48.853782],[2.377665,48.853968]]]},"properties":{"id":"CRS3035RES200mN2889000E3762400","population":2115.5,"households":1282.0,"poverty_rate":0.1482059282371295,"senior_rate":0.1975892224060506,"single_parent_rate":0.06474258970358815,"social_housing_rate":0.12714508580343215,"imputed":false,"vulnerability":23.0}},{"type":"Feature","geometry":{"type":"Polygon","coordinates":[[[2.380378,48.854154],[2.380102,48.855942],[2.37739,48.855756],[2.377665,48.853968],[2.380378,48.854154]]]},"properties":{"id":"CRS3035RES200mN2889000E3762600","population":1270.5,"households":645.0,"poverty_rate":0.12558139534883722,"senior_rate":0.21723730814639905,"single_parent_rate":0.09302325581395349,"social_housing_rate":0.13178294573643412,"imputed":false,"vulnerability":24.2}},{"type":"Feature","geometry":{"type":"Polygon","coordinates":[[[2.383091,48.854339],[2.382815,48.856127],[2.380102,48.855942],[2.380378,48.854154],[2.383091,48.854339]]]},"properties":{"id":"CRS3035RES200mN2889000E3762800","population":1935.5,"households":1011.0,"poverty_rate":0.18001978239366964,"senior_rate":0.14363213639886335,"single_parent_rate":0.0771513353115727,"social_housing_rate":0.22551928783382788,"imputed":false,"vulnerability":23.6}},{"type":"Feature","geometry":{"type":"Polygon","coordinates":[[[2.385803,48.854525],[2.385528,48.856313],[2.382815,48.856127],[2.383091,48.854339],[2.385803,48.854525]]]},"properties":{"id":"CRS3035RES200mN2889000E3763000","population":1452.0,"households":844.0,"poverty_rate":0.11255924170616113,"senior_rate":0.14669421487603307,"single_parent_rate":0.06042654028436019,"social_housing_rate":0.0,"imputed":false,"vulnerability":16.3}},{"type":"Feature","geometry":{"type":"Polygon","coordinates":[[[2.388516,48.854711],[2.388241,48.856499],[2.385528,48.856313],[2.385803,48.854525],[2.388516,48.854711]]]},"properties":{"id":"CRS3035RES200mN2889000E3763200","population":2025.5,"households":1208.0,"poverty_rate":0.1771523178807947,"senior_rate":0.15897309306344112,"single_parent_rate":0.07864238410596026,"social_housing_rate":0.15397350993377484,"imputed":false,"vulnerability":23.3}},{"type":"Feature","geometry":{"type":"Polygon","coordinates":[[[2.391229,48.854896],[2.390954,48.856684],[2.388241,48.856499],[2.388516,48.854711],[2.391229,48.854896]]]},"properties":{"id":"CRS3035RES200mN2889000E3763400","population":2316.0,"households":1387.0,"poverty_rate":0.1240086517664023,"senior_rate":0.23359240069084627,"single_parent_rate":0.06056236481614996,"social_housing_rate":0.1110310021629416,"imputed":false,"vulnerability":23.3}},{"type":"Feature","geometry":{"type":"Polygon","coordinates":[[[2.393942,48.855082],[2.393666,48.85687],[2.390954,48.856684],[2.391229,48.854896],[2.393942,48.855082]]]},"properties":{"id":"CRS3035RES200mN2889000E3763600","population":1671.0,"households":758.0,"poverty_rate":0.1662269129287599,"senior_rate":0.1699581089168163,"single_parent_rate":0.1345646437994723,"social_housing_rate":0.5474934036939314,"imputed":false,"vulnerability":31.7}},{"type":"Feature","geometry":{"type":"Polygon","coordinates":[[[2.396654,48.855267],[2.396379,48.857055],[2.393666,48.85687],[2.393942,48.855082],[2.396654,48.855267]]]},"properties":{"id":"CRS3035RES200mN2889000E3763800","population":1214.5,"households":675.0,"poverty_rate":0.1274074074074074,"senior_rate":0.15232606010703995,"single_parent_rate":0.07555555555555556,"social_housing_rate":0.1748148148148148,"imputed":false,"vulnerability":20.6}},{"type":"Feature","geometry":{"type":"Polygon","coordinates":[[[2.399367,48.855453],[2.399092,48.857241],[2.396379,48.857055],[2.396654,48.855267],[2.399367,48.855453]]]},"properties":{"id":"CRS3035RES200mN2889000E3764000","population":2320.5,"households":1164.0,"poverty_rate":0.10824742268041238,"senior_rate":0.15987933634992457,"single_parent_rate":0.10652920962199312,"social_housing_rate":0.13402061855670103,"imputed":false,"vulnerability":20.8}},{"type":"Feature","geometry":{"type":"Polygon","coordinates":[[[2.40208,48.855638],[2.401805,48.857426],[2.399092,48.857241],[2.399367,48.855453],[2.40208,48.855638]]]},"properties":{"id":"CRS3035RES200mN2889000E3764200","population":1347.0,"households":608.0,"poverty_rate":0.17763157894736842,"senior_rate":0.15738678544914625,"single_parent_rate":0.13322368421052633,"social_housing_rate":0.5575657894736842,"imputed":false,"vulnerability":31.7}},{"type":"Feature","geometry":{"type":"Polygon","coordinates":[[[2.404793,48.855823],[2.404518,48.857611],[2.401805,48.857426],[2.40208,48.855638],[2.404793,48.855823]]]},"properties":{"id":"CRS3035RES200mN2889000E3764400","population":2102.5,"households":1064.0,"poverty_rate":0.13909774436090225,"senior_rate":0.16979785969084424,"single_parent_rate":0.07424812030075188,"social_housing_rate":0.1513157894736842,"imputed":false,"vulnerability":21.8}},{"type":"Feature","geometry":{"type":"Polygon","coordinates":[[[2.407506,48.856008],[2.407231,48.857797],[2.404518,48.857611],[2.404793,48.855823],[2.407506,48.856008]]]},"properties":{"id":"CRS3035RES200mN2889000E3764600","population":2379.0,"households":1112.0,"poverty_rate":0.23381294964028776,"senior_rate":0.18579234972677597,"single_parent_rate":0.10701438848920863,"social_housing_rate":0.5107913669064749,"imputed":false,"vulnerability":34.2}},{"type":"Feature","geometry":{"type":"Polygon","coordinates":[[[2.410218,48.856194],[2.409944,48.857982],[2.407231,48.857797],[2.407506,48.856008],[2.410218,48.856194]]]},"properties":{"id":"CRS3035RES200mN2889000E3764800","population":2133.0,"households":914.0,"poverty_rate":0.19474835886214442,"senior_rate":0.21847163619315518,"single_parent_rate":0.14989059080962802,"social_housing_rate":0.5579868708971554,"imputed":false,"vulnerability":36.6}},{"type":"Feature","geometry":{"type":"Polygon","coordinates":[[[2.412931,48.856379],[2.412657,48.858167],[2.409944,48.857982],[2.410218,48.856194],[2.412931,48.856379]]]},"properties":{"id":"CRS3035RES200mN2889000E3765000","population":1036.5,"households":439.0,"poverty_rate":0.30751708428246016,"senior_rate":0.20356970574047276,"single_parent_rate":0.19362186788154898,"social_housing_rate":0.9931662870159453,"imputed":false,"vulnerability":49.8}},{"type":"Feature","geometry":{"type":"Polygon","coordinates":[[[2.244488,48.846569],[2.244207,48.848356],[2.241495,48.848167],[2.241776,48.84638],[2.244488,48.846569]]]},"properties":{"id":"CRS3035RES200mN2889200E3752600","population":361.5,"households":160.0,"poverty_rate":0.08125,"senior_rate":0.21023513139695713,"single_parent_rate":0.10625,"social_housing_rate":0.0,"imputed":false,"vulnerability":20.2}},{"type":"Feature","geometry":{"type":"Polygon","coordinates":[[[2.2472,48.846758],[2.246919,48.848545],[2.244207,48.848356],[2.244488,48.846569],[2.2472,48.846758]]]},"properties":{"id":"CRS3035RES200mN2889200E3752800","population":12.0,"households":5.7,"poverty_rate":0.03508771929824561,"senior_rate":0.15833333333333333,"single_parent_rate":0.03508771929824561,"social_housing_rate":0.0,"imputed":true,"vulnerability":12.0}},{"type":"Feature","geometry":{"type":"Polygon","coordinates":[[[2.260759,48.847702],[2.260479,48.84949],[2.257767,48.849301],[2.258047,48.847513],[2.260759,48.847702]]]},"properties":{"id":"CRS3035RES200mN2889200E3753800","population":213.0,"households":107.0,"poverty_rate":0.102803738317757,"senior_rate":0.22535211267605634,"single_parent_rate":0.11214953271028037,"social_housing_rate":0.0,"imputed":false,"vulnerability":22.4}},{"type":"Feature","geometry":{"type":"Polygon","coordinates":[[[2.263471,48.847891],[2.263191,48.849678],[2.260479,48.84949],[2.260759,48.847702],[2.263471,48.847891]]]},"properties":{"id":"CRS3035RES200mN2889200E3754000","population":1209.5,"households":576.0,"poverty_rate":0.1111111111111111,"senior_rate":0.20256304257957833,"single_parent_rate":0.0920138888888889,"social_housing_rate":0.0,"imputed":false,"vulnerability":20.7}},{"type":"Feature","geometry":{"type":"Polygon","coordinates":[[[2.266183,48.848079],[2.265903,48.849867],[2.263191,48.849678],[2.263471,48.847891],[2.266183,48.848079]]]},"properties":{"id":"CRS3035RES200mN2889200E3754200","population":1060.5,"households":533.0,"poverty_rate":0.11069418386491557,"senior_rate":0.23573785950023574,"single_parent_rate":0.10131332082551595,"social_housing_rate":0.0,"imputed":false,"vulnerability":22.9}},{"type":"Feature","geometry":{"type":"Polygon","coordinates":[[[2.268895,48.848268],[2.268615,48.850056],[2.265903,48.849867],[2.266183,48.848079],[2.268895,48.848268]]]},"properties":{"id":"CRS3035RES200mN2889200E3754400","population":1562.5,"households":728.0,"poverty_rate":0.11675824175824176,"senior_rate":0.22208,"single_parent_rate":0.08379120879120878,"social_housing_rate":0.0,"imputed":false,"vulnerability":21.7}},{"type":"Feature","geometry":{"type":"Polygon","coordinates":[[[2.271607,48.848456],[2.271327,48.850244],[2.268615,48.850056],[2.268895,48.848268],[2.271607,48.848456]]]},"properties":{"id":"CRS3035RES200mN2889200E3754600","population":1487.0,"households":639.0,"poverty_rate":0.12050078247261346,"senior_rate":0.20242098184263618,"single_parent_rate":0.09233176838810642,"social_housing_rate":0.03286384976525822,"imputed":false,"vulnerability":21.6}},{"type":"Feature","geometry":{"type":"Polygon","coordinates":[[[2.274319,48.848645],[2.274039,48.850433],[2.271327,48.850244],[2.271607,48.848456],[2.274319,48.848645]]]},"properties":{"id":"CRS3035RES200mN2889200E3754800","population":1906.0,"households":946.0,"poverty_rate":0.12579281183932348,"senior_rate":0.24344176285414482,"single_parent_rate":0.08668076109936575,"social_housing_rate":0.0919661733615222,"imputed":false,"vulnerability":24.8}},{"type":"Feature","geometry":{"type":"Polygon","coordinates":[[[2.277031,48.848833],[2.276752,48.850621],[2.274039,48.850433],[2.274319,48.848645],[2.277031,48.848833]]]},"properties":{"id":"CRS3035RES200mN2889200E3755000","population":1627.5,"households":840.0,"poverty_rate":0.16071428571428573,"senior_rate":0.2457757296466974,"single_parent_rate":0.10476190476190476,"social_housing_rate":0.39166666666666666,"imputed":false,"vulnerability":32.0}},{"type":"Feature","geometry":{"type":"Polygon","coordinates":[[[2.279743,48.849021],[2.279464,48.850809],[2.276752,48.850621],[2.277031,48.848833],[2.279743,48.849021]]]},"properties":{"id":"CRS3035RES200mN2889200E3755200","population":417.0,"households":215.0,"poverty_rate":0.15813953488372093,"senior_rate":0.2278177458033573,"single_parent_rate":0.06976744186046512,"social_housing_rate":0.18604651162790697,"imputed":false,"vulnerability":26.2}},{"type":"Feature","geometry":{"type":"Polygon","coordinates":[[[2.285167,48.849398],[2.284888,48.851186],[2.282176,48.850997],[2.282455,48.84921],[2.285167,48.849398]]]},"properties":{"id":"CRS3035RES200mN2889200E3755600","population":855.5,"households":456.0,"poverty_rate":0.21929824561403508,"senior_rate":0.2559906487434249,"single_parent_rate":0.039473684210526314,"social_housing_rate":0.0021929824561403508,"imputed":false,"vulnerability":26.8}},{"type":"Feature","geometry":{"type":"Polygon","coordinates":[[[2.287879,48.849586],[2.2876,48.851374],[2.284888,48.851186],[2.285167,48.849398],[2.287879,48.849586]]]},"properties":{"id":"CRS3035RES200mN2889200E3755800","population":1106.5,"households":548.0,"poverty_rate":0.16423357664233576,"senior_rate":0.2394938996836873,"single_parent_rate":0.09124087591240876,"social_housing_rate":0.3010948905109489,"imputed":false,"vulnerability":29.8}},{"type":"Feature","geometry":{"type":"Polygon","coordinates":[[[2.290591,48.849774],[2.290313,48.851562],[2.2876,48.851374],[2.287879,48.849586],[2.290591,48.849774]]]},"properties":{"id":"CRS3035RES200mN2889200E3756000","population":973.5,"households":531.0,"poverty_rate":0.15254237288135594,"senior_rate":0.14689265536723164,"single_parent_rate":0.060263653483992465,"social_housing_rate":0.1224105461393597,"imputed":false,"vulnerability":20.1}},{"type":"Feature","geometry":{"type":"Polygon","coordinates":[[[2.293304,48.849962],[2.293025,48.85175],[2.290313,48.851562],[2.290591,48.849774],[2.293304,48.849962]]]},"properties":{"id":"CRS3035RES200mN2889200E3756200","population":1091.5,"households":649.0,"poverty_rate":0.1679506933744222,"senior_rate":0.17132386623912046,"single_parent_rate":0.07395993836671803,"social_housing_rate":0.06933744221879815,"imputed":false,"vulnerability":22.1}},{"type":"Feature","geometry":{"type":"Polygon","coordinates":[[[2.296016,48.85015],[2.295737,48.851938],[2.293025,48.85175],[2.293304,48.849962],[2.296016,48.85015]]]},"properties":{"id":"CRS3035RES200mN2889200E3756400","population":1811.5,"households":739.0,"poverty_rate":0.09336941813261164,"senior_rate":0.0960529947557273,"single_parent_rate":0.06359945872801083,"social_housing_rate":0.2638700947225981,"imputed":false,"vulnerability":16.7}},{"type":"Feature","geometry":{"type":"Polygon","coordinates":[[[2.298728,48.850338],[2.298449,48.852125],[2.295737,48.851938],[2.296016,48.85015],[2.298728,48.850338]]]},"properties":{"id":"CRS3035RES200mN2889200E3756600","population":834.5,"households":459.0,"poverty_rate":0.12418300653594772,"senior_rate":0.1737567405632115,"single_parent_rate":0.05010893246187364,"social_housing_rate":0.06753812636165578,"imputed":false,"vulnerability":18.9}},{"type":"Feature","geometry":{"type":"Polygon","coordinates":[[[2.30144,48.850525],[2.301162,48.852313],[2.298449,48.852125],[2.298728,48.850338],[2.30144,48.850525]]]},"properties":{"id":"CRS3035RES200mN2889200E3756800","population":1307.5,"households":634.0,"poverty_rate":0.1056782334384858,"senior_rate":0.28221797323135756,"single_parent_rate":0.055205047318611984,"social_housing_rate":0.0,"imputed":false,"vulnerability":23.2}},{"type":"Feature","geometry":{"type":"Polygon","coordinates":[[[2.304152,48.850713],[2.303874,48.852501],[2.301162,48.852313],[2.30144,48.850525],[2.304152,48.850713]]]},"properties":{"id":"CRS3035RES200mN2889200E3757000","population":8.0,"households":2.6,"poverty_rate":0.07692307692307693,"senior_rate":0.0625,"single_parent_rate":0.07692307692307693,"social_housing_rate":0.3076923076923077,"imputed":true,"vulnerability":15.2}},{"type":"Feature","geometry":{"type":"Polygon","coordinates":[[[2.306865,48.850901],[2.306586,48.852688],[2.303874,48.852501],[2.304152,48.850713],[2.306865,48.850901]]]},"properties":{"id":"CRS3035RES200mN2889200E3757200","population":37.0,"households":11.8,"poverty_rate":0.05932203389830508,"senior_rate":0.05675675675675676,"single_parent_rate":0.05932203389830508,"social_housing_rate":0.2966101694915254,"imputed":true,"vulnerability":13.1}},{"type":"Feature","geometry":{"type":"Polygon","coordinates":[[[2.309577,48.851088],[2.309299,48.852876],[2.306586,48.852688],[2.306865,48.850901],[2.309577,48.851088]]]},"properties":{"id":"CRS3035RES200mN2889200E3757400","population":12.5,"households":4.0,"poverty_rate":0.05,"senior_rate":0.055999999999999994,"single_parent_rate":0.05,"social_housing_rate":0.3,"imputed":true,"vulnerability":12.2}},{"type":"Feature","geometry":{"type":"Polygon","coordinates":[[[2.312289,48.851276],[2.312011,48.853064],[2.309299,48.852876],[2.309577,48.851088],[2.312289,48.851276]]]},"properties":{"id":"CRS3035RES200mN2889200E3757600","population":700.0,"households":367.0,"poverty_rate":0.08991825613079019,"senior_rate":0.3142857142857143,"single_parent_rate":0.0681198910081744,"social_housing_rate":0.0,"imputed":false,"vulnerability":24.7}},{"type":"Feature","geometry":{"type":"Polygon","coordinates":[[[2.315001,48.851463],[2.314723,48.853251],[2.312011,48.853064],[2.312289,48.851276],[2.315001,48.851463]]]},"properties":{"id":"CRS3035RES200mN2889200E3757800","population":515.0,"households":252.0,"poverty_rate":0.08333333333333333,"senior_rate":0.29902912621359223,"single_parent_rate":0.047619047619047616,"social_housing_rate":0.0,"imputed":false,"vulnerability":22.7}},{"type":"Feature","geometry":{"type":"Polygon","coordinates":[[[2.317714,48.851651],[2.317436,48.853438],[2.314723,48.853251],[2.315001,48.851463],[2.317714,48.851651]]]},"properties":{"id":"CRS3035RES200mN2889200E3758000","population":293.0,"households":147.0,"poverty_rate":0.09523809523809523,"senior_rate":0.3037542662116041,"single_parent_rate":0.10204081632653061,"social_housing_rate":0.0,"imputed":false,"vulnerability":25.9}},{"type":"Feature","geometry":{"type":"Polygon","coordinates":[[[2.320426,48.851838],[2.320148,48.853626],[2.317436,48.853438],[2.317714,48.851651],[2.320426,48.851838]]]},"properties":{"id":"CRS3035RES200mN2889200E3758200","population":629.5,"households":356.0,"poverty_rate":0.12359550561797752,"senior_rate":0.2414614773629865,"single_parent_rate":0.0702247191011236,"social_housing_rate":0.0,"imputed":false,"vulnerability":22.5}},{"type":"Feature","geometry":{"type":"Polygon","coordinates":[[[2.323139,48.852025],[2.322861,48.853813],[2.320148,48.853626],[2.320426,48.851838],[2.323139,48.852025]]]},"properties":{"id":"CRS3035RES200mN2889200E3758400","population":95.0,"households":43.0,"poverty_rate":0.11627906976744186,"senior_rate":0.2631578947368421,"single_parent_rate":0.046511627906976744,"social_housing_rate":0.0,"imputed":false,"vulnerability":22.3}},{"type":"Feature","geometry":{"type":"Polygon","coordinates":[[[2.325851,48.852212],[2.325573,48.854],[2.322861,48.853813],[2.323139,48.852025],[2.325851,48.852212]]]},"properties":{"id":"CRS3035RES200mN2889200E3758600","population":713.0,"households":366.0,"poverty_rate":0.10109289617486339,"senior_rate":0.25806451612903225,"single_parent_rate":0.09289617486338798,"social_housing_rate":0.0,"imputed":false,"vulnerability":23.3}},{"type":"Feature","geometry":{"type":"Polygon","coordinates":[[[2.328563,48.852399],[2.328286,48.854187],[2.325573,48.854],[2.325851,48.852212],[2.328563,48.852399]]]},"properties":{"id":"CRS3035RES200mN2889200E3758800","population":769.0,"households":422.0,"poverty_rate":0.10900473933649289,"senior_rate":0.2717815344603381,"single_parent_rate":0.07109004739336493,"social_housing_rate":0.0,"imputed":false,"vulnerability":23.5}},{"type":"Feature","geometry":{"type":"Polygon","coordinates":[[[2.331276,48.852586],[2.330998,48.854374],[2.328286,48.854187],[2.328563,48.852399],[2.331276,48.852586]]]},"properties":{"id":"CRS3035RES200mN2889200E3759000","population":613.0,"households":388.0,"poverty_rate":0.13917525773195877,"senior_rate":0.2936378466557912,"single_parent_rate":0.061855670103092786,"social_housing_rate":0.0,"imputed":false,"vulnerability":25.8}},{"type":"Feature","geometry":{"type":"Polygon","coordinates":[[[2.333988,48.852773],[2.333711,48.854561],[2.330998,48.854374],[2.331276,48.852586],[2.333988,48.852773]]]},"properties":{"id":"CRS3035RES200mN2889200E3759200","population":672.0,"households":414.0,"poverty_rate":0.1956521739130435,"senior_rate":0.31101190476190477,"single_parent_rate":0.04830917874396135,"social_housing_rate":0.0,"imputed":false,"vulnerability":29.0}},{"type":"Feature","geometry":{"type":"Polygon","coordinates":[[[2.336701,48.85296],[2.336423,48.854748],[2.333711,48.854561],[2.333988,48.852773],[2.336701,48.85296]]]},"properties":{"id":"CRS3035RES200mN2889200E3759400","population":528.5,"households":321.0,"poverty_rate":0.16822429906542055,"senior_rate":0.3065279091769158,"single_parent_rate":0.056074766355140186,"social_housing_rate":0.059190031152647975,"imputed":false,"vulnerability":28.6}},{"type":"Feature","geometry":{"type":"Polygon","coordinates":[[[2.339413,48.853147],[2.339136,48.854935],[2.336423,48.854748],[2.336701,48.85296],[2.339413,48.853147]]]},"properties":{"id":"CRS3035RES200mN2889200E3759600","population":958.5,"households":628.0,"poverty_rate":0.1735668789808917,"senior_rate":0.22326551904016692,"single_parent_rate":0.07165605095541401,"social_housing_rate":0.0,"imputed":false,"vulnerability":24.1}},{"type":"Feature","geometry":{"type":"Polygon","coordinates":[[[2.342126,48.853334],[2.341848,48.855122],[2.339136,48.854935],[2.339413,48.853147],[2.342126,48.853334]]]},"properties":{"id":"CRS3035RES200mN2889200E3759800","population":663.5,"households":416.0,"poverty_rate":0.13701923076923078,"senior_rate":0.29691032403918616,"single_parent_rate":0.07211538461538461,"social_housing_rate":0.01201923076923077,"imputed":false,"vulnerability":26.5}},{"type":"Feature","geometry":{"type":"Polygon","coordinates":[[[2.344838,48.853521],[2.344561,48.855308],[2.341848,48.855122],[2.342126,48.853334],[2.344838,48.853521]]]},"properties":{"id":"CRS3035RES200mN2889200E3760000","population":407.0,"households":255.0,"poverty_rate":0.1803921568627451,"senior_rate":0.257985257985258,"single_parent_rate":0.027450980392156862,"social_housing_rate":0.023529411764705882,"imputed":false,"vulnerability":24.7}},{"type":"Feature","geometry":{"type":"Polygon","coordinates":[[[2.347551,48.853707],[2.347274,48.855495],[2.344561,48.855308],[2.344838,48.853521],[2.347551,48.853707]]]},"properties":{"id":"CRS3035RES200mN2889200E3760200","population":86.0,"households":43.9,"poverty_rate":0.08200455580865604,"senior_rate":0.2302325581395349,"single_parent_rate":0.10250569476082005,"social_housing_rate":0.0,"imputed":true,"vulnerability":21.2}},{"type":"Feature","geometry":{"type":"Polygon","coordinates":[[[2.350263,48.853894],[2.349986,48.855682],[2.347274,48.855495],[2.347551,48.853707],[2.350263,48.853894]]]},"properties":{"id":"CRS3035RES200mN2889200E3760400","population":84.0,"households":45.0,"poverty_rate":0.2,"senior_rate":0.2857142857142857,"single_parent_rate":0.0,"social_housing_rate":0.0,"imputed":false,"vulnerability":25.7}},{"type":"Feature","geometry":{"type":"Polygon","coordinates":[[[2.352976,48.85408],[2.352699,48.855868],[2.349986,48.855682],[2.350263,48.853894],[2.352976,48.85408]]]},"properties":{"id":"CRS3035RES200mN2889200E3760600","population":176.5,"households":96.0,"poverty_rate":0.19791666666666666,"senior_rate":0.23229461756373937,"single_parent_rate":0.07291666666666667,"social_housing_rate":0.0,"imputed":false,"vulnerability":25.8}},{"type":"Feature","geometry":{"type":"Polygon","coordinates":[[[2.355688,48.854267],[2.355412,48.856055],[2.352699,48.855868],[2.352976,48.85408],[2.355688,48.854267]]]},"properties":{"id":"CRS3035RES200mN2889200E3760800","population":325.0,"households":175.0,"poverty_rate":0.24571428571428572,"senior_rate":0.27076923076923076,"single_parent_rate":0.16,"social_housing_rate":0.8114285714285714,"imputed":false,"vulnerability":46.3}},{"type":"Feature","geometry":{"type":"Polygon","coordinates":[[[2.358401,48.854453],[2.358124,48.856241],[2.355412,48.856055],[2.355688,48.854267],[2.358401,48.854453]]]},"properties":{"id":"CRS3035RES200mN2889200E3761000","population":716.0,"households":367.0,"poverty_rate":0.22070844686648503,"senior_rate":0.19692737430167598,"single_parent_rate":0.1335149863760218,"social_housing_rate":0.5204359673024523,"imputed":false,"vulnerability":35.4}},{"type":"Feature","geometry":{"type":"Polygon","coordinates":[[[2.361113,48.854639],[2.360837,48.856427],[2.358124,48.856241],[2.358401,48.854453],[2.361113,48.854639]]]},"properties":{"id":"CRS3035RES200mN2889200E3761200","population":1047.5,"households":625.0,"poverty_rate":0.1904,"senior_rate":0.1928400954653938,"single_parent_rate":0.1088,"social_housing_rate":0.2704,"imputed":false,"vulnerability":28.9}},{"type":"Feature","geometry":{"type":"Polygon","coordinates":[[[2.363826,48.854826],[2.36355,48.856614],[2.360837,48.856427],[2.361113,48.854639],[2.363826,48.854826]]]},"properties":{"id":"CRS3035RES200mN2889200E3761400","population":1219.5,"households":762.0,"poverty_rate":0.14566929133858267,"senior_rate":0.2181221812218122,"single_parent_rate":0.06430446194225722,"social_housing_rate":0.010498687664041995,"imputed":false,"vulnerability":22.2}},{"type":"Feature","geometry":{"type":"Polygon","coordinates":[[[2.366539,48.855012],[2.366263,48.8568],[2.36355,48.856614],[2.363826,48.854826],[2.366539,48.855012]]]},"properties":{"id":"CRS3035RES200mN2889200E3761600","population":258.0,"households":143.0,"poverty_rate":0.11888111888111888,"senior_rate":0.24031007751937986,"single_parent_rate":0.06293706293706294,"social_housing_rate":0.0,"imputed":false,"vulnerability":21.9}},{"type":"Feature","geometry":{"type":"Polygon","coordinates":[[[2.369251,48.855198],[2.368975,48.856986],[2.366263,48.8568],[2.366539,48.855012],[2.369251,48.855198]]]},"properties":{"id":"CRS3035RES200mN2889200E3761800","population":1094.5,"households":586.0,"poverty_rate":0.14675767918088736,"senior_rate":0.18821379625399726,"single_parent_rate":0.09044368600682594,"social_housing_rate":0.09897610921501707,"imputed":false,"vulnerability":23.1}},{"type":"Feature","geometry":{"type":"Polygon","coordinates":[[[2.371964,48.855384],[2.371688,48.857172],[2.368975,48.856986],[2.369251,48.855198],[2.371964,48.855384]]]},"properties":{"id":"CRS3035RES200mN2889200E3762000","population":1121.0,"households":671.0,"poverty_rate":0.13859910581222057,"senior_rate":0.19536128456735058,"single_parent_rate":0.07004470938897168,"social_housing_rate":0.06259314456035768,"imputed":false,"vulnerability":21.6}},{"type":"Feature","geometry":{"type":"Polygon","coordinates":[[[2.374677,48.85557],[2.374401,48.857358],[2.371688,48.857172],[2.371964,48.855384],[2.374677,48.85557]]]},"properties":{"id":"CRS3035RES200mN2889200E3762200","population":1625.0,"households":947.0,"poverty_rate":0.12565997888067582,"senior_rate":0.12123076923076923,"single_parent_rate":0.0665258711721225,"social_housing_rate":0.14994720168954592,"imputed":false,"vulnerability":18.1}},{"type":"Feature","geometry":{"type":"Polygon","coordinates":[[[2.37739,48.855756],[2.377114,48.857544],[2.374401,48.857358],[2.374677,48.85557],[2.37739,48.855756]]]},"properties":{"id":"CRS3035RES200mN2889200E3762400","population":1104.5,"households":609.0,"poverty_rate":0.10509031198686371,"senior_rate":0.14938886373924853,"single_parent_rate":0.08702791461412152,"social_housing_rate":0.21839080459770116,"imputed":false,"vulnerability":20.5}},{"type":"Feature","geometry":{"type":"Polygon","coordinates":[[[2.380102,48.855942],[2.379827,48.85773],[2.377114,48.857544],[2.37739,48.855756],[2.380102,48.855942]]]},"properties":{"id":"CRS3035RES200mN2889200E3762600","population":2081.0,"households":1069.0,"poverty_rate":0.1580916744621141,"senior_rate":0.1513695338779433,"single_parent_rate":0.09635173058933583,"social_housing_rate":0.3115060804490178,"imputed":false,"vulnerability":25.1}},{"type":"Feature","geometry":{"type":"Polygon","coordinates":[[[2.382815,48.856127],[2.382539,48.857915],[2.379827,48.85773],[2.380102,48.855942],[2.382815,48.856127]]]},"properties":{"id":"CRS3035RES200mN2889200E3762800","population":1693.0,"households":957.0,"poverty_rate":0.1671891327063741,"senior_rate":0.1748375664500886,"single_parent_rate":0.08986415882967608,"social_housing_rate":0.2277951933124347,"imputed":false,"vulnerability":25.3}},{"type":"Feature","geometry":{"type":"Polygon","coordinates":[[[2.385528,48.856313],[2.385252,48.858101],[2.382539,48.857915],[2.382815,48.856127],[2.385528,48.856313]]]},"properties":{"id":"CRS3035RES200mN2889200E3763000","population":1416.0,"households":786.0,"poverty_rate":0.19592875318066158,"senior_rate":0.17937853107344634,"single_parent_rate":0.09796437659033079,"social_housing_rate":0.4211195928753181,"imputed":false,"vulnerability":30.2}},{"type":"Feature","geometry":{"type":"Polygon","coordinates":[[[2.388241,48.856499],[2.387965,48.858287],[2.385252,48.858101],[2.385528,48.856313],[2.388241,48.856499]]]},"properties":{"id":"CRS3035RES200mN2889200E3763200","population":1727.0,"households":959.0,"poverty_rate":0.13764337851929093,"senior_rate":0.15170816444701796,"single_parent_rate":0.1397288842544317,"social_housing_rate":0.44421272158498437,"imputed":false,"vulnerability":27.9}},{"type":"Feature","geometry":{"type":"Polygon","coordinates":[[[2.390954,48.856684],[2.390678,48.858472],[2.387965,48.858287],[2.388241,48.856499],[2.390954,48.856684]]]},"properties":{"id":"CRS3035RES200mN2889200E3763400","population":818.0,"households":459.0,"poverty_rate":0.13507625272331156,"senior_rate":0.2078239608801956,"single_parent_rate":0.06100217864923747,"social_housing_rate":0.05010893246187364,"imputed":false,"vulnerability":21.6}},{"type":"Feature","geometry":{"type":"Polygon","coordinates":[[[2.393666,48.85687],[2.393391,48.858658],[2.390678,48.858472],[2.390954,48.856684],[2.393666,48.85687]]]},"properties":{"id":"CRS3035RES200mN2889200E3763600","population":1650.5,"households":988.0,"poverty_rate":0.16497975708502025,"senior_rate":0.20720993638291427,"single_parent_rate":0.06882591093117409,"social_housing_rate":0.32388663967611336,"imputed":false,"vulnerability":27.5}},{"type":"Feature","geometry":{"type":"Polygon","coordinates":[[[2.396379,48.857055],[2.396104,48.858843],[2.393391,48.858658],[2.393666,48.85687],[2.396379,48.857055]]]},"properties":{"id":"CRS3035RES200mN2889200E3763800","population":499.5,"households":200.0,"poverty_rate":0.11,"senior_rate":0.11011011011011011,"single_parent_rate":0.17,"social_housing_rate":0.775,"imputed":false,"vulnerability":30.5}},{"type":"Feature","geometry":{"type":"Polygon","coordinates":[[[2.399092,48.857241],[2.398817,48.859029],[2.396104,48.858843],[2.396379,48.857055],[2.399092,48.857241]]]},"properties":{"id":"CRS3035RES200mN2889200E3764000","population":1022.0,"households":533.0,"poverty_rate":0.1125703564727955,"senior_rate":0.12818003913894324,"single_parent_rate":0.0975609756097561,"social_housing_rate":0.27392120075046905,"imputed":false,"vulnerability":21.0}},{"type":"Feature","geometry":{"type":"Polygon","coordinates":[[[2.401805,48.857426],[2.40153,48.859214],[2.398817,48.859029],[2.399092,48.857241],[2.401805,48.857426]]]},"properties":{"id":"CRS3035RES200mN2889200E3764200","population":1568.0,"households":745.0,"poverty_rate":0.13557046979865772,"senior_rate":0.13903061224489796,"single_parent_rate":0.11140939597315436,"social_housing_rate":0.3409395973154362,"imputed":false,"vulnerability":24.4}},{"type":"Feature","geometry":{"type":"Polygon","coordinates":[[[2.404518,48.857611],[2.404243,48.859399],[2.40153,48.859214],[2.401805,48.857426],[2.404518,48.857611]]]},"properties":{"id":"CRS3035RES200mN2889200E3764400","population":1671.5,"households":871.0,"poverty_rate":0.1044776119402985,"senior_rate":0.2028118456476219,"single_parent_rate":0.09184845005740529,"social_housing_rate":0.21469575200918484,"imputed":false,"vulnerability":23.6}},{"type":"Feature","geometry":{"type":"Polygon","coordinates":[[[2.407231,48.857797],[2.406956,48.859585],[2.404243,48.859399],[2.404518,48.857611],[2.407231,48.857797]]]},"properties":{"id":"CRS3035RES200mN2889200E3764600","population":1366.5,"households":519.0,"poverty_rate":0.19653179190751446,"senior_rate":0.12733260153677278,"single_parent_rate":0.1233140655105973,"social_housing_rate":0.7263969171483622,"imputed":false,"vulnerability":33.1}},{"type":"Feature","geometry":{"type":"Polygon","coordinates":[[[2.409944,48.857982],[2.409669,48.85977],[2.406956,48.859585],[2.407231,48.857797],[2.409944,48.857982]]]},"properties":{"id":"CRS3035RES200mN2889200E3764800","population":3049.0,"households":1325.0,"poverty_rate":0.22943396226415094,"senior_rate":0.17251557887832075,"single_parent_rate":0.14113207547169812,"social_housing_rate":0.5343396226415095,"imputed":false,"vulnerability":35.1}},{"type":"Feature","geometry":{"type":"Polygon","coordinates":[[[2.412657,48.858167],[2.412382,48.859955],[2.409669,48.85977],[2.409944,48.857982],[2.412657,48.858167]]]},"properties":{"id":"CRS3035RES200mN2889200E3765000","population":1760.0,"households":679.0,"poverty_rate":0.28865979381443296,"senior_rate":0.18181818181818182,"single_parent_rate":0.23858615611192932,"social_housing_rate":1.0,"imputed":false,"vulnerability":49.7}},{"type":"Feature","geometry":{"type":"Polygon","coordinates":[[[2.41537,48.858352],[2.415095,48.86014],[2.412382,48.859955],[2.412657,48.858167],[2.41537,48.858352]]]},"properties":{"id":"CRS3035RES200mN2889200E3765200","population":23.0,"households":13.0,"poverty_rate":0.5384615384615384,"senior_rate":0.08695652173913043,"single_parent_rate":0.0,"social_housing_rate":0.0,"imputed":false,"vulnerability":31.7}},{"type":"Feature","geometry":{"type":"Polygon","coordinates":[[[2.241495,48.848167],[2.241215,48.849955],[2.238503,48.849765],[2.238783,48.847978],[2.241495,48.848167]]]},"properties":{"id":"CRS3035RES200mN2889400E3752400","population":174.0,"households":84.0,"poverty_rate":0.08333333333333333,"senior_rate":0.23563218390804597,"single_parent_rate":0.11904761904761904,"social_housing_rate":0.0,"imputed":false,"vulnerability":22.3}},{"type":"Feature","geometry":{"type":"Polygon","coordinates":[[[2.244207,48.848356],[2.243927,48.850144],[2.241215,48.849955],[2.241495,48.848167],[2.244207,48.848356]]]},"properties":{"id":"CRS3035RES200mN2889400E3752600","population":4.0,"households":1.9,"poverty_rate":0.052631578947368425,"senior_rate":0.15,"single_parent_rate":0.052631578947368425,"social_housing_rate":0.0,"imputed":true,"vulnerability":13.2}},{"type":"Feature","geometry":{"type":"Polygon","coordinates":[[[2.260479,48.84949],[2.260199,48.851277],[2.257487,48.851089],[2.257767,48.849301],[2.260479,48.84949]]]},"properties":{"id":"CRS3035RES200mN2889400E3753800","population":1126.0,"households":450.0,"poverty_rate":0.16444444444444445,"senior_rate":0.130550621669627,"single_parent_rate":0.14444444444444443,"social_housing_rate":0.43777777777777777,"imputed":false,"vulnerability":28.2}},{"type":"Feature","geometry":{"type":"Polygon","coordinates":[[[2.263191,48.849678],[2.262911,48.851466],[2.260199,48.851277],[2.260479,48.84949],[2.263191,48.849678]]]},"properties":{"id":"CRS3035RES200mN2889400E3754000","population":748.5,"households":363.0,"poverty_rate":0.1652892561983471,"senior_rate":0.2859051436205745,"single_parent_rate":0.05509641873278237,"social_housing_rate":0.0,"imputed":false,"vulnerability":26.4}},{"type":"Feature","geometry":{"type":"Polygon","coordinates":[[[2.265903,48.849867],[2.265623,48.851655],[2.262911,48.851466],[2.263191,48.849678],[2.265903,48.849867]]]},"properties":{"id":"CRS3035RES200mN2889400E3754200","population":463.0,"households":231.0,"poverty_rate":0.12987012987012986,"senior_rate":0.2526997840172786,"single_parent_rate":0.06493506493506493,"social_housing_rate":0.0,"imputed":false,"vulnerability":23.2}},{"type":"Feature","geometry":{"type":"Polygon","coordinates":[[[2.268615,48.850056],[2.268335,48.851843],[2.265623,48.851655],[2.265903,48.849867],[2.268615,48.850056]]]},"properties":{"id":"CRS3035RES200mN2889400E3754400","population":1703.0,"households":784.0,"poverty_rate":0.10459183673469388,"senior_rate":0.2196124486200822,"single_parent_rate":0.06377551020408163,"social_housing_rate":0.02806122448979592,"imputed":false,"vulnerability":20.5}},{"type":"Feature","geometry":{"type":"Polygon","coordinates":[[[2.271327,48.850244],[2.271048,48.852032],[2.268335,48.851843],[2.268615,48.850056],[2.271327,48.850244]]]},"properties":{"id":"CRS3035RES200mN2889400E3754600","population":1253.0,"households":623.0,"poverty_rate":0.11235955056179775,"senior_rate":0.26256983240223464,"single_parent_rate":0.08667736757624397,"social_housing_rate":0.0,"imputed":false,"vulnerability":23.8}},{"type":"Feature","geometry":{"type":"Polygon","coordinates":[[[2.274039,48.850433],[2.27376,48.85222],[2.271048,48.852032],[2.271327,48.850244],[2.274039,48.850433]]]},"properties":{"id":"CRS3035RES200mN2889400E3754800","population":1457.0,"households":697.0,"poverty_rate":0.12625538020086083,"senior_rate":0.22786547700754975,"single_parent_rate":0.06312769010043041,"social_housing_rate":0.0,"imputed":false,"vulnerability":21.6}},{"type":"Feature","geometry":{"type":"Polygon","coordinates":[[[2.276752,48.850621],[2.276472,48.852409],[2.27376,48.85222],[2.274039,48.850433],[2.276752,48.850621]]]},"properties":{"id":"CRS3035RES200mN2889400E3755000","population":1215.0,"households":582.0,"poverty_rate":0.140893470790378,"senior_rate":0.22962962962962963,"single_parent_rate":0.1134020618556701,"social_housing_rate":0.1718213058419244,"imputed":false,"vulnerability":27.2}},{"type":"Feature","geometry":{"type":"Polygon","coordinates":[[[2.279464,48.850809],[2.279184,48.852597],[2.276472,48.852409],[2.276752,48.850621],[2.279464,48.850809]]]},"properties":{"id":"CRS3035RES200mN2889400E3755200","population":703.0,"households":337.0,"poverty_rate":0.1513353115727003,"senior_rate":0.24466571834992887,"single_parent_rate":0.11869436201780416,"social_housing_rate":0.3590504451038576,"imputed":false,"vulnerability":31.5}},{"type":"Feature","geometry":{"type":"Polygon","coordinates":[[[2.282176,48.850997],[2.281897,48.852785],[2.279184,48.852597],[2.279464,48.850809],[2.282176,48.850997]]]},"properties":{"id":"CRS3035RES200mN2889400E3755400","population":4.0,"households":2.7,"poverty_rate":0.07407407407407407,"senior_rate":0.1,"single_parent_rate":0.037037037037037035,"social_housing_rate":0.0,"imputed":true,"vulnerability":10.8}},{"type":"Feature","geometry":{"type":"Polygon","coordinates":[[[2.2876,48.851374],[2.287321,48.853161],[2.284609,48.852973],[2.284888,48.851186],[2.2876,48.851374]]]},"properties":{"id":"CRS3035RES200mN2889400E3755800","population":598.5,"households":332.0,"poverty_rate":0.1716867469879518,"senior_rate":0.2857142857142857,"single_parent_rate":0.07228915662650602,"social_housing_rate":0.02108433734939759,"imputed":false,"vulnerability":27.7}},{"type":"Feature","geometry":{"type":"Polygon","coordinates":[[[2.290313,48.851562],[2.290034,48.853349],[2.287321,48.853161],[2.2876,48.851374],[2.290313,48.851562]]]},"properties":{"id":"CRS3035RES200mN2889400E3756000","population":1436.5,"households":765.0,"poverty_rate":0.134640522875817,"senior_rate":0.2387747998607727,"single_parent_rate":0.10457516339869281,"social_housing_rate":0.21045751633986928,"imputed":false,"vulnerability":27.5}},{"type":"Feature","geometry":{"type":"Polygon","coordinates":[[[2.293025,48.85175],[2.292746,48.853537],[2.290034,48.853349],[2.290313,48.851562],[2.293025,48.85175]]]},"properties":{"id":"CRS3035RES200mN2889400E3756200","population":1892.5,"households":900.0,"poverty_rate":0.11333333333333333,"senior_rate":0.2023778071334214,"single_parent_rate":0.09,"social_housing_rate":0.16333333333333333,"imputed":false,"vulnerability":23.1}},{"type":"Feature","geometry":{"type":"Polygon","coordinates":[[[2.295737,48.851938],[2.295458,48.853725],[2.292746,48.853537],[2.293025,48.85175],[2.295737,48.851938]]]},"properties":{"id":"CRS3035RES200mN2889400E3756400","population":1464.0,"households":627.0,"poverty_rate":0.09409888357256778,"senior_rate":0.1407103825136612,"single_parent_rate":0.11004784688995216,"social_housing_rate":0.012759170653907496,"imputed":false,"vulnerability":17.4}},{"type":"Feature","geometry":{"type":"Polygon","coordinates":[[[2.298449,48.852125],[2.298171,48.853913],[2.295458,48.853725],[2.295737,48.851938],[2.298449,48.852125]]]},"properties":{"id":"CRS3035RES200mN2889400E3756600","population":1958.0,"households":846.0,"poverty_rate":0.10047281323877069,"senior_rate":0.19713993871297242,"single_parent_rate":0.07919621749408984,"social_housing_rate":0.06382978723404255,"imputed":false,"vulnerability":20.2}},{"type":"Feature","geometry":{"type":"Polygon","coordinates":[[[2.301162,48.852313],[2.300883,48.854101],[2.298171,48.853913],[2.298449,48.852125],[2.301162,48.852313]]]},"properties":{"id":"CRS3035RES200mN2889400E3756800","population":572.0,"households":279.0,"poverty_rate":0.12186379928315412,"senior_rate":0.30244755244755245,"single_parent_rate":0.08960573476702509,"social_housing_rate":0.0035842293906810036,"imputed":false,"vulnerability":26.7}},{"type":"Feature","geometry":{"type":"Polygon","coordinates":[[[2.306586,48.852688],[2.306308,48.854476],[2.303595,48.854289],[2.303874,48.852501],[2.306586,48.852688]]]},"properties":{"id":"CRS3035RES200mN2889400E3757200","population":34.0,"households":12.0,"poverty_rate":0.16666666666666666,"senior_rate":0.17647058823529413,"single_parent_rate":0.0,"social_housing_rate":0.0,"imputed":false,"vulnerability":18.0}},{"type":"Feature","geometry":{"type":"Polygon","coordinates":[[[2.309299,48.852876],[2.30902,48.854664],[2.306308,48.854476],[2.306586,48.852688],[2.309299,48.852876]]]},"properties":{"id":"CRS3035RES200mN2889400E3757400","population":983.0,"households":470.0,"poverty_rate":0.09361702127659574,"senior_rate":0.2533062054933876,"single_parent_rate":0.08085106382978724,"social_housing_rate":0.0,"imputed":false,"vulnerability":22.1}},{"type":"Feature","geometry":{"type":"Polygon","coordinates":[[[2.312011,48.853064],[2.311733,48.854851],[2.30902,48.854664],[2.309299,48.852876],[2.312011,48.853064]]]},"properties":{"id":"CRS3035RES200mN2889400E3757600","population":365.5,"households":172.0,"poverty_rate":0.14534883720930233,"senior_rate":0.3283173734610123,"single_parent_rate":0.0755813953488372,"social_housing_rate":0.0,"imputed":false,"vulnerability":28.6}},{"type":"Feature","geometry":{"type":"Polygon","coordinates":[[[2.314723,48.853251],[2.314445,48.855039],[2.311733,48.854851],[2.312011,48.853064],[2.314723,48.853251]]]},"properties":{"id":"CRS3035RES200mN2889400E3757800","population":90.5,"households":46.0,"poverty_rate":0.10869565217391304,"senior_rate":0.3867403314917127,"single_parent_rate":0.043478260869565216,"social_housing_rate":0.0,"imputed":false,"vulnerability":28.6}},{"type":"Feature","geometry":{"type":"Polygon","coordinates":[[[2.317436,48.853438],[2.317158,48.855226],[2.314445,48.855039],[2.314723,48.853251],[2.317436,48.853438]]]},"properties":{"id":"CRS3035RES200mN2889400E3758000","population":35.0,"households":13.0,"poverty_rate":0.07692307692307693,"senior_rate":0.17142857142857143,"single_parent_rate":0.0,"social_housing_rate":0.0,"imputed":false,"vulnerability":13.3}},{"type":"Feature","geometry":{"type":"Polygon","coordinates":[[[2.320148,48.853626],[2.31987,48.855413],[2.317158,48.855226],[2.317436,48.853438],[2.320148,48.853626]]]},"properties":{"id":"CRS3035RES200mN2889400E3758200","population":390.0,"households":169.0,"poverty_rate":0.08284023668639054,"senior_rate":0.24871794871794872,"single_parent_rate":0.04142011834319527,"social_housing_rate":0.0,"imputed":false,"vulnerability":19.6}},{"type":"Feature","geometry":{"type":"Polygon","coordinates":[[[2.322861,48.853813],[2.322583,48.855601],[2.31987,48.855413],[2.320148,48.853626],[2.322861,48.853813]]]},"properties":{"id":"CRS3035RES200mN2889400E3758400","population":387.0,"households":191.0,"poverty_rate":0.10471204188481675,"senior_rate":0.26098191214470284,"single_parent_rate":0.04712041884816754,"social_housing_rate":0.04712041884816754,"imputed":false,"vulnerability":22.3}},{"type":"Feature","geometry":{"type":"Polygon","coordinates":[[[2.325573,48.854],[2.325295,48.855788],[2.322583,48.855601],[2.322861,48.853813],[2.325573,48.854]]]},"properties":{"id":"CRS3035RES200mN2889400E3758600","population":676.0,"households":370.0,"poverty_rate":0.1783783783783784,"senior_rate":0.27958579881656803,"single_parent_rate":0.08108108108108109,"social_housing_rate":0.021621621621621623,"imputed":false,"vulnerability":28.1}},{"type":"Feature","geometry":{"type":"Polygon","coordinates":[[[2.328286,48.854187],[2.328008,48.855975],[2.325295,48.855788],[2.325573,48.854],[2.328286,48.854187]]]},"properties":{"id":"CRS3035RES200mN2889400E3758800","population":596.0,"households":273.0,"poverty_rate":0.11721611721611722,"senior_rate":0.22986577181208054,"single_parent_rate":0.08058608058608059,"social_housing_rate":0.0,"imputed":false,"vulnerability":22.0}},{"type":"Feature","geometry":{"type":"Polygon","coordinates":[[[2.330998,48.854374],[2.330721,48.856162],[2.328008,48.855975],[2.328286,48.854187],[2.330998,48.854374]]]},"properties":{"id":"CRS3035RES200mN2889400E3759000","population":488.5,"households":259.0,"poverty_rate":0.1274131274131274,"senior_rate":0.3254861821903787,"single_parent_rate":0.08494208494208494,"social_housing_rate":0.0,"imputed":false,"vulnerability":27.9}},{"type":"Feature","geometry":{"type":"Polygon","coordinates":[[[2.333711,48.854561],[2.333433,48.856349],[2.330721,48.856162],[2.330998,48.854374],[2.333711,48.854561]]]},"properties":{"id":"CRS3035RES200mN2889400E3759200","population":356.0,"households":170.0,"poverty_rate":0.11176470588235295,"senior_rate":0.19662921348314608,"single_parent_rate":0.09411764705882353,"social_housing_rate":0.0,"imputed":false,"vulnerability":20.5}},{"type":"Feature","geometry":{"type":"Polygon","coordinates":[[[2.336423,48.854748],[2.336146,48.856536],[2.333433,48.856349],[2.333711,48.854561],[2.336423,48.854748]]]},"properties":{"id":"CRS3035RES200mN2889400E3759400","population":674.0,"households":371.0,"poverty_rate":0.19946091644204852,"senior_rate":0.2522255192878338,"single_parent_rate":0.09973045822102426,"social_housing_rate":0.06199460916442048,"imputed":false,"vulnerability":29.1}},{"type":"Feature","geometry":{"type":"Polygon","coordinates":[[[2.339136,48.854935],[2.338859,48.856723],[2.336146,48.856536],[2.336423,48.854748],[2.339136,48.854935]]]},"properties":{"id":"CRS3035RES200mN2889400E3759600","population":791.0,"households":518.0,"poverty_rate":0.1776061776061776,"senior_rate":0.29329962073324906,"single_parent_rate":0.06756756756756757,"social_housing_rate":0.16988416988416988,"imputed":false,"vulnerability":30.5}},{"type":"Feature","geometry":{"type":"Polygon","coordinates":[[[2.341848,48.855122],[2.341571,48.85691],[2.338859,48.856723],[2.339136,48.854935],[2.341848,48.855122]]]},"properties":{"id":"CRS3035RES200mN2889400E3759800","population":435.0,"households":273.0,"poverty_rate":0.16117216117216118,"senior_rate":0.2988505747126437,"single_parent_rate":0.05860805860805861,"social_housing_rate":0.0,"imputed":false,"vulnerability":27.0}},{"type":"Feature","geometry":{"type":"Polygon","coordinates":[[[2.344561,48.855308],[2.344284,48.857096],[2.341571,48.85691],[2.341848,48.855122],[2.344561,48.855308]]]},"properties":{"id":"CRS3035RES200mN2889400E3760000","population":112.5,"households":65.0,"poverty_rate":0.13846153846153847,"senior_rate":0.3377777777777778,"single_parent_rate":0.046153846153846156,"social_housing_rate":0.0,"imputed":false,"vulnerability":27.5}},{"type":"Feature","geometry":{"type":"Polygon","coordinates":[[[2.349986,48.855682],[2.349709,48.85747],[2.346997,48.857283],[2.347274,48.855495],[2.349986,48.855682]]]},"properties":{"id":"CRS3035RES200mN2889400E3760400","population":10.0,"households":5.1,"poverty_rate":0.07843137254901962,"senior_rate":0.22999999999999998,"single_parent_rate":0.09803921568627452,"social_housing_rate":0.0,"imputed":true,"vulnerability":20.8}},{"type":"Feature","geometry":{"type":"Polygon","coordinates":[[[2.352699,48.855868],[2.352422,48.857656],[2.349709,48.85747],[2.349986,48.855682],[2.352699,48.855868]]]},"properties":{"id":"CRS3035RES200mN2889400E3760600","population":104.0,"households":56.0,"poverty_rate":0.125,"senior_rate":0.15384615384615385,"single_parent_rate":0.125,"social_housing_rate":0.0,"imputed":false,"vulnerability":20.1}},{"type":"Feature","geometry":{"type":"Polygon","coordinates":[[[2.355412,48.856055],[2.355135,48.857842],[2.352422,48.857656],[2.352699,48.855868],[2.355412,48.856055]]]},"properties":{"id":"CRS3035RES200mN2889400E3760800","population":213.5,"households":137.0,"poverty_rate":0.19708029197080293,"senior_rate":0.15456674473067916,"single_parent_rate":0.06569343065693431,"social_housing_rate":0.0,"imputed":false,"vulnerability":21.2}},{"type":"Feature","geometry":{"type":"Polygon","coordinates":[[[2.358124,48.856241],[2.357848,48.858029],[2.355135,48.857842],[2.355412,48.856055],[2.358124,48.856241]]]},"properties":{"id":"CRS3035RES200mN2889400E3761000","population":1136.5,"households":721.0,"poverty_rate":0.15256588072122051,"senior_rate":0.2067751869775627,"single_parent_rate":0.08460471567267684,"social_housing_rate":0.1636615811373093,"imputed":false,"vulnerability":25.1}},{"type":"Feature","geometry":{"type":"Polygon","coordinates":[[[2.360837,48.856427],[2.360561,48.858215],[2.357848,48.858029],[2.358124,48.856241],[2.360837,48.856427]]]},"properties":{"id":"CRS3035RES200mN2889400E3761200","population":1198.5,"households":721.0,"poverty_rate":0.17475728155339806,"senior_rate":0.2035878181059658,"single_parent_rate":0.08044382801664356,"social_housing_rate":0.08876560332871013,"imputed":false,"vulnerability":24.7}},{"type":"Feature","geometry":{"type":"Polygon","coordinates":[[[2.36355,48.856614],[2.363273,48.858401],[2.360561,48.858215],[2.360837,48.856427],[2.36355,48.856614]]]},"properties":{"id":"CRS3035RES200mN2889400E3761400","population":640.0,"households":357.0,"poverty_rate":0.12605042016806722,"senior_rate":0.2265625,"single_parent_rate":0.0700280112044818,"social_housing_rate":0.036414565826330535,"imputed":false,"vulnerability":22.3}},{"type":"Feature","geometry":{"type":"Polygon","coordinates":[[[2.366263,48.8568],[2.365986,48.858588],[2.363273,48.858401],[2.36355,48.856614],[2.366263,48.8568]]]},"properties":{"id":"CRS3035RES200mN2889400E3761600","population":1068.0,"households":585.0,"poverty_rate":0.09230769230769231,"senior_rate":0.22565543071161048,"single_parent_rate":0.07008547008547009,"social_housing_rate":0.011965811965811967,"imputed":false,"vulnerability":20.2}},{"type":"Feature","geometry":{"type":"Polygon","coordinates":[[[2.368975,48.856986],[2.368699,48.858774],[2.365986,48.858588],[2.366263,48.8568],[2.368975,48.856986]]]},"properties":{"id":"CRS3035RES200mN2889400E3761800","population":1263.5,"households":580.0,"poverty_rate":0.1413793103448276,"senior_rate":0.1741195092995647,"single_parent_rate":0.14310344827586208,"social_housing_rate":0.23275862068965517,"imputed":false,"vulnerability":26.3}},{"type":"Feature","geometry":{"type":"Polygon","coordinates":[[[2.371688,48.857172],[2.371412,48.85896],[2.368699,48.858774],[2.368975,48.856986],[2.371688,48.857172]]]},"properties":{"id":"CRS3035RES200mN2889400E3762000","population":1298.0,"households":645.0,"poverty_rate":0.09767441860465116,"senior_rate":0.15716486902927582,"single_parent_rate":0.08682170542635659,"social_housing_rate":0.07441860465116279,"imputed":false,"vulnerability":18.4}},{"type":"Feature","geometry":{"type":"Polygon","coordinates":[[[2.374401,48.857358],[2.374125,48.859146],[2.371412,48.85896],[2.371688,48.857172],[2.374401,48.857358]]]},"properties":{"id":"CRS3035RES200mN2889400E3762200","population":914.5,"households":477.0,"poverty_rate":0.1530398322851153,"senior_rate":0.17277200656096228,"single_parent_rate":0.0859538784067086,"social_housing_rate":0.14255765199161424,"imputed":false,"vulnerability":23.0}},{"type":"Feature","geometry":{"type":"Polygon","coordinates":[[[2.377114,48.857544],[2.376838,48.859332],[2.374125,48.859146],[2.374401,48.857358],[2.377114,48.857544]]]},"properties":{"id":"CRS3035RES200mN2889400E3762400","population":1671.5,"households":977.0,"poverty_rate":0.1555783009211873,"senior_rate":0.13401136703559677,"single_parent_rate":0.07164790174002048,"social_housing_rate":0.08904810644831115,"imputed":false,"vulnerability":19.6}},{"type":"Feature","geometry":{"type":"Polygon","coordinates":[[[2.379827,48.85773],[2.379551,48.859518],[2.376838,48.859332],[2.377114,48.857544],[2.379827,48.85773]]]},"properties":{"id":"CRS3035RES200mN2889400E3762600","population":1357.5,"households":755.0,"poverty_rate":0.16821192052980133,"senior_rate":0.15027624309392265,"single_parent_rate":0.06225165562913907,"social_housing_rate":0.010596026490066225,"imputed":false,"vulnerability":19.5}},{"type":"Feature","geometry":{"type":"Polygon","coordinates":[[[2.382539,48.857915],[2.382264,48.859703],[2.379551,48.859518],[2.379827,48.85773],[2.382539,48.857915]]]},"properties":{"id":"CRS3035RES200mN2889400E3762800","population":1718.0,"households":1081.0,"poverty_rate":0.11655874190564293,"senior_rate":0.15715948777648428,"single_parent_rate":0.04995374653098982,"social_housing_rate":0.03515263644773358,"imputed":false,"vulnerability":17.2}},{"type":"Feature","geometry":{"type":"Polygon","coordinates":[[[2.385252,48.858101],[2.384977,48.859889],[2.382264,48.859703],[2.382539,48.857915],[2.385252,48.858101]]]},"properties":{"id":"CRS3035RES200mN2889400E3763000","population":1383.0,"households":804.0,"poverty_rate":0.09577114427860696,"senior_rate":0.16702819956616052,"single_parent_rate":0.08955223880597014,"social_housing_rate":0.1890547263681592,"imputed":false,"vulnerability":20.7}},{"type":"Feature","geometry":{"type":"Polygon","coordinates":[[[2.387965,48.858287],[2.38769,48.860075],[2.384977,48.859889],[2.385252,48.858101],[2.387965,48.858287]]]},"properties":{"id":"CRS3035RES200mN2889400E3763200","population":1682.0,"households":1025.0,"poverty_rate":0.1873170731707317,"senior_rate":0.20986920332936979,"single_parent_rate":0.09463414634146342,"social_housing_rate":0.2975609756097561,"imputed":false,"vulnerability":29.5}},{"type":"Feature","geometry":{"type":"Polygon","coordinates":[[[2.390678,48.858472],[2.390403,48.86026],[2.38769,48.860075],[2.387965,48.858287],[2.390678,48.858472]]]},"properties":{"id":"CRS3035RES200mN2889400E3763400","population":1482.5,"households":787.0,"poverty_rate":0.1207115628970775,"senior_rate":0.16053962900505903,"single_parent_rate":0.08767471410419314,"social_housing_rate":0.34942820838627703,"imputed":false,"vulnerability":23.9}},{"type":"Feature","geometry":{"type":"Polygon","coordinates":[[[2.393391,48.858658],[2.393116,48.860446],[2.390403,48.86026],[2.390678,48.858472],[2.393391,48.858658]]]},"properties":{"id":"CRS3035RES200mN2889400E3763600","population":137.0,"households":67.0,"poverty_rate":0.16417910447761194,"senior_rate":0.15328467153284672,"single_parent_rate":0.1044776119402985,"social_housing_rate":0.373134328358209,"imputed":false,"vulnerability":26.8}},{"type":"Feature","geometry":{"type":"Polygon","coordinates":[[[2.40153,48.859214],[2.401255,48.861002],[2.398542,48.860817],[2.398817,48.859029],[2.40153,48.859214]]]},"properties":{"id":"CRS3035RES200mN2889400E3764200","population":574.5,"households":364.0,"poverty_rate":0.0989010989010989,"senior_rate":0.19669277632724108,"single_parent_rate":0.06593406593406594,"social_housing_rate":0.06593406593406594,"imputed":false,"vulnerability":19.6}},{"type":"Feature","geometry":{"type":"Polygon","coordinates":[[[2.404243,48.859399],[2.403968,48.861187],[2.401255,48.861002],[2.40153,48.859214],[2.404243,48.859399]]]},"properties":{"id":"CRS3035RES200mN2889400E3764400","population":1224.0,"households":611.0,"poverty_rate":0.16202945990180032,"senior_rate":0.18627450980392157,"single_parent_rate":0.10147299509001637,"social_housing_rate":0.4206219312602291,"imputed":false,"vulnerability":29.0}},{"type":"Feature","geometry":{"type":"Polygon","coordinates":[[[2.406956,48.859585],[2.406681,48.861373],[2.403968,48.861187],[2.404243,48.859399],[2.406956,48.859585]]]},"properties":{"id":"CRS3035RES200mN2889400E3764600","population":1129.0,"households":486.0,"poverty_rate":0.1728395061728395,"senior_rate":0.12488928255093003,"single_parent_rate":0.13580246913580246,"social_housing_rate":0.46502057613168724,"imputed":false,"vulnerability":28.4}},{"type":"Feature","geometry":{"type":"Polygon","coordinates":[[[2.409669,48.85977],[2.409394,48.861558],[2.406681,48.861373],[2.406956,48.859585],[2.409669,48.85977]]]},"properties":{"id":"CRS3035RES200mN2889400E3764800","population":973.5,"households":388.0,"poverty_rate":0.17010309278350516,"senior_rate":0.22496147919876733,"single_parent_rate":0.15979381443298968,"social_housing_rate":0.49742268041237114,"imputed":false,"vulnerability":35.2}},{"type":"Feature","geometry":{"type":"Polygon","coordinates":[[[2.412382,48.859955],[2.412108,48.861743],[2.409394,48.861558],[2.409669,48.85977],[2.412382,48.859955]]]},"properties":{"id":"CRS3035RES200mN2889400E3765000","population":175.5,"households":63.0,"poverty_rate":0.15873015873015872,"senior_rate":0.13675213675213677,"single_parent_rate":0.12698412698412698,"social_housing_rate":0.9841269841269841,"imputed":false,"vulnerability":35.7}},{"type":"Feature","geometry":{"type":"Polygon","coordinates":[[[2.235791,48.849576],[2.23551,48.851364],[2.232798,48.851174],[2.233079,48.849387],[2.235791,48.849576]]]},"properties":{"id":"CRS3035RES200mN2889600E3752000","population":201.0,"households":93.0,"poverty_rate":0.08602150537634409,"senior_rate":0.21890547263681592,"single_parent_rate":0.12903225806451613,"social_housing_rate":0.0,"imputed":false,"vulnerability":21.9}},{"type":"Feature","geometry":{"type":"Polygon","coordinates":[[[2.238503,48.849765],[2.238222,48.851553],[2.23551,48.851364],[2.235791,48.849576],[2.238503,48.849765]]]},"properties":{"id":"CRS3035RES200mN2889600E3752200","population":411.5,"households":188.0,"poverty_rate":0.09574468085106383,"senior_rate":0.17496962332928312,"single_parent_rate":0.07446808510638298,"social_housing_rate":0.0,"imputed":false,"vulnerability":17.6}},{"type":"Feature","geometry":{"type":"Polygon","coordinates":[[[2.262911,48.851466],[2.262631,48.853254],[2.259919,48.853065],[2.260199,48.851277],[2.262911,48.851466]]]},"properties":{"id":"CRS3035RES200mN2889600E3754000","population":890.5,"households":450.0,"poverty_rate":0.14222222222222222,"senior_rate":0.2425603593486805,"single_parent_rate":0.09555555555555556,"social_housing_rate":0.03111111111111111,"imputed":false,"vulnerability":25.0}},{"type":"Feature","geometry":{"type":"Polygon","coordinates":[[[2.265623,48.851655],[2.265343,48.853442],[2.262631,48.853254],[2.262911,48.851466],[2.265623,48.851655]]]},"properties":{"id":"CRS3035RES200mN2889600E3754200","population":1292.5,"households":637.0,"poverty_rate":0.11616954474097331,"senior_rate":0.2437137330754352,"single_parent_rate":0.07378335949764521,"social_housing_rate":0.0,"imputed":false,"vulnerability":22.4}},{"type":"Feature","geometry":{"type":"Polygon","coordinates":[[[2.268335,48.851843],[2.268056,48.853631],[2.265343,48.853442],[2.265623,48.851655],[2.268335,48.851843]]]},"properties":{"id":"CRS3035RES200mN2889600E3754400","population":1528.5,"households":726.0,"poverty_rate":0.14738292011019283,"senior_rate":0.24141315014720313,"single_parent_rate":0.07162534435261708,"social_housing_rate":0.0,"imputed":false,"vulnerability":23.7}},{"type":"Feature","geometry":{"type":"Polygon","coordinates":[[[2.271048,48.852032],[2.270768,48.853819],[2.268056,48.853631],[2.268335,48.851843],[2.271048,48.852032]]]},"properties":{"id":"CRS3035RES200mN2889600E3754600","population":707.5,"households":328.0,"poverty_rate":0.12195121951219512,"senior_rate":0.24876325088339224,"single_parent_rate":0.06707317073170732,"social_housing_rate":0.0,"imputed":false,"vulnerability":22.7}},{"type":"Feature","geometry":{"type":"Polygon","coordinates":[[[2.27376,48.85222],[2.27348,48.854008],[2.270768,48.853819],[2.271048,48.852032],[2.27376,48.85222]]]},"properties":{"id":"CRS3035RES200mN2889600E3754800","population":733.0,"households":351.0,"poverty_rate":0.10256410256410256,"senior_rate":0.34379263301500684,"single_parent_rate":0.05982905982905983,"social_housing_rate":0.0,"imputed":false,"vulnerability":26.6}},{"type":"Feature","geometry":{"type":"Polygon","coordinates":[[[2.276472,48.852409],[2.276193,48.854196],[2.27348,48.854008],[2.27376,48.85222],[2.276472,48.852409]]]},"properties":{"id":"CRS3035RES200mN2889600E3755000","population":1285.0,"households":666.0,"poverty_rate":0.13513513513513514,"senior_rate":0.23035019455252917,"single_parent_rate":0.07657657657657657,"social_housing_rate":0.016516516516516516,"imputed":false,"vulnerability":23.0}},{"type":"Feature","geometry":{"type":"Polygon","coordinates":[[[2.279184,48.852597],[2.278905,48.854385],[2.276193,48.854196],[2.276472,48.852409],[2.279184,48.852597]]]},"properties":{"id":"CRS3035RES200mN2889600E3755200","population":939.0,"households":424.0,"poverty_rate":0.12264150943396226,"senior_rate":0.20447284345047922,"single_parent_rate":0.08726415094339622,"social_housing_rate":0.0,"imputed":false,"vulnerability":21.2}},{"type":"Feature","geometry":{"type":"Polygon","coordinates":[[[2.281897,48.852785],[2.281617,48.854573],[2.278905,48.854385],[2.279184,48.852597],[2.281897,48.852785]]]},"properties":{"id":"CRS3035RES200mN2889600E3755400","population":712.5,"households":361.0,"poverty_rate":0.14958448753462603,"senior_rate":0.23859649122807017,"single_parent_rate":0.0997229916897507,"social_housing_rate":0.0,"imputed":false,"vulnerability":24.9}},{"type":"Feature","geometry":{"type":"Polygon","coordinates":[[[2.287321,48.853161],[2.287042,48.854949],[2.28433,48.854761],[2.284609,48.852973],[2.287321,48.853161]]]},"properties":{"id":"CRS3035RES200mN2889600E3755800","population":37.0,"households":25.3,"poverty_rate":0.07114624505928854,"senior_rate":0.0972972972972973,"single_parent_rate":0.03557312252964427,"social_housing_rate":0.0,"imputed":true,"vulnerability":10.4}},{"type":"Feature","geometry":{"type":"Polygon","coordinates":[[[2.290034,48.853349],[2.289755,48.855137],[2.287042,48.854949],[2.287321,48.853161],[2.290034,48.853349]]]},"properties":{"id":"CRS3035RES200mN2889600E3756000","population":540.0,"households":307.0,"poverty_rate":0.13355048859934854,"senior_rate":0.1962962962962963,"single_parent_rate":0.0749185667752443,"social_housing_rate":0.0,"imputed":false,"vulnerability":20.7}},{"type":"Feature","geometry":{"type":"Polygon","coordinates":[[[2.292746,48.853537],[2.292467,48.855325],[2.289755,48.855137],[2.290034,48.853349],[2.292746,48.853537]]]},"properties":{"id":"CRS3035RES200mN2889600E3756200","population":1235.5,"households":585.0,"poverty_rate":0.11794871794871795,"senior_rate":0.17320922703358965,"single_parent_rate":0.0905982905982906,"social_housing_rate":0.22564102564102564,"imputed":false,"vulnerability":22.7}},{"type":"Feature","geometry":{"type":"Polygon","coordinates":[[[2.295458,48.853725],[2.295179,48.855513],[2.292467,48.855325],[2.292746,48.853537],[2.295458,48.853725]]]},"properties":{"id":"CRS3035RES200mN2889600E3756400","population":1170.0,"households":601.0,"poverty_rate":0.07653910149750416,"senior_rate":0.252991452991453,"single_parent_rate":0.05490848585690516,"social_housing_rate":0.008319467554076539,"imputed":false,"vulnerability":20.2}},{"type":"Feature","geometry":{"type":"Polygon","coordinates":[[[2.298171,48.853913],[2.297892,48.855701],[2.295179,48.855513],[2.295458,48.853725],[2.298171,48.853913]]]},"properties":{"id":"CRS3035RES200mN2889600E3756600","population":366.5,"households":184.0,"poverty_rate":0.09239130434782608,"senior_rate":0.22100954979536153,"single_parent_rate":0.059782608695652176,"social_housing_rate":0.0,"imputed":false,"vulnerability":19.4}},{"type":"Feature","geometry":{"type":"Polygon","coordinates":[[[2.303595,48.854289],[2.303317,48.856076],[2.300604,48.855889],[2.300883,48.854101],[2.303595,48.854289]]]},"properties":{"id":"CRS3035RES200mN2889600E3757000","population":326.0,"households":141.0,"poverty_rate":0.11347517730496454,"senior_rate":0.27300613496932513,"single_parent_rate":0.06382978723404255,"social_housing_rate":0.0,"imputed":false,"vulnerability":23.4}},{"type":"Feature","geometry":{"type":"Polygon","coordinates":[[[2.306308,48.854476],[2.306029,48.856264],[2.303317,48.856076],[2.303595,48.854289],[2.306308,48.854476]]]},"properties":{"id":"CRS3035RES200mN2889600E3757200","population":1143.0,"households":643.0,"poverty_rate":0.13841368584758942,"senior_rate":0.26246719160104987,"single_parent_rate":0.04821150855365474,"social_housing_rate":0.0,"imputed":false,"vulnerability":23.4}},{"type":"Feature","geometry":{"type":"Polygon","coordinates":[[[2.30902,48.854664],[2.308742,48.856452],[2.306029,48.856264],[2.306308,48.854476],[2.30902,48.854664]]]},"properties":{"id":"CRS3035RES200mN2889600E3757400","population":1457.0,"households":788.0,"poverty_rate":0.11548223350253807,"senior_rate":0.21139327385037748,"single_parent_rate":0.06852791878172589,"social_housing_rate":0.024111675126903553,"imputed":false,"vulnerability":20.7}},{"type":"Feature","geometry":{"type":"Polygon","coordinates":[[[2.311733,48.854851],[2.311455,48.856639],[2.308742,48.856452],[2.30902,48.854664],[2.311733,48.854851]]]},"properties":{"id":"CRS3035RES200mN2889600E3757600","population":441.5,"households":239.0,"poverty_rate":0.1087866108786611,"senior_rate":0.2650056625141563,"single_parent_rate":0.03347280334728033,"social_housing_rate":0.0,"imputed":false,"vulnerability":21.5}},{"type":"Feature","geometry":{"type":"Polygon","coordinates":[[[2.314445,48.855039],[2.314167,48.856827],[2.311455,48.856639],[2.311733,48.854851],[2.314445,48.855039]]]},"properties":{"id":"CRS3035RES200mN2889600E3757800","population":19.0,"households":6.1,"poverty_rate":0.06557377049180328,"senior_rate":0.05789473684210527,"single_parent_rate":0.06557377049180328,"social_housing_rate":0.2950819672131148,"imputed":true,"vulnerability":13.7}},{"type":"Feature","geometry":{"type":"Polygon","coordinates":[[[2.317158,48.855226],[2.31688,48.857014],[2.314167,48.856827],[2.314445,48.855039],[2.317158,48.855226]]]},"properties":{"id":"CRS3035RES200mN2889600E3758000","population":410.5,"households":208.0,"poverty_rate":0.12980769230769232,"senior_rate":0.2387332521315469,"single_parent_rate":0.07211538461538461,"social_housing_rate":0.0,"imputed":false,"vulnerability":22.7}},{"type":"Feature","geometry":{"type":"Polygon","coordinates":[[[2.31987,48.855413],[2.319592,48.857201],[2.31688,48.857014],[2.317158,48.855226],[2.31987,48.855413]]]},"properties":{"id":"CRS3035RES200mN2889600E3758200","population":184.0,"households":97.0,"poverty_rate":0.13402061855670103,"senior_rate":0.22826086956521738,"single_parent_rate":0.08247422680412371,"social_housing_rate":0.0,"imputed":false,"vulnerability":22.8}},{"type":"Feature","geometry":{"type":"Polygon","coordinates":[[[2.322583,48.855601],[2.322305,48.857388],[2.319592,48.857201],[2.31987,48.855413],[2.322583,48.855601]]]},"properties":{"id":"CRS3035RES200mN2889600E3758400","population":192.5,"households":89.0,"poverty_rate":0.1348314606741573,"senior_rate":0.23896103896103896,"single_parent_rate":0.10112359550561797,"social_housing_rate":0.0,"imputed":false,"vulnerability":24.3}},{"type":"Feature","geometry":{"type":"Polygon","coordinates":[[[2.325295,48.855788],[2.325018,48.857576],[2.322305,48.857388],[2.322583,48.855601],[2.325295,48.855788]]]},"properties":{"id":"CRS3035RES200mN2889600E3758600","population":495.0,"households":275.0,"poverty_rate":0.12,"senior_rate":0.32727272727272727,"single_parent_rate":0.07636363636363637,"social_housing_rate":0.0,"imputed":false,"vulnerability":27.3}},{"type":"Feature","geometry":{"type":"Polygon","coordinates":[[[2.328008,48.855975],[2.32773,48.857763],[2.325018,48.857576],[2.325295,48.855788],[2.328008,48.855975]]]},"properties":{"id":"CRS3035RES200mN2889600E3758800","population":406.0,"households":224.0,"poverty_rate":0.10714285714285714,"senior_rate":0.3054187192118227,"single_parent_rate":0.12053571428571429,"social_housing_rate":0.0,"imputed":false,"vulnerability":27.4}},{"type":"Feature","geometry":{"type":"Polygon","coordinates":[[[2.330721,48.856162],[2.330443,48.85795],[2.32773,48.857763],[2.328008,48.855975],[2.330721,48.856162]]]},"properties":{"id":"CRS3035RES200mN2889600E3759000","population":458.5,"households":280.0,"poverty_rate":0.15357142857142858,"senior_rate":0.2857142857142857,"single_parent_rate":0.07142857142857142,"social_housing_rate":0.0,"imputed":false,"vulnerability":26.5}},{"type":"Feature","geometry":{"type":"Polygon","coordinates":[[[2.333433,48.856349],[2.333156,48.858137],[2.330443,48.85795],[2.330721,48.856162],[2.333433,48.856349]]]},"properties":{"id":"CRS3035RES200mN2889600E3759200","population":623.5,"households":348.0,"poverty_rate":0.14655172413793102,"senior_rate":0.26303127506014434,"single_parent_rate":0.08045977011494253,"social_housing_rate":0.04597701149425287,"imputed":false,"vulnerability":26.0}},{"type":"Feature","geometry":{"type":"Polygon","coordinates":[[[2.336146,48.856536],[2.335869,48.858324],[2.333156,48.858137],[2.333433,48.856349],[2.336146,48.856536]]]},"properties":{"id":"CRS3035RES200mN2889600E3759400","population":244.0,"households":128.0,"poverty_rate":0.203125,"senior_rate":0.2336065573770492,"single_parent_rate":0.1328125,"social_housing_rate":0.0,"imputed":false,"vulnerability":28.7}},{"type":"Feature","geometry":{"type":"Polygon","coordinates":[[[2.338859,48.856723],[2.338581,48.858511],[2.335869,48.858324],[2.336146,48.856536],[2.338859,48.856723]]]},"properties":{"id":"CRS3035RES200mN2889600E3759600","population":78.0,"households":42.0,"poverty_rate":0.09523809523809523,"senior_rate":0.5128205128205128,"single_parent_rate":0.07142857142857142,"social_housing_rate":0.16666666666666666,"imputed":false,"vulnerability":38.6}},{"type":"Feature","geometry":{"type":"Polygon","coordinates":[[[2.344284,48.857096],[2.344007,48.858884],[2.341294,48.858697],[2.341571,48.85691],[2.344284,48.857096]]]},"properties":{"id":"CRS3035RES200mN2889600E3760000","population":124.5,"households":53.0,"poverty_rate":0.1509433962264151,"senior_rate":0.23293172690763053,"single_parent_rate":0.1509433962264151,"social_housing_rate":0.5094339622641509,"imputed":false,"vulnerability":34.5}},{"type":"Feature","geometry":{"type":"Polygon","coordinates":[[[2.346997,48.857283],[2.34672,48.859071],[2.344007,48.858884],[2.344284,48.857096],[2.346997,48.857283]]]},"properties":{"id":"CRS3035RES200mN2889600E3760200","population":511.0,"households":308.0,"poverty_rate":0.13636363636363635,"senior_rate":0.1917808219178082,"single_parent_rate":0.12012987012987013,"social_housing_rate":0.2435064935064935,"imputed":false,"vulnerability":26.2}},{"type":"Feature","geometry":{"type":"Polygon","coordinates":[[[2.349709,48.85747],[2.349433,48.859257],[2.34672,48.859071],[2.346997,48.857283],[2.349709,48.85747]]]},"properties":{"id":"CRS3035RES200mN2889600E3760400","population":266.5,"households":140.0,"poverty_rate":0.12857142857142856,"senior_rate":0.1726078799249531,"single_parent_rate":0.08571428571428572,"social_housing_rate":0.08571428571428572,"imputed":false,"vulnerability":20.9}},{"type":"Feature","geometry":{"type":"Polygon","coordinates":[[[2.352422,48.857656],[2.352145,48.859444],[2.349433,48.859257],[2.349709,48.85747],[2.352422,48.857656]]]},"properties":{"id":"CRS3035RES200mN2889600E3760600","population":1097.5,"households":616.0,"poverty_rate":0.12987012987012986,"senior_rate":0.14669703872437356,"single_parent_rate":0.10064935064935066,"social_housing_rate":0.03409090909090909,"imputed":false,"vulnerability":19.4}},{"type":"Feature","geometry":{"type":"Polygon","coordinates":[[[2.355135,48.857842],[2.354858,48.85963],[2.352145,48.859444],[2.352422,48.857656],[2.355135,48.857842]]]},"properties":{"id":"CRS3035RES200mN2889600E3760800","population":947.0,"households":534.0,"poverty_rate":0.19101123595505617,"senior_rate":0.16261879619852165,"single_parent_rate":0.08426966292134831,"social_housing_rate":0.12359550561797752,"imputed":false,"vulnerability":24.0}},{"type":"Feature","geometry":{"type":"Polygon","coordinates":[[[2.357848,48.858029],[2.357571,48.859817],[2.354858,48.85963],[2.355135,48.857842],[2.357848,48.858029]]]},"properties":{"id":"CRS3035RES200mN2889600E3761000","population":975.0,"households":550.0,"poverty_rate":0.12,"senior_rate":0.19179487179487179,"single_parent_rate":0.06727272727272728,"social_housing_rate":0.04363636363636364,"imputed":false,"vulnerability":20.1}},{"type":"Feature","geometry":{"type":"Polygon","coordinates":[[[2.360561,48.858215],[2.360284,48.860003],[2.357571,48.859817],[2.357848,48.858029],[2.360561,48.858215]]]},"properties":{"id":"CRS3035RES200mN2889600E3761200","population":681.0,"households":407.0,"poverty_rate":0.14742014742014742,"senior_rate":0.23494860499265785,"single_parent_rate":0.08353808353808354,"social_housing_rate":0.16707616707616707,"imputed":false,"vulnerability":26.4}},{"type":"Feature","geometry":{"type":"Polygon","coordinates":[[[2.363273,48.858401],[2.362997,48.860189],[2.360284,48.860003],[2.360561,48.858215],[2.363273,48.858401]]]},"properties":{"id":"CRS3035RES200mN2889600E3761400","population":649.5,"households":378.0,"poverty_rate":0.13756613756613756,"senior_rate":0.30177059276366436,"single_parent_rate":0.09523809523809523,"social_housing_rate":0.14285714285714285,"imputed":false,"vulnerability":29.7}},{"type":"Feature","geometry":{"type":"Polygon","coordinates":[[[2.365986,48.858588],[2.36571,48.860376],[2.362997,48.860189],[2.363273,48.858401],[2.365986,48.858588]]]},"properties":{"id":"CRS3035RES200mN2889600E3761600","population":796.5,"households":457.0,"poverty_rate":0.12691466083150985,"senior_rate":0.17200251098556182,"single_parent_rate":0.09409190371991247,"social_housing_rate":0.06345733041575492,"imputed":false,"vulnerability":20.8}},{"type":"Feature","geometry":{"type":"Polygon","coordinates":[[[2.368699,48.858774],[2.368423,48.860562],[2.36571,48.860376],[2.365986,48.858588],[2.368699,48.858774]]]},"properties":{"id":"CRS3035RES200mN2889600E3761800","population":1237.5,"households":630.0,"poverty_rate":0.12222222222222222,"senior_rate":0.1874747474747475,"single_parent_rate":0.0761904761904762,"social_housing_rate":0.06031746031746032,"imputed":false,"vulnerability":20.6}},{"type":"Feature","geometry":{"type":"Polygon","coordinates":[[[2.371412,48.85896],[2.371136,48.860748],[2.368423,48.860562],[2.368699,48.858774],[2.371412,48.85896]]]},"properties":{"id":"CRS3035RES200mN2889600E3762000","population":1241.0,"households":715.0,"poverty_rate":0.0937062937062937,"senior_rate":0.2747784045124899,"single_parent_rate":0.04195804195804196,"social_housing_rate":0.17342657342657342,"imputed":false,"vulnerability":24.2}},{"type":"Feature","geometry":{"type":"Polygon","coordinates":[[[2.374125,48.859146],[2.373849,48.860934],[2.371136,48.860748],[2.371412,48.85896],[2.374125,48.859146]]]},"properties":{"id":"CRS3035RES200mN2889600E3762200","population":1236.0,"households":674.0,"poverty_rate":0.09792284866468842,"senior_rate":0.2669902912621359,"single_parent_rate":0.06528189910979229,"social_housing_rate":0.10385756676557864,"imputed":false,"vulnerability":24.0}},{"type":"Feature","geometry":{"type":"Polygon","coordinates":[[[2.376838,48.859332],[2.376562,48.86112],[2.373849,48.860934],[2.374125,48.859146],[2.376838,48.859332]]]},"properties":{"id":"CRS3035RES200mN2889600E3762400","population":1498.0,"households":859.0,"poverty_rate":0.1350407450523865,"senior_rate":0.16555407209612816,"single_parent_rate":0.08847497089639116,"social_housing_rate":0.0779976717112922,"imputed":false,"vulnerability":20.9}},{"type":"Feature","geometry":{"type":"Polygon","coordinates":[[[2.379551,48.859518],[2.379275,48.861306],[2.376562,48.86112],[2.376838,48.859332],[2.379551,48.859518]]]},"properties":{"id":"CRS3035RES200mN2889600E3762600","population":1873.0,"households":1075.0,"poverty_rate":0.13116279069767442,"senior_rate":0.198077949813134,"single_parent_rate":0.06325581395348837,"social_housing_rate":0.03627906976744186,"imputed":false,"vulnerability":20.7}},{"type":"Feature","geometry":{"type":"Polygon","coordinates":[[[2.382264,48.859703],[2.381988,48.861491],[2.379275,48.861306],[2.379551,48.859518],[2.382264,48.859703]]]},"properties":{"id":"CRS3035RES200mN2889600E3762800","population":1768.5,"households":956.0,"poverty_rate":0.13702928870292888,"senior_rate":0.16341532372066722,"single_parent_rate":0.06589958158995816,"social_housing_rate":0.10355648535564854,"imputed":false,"vulnerability":20.2}},{"type":"Feature","geometry":{"type":"Polygon","coordinates":[[[2.384977,48.859889],[2.384701,48.861677],[2.381988,48.861491],[2.382264,48.859703],[2.384977,48.859889]]]},"properties":{"id":"CRS3035RES200mN2889600E3763000","population":1897.5,"households":972.0,"poverty_rate":0.17386831275720166,"senior_rate":0.19130434782608696,"single_parent_rate":0.13580246913580246,"social_housing_rate":0.2839506172839506,"imputed":false,"vulnerability":29.3}},{"type":"Feature","geometry":{"type":"Polygon","coordinates":[[[2.38769,48.860075],[2.387414,48.861863],[2.384701,48.861677],[2.384977,48.859889],[2.38769,48.860075]]]},"properties":{"id":"CRS3035RES200mN2889600E3763200","population":1265.5,"households":656.0,"poverty_rate":0.12804878048780488,"senior_rate":0.20071118135124458,"single_parent_rate":0.10670731707317073,"social_housing_rate":0.36585365853658536,"imputed":false,"vulnerability":27.5}},{"type":"Feature","geometry":{"type":"Polygon","coordinates":[[[2.390403,48.86026],[2.390127,48.862048],[2.387414,48.861863],[2.38769,48.860075],[2.390403,48.86026]]]},"properties":{"id":"CRS3035RES200mN2889600E3763400","population":260.5,"households":161.0,"poverty_rate":0.13043478260869565,"senior_rate":0.16506717850287908,"single_parent_rate":0.062111801242236024,"social_housing_rate":0.14285714285714285,"imputed":false,"vulnerability":20.4}},{"type":"Feature","geometry":{"type":"Polygon","coordinates":[[[2.393116,48.860446],[2.39284,48.862234],[2.390127,48.862048],[2.390403,48.86026],[2.393116,48.860446]]]},"properties":{"id":"CRS3035RES200mN2889600E3763600","population":12.0,"households":5.7,"poverty_rate":0.07017543859649122,"senior_rate":0.17500000000000002,"single_parent_rate":0.10526315789473684,"social_housing_rate":0.0,"imputed":true,"vulnerability":17.7}},{"type":"Feature","geometry":{"type":"Polygon","coordinates":[[[2.401255,48.861002],[2.40098,48.86279],[2.398267,48.862605],[2.398542,48.860817],[2.401255,48.861002]]]},"properties":{"id":"CRS3035RES200mN2889600E3764200","population":1120.5,"households":676.0,"poverty_rate":0.13313609467455623,"senior_rate":0.2222222222222222,"single_parent_rate":0.08136094674556213,"social_housing_rate":0.0,"imputed":false,"vulnerability":22.4}},{"type":"Feature","geometry":{"type":"Polygon","coordinates":[[[2.403968,48.861187],[2.403693,48.862975],[2.40098,48.86279],[2.401255,48.861002],[2.403968,48.861187]]]},"properties":{"id":"CRS3035RES200mN2889600E3764400","population":1344.5,"households":752.0,"poverty_rate":0.125,"senior_rate":0.176273707698029,"single_parent_rate":0.09441489361702128,"social_housing_rate":0.08377659574468085,"imputed":false,"vulnerability":21.3}},{"type":"Feature","geometry":{"type":"Polygon","coordinates":[[[2.406681,48.861373],[2.406406,48.863161],[2.403693,48.862975],[2.403968,48.861187],[2.406681,48.861373]]]},"properties":{"id":"CRS3035RES200mN2889600E3764600","population":1635.0,"households":777.0,"poverty_rate":0.1788931788931789,"senior_rate":0.1712538226299694,"single_parent_rate":0.15444015444015444,"social_housing_rate":0.4543114543114543,"imputed":false,"vulnerability":31.9}},{"type":"Feature","geometry":{"type":"Polygon","coordinates":[[[2.409394,48.861558],[2.40912,48.863346],[2.406406,48.863161],[2.406681,48.861373],[2.409394,48.861558]]]},"properties":{"id":"CRS3035RES200mN2889600E3764800","population":819.5,"households":367.0,"poverty_rate":0.14713896457765668,"senior_rate":0.1720561317876754,"single_parent_rate":0.12534059945504086,"social_housing_rate":0.38419618528610355,"imputed":false,"vulnerability":28.0}},{"type":"Feature","geometry":{"type":"Polygon","coordinates":[[[2.412108,48.861743],[2.411833,48.863531],[2.40912,48.863346],[2.409394,48.861558],[2.412108,48.861743]]]},"properties":{"id":"CRS3035RES200mN2889600E3765000","population":1267.0,"households":475.0,"poverty_rate":0.23578947368421052,"senior_rate":0.11681136543014996,"single_parent_rate":0.21473684210526317,"social_housing_rate":0.8084210526315789,"imputed":false,"vulnerability":39.6}},{"type":"Feature","geometry":{"type":"Polygon","coordinates":[[[2.259919,48.853065],[2.259639,48.854853],[2.256927,48.854664],[2.257207,48.852876],[2.259919,48.853065]]]},"properties":{"id":"CRS3035RES200mN2889800E3753800","population":11.0,"households":5.3,"poverty_rate":0.09433962264150944,"senior_rate":0.18181818181818182,"single_parent_rate":0.03773584905660378,"social_housing_rate":0.0,"imputed":true,"vulnerability":16.3}},{"type":"Feature","geometry":{"type":"Polygon","coordinates":[[[2.265343,48.853442],[2.265064,48.85523],[2.262351,48.855041],[2.262631,48.853254],[2.265343,48.853442]]]},"properties":{"id":"CRS3035RES200mN2889800E3754200","population":816.5,"households":389.0,"poverty_rate":0.06683804627249357,"senior_rate":0.39804041641151255,"single_parent_rate":0.04884318766066838,"social_housing_rate":0.0,"imputed":false,"vulnerability":27.3}},{"type":"Feature","geometry":{"type":"Polygon","coordinates":[[[2.268056,48.853631],[2.267776,48.855419],[2.265064,48.85523],[2.265343,48.853442],[2.268056,48.853631]]]},"properties":{"id":"CRS3035RES200mN2889800E3754400","population":859.0,"households":465.0,"poverty_rate":0.10752688172043011,"senior_rate":0.3550640279394645,"single_parent_rate":0.07741935483870968,"social_housing_rate":0.0,"imputed":false,"vulnerability":28.3}},{"type":"Feature","geometry":{"type":"Polygon","coordinates":[[[2.270768,48.853819],[2.270488,48.855607],[2.267776,48.855419],[2.268056,48.853631],[2.270768,48.853819]]]},"properties":{"id":"CRS3035RES200mN2889800E3754600","population":1754.0,"households":863.0,"poverty_rate":0.15758980301274622,"senior_rate":0.2525655644241733,"single_parent_rate":0.10081112398609501,"social_housing_rate":0.186558516801854,"imputed":false,"vulnerability":28.9}},{"type":"Feature","geometry":{"type":"Polygon","coordinates":[[[2.27348,48.854008],[2.273201,48.855796],[2.270488,48.855607],[2.270768,48.853819],[2.27348,48.854008]]]},"properties":{"id":"CRS3035RES200mN2889800E3754800","population":1097.0,"households":500.0,"poverty_rate":0.114,"senior_rate":0.19963536918869645,"single_parent_rate":0.088,"social_housing_rate":0.0,"imputed":false,"vulnerability":20.5}},{"type":"Feature","geometry":{"type":"Polygon","coordinates":[[[2.276193,48.854196],[2.275913,48.855984],[2.273201,48.855796],[2.27348,48.854008],[2.276193,48.854196]]]},"properties":{"id":"CRS3035RES200mN2889800E3755000","population":1464.5,"households":699.0,"poverty_rate":0.11587982832618025,"senior_rate":0.23694093547285763,"single_parent_rate":0.08583690987124463,"social_housing_rate":0.0,"imputed":false,"vulnerability":22.5}},{"type":"Feature","geometry":{"type":"Polygon","coordinates":[[[2.278905,48.854385],[2.278626,48.856172],[2.275913,48.855984],[2.276193,48.854196],[2.278905,48.854385]]]},"properties":{"id":"CRS3035RES200mN2889800E3755200","population":1370.0,"households":599.0,"poverty_rate":0.14023372287145242,"senior_rate":0.2124087591240876,"single_parent_rate":0.08347245409015025,"social_housing_rate":0.0,"imputed":false,"vulnerability":22.3}},{"type":"Feature","geometry":{"type":"Polygon","coordinates":[[[2.281617,48.854573],[2.281338,48.85636],[2.278626,48.856172],[2.278905,48.854385],[2.281617,48.854573]]]},"properties":{"id":"CRS3035RES200mN2889800E3755400","population":1085.0,"households":522.0,"poverty_rate":0.10727969348659004,"senior_rate":0.2626728110599078,"single_parent_rate":0.07854406130268199,"social_housing_rate":0.0,"imputed":false,"vulnerability":23.2}},{"type":"Feature","geometry":{"type":"Polygon","coordinates":[[[2.28433,48.854761],[2.284051,48.856549],[2.281338,48.85636],[2.281617,48.854573],[2.28433,48.854761]]]},"properties":{"id":"CRS3035RES200mN2889800E3755600","population":1076.5,"households":482.0,"poverty_rate":0.12033195020746888,"senior_rate":0.2127264282396656,"single_parent_rate":0.0912863070539419,"social_housing_rate":0.0,"imputed":false,"vulnerability":21.7}},{"type":"Feature","geometry":{"type":"Polygon","coordinates":[[[2.287042,48.854949],[2.286763,48.856737],[2.284051,48.856549],[2.28433,48.854761],[2.287042,48.854949]]]},"properties":{"id":"CRS3035RES200mN2889800E3755800","population":422.5,"households":184.0,"poverty_rate":0.08695652173913043,"senior_rate":0.20355029585798817,"single_parent_rate":0.10869565217391304,"social_housing_rate":0.11413043478260869,"imputed":false,"vulnerability":22.0}},{"type":"Feature","geometry":{"type":"Polygon","coordinates":[[[2.292467,48.855325],[2.292188,48.857113],[2.289476,48.856925],[2.289755,48.855137],[2.292467,48.855325]]]},"properties":{"id":"CRS3035RES200mN2889800E3756200","population":22.0,"households":12.0,"poverty_rate":0.125,"senior_rate":0.3181818181818182,"single_parent_rate":0.125,"social_housing_rate":0.0,"imputed":true,"vulnerability":29.2}},{"type":"Feature","geometry":{"type":"Polygon","coordinates":[[[2.295179,48.855513],[2.294901,48.857301],[2.292188,48.857113],[2.292467,48.855325],[2.295179,48.855513]]]},"properties":{"id":"CRS3035RES200mN2889800E3756400","population":417.5,"households":186.0,"poverty_rate":0.07526881720430108,"senior_rate":0.25389221556886227,"single_parent_rate":0.11290322580645161,"social_housing_rate":0.0,"imputed":false,"vulnerability":22.6}},{"type":"Feature","geometry":{"type":"Polygon","coordinates":[[[2.300604,48.855889],[2.300326,48.857676],[2.297613,48.857489],[2.297892,48.855701],[2.300604,48.855889]]]},"properties":{"id":"CRS3035RES200mN2889800E3756800","population":22.0,"households":12.0,"poverty_rate":0.125,"senior_rate":0.3181818181818182,"single_parent_rate":0.125,"social_housing_rate":0.0,"imputed":true,"vulnerability":29.2}},{"type":"Feature","geometry":{"type":"Polygon","coordinates":[[[2.303317,48.856076],[2.303038,48.857864],[2.300326,48.857676],[2.300604,48.855889],[2.303317,48.856076]]]},"properties":{"id":"CRS3035RES200mN2889800E3757000","population":1474.5,"households":820.0,"poverty_rate":0.15853658536585366,"senior_rate":0.18175652763648695,"single_parent_rate":0.06463414634146342,"social_housing_rate":0.0,"imputed":false,"vulnerability":20.7}},{"type":"Feature","geometry":{"type":"Polygon","coordinates":[[[2.306029,48.856264],[2.305751,48.858052],[2.303038,48.857864],[2.303317,48.856076],[2.306029,48.856264]]]},"properties":{"id":"CRS3035RES200mN2889800E3757200","population":1319.0,"households":755.0,"poverty_rate":0.14834437086092717,"senior_rate":0.2312357846853677,"single_parent_rate":0.04370860927152318,"social_housing_rate":0.0,"imputed":false,"vulnerability":22.0}},{"type":"Feature","geometry":{"type":"Polygon","coordinates":[[[2.308742,48.856452],[2.308464,48.858239],[2.305751,48.858052],[2.306029,48.856264],[2.308742,48.856452]]]},"properties":{"id":"CRS3035RES200mN2889800E3757400","population":1553.5,"households":874.0,"poverty_rate":0.13157894736842105,"senior_rate":0.17959446411329258,"single_parent_rate":0.06292906178489703,"social_housing_rate":0.0,"imputed":false,"vulnerability":19.2}},{"type":"Feature","geometry":{"type":"Polygon","coordinates":[[[2.311455,48.856639],[2.311176,48.858427],[2.308464,48.858239],[2.308742,48.856452],[2.311455,48.856639]]]},"properties":{"id":"CRS3035RES200mN2889800E3757600","population":469.0,"households":216.0,"poverty_rate":0.10185185185185185,"senior_rate":0.24946695095948826,"single_parent_rate":0.05092592592592592,"social_housing_rate":0.0,"imputed":false,"vulnerability":21.0}},{"type":"Feature","geometry":{"type":"Polygon","coordinates":[[[2.314167,48.856827],[2.313889,48.858614],[2.311176,48.858427],[2.311455,48.856639],[2.314167,48.856827]]]},"properties":{"id":"CRS3035RES200mN2889800E3757800","population":30.0,"households":9.6,"poverty_rate":0.0625,"senior_rate":0.056666666666666664,"single_parent_rate":0.0625,"social_housing_rate":0.2916666666666667,"imputed":true,"vulnerability":13.3}},{"type":"Feature","geometry":{"type":"Polygon","coordinates":[[[2.31688,48.857014],[2.316602,48.858802],[2.313889,48.858614],[2.314167,48.856827],[2.31688,48.857014]]]},"properties":{"id":"CRS3035RES200mN2889800E3758000","population":157.0,"households":73.0,"poverty_rate":0.1095890410958904,"senior_rate":0.3885350318471338,"single_parent_rate":0.0273972602739726,"social_housing_rate":0.0,"imputed":false,"vulnerability":28.0}},{"type":"Feature","geometry":{"type":"Polygon","coordinates":[[[2.319592,48.857201],[2.319314,48.858989],[2.316602,48.858802],[2.31688,48.857014],[2.319592,48.857201]]]},"properties":{"id":"CRS3035RES200mN2889800E3758200","population":681.5,"households":324.0,"poverty_rate":0.09567901234567901,"senior_rate":0.23624358033749082,"single_parent_rate":0.08024691358024691,"social_housing_rate":0.0,"imputed":false,"vulnerability":21.2}},{"type":"Feature","geometry":{"type":"Polygon","coordinates":[[[2.322305,48.857388],[2.322027,48.859176],[2.319314,48.858989],[2.319592,48.857201],[2.322305,48.857388]]]},"properties":{"id":"CRS3035RES200mN2889800E3758400","population":351.5,"households":189.0,"poverty_rate":0.10582010582010581,"senior_rate":0.3015647226173542,"single_parent_rate":0.07936507936507936,"social_housing_rate":0.0,"imputed":false,"vulnerability":25.3}},{"type":"Feature","geometry":{"type":"Polygon","coordinates":[[[2.325018,48.857576],[2.32474,48.859363],[2.322027,48.859176],[2.322305,48.857388],[2.325018,48.857576]]]},"properties":{"id":"CRS3035RES200mN2889800E3758600","population":530.0,"households":248.0,"poverty_rate":0.08870967741935484,"senior_rate":0.24339622641509434,"single_parent_rate":0.09274193548387097,"social_housing_rate":0.0,"imputed":false,"vulnerability":21.8}},{"type":"Feature","geometry":{"type":"Polygon","coordinates":[[[2.32773,48.857763],[2.327453,48.859551],[2.32474,48.859363],[2.325018,48.857576],[2.32773,48.857763]]]},"properties":{"id":"CRS3035RES200mN2889800E3758800","population":454.5,"households":277.0,"poverty_rate":0.1299638989169675,"senior_rate":0.29262926292629265,"single_parent_rate":0.07220216606498195,"social_housing_rate":0.0,"imputed":false,"vulnerability":25.7}},{"type":"Feature","geometry":{"type":"Polygon","coordinates":[[[2.330443,48.85795],[2.330166,48.859738],[2.327453,48.859551],[2.32773,48.857763],[2.330443,48.85795]]]},"properties":{"id":"CRS3035RES200mN2889800E3759000","population":676.5,"households":431.0,"poverty_rate":0.16241299303944315,"senior_rate":0.2793791574279379,"single_parent_rate":0.04408352668213457,"social_housing_rate":0.09048723897911833,"imputed":false,"vulnerability":26.7}},{"type":"Feature","geometry":{"type":"Polygon","coordinates":[[[2.333156,48.858137],[2.332878,48.859925],[2.330166,48.859738],[2.330443,48.85795],[2.333156,48.858137]]]},"properties":{"id":"CRS3035RES200mN2889800E3759200","population":251.5,"households":143.0,"poverty_rate":0.15384615384615385,"senior_rate":0.30218687872763417,"single_parent_rate":0.055944055944055944,"social_housing_rate":0.0,"imputed":false,"vulnerability":26.7}},{"type":"Feature","geometry":{"type":"Polygon","coordinates":[[[2.341294,48.858697],[2.341017,48.860485],[2.338304,48.860298],[2.338581,48.858511],[2.341294,48.858697]]]},"properties":{"id":"CRS3035RES200mN2889800E3759800","population":91.0,"households":47.0,"poverty_rate":0.14893617021276595,"senior_rate":0.3626373626373626,"single_parent_rate":0.1276595744680851,"social_housing_rate":0.0,"imputed":false,"vulnerability":32.9}},{"type":"Feature","geometry":{"type":"Polygon","coordinates":[[[2.344007,48.858884],[2.34373,48.860672],[2.341017,48.860485],[2.341294,48.858697],[2.344007,48.858884]]]},"properties":{"id":"CRS3035RES200mN2889800E3760000","population":479.0,"households":218.0,"poverty_rate":0.16055045871559634,"senior_rate":0.10647181628392484,"single_parent_rate":0.16972477064220184,"social_housing_rate":0.47706422018348627,"imputed":false,"vulnerability":28.4}},{"type":"Feature","geometry":{"type":"Polygon","coordinates":[[[2.34672,48.859071],[2.346443,48.860859],[2.34373,48.860672],[2.344007,48.858884],[2.34672,48.859071]]]},"properties":{"id":"CRS3035RES200mN2889800E3760200","population":768.0,"households":418.0,"poverty_rate":0.12679425837320574,"senior_rate":0.15494791666666666,"single_parent_rate":0.09090909090909091,"social_housing_rate":0.09330143540669857,"imputed":false,"vulnerability":20.2}},{"type":"Feature","geometry":{"type":"Polygon","coordinates":[[[2.349433,48.859257],[2.349156,48.861045],[2.346443,48.860859],[2.34672,48.859071],[2.349433,48.859257]]]},"properties":{"id":"CRS3035RES200mN2889800E3760400","population":1009.0,"households":612.0,"poverty_rate":0.18627450980392157,"senior_rate":0.14271555996035679,"single_parent_rate":0.06372549019607843,"social_housing_rate":0.11274509803921569,"imputed":false,"vulnerability":21.6}},{"type":"Feature","geometry":{"type":"Polygon","coordinates":[[[2.352145,48.859444],[2.351869,48.861232],[2.349156,48.861045],[2.349433,48.859257],[2.352145,48.859444]]]},"properties":{"id":"CRS3035RES200mN2889800E3760600","population":929.0,"households":546.0,"poverty_rate":0.184981684981685,"senior_rate":0.19590958019375673,"single_parent_rate":0.07875457875457875,"social_housing_rate":0.3626373626373626,"imputed":false,"vulnerability":28.9}},{"type":"Feature","geometry":{"type":"Polygon","coordinates":[[[2.354858,48.85963],[2.354582,48.861418],[2.351869,48.861232],[2.352145,48.859444],[2.354858,48.85963]]]},"properties":{"id":"CRS3035RES200mN2889800E3760800","population":845.5,"households":512.0,"poverty_rate":0.19140625,"senior_rate":0.17031342400946187,"single_parent_rate":0.0859375,"social_housing_rate":0.115234375,"imputed":false,"vulnerability":24.4}},{"type":"Feature","geometry":{"type":"Polygon","coordinates":[[[2.357571,48.859817],[2.357295,48.861605],[2.354582,48.861418],[2.354858,48.85963],[2.357571,48.859817]]]},"properties":{"id":"CRS3035RES200mN2889800E3761000","population":1170.0,"households":720.0,"poverty_rate":0.12222222222222222,"senior_rate":0.2264957264957265,"single_parent_rate":0.05277777777777778,"social_housing_rate":0.019444444444444445,"imputed":false,"vulnerability":21.1}},{"type":"Feature","geometry":{"type":"Polygon","coordinates":[[[2.360284,48.860003],[2.360008,48.861791],[2.357295,48.861605],[2.357571,48.859817],[2.360284,48.860003]]]},"properties":{"id":"CRS3035RES200mN2889800E3761200","population":383.5,"households":188.0,"poverty_rate":0.2074468085106383,"senior_rate":0.22164276401564537,"single_parent_rate":0.10638297872340426,"social_housing_rate":0.5319148936170213,"imputed":false,"vulnerability":35.1}},{"type":"Feature","geometry":{"type":"Polygon","coordinates":[[[2.362997,48.860189],[2.362721,48.861977],[2.360008,48.861791],[2.360284,48.860003],[2.362997,48.860189]]]},"properties":{"id":"CRS3035RES200mN2889800E3761400","population":899.5,"households":553.0,"poverty_rate":0.15551537070524413,"senior_rate":0.1934408004446915,"single_parent_rate":0.059674502712477394,"social_housing_rate":0.0,"imputed":false,"vulnerability":21.0}},{"type":"Feature","geometry":{"type":"Polygon","coordinates":[[[2.36571,48.860376],[2.365434,48.862164],[2.362721,48.861977],[2.362997,48.860189],[2.36571,48.860376]]]},"properties":{"id":"CRS3035RES200mN2889800E3761600","population":1136.0,"households":668.0,"poverty_rate":0.1377245508982036,"senior_rate":0.15404929577464788,"single_parent_rate":0.07335329341317365,"social_housing_rate":0.03592814371257485,"imputed":false,"vulnerability":19.1}},{"type":"Feature","geometry":{"type":"Polygon","coordinates":[[[2.368423,48.860562],[2.368147,48.86235],[2.365434,48.862164],[2.36571,48.860376],[2.368423,48.860562]]]},"properties":{"id":"CRS3035RES200mN2889800E3761800","population":1206.5,"households":707.0,"poverty_rate":0.1371994342291372,"senior_rate":0.19643597181931205,"single_parent_rate":0.08628005657708628,"social_housing_rate":0.033946251768033946,"imputed":false,"vulnerability":21.9}},{"type":"Feature","geometry":{"type":"Polygon","coordinates":[[[2.371136,48.860748],[2.37086,48.862536],[2.368147,48.86235],[2.368423,48.860562],[2.371136,48.860748]]]},"properties":{"id":"CRS3035RES200mN2889800E3762000","population":980.5,"households":553.0,"poverty_rate":0.14466546112115733,"senior_rate":0.14788373278939318,"single_parent_rate":0.09764918625678119,"social_housing_rate":0.11211573236889692,"imputed":false,"vulnerability":21.3}},{"type":"Feature","geometry":{"type":"Polygon","coordinates":[[[2.373849,48.860934],[2.373573,48.862722],[2.37086,48.862536],[2.371136,48.860748],[2.373849,48.860934]]]},"properties":{"id":"CRS3035RES200mN2889800E3762200","population":1218.5,"households":605.0,"poverty_rate":0.17355371900826447,"senior_rate":0.15510874025441115,"single_parent_rate":0.09917355371900827,"social_housing_rate":0.18677685950413223,"imputed":false,"vulnerability":24.3}},{"type":"Feature","geometry":{"type":"Polygon","coordinates":[[[2.376562,48.86112],[2.376286,48.862908],[2.373573,48.862722],[2.373849,48.860934],[2.376562,48.86112]]]},"properties":{"id":"CRS3035RES200mN2889800E3762400","population":1888.5,"households":1075.0,"poverty_rate":0.1386046511627907,"senior_rate":0.16309240137675404,"single_parent_rate":0.05674418604651163,"social_housing_rate":0.11162790697674418,"imputed":false,"vulnerability":20.0}},{"type":"Feature","geometry":{"type":"Polygon","coordinates":[[[2.379275,48.861306],[2.378999,48.863094],[2.376286,48.862908],[2.376562,48.86112],[2.379275,48.861306]]]},"properties":{"id":"CRS3035RES200mN2889800E3762600","population":1147.5,"households":693.0,"poverty_rate":0.13275613275613277,"senior_rate":0.13594771241830064,"single_parent_rate":0.06926406926406926,"social_housing_rate":0.007215007215007215,"imputed":false,"vulnerability":17.2}},{"type":"Feature","geometry":{"type":"Polygon","coordinates":[[[2.381988,48.861491],[2.381712,48.863279],[2.378999,48.863094],[2.379275,48.861306],[2.381988,48.861491]]]},"properties":{"id":"CRS3035RES200mN2889800E3762800","population":1973.5,"households":1186.0,"poverty_rate":0.14165261382799327,"senior_rate":0.1763364580694198,"single_parent_rate":0.06323777403035413,"social_housing_rate":0.08010118043844856,"imputed":false,"vulnerability":20.7}},{"type":"Feature","geometry":{"type":"Polygon","coordinates":[[[2.384701,48.861677],[2.384425,48.863465],[2.381712,48.863279],[2.381988,48.861491],[2.384701,48.861677]]]},"properties":{"id":"CRS3035RES200mN2889800E3763000","population":1815.0,"households":945.0,"poverty_rate":0.16296296296296298,"senior_rate":0.12892561983471074,"single_parent_rate":0.09417989417989418,"social_housing_rate":0.2328042328042328,"imputed":false,"vulnerability":22.8}},{"type":"Feature","geometry":{"type":"Polygon","coordinates":[[[2.387414,48.861863],[2.387139,48.863651],[2.384425,48.863465],[2.384701,48.861677],[2.387414,48.861863]]]},"properties":{"id":"CRS3035RES200mN2889800E3763200","population":1400.0,"households":800.0,"poverty_rate":0.13625,"senior_rate":0.1792857142857143,"single_parent_rate":0.05125,"social_housing_rate":0.0825,"imputed":false,"vulnerability":20.1}},{"type":"Feature","geometry":{"type":"Polygon","coordinates":[[[2.390127,48.862048],[2.389852,48.863836],[2.387139,48.863651],[2.387414,48.861863],[2.390127,48.862048]]]},"properties":{"id":"CRS3035RES200mN2889800E3763400","population":757.0,"households":422.0,"poverty_rate":0.16587677725118483,"senior_rate":0.15852047556142668,"single_parent_rate":0.07819905213270142,"social_housing_rate":0.3744075829383886,"imputed":false,"vulnerability":26.0}},{"type":"Feature","geometry":{"type":"Polygon","coordinates":[[[2.39284,48.862234],[2.392565,48.864022],[2.389852,48.863836],[2.390127,48.862048],[2.39284,48.862234]]]},"properties":{"id":"CRS3035RES200mN2889800E3763600","population":108.0,"households":51.3,"poverty_rate":0.07017543859649124,"senior_rate":0.175,"single_parent_rate":0.10526315789473685,"social_housing_rate":0.0,"imputed":true,"vulnerability":17.7}},{"type":"Feature","geometry":{"type":"Polygon","coordinates":[[[2.398267,48.862605],[2.397992,48.864393],[2.395278,48.864207],[2.395554,48.862419],[2.398267,48.862605]]]},"properties":{"id":"CRS3035RES200mN2889800E3764000","population":526.0,"households":318.0,"poverty_rate":0.11320754716981132,"senior_rate":0.1844106463878327,"single_parent_rate":0.07232704402515723,"social_housing_rate":0.06289308176100629,"imputed":false,"vulnerability":19.9}},{"type":"Feature","geometry":{"type":"Polygon","coordinates":[[[2.40098,48.86279],[2.400705,48.864578],[2.397992,48.864393],[2.398267,48.862605],[2.40098,48.86279]]]},"properties":{"id":"CRS3035RES200mN2889800E3764200","population":1605.0,"households":880.0,"poverty_rate":0.12272727272727273,"senior_rate":0.18566978193146416,"single_parent_rate":0.08863636363636364,"social_housing_rate":0.28863636363636364,"imputed":false,"vulnerability":24.5}},{"type":"Feature","geometry":{"type":"Polygon","coordinates":[[[2.403693,48.862975],[2.403418,48.864763],[2.400705,48.864578],[2.40098,48.86279],[2.403693,48.862975]]]},"properties":{"id":"CRS3035RES200mN2889800E3764400","population":2058.5,"households":1191.0,"poverty_rate":0.11251049538203191,"senior_rate":0.1564245810055866,"single_parent_rate":0.08060453400503778,"social_housing_rate":0.11167086481947942,"imputed":false,"vulnerability":19.4}},{"type":"Feature","geometry":{"type":"Polygon","coordinates":[[[2.406406,48.863161],[2.406131,48.864949],[2.403418,48.864763],[2.403693,48.862975],[2.406406,48.863161]]]},"properties":{"id":"CRS3035RES200mN2889800E3764600","population":974.0,"households":484.0,"poverty_rate":0.13636363636363635,"senior_rate":0.15195071868583163,"single_parent_rate":0.09710743801652892,"social_housing_rate":0.18388429752066116,"imputed":false,"vulnerability":22.1}},{"type":"Feature","geometry":{"type":"Polygon","coordinates":[[[2.40912,48.863346],[2.408845,48.865134],[2.406131,48.864949],[2.406406,48.863161],[2.40912,48.863346]]]},"properties":{"id":"CRS3035RES200mN2889800E3764800","population":1265.5,"households":687.0,"poverty_rate":0.18340611353711792,"senior_rate":0.1635717107862505,"single_parent_rate":0.12081513828238719,"social_housing_rate":0.4090247452692867,"imputed":false,"vulnerability":29.5}},{"type":"Feature","geometry":{"type":"Polygon","coordinates":[[[2.411833,48.863531],[2.411558,48.865319],[2.408845,48.865134],[2.40912,48.863346],[2.411833,48.863531]]]},"properties":{"id":"CRS3035RES200mN2889800E3765000","population":1963.0,"households":720.0,"poverty_rate":0.30416666666666664,"senior_rate":0.1782985226693836,"single_parent_rate":0.19722222222222222,"social_housing_rate":1.0,"imputed":false,"vulnerability":48.5}},{"type":"Feature","geometry":{"type":"Polygon","coordinates":[[[2.227092,48.852583],[2.226811,48.85437],[2.224099,48.854181],[2.22438,48.852393],[2.227092,48.852583]]]},"properties":{"id":"CRS3035RES200mN2890000E3751400","population":125.0,"households":42.0,"poverty_rate":0.11904761904761904,"senior_rate":0.112,"single_parent_rate":0.16666666666666666,"social_housing_rate":0.0,"imputed":false,"vulnerability":19.3}},{"type":"Feature","geometry":{"type":"Polygon","coordinates":[[[2.251502,48.854286],[2.251222,48.856074],[2.248509,48.855885],[2.24879,48.854097],[2.251502,48.854286]]]},"properties":{"id":"CRS3035RES200mN2890000E3753200","population":5.0,"households":2.5,"poverty_rate":0.0,"senior_rate":0.0,"single_parent_rate":0.04,"social_housing_rate":0.0,"imputed":true,"vulnerability":1.7}},{"type":"Feature","geometry":{"type":"Polygon","coordinates":[[[2.265064,48.85523],[2.264784,48.857018],[2.262071,48.856829],[2.262351,48.855041],[2.265064,48.85523]]]},"properties":{"id":"CRS3035RES200mN2890000E3754200","population":674.0,"households":305.0,"poverty_rate":0.16721311475409836,"senior_rate":0.24925816023738873,"single_parent_rate":0.08196721311475409,"social_housing_rate":0.0,"imputed":false,"vulnerability":25.6}},{"type":"Feature","geometry":{"type":"Polygon","coordinates":[[[2.267776,48.855419],[2.267496,48.857206],[2.264784,48.857018],[2.265064,48.85523],[2.267776,48.855419]]]},"properties":{"id":"CRS3035RES200mN2890000E3754400","population":1157.5,"households":574.0,"poverty_rate":0.1289198606271777,"senior_rate":0.2609071274298056,"single_parent_rate":0.059233449477351915,"social_housing_rate":0.0,"imputed":false,"vulnerability":23.4}},{"type":"Feature","geometry":{"type":"Polygon","coordinates":[[[2.270488,48.855607],[2.270209,48.857395],[2.267496,48.857206],[2.267776,48.855419],[2.270488,48.855607]]]},"properties":{"id":"CRS3035RES200mN2890000E3754600","population":1178.0,"households":495.0,"poverty_rate":0.1191919191919192,"senior_rate":0.21731748726655348,"single_parent_rate":0.05454545454545454,"social_housing_rate":0.0,"imputed":false,"vulnerability":20.3}},{"type":"Feature","geometry":{"type":"Polygon","coordinates":[[[2.273201,48.855796],[2.272921,48.857583],[2.270209,48.857395],[2.270488,48.855607],[2.273201,48.855796]]]},"properties":{"id":"CRS3035RES200mN2890000E3754800","population":1407.0,"households":603.0,"poverty_rate":0.1310116086235489,"senior_rate":0.22032693674484718,"single_parent_rate":0.06965174129353234,"social_housing_rate":0.028192371475953566,"imputed":false,"vulnerability":22.1}},{"type":"Feature","geometry":{"type":"Polygon","coordinates":[[[2.275913,48.855984],[2.275634,48.857772],[2.272921,48.857583],[2.273201,48.855796],[2.275913,48.855984]]]},"properties":{"id":"CRS3035RES200mN2890000E3755000","population":1147.5,"households":531.0,"poverty_rate":0.1374764595103578,"senior_rate":0.24139433551198258,"single_parent_rate":0.0847457627118644,"social_housing_rate":0.0,"imputed":false,"vulnerability":23.8}},{"type":"Feature","geometry":{"type":"Polygon","coordinates":[[[2.278626,48.856172],[2.278346,48.85796],[2.275634,48.857772],[2.275913,48.855984],[2.278626,48.856172]]]},"properties":{"id":"CRS3035RES200mN2890000E3755200","population":1419.5,"households":737.0,"poverty_rate":0.1546811397557666,"senior_rate":0.2155688622754491,"single_parent_rate":0.06648575305291723,"social_housing_rate":0.012211668928086838,"imputed":false,"vulnerability":22.6}},{"type":"Feature","geometry":{"type":"Polygon","coordinates":[[[2.281338,48.85636],[2.281059,48.858148],[2.278346,48.85796],[2.278626,48.856172],[2.281338,48.85636]]]},"properties":{"id":"CRS3035RES200mN2890000E3755400","population":1413.5,"households":708.0,"poverty_rate":0.13559322033898305,"senior_rate":0.20940926777502653,"single_parent_rate":0.07203389830508475,"social_housing_rate":0.0014124293785310734,"imputed":false,"vulnerability":21.4}},{"type":"Feature","geometry":{"type":"Polygon","coordinates":[[[2.284051,48.856549],[2.283771,48.858336],[2.281059,48.858148],[2.281338,48.85636],[2.284051,48.856549]]]},"properties":{"id":"CRS3035RES200mN2890000E3755600","population":1685.0,"households":729.0,"poverty_rate":0.12345679012345678,"senior_rate":0.20890207715133532,"single_parent_rate":0.06858710562414266,"social_housing_rate":0.015089163237311385,"imputed":false,"vulnerability":20.9}},{"type":"Feature","geometry":{"type":"Polygon","coordinates":[[[2.286763,48.856737],[2.286484,48.858524],[2.283771,48.858336],[2.284051,48.856549],[2.286763,48.856737]]]},"properties":{"id":"CRS3035RES200mN2890000E3755800","population":1433.5,"households":649.0,"poverty_rate":0.14946070878274267,"senior_rate":0.2560167422392745,"single_parent_rate":0.09861325115562404,"social_housing_rate":0.053929121725731895,"imputed":false,"vulnerability":26.6}},{"type":"Feature","geometry":{"type":"Polygon","coordinates":[[[2.289476,48.856925],[2.289196,48.858713],[2.286484,48.858524],[2.286763,48.856737],[2.289476,48.856925]]]},"properties":{"id":"CRS3035RES200mN2890000E3756000","population":594.5,"households":278.0,"poverty_rate":0.17625899280575538,"senior_rate":0.22035323801513879,"single_parent_rate":0.09712230215827339,"social_housing_rate":0.0,"imputed":false,"vulnerability":25.1}},{"type":"Feature","geometry":{"type":"Polygon","coordinates":[[[2.292188,48.857113],[2.291909,48.858901],[2.289196,48.858713],[2.289476,48.856925],[2.292188,48.857113]]]},"properties":{"id":"CRS3035RES200mN2890000E3756200","population":31.0,"households":16.0,"poverty_rate":0.0625,"senior_rate":0.3225806451612903,"single_parent_rate":0.0625,"social_housing_rate":0.0,"imputed":false,"vulnerability":23.6}},{"type":"Feature","geometry":{"type":"Polygon","coordinates":[[[2.297613,48.857489],[2.297334,48.859276],[2.294622,48.859088],[2.294901,48.857301],[2.297613,48.857489]]]},"properties":{"id":"CRS3035RES200mN2890000E3756600","population":35.0,"households":19.0,"poverty_rate":0.15789473684210525,"senior_rate":0.42857142857142855,"single_parent_rate":0.10526315789473684,"social_housing_rate":0.0,"imputed":false,"vulnerability":36.0}},{"type":"Feature","geometry":{"type":"Polygon","coordinates":[[[2.300326,48.857676],[2.300047,48.859464],[2.297334,48.859276],[2.297613,48.857489],[2.300326,48.857676]]]},"properties":{"id":"CRS3035RES200mN2890000E3756800","population":953.0,"households":479.0,"poverty_rate":0.13987473903966596,"senior_rate":0.2602308499475341,"single_parent_rate":0.07724425887265135,"social_housing_rate":0.0,"imputed":false,"vulnerability":24.6}},{"type":"Feature","geometry":{"type":"Polygon","coordinates":[[[2.303038,48.857864],[2.30276,48.859652],[2.300047,48.859464],[2.300326,48.857676],[2.303038,48.857864]]]},"properties":{"id":"CRS3035RES200mN2890000E3757000","population":1280.5,"households":662.0,"poverty_rate":0.1268882175226586,"senior_rate":0.22491214369386958,"single_parent_rate":0.08308157099697885,"social_housing_rate":0.0,"imputed":false,"vulnerability":22.3}},{"type":"Feature","geometry":{"type":"Polygon","coordinates":[[[2.305751,48.858052],[2.305473,48.859839],[2.30276,48.859652],[2.303038,48.857864],[2.305751,48.858052]]]},"properties":{"id":"CRS3035RES200mN2890000E3757200","population":633.0,"households":340.0,"poverty_rate":0.09705882352941177,"senior_rate":0.28278041074249605,"single_parent_rate":0.06764705882352941,"social_housing_rate":0.047058823529411764,"imputed":false,"vulnerability":24.0}},{"type":"Feature","geometry":{"type":"Polygon","coordinates":[[[2.308464,48.858239],[2.308185,48.860027],[2.305473,48.859839],[2.305751,48.858052],[2.308464,48.858239]]]},"properties":{"id":"CRS3035RES200mN2890000E3757400","population":1097.5,"households":677.0,"poverty_rate":0.17872968980797638,"senior_rate":0.21594533029612756,"single_parent_rate":0.059084194977843424,"social_housing_rate":0.08567208271787297,"imputed":false,"vulnerability":24.7}},{"type":"Feature","geometry":{"type":"Polygon","coordinates":[[[2.311176,48.858427],[2.310898,48.860215],[2.308185,48.860027],[2.308464,48.858239],[2.311176,48.858427]]]},"properties":{"id":"CRS3035RES200mN2890000E3757600","population":1121.5,"households":652.0,"poverty_rate":0.13803680981595093,"senior_rate":0.22113241194828354,"single_parent_rate":0.06288343558282208,"social_housing_rate":0.06288343558282208,"imputed":false,"vulnerability":22.7}},{"type":"Feature","geometry":{"type":"Polygon","coordinates":[[[2.313889,48.858614],[2.313611,48.860402],[2.310898,48.860215],[2.311176,48.858427],[2.313889,48.858614]]]},"properties":{"id":"CRS3035RES200mN2890000E3757800","population":59.0,"households":33.0,"poverty_rate":0.12121212121212122,"senior_rate":0.3389830508474576,"single_parent_rate":0.0,"social_housing_rate":0.0,"imputed":false,"vulnerability":24.7}},{"type":"Feature","geometry":{"type":"Polygon","coordinates":[[[2.316602,48.858802],[2.316324,48.860589],[2.313611,48.860402],[2.313889,48.858614],[2.316602,48.858802]]]},"properties":{"id":"CRS3035RES200mN2890000E3758000","population":90.0,"households":56.0,"poverty_rate":0.125,"senior_rate":0.2111111111111111,"single_parent_rate":0.05357142857142857,"social_housing_rate":0.0,"imputed":false,"vulnerability":20.2}},{"type":"Feature","geometry":{"type":"Polygon","coordinates":[[[2.319314,48.858989],[2.319036,48.860777],[2.316324,48.860589],[2.316602,48.858802],[2.319314,48.858989]]]},"properties":{"id":"CRS3035RES200mN2890000E3758200","population":144.0,"households":74.0,"poverty_rate":0.0945945945945946,"senior_rate":0.3402777777777778,"single_parent_rate":0.08108108108108109,"social_housing_rate":0.0,"imputed":false,"vulnerability":27.0}},{"type":"Feature","geometry":{"type":"Polygon","coordinates":[[[2.322027,48.859176],[2.321749,48.860964],[2.319036,48.860777],[2.319314,48.858989],[2.322027,48.859176]]]},"properties":{"id":"CRS3035RES200mN2890000E3758400","population":122.0,"households":58.0,"poverty_rate":0.10344827586206896,"senior_rate":0.26229508196721313,"single_parent_rate":0.06896551724137931,"social_housing_rate":0.0,"imputed":false,"vulnerability":22.6}},{"type":"Feature","geometry":{"type":"Polygon","coordinates":[[[2.32474,48.859363],[2.324462,48.861151],[2.321749,48.860964],[2.322027,48.859176],[2.32474,48.859363]]]},"properties":{"id":"CRS3035RES200mN2890000E3758600","population":495.5,"households":249.0,"poverty_rate":0.08433734939759036,"senior_rate":0.27447023208879917,"single_parent_rate":0.07228915662650602,"social_housing_rate":0.0,"imputed":false,"vulnerability":22.4}},{"type":"Feature","geometry":{"type":"Polygon","coordinates":[[[2.327453,48.859551],[2.327175,48.861338],[2.324462,48.861151],[2.32474,48.859363],[2.327453,48.859551]]]},"properties":{"id":"CRS3035RES200mN2890000E3758800","population":59.0,"households":34.0,"poverty_rate":0.11764705882352941,"senior_rate":0.4406779661016949,"single_parent_rate":0.08823529411764706,"social_housing_rate":0.0,"imputed":false,"vulnerability":33.9}},{"type":"Feature","geometry":{"type":"Polygon","coordinates":[[[2.332878,48.859925],[2.332601,48.861713],[2.329888,48.861525],[2.330166,48.859738],[2.332878,48.859925]]]},"properties":{"id":"CRS3035RES200mN2890000E3759200","population":7.0,"households":3.8,"poverty_rate":0.0,"senior_rate":0.1142857142857143,"single_parent_rate":0.13157894736842105,"social_housing_rate":0.0,"imputed":true,"vulnerability":12.0}},{"type":"Feature","geometry":{"type":"Polygon","coordinates":[[[2.341017,48.860485],[2.34074,48.862273],[2.338027,48.862086],[2.338304,48.860298],[2.341017,48.860485]]]},"properties":{"id":"CRS3035RES200mN2890000E3759800","population":184.5,"households":103.0,"poverty_rate":0.10679611650485436,"senior_rate":0.1951219512195122,"single_parent_rate":0.08737864077669903,"social_housing_rate":0.04854368932038835,"imputed":false,"vulnerability":20.6}},{"type":"Feature","geometry":{"type":"Polygon","coordinates":[[[2.34373,48.860672],[2.343453,48.86246],[2.34074,48.862273],[2.341017,48.860485],[2.34373,48.860672]]]},"properties":{"id":"CRS3035RES200mN2890000E3760000","population":953.5,"households":600.0,"poverty_rate":0.16333333333333333,"senior_rate":0.18458311484006293,"single_parent_rate":0.06166666666666667,"social_housing_rate":0.12666666666666668,"imputed":false,"vulnerability":22.9}},{"type":"Feature","geometry":{"type":"Polygon","coordinates":[[[2.346443,48.860859],[2.346166,48.862647],[2.343453,48.86246],[2.34373,48.860672],[2.346443,48.860859]]]},"properties":{"id":"CRS3035RES200mN2890000E3760200","population":450.0,"households":279.0,"poverty_rate":0.15770609318996415,"senior_rate":0.19111111111111112,"single_parent_rate":0.1039426523297491,"social_housing_rate":0.25448028673835127,"imputed":false,"vulnerability":26.7}},{"type":"Feature","geometry":{"type":"Polygon","coordinates":[[[2.349156,48.861045],[2.348879,48.862833],[2.346166,48.862647],[2.346443,48.860859],[2.349156,48.861045]]]},"properties":{"id":"CRS3035RES200mN2890000E3760400","population":1052.5,"households":559.0,"poverty_rate":0.16100178890876565,"senior_rate":0.2327790973871734,"single_parent_rate":0.1520572450805009,"social_housing_rate":0.5760286225402504,"imputed":false,"vulnerability":36.1}},{"type":"Feature","geometry":{"type":"Polygon","coordinates":[[[2.351869,48.861232],[2.351592,48.86302],[2.348879,48.862833],[2.349156,48.861045],[2.351869,48.861232]]]},"properties":{"id":"CRS3035RES200mN2890000E3760600","population":1196.5,"households":676.0,"poverty_rate":0.17159763313609466,"senior_rate":0.14625992478061012,"single_parent_rate":0.0695266272189349,"social_housing_rate":0.11982248520710059,"imputed":false,"vulnerability":21.4}},{"type":"Feature","geometry":{"type":"Polygon","coordinates":[[[2.354582,48.861418],[2.354305,48.863206],[2.351592,48.86302],[2.351869,48.861232],[2.354582,48.861418]]]},"properties":{"id":"CRS3035RES200mN2890000E3760800","population":1540.5,"households":884.0,"poverty_rate":0.13687782805429866,"senior_rate":0.2038299253489127,"single_parent_rate":0.09276018099547512,"social_housing_rate":0.2748868778280543,"imputed":false,"vulnerability":26.2}},{"type":"Feature","geometry":{"type":"Polygon","coordinates":[[[2.357295,48.861605],[2.357018,48.863393],[2.354305,48.863206],[2.354582,48.861418],[2.357295,48.861605]]]},"properties":{"id":"CRS3035RES200mN2890000E3761000","population":1160.0,"households":661.0,"poverty_rate":0.16036308623298035,"senior_rate":0.16379310344827586,"single_parent_rate":0.08623298033282904,"social_housing_rate":0.12405446293494705,"imputed":false,"vulnerability":22.6}},{"type":"Feature","geometry":{"type":"Polygon","coordinates":[[[2.360008,48.861791],[2.359731,48.863579],[2.357018,48.863393],[2.357295,48.861605],[2.360008,48.861791]]]},"properties":{"id":"CRS3035RES200mN2890000E3761200","population":858.0,"households":503.0,"poverty_rate":0.16500994035785288,"senior_rate":0.16433566433566432,"single_parent_rate":0.033797216699801194,"social_housing_rate":0.03777335984095427,"imputed":false,"vulnerability":19.3}},{"type":"Feature","geometry":{"type":"Polygon","coordinates":[[[2.362721,48.861977],[2.362444,48.863765],[2.359731,48.863579],[2.360008,48.861791],[2.362721,48.861977]]]},"properties":{"id":"CRS3035RES200mN2890000E3761400","population":1123.5,"households":673.0,"poverty_rate":0.1485884101040119,"senior_rate":0.18157543391188252,"single_parent_rate":0.0787518573551263,"social_housing_rate":0.0861812778603269,"imputed":false,"vulnerability":22.1}},{"type":"Feature","geometry":{"type":"Polygon","coordinates":[[[2.365434,48.862164],[2.365157,48.863951],[2.362444,48.863765],[2.362721,48.861977],[2.365434,48.862164]]]},"properties":{"id":"CRS3035RES200mN2890000E3761600","population":1489.0,"households":890.0,"poverty_rate":0.14719101123595504,"senior_rate":0.1430490261920752,"single_parent_rate":0.07415730337078652,"social_housing_rate":0.05955056179775281,"imputed":false,"vulnerability":19.3}},{"type":"Feature","geometry":{"type":"Polygon","coordinates":[[[2.368147,48.86235],[2.36787,48.864138],[2.365157,48.863951],[2.365434,48.862164],[2.368147,48.86235]]]},"properties":{"id":"CRS3035RES200mN2890000E3761800","population":899.0,"households":479.0,"poverty_rate":0.10438413361169102,"senior_rate":0.19799777530589543,"single_parent_rate":0.08350730688935282,"social_housing_rate":0.0,"imputed":false,"vulnerability":19.7}},{"type":"Feature","geometry":{"type":"Polygon","coordinates":[[[2.37086,48.862536],[2.370584,48.864324],[2.36787,48.864138],[2.368147,48.86235],[2.37086,48.862536]]]},"properties":{"id":"CRS3035RES200mN2890000E3762000","population":1372.0,"households":784.0,"poverty_rate":0.1288265306122449,"senior_rate":0.15743440233236153,"single_parent_rate":0.05612244897959184,"social_housing_rate":0.06377551020408163,"imputed":false,"vulnerability":18.5}},{"type":"Feature","geometry":{"type":"Polygon","coordinates":[[[2.373573,48.862722],[2.373297,48.86451],[2.370584,48.864324],[2.37086,48.862536],[2.373573,48.862722]]]},"properties":{"id":"CRS3035RES200mN2890000E3762200","population":1435.5,"households":909.0,"poverty_rate":0.17381738173817382,"senior_rate":0.1588296760710554,"single_parent_rate":0.0484048404840484,"social_housing_rate":0.0748074807480748,"imputed":false,"vulnerability":20.6}},{"type":"Feature","geometry":{"type":"Polygon","coordinates":[[[2.376286,48.862908],[2.37601,48.864696],[2.373297,48.86451],[2.373573,48.862722],[2.376286,48.862908]]]},"properties":{"id":"CRS3035RES200mN2890000E3762400","population":1554.5,"households":890.0,"poverty_rate":0.12022471910112359,"senior_rate":0.1981344483756835,"single_parent_rate":0.07528089887640449,"social_housing_rate":0.07640449438202247,"imputed":false,"vulnerability":21.3}},{"type":"Feature","geometry":{"type":"Polygon","coordinates":[[[2.378999,48.863094],[2.378723,48.864882],[2.37601,48.864696],[2.376286,48.862908],[2.378999,48.863094]]]},"properties":{"id":"CRS3035RES200mN2890000E3762600","population":1379.5,"households":714.0,"poverty_rate":0.11064425770308123,"senior_rate":0.2138455962305183,"single_parent_rate":0.07703081232492998,"social_housing_rate":0.0,"imputed":false,"vulnerability":20.6}},{"type":"Feature","geometry":{"type":"Polygon","coordinates":[[[2.381712,48.863279],[2.381437,48.865067],[2.378723,48.864882],[2.378999,48.863094],[2.381712,48.863279]]]},"properties":{"id":"CRS3035RES200mN2890000E3762800","population":1290.5,"households":750.0,"poverty_rate":0.116,"senior_rate":0.17667570709027508,"single_parent_rate":0.052,"social_housing_rate":0.068,"imputed":false,"vulnerability":18.8}},{"type":"Feature","geometry":{"type":"Polygon","coordinates":[[[2.384425,48.863465],[2.38415,48.865253],[2.381437,48.865067],[2.381712,48.863279],[2.384425,48.863465]]]},"properties":{"id":"CRS3035RES200mN2890000E3763000","population":1071.0,"households":619.0,"poverty_rate":0.1421647819063005,"senior_rate":0.14752567693744165,"single_parent_rate":0.05815831987075929,"social_housing_rate":0.16478190630048464,"imputed":false,"vulnerability":20.2}},{"type":"Feature","geometry":{"type":"Polygon","coordinates":[[[2.387139,48.863651],[2.386863,48.865439],[2.38415,48.865253],[2.384425,48.863465],[2.387139,48.863651]]]},"properties":{"id":"CRS3035RES200mN2890000E3763200","population":787.0,"households":403.0,"poverty_rate":0.20347394540942929,"senior_rate":0.13214739517153748,"single_parent_rate":0.09925558312655088,"social_housing_rate":0.38213399503722084,"imputed":false,"vulnerability":27.5}},{"type":"Feature","geometry":{"type":"Polygon","coordinates":[[[2.389852,48.863836],[2.389576,48.865624],[2.386863,48.865439],[2.387139,48.863651],[2.389852,48.863836]]]},"properties":{"id":"CRS3035RES200mN2890000E3763400","population":2313.5,"households":947.0,"poverty_rate":0.18796198521647306,"senior_rate":0.15560838556299977,"single_parent_rate":0.1573389651531151,"social_housing_rate":0.764519535374868,"imputed":false,"vulnerability":36.2}},{"type":"Feature","geometry":{"type":"Polygon","coordinates":[[[2.392565,48.864022],[2.39229,48.86581],[2.389576,48.865624],[2.389852,48.863836],[2.392565,48.864022]]]},"properties":{"id":"CRS3035RES200mN2890000E3763600","population":1426.5,"households":593.0,"poverty_rate":0.2057335581787521,"senior_rate":0.16263582194181564,"single_parent_rate":0.1315345699831366,"social_housing_rate":0.715008431703204,"imputed":false,"vulnerability":35.6}},{"type":"Feature","geometry":{"type":"Polygon","coordinates":[[[2.395278,48.864207],[2.395003,48.865995],[2.39229,48.86581],[2.392565,48.864022],[2.395278,48.864207]]]},"properties":{"id":"CRS3035RES200mN2890000E3763800","population":946.0,"households":493.0,"poverty_rate":0.1257606490872211,"senior_rate":0.11945031712473574,"single_parent_rate":0.0973630831643002,"social_housing_rate":0.1257606490872211,"imputed":false,"vulnerability":19.0}},{"type":"Feature","geometry":{"type":"Polygon","coordinates":[[[2.397992,48.864393],[2.397716,48.866181],[2.395003,48.865995],[2.395278,48.864207],[2.397992,48.864393]]]},"properties":{"id":"CRS3035RES200mN2890000E3764000","population":1131.0,"households":632.0,"poverty_rate":0.1439873417721519,"senior_rate":0.14323607427055704,"single_parent_rate":0.06645569620253164,"social_housing_rate":0.0680379746835443,"imputed":false,"vulnerability":19.0}},{"type":"Feature","geometry":{"type":"Polygon","coordinates":[[[2.400705,48.864578],[2.40043,48.866366],[2.397716,48.866181],[2.397992,48.864393],[2.400705,48.864578]]]},"properties":{"id":"CRS3035RES200mN2890000E3764200","population":861.0,"households":483.0,"poverty_rate":0.12422360248447205,"senior_rate":0.14518002322880372,"single_parent_rate":0.08281573498964803,"social_housing_rate":0.0,"imputed":false,"vulnerability":17.8}},{"type":"Feature","geometry":{"type":"Polygon","coordinates":[[[2.403418,48.864763],[2.403143,48.866552],[2.40043,48.866366],[2.400705,48.864578],[2.403418,48.864763]]]},"properties":{"id":"CRS3035RES200mN2890000E3764400","population":201.0,"households":111.0,"poverty_rate":0.11711711711711711,"senior_rate":0.12935323383084577,"single_parent_rate":0.04504504504504504,"social_housing_rate":0.0,"imputed":false,"vulnerability":14.9}},{"type":"Feature","geometry":{"type":"Polygon","coordinates":[[[2.406131,48.864949],[2.405857,48.866737],[2.403143,48.866552],[2.403418,48.864763],[2.406131,48.864949]]]},"properties":{"id":"CRS3035RES200mN2890000E3764600","population":2078.0,"households":1037.0,"poverty_rate":0.16489874638379942,"senior_rate":0.1809432146294514,"single_parent_rate":0.10607521697203472,"social_housing_rate":0.43008678881388623,"imputed":false,"vulnerability":29.2}},{"type":"Feature","geometry":{"type":"Polygon","coordinates":[[[2.408845,48.865134],[2.40857,48.866922],[2.405857,48.866737],[2.406131,48.864949],[2.408845,48.865134]]]},"properties":{"id":"CRS3035RES200mN2890000E3764800","population":740.5,"households":333.0,"poverty_rate":0.09309309309309309,"senior_rate":0.22822417285617827,"single_parent_rate":0.07207207207207207,"social_housing_rate":0.13213213213213212,"imputed":false,"vulnerability":22.3}},{"type":"Feature","geometry":{"type":"Polygon","coordinates":[[[2.411558,48.865319],[2.411283,48.867107],[2.40857,48.866922],[2.408845,48.865134],[2.411558,48.865319]]]},"properties":{"id":"CRS3035RES200mN2890000E3765000","population":563.5,"households":224.0,"poverty_rate":0.36160714285714285,"senior_rate":0.19698314108251996,"single_parent_rate":0.21428571428571427,"social_housing_rate":1.0,"imputed":false,"vulnerability":53.2}},{"type":"Feature","geometry":{"type":"Polygon","coordinates":[[[2.414272,48.865504],[2.413997,48.867292],[2.411283,48.867107],[2.411558,48.865319],[2.414272,48.865504]]]},"properties":{"id":"CRS3035RES200mN2890000E3765200","population":6.0,"households":2.4,"poverty_rate":0.16666666666666669,"senior_rate":0.16666666666666666,"single_parent_rate":0.04166666666666667,"social_housing_rate":0.0,"imputed":true,"vulnerability":19.3}},{"type":"Feature","geometry":{"type":"Polygon","coordinates":[[[2.243085,48.855507],[2.242804,48.857294],[2.240091,48.857105],[2.240372,48.855317],[2.243085,48.855507]]]},"properties":{"id":"CRS3035RES200mN2890200E3752600","population":4.0,"households":2.0,"poverty_rate":0.0,"senior_rate":0.0,"single_parent_rate":0.05,"social_housing_rate":0.0,"imputed":true,"vulnerability":2.2}},{"type":"Feature","geometry":{"type":"Polygon","coordinates":[[[2.262071,48.856829],[2.261791,48.858617],[2.259079,48.858428],[2.259359,48.85664],[2.262071,48.856829]]]},"properties":{"id":"CRS3035RES200mN2890200E3754000","population":9.0,"households":2.9,"poverty_rate":0.0,"senior_rate":0.2222222222222222,"single_parent_rate":0.24137931034482757,"social_housing_rate":0.0,"imputed":true,"vulnerability":22.7}},{"type":"Feature","geometry":{"type":"Polygon","coordinates":[[[2.264784,48.857018],[2.264504,48.858805],[2.261791,48.858617],[2.262071,48.856829],[2.264784,48.857018]]]},"properties":{"id":"CRS3035RES200mN2890200E3754200","population":75.5,"households":38.0,"poverty_rate":0.05263157894736842,"senior_rate":0.3443708609271523,"single_parent_rate":0.02631578947368421,"social_housing_rate":0.0,"imputed":false,"vulnerability":22.7}},{"type":"Feature","geometry":{"type":"Polygon","coordinates":[[[2.267496,48.857206],[2.267216,48.858994],[2.264504,48.858805],[2.264784,48.857018],[2.267496,48.857206]]]},"properties":{"id":"CRS3035RES200mN2890200E3754400","population":624.5,"households":307.0,"poverty_rate":0.1498371335504886,"senior_rate":0.34267413931144913,"single_parent_rate":0.08143322475570032,"social_housing_rate":0.0,"imputed":false,"vulnerability":29.9}},{"type":"Feature","geometry":{"type":"Polygon","coordinates":[[[2.270209,48.857395],[2.269929,48.859182],[2.267216,48.858994],[2.267496,48.857206],[2.270209,48.857395]]]},"properties":{"id":"CRS3035RES200mN2890200E3754600","population":16.0,"households":5.2,"poverty_rate":0.0,"senior_rate":0.21875,"single_parent_rate":0.25,"social_housing_rate":0.0,"imputed":true,"vulnerability":22.8}},{"type":"Feature","geometry":{"type":"Polygon","coordinates":[[[2.272921,48.857583],[2.272641,48.859371],[2.269929,48.859182],[2.270209,48.857395],[2.272921,48.857583]]]},"properties":{"id":"CRS3035RES200mN2890200E3754800","population":245.0,"households":96.0,"poverty_rate":0.11458333333333333,"senior_rate":0.20816326530612245,"single_parent_rate":0.07291666666666667,"social_housing_rate":0.0,"imputed":false,"vulnerability":20.3}},{"type":"Feature","geometry":{"type":"Polygon","coordinates":[[[2.275634,48.857772],[2.275354,48.859559],[2.272641,48.859371],[2.272921,48.857583],[2.275634,48.857772]]]},"properties":{"id":"CRS3035RES200mN2890200E3755000","population":1285.5,"households":576.0,"poverty_rate":0.11631944444444445,"senior_rate":0.20770128354725786,"single_parent_rate":0.0798611111111111,"social_housing_rate":0.0,"imputed":false,"vulnerability":20.7}},{"type":"Feature","geometry":{"type":"Polygon","coordinates":[[[2.278346,48.85796],[2.278067,48.859748],[2.275354,48.859559],[2.275634,48.857772],[2.278346,48.85796]]]},"properties":{"id":"CRS3035RES200mN2890200E3755200","population":1483.0,"households":675.0,"poverty_rate":0.13333333333333333,"senior_rate":0.1820633850303439,"single_parent_rate":0.12,"social_housing_rate":0.10814814814814815,"imputed":false,"vulnerability":23.5}},{"type":"Feature","geometry":{"type":"Polygon","coordinates":[[[2.281059,48.858148],[2.280779,48.859936],[2.278067,48.859748],[2.278346,48.85796],[2.281059,48.858148]]]},"properties":{"id":"CRS3035RES200mN2890200E3755400","population":1563.0,"households":752.0,"poverty_rate":0.10904255319148937,"senior_rate":0.21369161868202174,"single_parent_rate":0.07446808510638298,"social_housing_rate":0.0,"imputed":false,"vulnerability":20.4}},{"type":"Feature","geometry":{"type":"Polygon","coordinates":[[[2.283771,48.858336],[2.283492,48.860124],[2.280779,48.859936],[2.281059,48.858148],[2.283771,48.858336]]]},"properties":{"id":"CRS3035RES200mN2890200E3755600","population":1634.0,"households":771.0,"poverty_rate":0.12840466926070038,"senior_rate":0.21481028151774786,"single_parent_rate":0.10894941634241245,"social_housing_rate":0.0,"imputed":false,"vulnerability":22.9}},{"type":"Feature","geometry":{"type":"Polygon","coordinates":[[[2.286484,48.858524],[2.286205,48.860312],[2.283492,48.860124],[2.283771,48.858336],[2.286484,48.858524]]]},"properties":{"id":"CRS3035RES200mN2890200E3755800","population":1077.0,"households":486.0,"poverty_rate":0.12139917695473251,"senior_rate":0.22841225626740946,"single_parent_rate":0.0823045267489712,"social_housing_rate":0.0,"imputed":false,"vulnerability":22.2}},{"type":"Feature","geometry":{"type":"Polygon","coordinates":[[[2.289196,48.858713],[2.288917,48.8605],[2.286205,48.860312],[2.286484,48.858524],[2.289196,48.858713]]]},"properties":{"id":"CRS3035RES200mN2890200E3756000","population":355.5,"households":165.0,"poverty_rate":0.12727272727272726,"senior_rate":0.3037974683544304,"single_parent_rate":0.08484848484848485,"social_housing_rate":0.0,"imputed":false,"vulnerability":26.7}},{"type":"Feature","geometry":{"type":"Polygon","coordinates":[[[2.297334,48.859276],[2.297056,48.861064],[2.294343,48.860876],[2.294622,48.859088],[2.297334,48.859276]]]},"properties":{"id":"CRS3035RES200mN2890200E3756600","population":328.0,"households":144.0,"poverty_rate":0.1388888888888889,"senior_rate":0.2225609756097561,"single_parent_rate":0.0763888888888889,"social_housing_rate":0.0,"imputed":false,"vulnerability":22.5}},{"type":"Feature","geometry":{"type":"Polygon","coordinates":[[[2.300047,48.859464],[2.299768,48.861252],[2.297056,48.861064],[2.297334,48.859276],[2.300047,48.859464]]]},"properties":{"id":"CRS3035RES200mN2890200E3756800","population":1028.0,"households":519.0,"poverty_rate":0.1233140655105973,"senior_rate":0.2480544747081712,"single_parent_rate":0.07129094412331406,"social_housing_rate":0.0,"imputed":false,"vulnerability":22.9}},{"type":"Feature","geometry":{"type":"Polygon","coordinates":[[[2.30276,48.859652],[2.302481,48.86144],[2.299768,48.861252],[2.300047,48.859464],[2.30276,48.859652]]]},"properties":{"id":"CRS3035RES200mN2890200E3757000","population":521.0,"households":273.0,"poverty_rate":0.12454212454212454,"senior_rate":0.2533589251439539,"single_parent_rate":0.054945054945054944,"social_housing_rate":0.0,"imputed":false,"vulnerability":22.5}},{"type":"Feature","geometry":{"type":"Polygon","coordinates":[[[2.305473,48.859839],[2.305194,48.861627],[2.302481,48.86144],[2.30276,48.859652],[2.305473,48.859839]]]},"properties":{"id":"CRS3035RES200mN2890200E3757200","population":1044.5,"households":493.0,"poverty_rate":0.1075050709939148,"senior_rate":0.24413595021541407,"single_parent_rate":0.07099391480730223,"social_housing_rate":0.0,"imputed":false,"vulnerability":21.9}},{"type":"Feature","geometry":{"type":"Polygon","coordinates":[[[2.308185,48.860027],[2.307907,48.861815],[2.305194,48.861627],[2.305473,48.859839],[2.308185,48.860027]]]},"properties":{"id":"CRS3035RES200mN2890200E3757400","population":960.0,"households":567.0,"poverty_rate":0.1763668430335097,"senior_rate":0.24479166666666666,"single_parent_rate":0.0582010582010582,"social_housing_rate":0.07407407407407407,"imputed":false,"vulnerability":25.9}},{"type":"Feature","geometry":{"type":"Polygon","coordinates":[[[2.310898,48.860215],[2.31062,48.862002],[2.307907,48.861815],[2.308185,48.860027],[2.310898,48.860215]]]},"properties":{"id":"CRS3035RES200mN2890200E3757600","population":840.5,"households":477.0,"poverty_rate":0.1278825995807128,"senior_rate":0.24033313503866746,"single_parent_rate":0.06918238993710692,"social_housing_rate":0.0020964360587002098,"imputed":false,"vulnerability":22.6}},{"type":"Feature","geometry":{"type":"Polygon","coordinates":[[[2.313611,48.860402],[2.313333,48.86219],[2.31062,48.862002],[2.310898,48.860215],[2.313611,48.860402]]]},"properties":{"id":"CRS3035RES200mN2890200E3757800","population":208.5,"households":111.0,"poverty_rate":0.07207207207207207,"senior_rate":0.2014388489208633,"single_parent_rate":0.11711711711711711,"social_housing_rate":0.0,"imputed":false,"vulnerability":19.7}},{"type":"Feature","geometry":{"type":"Polygon","coordinates":[[[2.316324,48.860589],[2.316046,48.862377],[2.313333,48.86219],[2.313611,48.860402],[2.316324,48.860589]]]},"properties":{"id":"CRS3035RES200mN2890200E3758000","population":8.0,"households":5.8,"poverty_rate":0.1724137931034483,"senior_rate":0.525,"single_parent_rate":0.0,"social_housing_rate":0.0,"imputed":true,"vulnerability":37.5}},{"type":"Feature","geometry":{"type":"Polygon","coordinates":[[[2.319036,48.860777],[2.318758,48.862565],[2.316046,48.862377],[2.316324,48.860589],[2.319036,48.860777]]]},"properties":{"id":"CRS3035RES200mN2890200E3758200","population":33.0,"households":13.0,"poverty_rate":0.15384615384615385,"senior_rate":0.15151515151515152,"single_parent_rate":0.0,"social_housing_rate":0.0,"imputed":false,"vulnerability":16.0}},{"type":"Feature","geometry":{"type":"Polygon","coordinates":[[[2.321749,48.860964],[2.321471,48.862752],[2.318758,48.862565],[2.319036,48.860777],[2.321749,48.860964]]]},"properties":{"id":"CRS3035RES200mN2890200E3758400","population":155.5,"households":76.0,"poverty_rate":0.10526315789473684,"senior_rate":0.22508038585209003,"single_parent_rate":0.07894736842105263,"social_housing_rate":0.0,"imputed":false,"vulnerability":21.1}},{"type":"Feature","geometry":{"type":"Polygon","coordinates":[[[2.324462,48.861151],[2.324184,48.862939],[2.321471,48.862752],[2.321749,48.860964],[2.324462,48.861151]]]},"properties":{"id":"CRS3035RES200mN2890200E3758600","population":17.0,"households":12.2,"poverty_rate":0.1639344262295082,"senior_rate":0.5176470588235295,"single_parent_rate":0.0,"social_housing_rate":0.0,"imputed":true,"vulnerability":36.7}},{"type":"Feature","geometry":{"type":"Polygon","coordinates":[[[2.335314,48.861899],[2.335036,48.863687],[2.332323,48.8635],[2.332601,48.861713],[2.335314,48.861899]]]},"properties":{"id":"CRS3035RES200mN2890200E3759400","population":162.0,"households":72.0,"poverty_rate":0.041666666666666664,"senior_rate":0.12345679012345678,"single_parent_rate":0.09722222222222222,"social_housing_rate":0.0,"imputed":false,"vulnerability":13.1}},{"type":"Feature","geometry":{"type":"Polygon","coordinates":[[[2.338027,48.862086],[2.337749,48.863874],[2.335036,48.863687],[2.335314,48.861899],[2.338027,48.862086]]]},"properties":{"id":"CRS3035RES200mN2890200E3759600","population":29.0,"households":19.0,"poverty_rate":0.15789473684210525,"senior_rate":0.20689655172413793,"single_parent_rate":0.0,"social_housing_rate":0.0,"imputed":false,"vulnerability":19.3}},{"type":"Feature","geometry":{"type":"Polygon","coordinates":[[[2.34074,48.862273],[2.340462,48.864061],[2.337749,48.863874],[2.338027,48.862086],[2.34074,48.862273]]]},"properties":{"id":"CRS3035RES200mN2890200E3759800","population":653.0,"households":412.0,"poverty_rate":0.14563106796116504,"senior_rate":0.20214395099540583,"single_parent_rate":0.055825242718446605,"social_housing_rate":0.02912621359223301,"imputed":false,"vulnerability":21.2}},{"type":"Feature","geometry":{"type":"Polygon","coordinates":[[[2.343453,48.86246],[2.343176,48.864248],[2.340462,48.864061],[2.34074,48.862273],[2.343453,48.86246]]]},"properties":{"id":"CRS3035RES200mN2890200E3760000","population":661.5,"households":324.0,"poverty_rate":0.08950617283950617,"senior_rate":0.15117157974300832,"single_parent_rate":0.09567901234567901,"social_housing_rate":0.24382716049382716,"imputed":false,"vulnerability":20.6}},{"type":"Feature","geometry":{"type":"Polygon","coordinates":[[[2.346166,48.862647],[2.345889,48.864434],[2.343176,48.864248],[2.343453,48.86246],[2.346166,48.862647]]]},"properties":{"id":"CRS3035RES200mN2890200E3760200","population":623.5,"households":369.0,"poverty_rate":0.14363143631436315,"senior_rate":0.1491579791499599,"single_parent_rate":0.04607046070460705,"social_housing_rate":0.018970189701897018,"imputed":false,"vulnerability":17.7}},{"type":"Feature","geometry":{"type":"Polygon","coordinates":[[[2.348879,48.862833],[2.348602,48.864621],[2.345889,48.864434],[2.346166,48.862647],[2.348879,48.862833]]]},"properties":{"id":"CRS3035RES200mN2890200E3760400","population":858.0,"households":475.0,"poverty_rate":0.11578947368421053,"senior_rate":0.1456876456876457,"single_parent_rate":0.08210526315789474,"social_housing_rate":0.05052631578947368,"imputed":false,"vulnerability":18.1}},{"type":"Feature","geometry":{"type":"Polygon","coordinates":[[[2.351592,48.86302],[2.351315,48.864808],[2.348602,48.864621],[2.348879,48.862833],[2.351592,48.86302]]]},"properties":{"id":"CRS3035RES200mN2890200E3760600","population":1091.5,"households":637.0,"poverty_rate":0.16483516483516483,"senior_rate":0.13925790196976637,"single_parent_rate":0.059654631083202514,"social_housing_rate":0.007849293563579277,"imputed":false,"vulnerability":18.6}},{"type":"Feature","geometry":{"type":"Polygon","coordinates":[[[2.354305,48.863206],[2.354028,48.864994],[2.351315,48.864808],[2.351592,48.86302],[2.354305,48.863206]]]},"properties":{"id":"CRS3035RES200mN2890200E3760800","population":1432.5,"households":813.0,"poverty_rate":0.15621156211562115,"senior_rate":0.14520069808027924,"single_parent_rate":0.08487084870848709,"social_housing_rate":0.08487084870848709,"imputed":false,"vulnerability":20.7}},{"type":"Feature","geometry":{"type":"Polygon","coordinates":[[[2.357018,48.863393],[2.356741,48.86518],[2.354028,48.864994],[2.354305,48.863206],[2.357018,48.863393]]]},"properties":{"id":"CRS3035RES200mN2890200E3761000","population":1636.0,"households":1052.0,"poverty_rate":0.20152091254752852,"senior_rate":0.13814180929095354,"single_parent_rate":0.055133079847908745,"social_housing_rate":0.053231939163498096,"imputed":false,"vulnerability":20.9}},{"type":"Feature","geometry":{"type":"Polygon","coordinates":[[[2.359731,48.863579],[2.359454,48.865367],[2.356741,48.86518],[2.357018,48.863393],[2.359731,48.863579]]]},"properties":{"id":"CRS3035RES200mN2890200E3761200","population":1252.0,"households":779.0,"poverty_rate":0.16174582798459564,"senior_rate":0.11980830670926518,"single_parent_rate":0.06161745827984596,"social_housing_rate":0.0,"imputed":false,"vulnerability":17.3}},{"type":"Feature","geometry":{"type":"Polygon","coordinates":[[[2.362444,48.863765],[2.362168,48.865553],[2.359454,48.865367],[2.359731,48.863579],[2.362444,48.863765]]]},"properties":{"id":"CRS3035RES200mN2890200E3761400","population":673.0,"households":360.0,"poverty_rate":0.10833333333333334,"senior_rate":0.17087667161961367,"single_parent_rate":0.044444444444444446,"social_housing_rate":0.0,"imputed":false,"vulnerability":16.7}},{"type":"Feature","geometry":{"type":"Polygon","coordinates":[[[2.365157,48.863951],[2.364881,48.865739],[2.362168,48.865553],[2.362444,48.863765],[2.365157,48.863951]]]},"properties":{"id":"CRS3035RES200mN2890200E3761600","population":956.5,"households":514.0,"poverty_rate":0.122568093385214,"senior_rate":0.17877679038159958,"single_parent_rate":0.07782101167315175,"social_housing_rate":0.0933852140077821,"imputed":false,"vulnerability":20.7}},{"type":"Feature","geometry":{"type":"Polygon","coordinates":[[[2.36787,48.864138],[2.367594,48.865926],[2.364881,48.865739],[2.365157,48.863951],[2.36787,48.864138]]]},"properties":{"id":"CRS3035RES200mN2890200E3761800","population":1445.0,"households":774.0,"poverty_rate":0.13824289405684753,"senior_rate":0.16124567474048443,"single_parent_rate":0.08656330749354005,"social_housing_rate":0.09431524547803617,"imputed":false,"vulnerability":20.9}},{"type":"Feature","geometry":{"type":"Polygon","coordinates":[[[2.370584,48.864324],[2.370307,48.866112],[2.367594,48.865926],[2.36787,48.864138],[2.370584,48.864324]]]},"properties":{"id":"CRS3035RES200mN2890200E3762000","population":1381.5,"households":795.0,"poverty_rate":0.1471698113207547,"senior_rate":0.16865725660513933,"single_parent_rate":0.07044025157232704,"social_housing_rate":0.06415094339622641,"imputed":false,"vulnerability":20.6}},{"type":"Feature","geometry":{"type":"Polygon","coordinates":[[[2.373297,48.86451],[2.373021,48.866298],[2.370307,48.866112],[2.370584,48.864324],[2.373297,48.86451]]]},"properties":{"id":"CRS3035RES200mN2890200E3762200","population":1454.0,"households":850.0,"poverty_rate":0.16,"senior_rate":0.1643741403026135,"single_parent_rate":0.05647058823529412,"social_housing_rate":0.00823529411764706,"imputed":false,"vulnerability":19.6}},{"type":"Feature","geometry":{"type":"Polygon","coordinates":[[[2.37601,48.864696],[2.375734,48.866484],[2.373021,48.866298],[2.373297,48.86451],[2.37601,48.864696]]]},"properties":{"id":"CRS3035RES200mN2890200E3762400","population":1356.0,"households":723.0,"poverty_rate":0.14246196403872752,"senior_rate":0.13864306784660768,"single_parent_rate":0.08575380359612725,"social_housing_rate":0.07745504840940526,"imputed":false,"vulnerability":19.6}},{"type":"Feature","geometry":{"type":"Polygon","coordinates":[[[2.378723,48.864882],[2.378447,48.866669],[2.375734,48.866484],[2.37601,48.864696],[2.378723,48.864882]]]},"properties":{"id":"CRS3035RES200mN2890200E3762600","population":1709.5,"households":1072.0,"poverty_rate":0.2042910447761194,"senior_rate":0.14390172565077508,"single_parent_rate":0.05970149253731343,"social_housing_rate":0.12220149253731344,"imputed":false,"vulnerability":22.5}},{"type":"Feature","geometry":{"type":"Polygon","coordinates":[[[2.381437,48.865067],[2.381161,48.866855],[2.378447,48.866669],[2.378723,48.864882],[2.381437,48.865067]]]},"properties":{"id":"CRS3035RES200mN2890200E3762800","population":1263.5,"households":751.0,"poverty_rate":0.170439414114514,"senior_rate":0.1598733676296003,"single_parent_rate":0.043941411451398134,"social_housing_rate":0.0985352862849534,"imputed":false,"vulnerability":20.7}},{"type":"Feature","geometry":{"type":"Polygon","coordinates":[[[2.38415,48.865253],[2.383874,48.867041],[2.381161,48.866855],[2.381437,48.865067],[2.38415,48.865253]]]},"properties":{"id":"CRS3035RES200mN2890200E3763000","population":1461.5,"households":816.0,"poverty_rate":0.22181372549019607,"senior_rate":0.1826890181320561,"single_parent_rate":0.08088235294117647,"social_housing_rate":0.25,"imputed":false,"vulnerability":28.4}},{"type":"Feature","geometry":{"type":"Polygon","coordinates":[[[2.386863,48.865439],[2.386587,48.867227],[2.383874,48.867041],[2.38415,48.865253],[2.386863,48.865439]]]},"properties":{"id":"CRS3035RES200mN2890200E3763200","population":896.0,"households":537.0,"poverty_rate":0.1787709497206704,"senior_rate":0.14174107142857142,"single_parent_rate":0.0893854748603352,"social_housing_rate":0.148975791433892,"imputed":false,"vulnerability":22.8}},{"type":"Feature","geometry":{"type":"Polygon","coordinates":[[[2.389576,48.865624],[2.389301,48.867412],[2.386587,48.867227],[2.386863,48.865439],[2.389576,48.865624]]]},"properties":{"id":"CRS3035RES200mN2890200E3763400","population":1811.5,"households":770.0,"poverty_rate":0.3181818181818182,"senior_rate":0.19431410433342533,"single_parent_rate":0.16883116883116883,"social_housing_rate":0.9844155844155844,"imputed":false,"vulnerability":48.7}},{"type":"Feature","geometry":{"type":"Polygon","coordinates":[[[2.39229,48.86581],[2.392014,48.867598],[2.389301,48.867412],[2.389576,48.865624],[2.39229,48.86581]]]},"properties":{"id":"CRS3035RES200mN2890200E3763600","population":1704.0,"households":759.0,"poverty_rate":0.2463768115942029,"senior_rate":0.18427230046948356,"single_parent_rate":0.13438735177865613,"social_housing_rate":0.6561264822134387,"imputed":false,"vulnerability":38.1}},{"type":"Feature","geometry":{"type":"Polygon","coordinates":[[[2.395003,48.865995],[2.394728,48.867783],[2.392014,48.867598],[2.39229,48.86581],[2.395003,48.865995]]]},"properties":{"id":"CRS3035RES200mN2890200E3763800","population":1929.0,"households":1202.0,"poverty_rate":0.22296173044925124,"senior_rate":0.19232763089683774,"single_parent_rate":0.10149750415973377,"social_housing_rate":0.3211314475873544,"imputed":false,"vulnerability":30.9}},{"type":"Feature","geometry":{"type":"Polygon","coordinates":[[[2.397716,48.866181],[2.397441,48.867969],[2.394728,48.867783],[2.395003,48.865995],[2.397716,48.866181]]]},"properties":{"id":"CRS3035RES200mN2890200E3764000","population":1781.5,"households":1059.0,"poverty_rate":0.10764872521246459,"senior_rate":0.17288801571709234,"single_parent_rate":0.053824362606232294,"social_housing_rate":0.056657223796033995,"imputed":false,"vulnerability":18.1}},{"type":"Feature","geometry":{"type":"Polygon","coordinates":[[[2.40043,48.866366],[2.400155,48.868154],[2.397441,48.867969],[2.397716,48.866181],[2.40043,48.866366]]]},"properties":{"id":"CRS3035RES200mN2890200E3764200","population":1725.5,"households":1042.0,"poverty_rate":0.11420345489443379,"senior_rate":0.19066937119675456,"single_parent_rate":0.0671785028790787,"social_housing_rate":0.013435700575815739,"imputed":false,"vulnerability":19.3}},{"type":"Feature","geometry":{"type":"Polygon","coordinates":[[[2.403143,48.866552],[2.402868,48.86834],[2.400155,48.868154],[2.40043,48.866366],[2.403143,48.866552]]]},"properties":{"id":"CRS3035RES200mN2890200E3764400","population":722.0,"households":431.0,"poverty_rate":0.11832946635730858,"senior_rate":0.15512465373961218,"single_parent_rate":0.07888631090487239,"social_housing_rate":0.07424593967517401,"imputed":false,"vulnerability":19.0}},{"type":"Feature","geometry":{"type":"Polygon","coordinates":[[[2.405857,48.866737],[2.405582,48.868525],[2.402868,48.86834],[2.403143,48.866552],[2.405857,48.866737]]]},"properties":{"id":"CRS3035RES200mN2890200E3764600","population":1320.0,"households":771.0,"poverty_rate":0.13618677042801555,"senior_rate":0.16515151515151516,"single_parent_rate":0.07003891050583658,"social_housing_rate":0.12062256809338522,"imputed":false,"vulnerability":20.7}},{"type":"Feature","geometry":{"type":"Polygon","coordinates":[[[2.40857,48.866922],[2.408295,48.86871],[2.405582,48.868525],[2.405857,48.866737],[2.40857,48.866922]]]},"properties":{"id":"CRS3035RES200mN2890200E3764800","population":1353.0,"households":751.0,"poverty_rate":0.10119840213049268,"senior_rate":0.19142645971914266,"single_parent_rate":0.06657789613848203,"social_housing_rate":0.047936085219707054,"imputed":false,"vulnerability":19.2}},{"type":"Feature","geometry":{"type":"Polygon","coordinates":[[[2.411283,48.867107],[2.411009,48.868895],[2.408295,48.86871],[2.40857,48.866922],[2.411283,48.867107]]]},"properties":{"id":"CRS3035RES200mN2890200E3765000","population":2077.0,"households":843.0,"poverty_rate":0.29655990510083036,"senior_rate":0.19306692344727974,"single_parent_rate":0.1933570581257414,"social_housing_rate":0.9525504151838672,"imputed":false,"vulnerability":48.1}},{"type":"Feature","geometry":{"type":"Polygon","coordinates":[[[2.413997,48.867292],[2.413722,48.86908],[2.411009,48.868895],[2.411283,48.867107],[2.413997,48.867292]]]},"properties":{"id":"CRS3035RES200mN2890200E3765200","population":9.5,"households":3.8,"poverty_rate":0.15789473684210525,"senior_rate":0.16842105263157894,"single_parent_rate":0.026315789473684213,"social_housing_rate":0.0,"imputed":true,"vulnerability":18.3}},{"type":"Feature","geometry":{"type":"Polygon","coordinates":[[[2.41671,48.867477],[2.416436,48.869265],[2.413722,48.86908],[2.413997,48.867292],[2.41671,48.867477]]]},"properties":{"id":"CRS3035RES200mN2890200E3765400","population":413.0,"households":192.0,"poverty_rate":0.2552083333333333,"senior_rate":0.06295399515738499,"single_parent_rate":0.08854166666666667,"social_housing_rate":0.203125,"imputed":false,"vulnerability":23.1}},{"type":"Feature","geometry":{"type":"Polygon","coordinates":[[[2.267216,48.858994],[2.266936,48.860781],[2.264224,48.860593],[2.264504,48.858805],[2.267216,48.858994]]]},"properties":{"id":"CRS3035RES200mN2890400E3754400","population":371.5,"households":154.0,"poverty_rate":0.15584415584415584,"senior_rate":0.24764468371467024,"single_parent_rate":0.06493506493506493,"social_housing_rate":0.0,"imputed":false,"vulnerability":24.2}},{"type":"Feature","geometry":{"type":"Polygon","coordinates":[[[2.269929,48.859182],[2.269649,48.86097],[2.266936,48.860781],[2.267216,48.858994],[2.269929,48.859182]]]},"properties":{"id":"CRS3035RES200mN2890400E3754600","population":336.0,"households":173.0,"poverty_rate":0.16184971098265896,"senior_rate":0.2976190476190476,"single_parent_rate":0.08670520231213873,"social_housing_rate":0.0,"imputed":false,"vulnerability":28.2}},{"type":"Feature","geometry":{"type":"Polygon","coordinates":[[[2.272641,48.859371],[2.272362,48.861158],[2.269649,48.86097],[2.269929,48.859182],[2.272641,48.859371]]]},"properties":{"id":"CRS3035RES200mN2890400E3754800","population":388.5,"households":180.0,"poverty_rate":0.12777777777777777,"senior_rate":0.296010296010296,"single_parent_rate":0.07777777777777778,"social_housing_rate":0.0,"imputed":false,"vulnerability":26.0}},{"type":"Feature","geometry":{"type":"Polygon","coordinates":[[[2.275354,48.859559],[2.275074,48.861347],[2.272362,48.861158],[2.272641,48.859371],[2.275354,48.859559]]]},"properties":{"id":"CRS3035RES200mN2890400E3755000","population":852.0,"households":416.0,"poverty_rate":0.11538461538461539,"senior_rate":0.27230046948356806,"single_parent_rate":0.06971153846153846,"social_housing_rate":0.0,"imputed":false,"vulnerability":23.8}},{"type":"Feature","geometry":{"type":"Polygon","coordinates":[[[2.278067,48.859748],[2.277787,48.861535],[2.275074,48.861347],[2.275354,48.859559],[2.278067,48.859748]]]},"properties":{"id":"CRS3035RES200mN2890400E3755200","population":1272.0,"households":605.0,"poverty_rate":0.16859504132231404,"senior_rate":0.20440251572327045,"single_parent_rate":0.11074380165289256,"social_housing_rate":0.03801652892561983,"imputed":false,"vulnerability":25.0}},{"type":"Feature","geometry":{"type":"Polygon","coordinates":[[[2.280779,48.859936],[2.2805,48.861723],[2.277787,48.861535],[2.278067,48.859748],[2.280779,48.859936]]]},"properties":{"id":"CRS3035RES200mN2890400E3755400","population":1305.5,"households":572.0,"poverty_rate":0.1258741258741259,"senior_rate":0.21907315204902336,"single_parent_rate":0.07342657342657342,"social_housing_rate":0.0,"imputed":false,"vulnerability":21.5}},{"type":"Feature","geometry":{"type":"Polygon","coordinates":[[[2.283492,48.860124],[2.283213,48.861912],[2.2805,48.861723],[2.280779,48.859936],[2.283492,48.860124]]]},"properties":{"id":"CRS3035RES200mN2890400E3755600","population":1201.0,"households":573.0,"poverty_rate":0.15357766143106458,"senior_rate":0.2456286427976686,"single_parent_rate":0.07853403141361257,"social_housing_rate":0.0,"imputed":false,"vulnerability":24.6}},{"type":"Feature","geometry":{"type":"Polygon","coordinates":[[[2.286205,48.860312],[2.285926,48.8621],[2.283213,48.861912],[2.283492,48.860124],[2.286205,48.860312]]]},"properties":{"id":"CRS3035RES200mN2890400E3755800","population":1358.0,"households":690.0,"poverty_rate":0.15942028985507245,"senior_rate":0.2349042709867452,"single_parent_rate":0.07971014492753623,"social_housing_rate":0.05217391304347826,"imputed":false,"vulnerability":25.1}},{"type":"Feature","geometry":{"type":"Polygon","coordinates":[[[2.288917,48.8605],[2.288638,48.862288],[2.285926,48.8621],[2.286205,48.860312],[2.288917,48.8605]]]},"properties":{"id":"CRS3035RES200mN2890400E3756000","population":46.5,"households":24.0,"poverty_rate":0.20833333333333334,"senior_rate":0.17204301075268819,"single_parent_rate":0.08333333333333333,"social_housing_rate":0.0,"imputed":false,"vulnerability":23.5}},{"type":"Feature","geometry":{"type":"Polygon","coordinates":[[[2.294343,48.860876],[2.294064,48.862664],[2.291351,48.862476],[2.29163,48.860688],[2.294343,48.860876]]]},"properties":{"id":"CRS3035RES200mN2890400E3756400","population":34.0,"households":19.0,"poverty_rate":0.10526315789473684,"senior_rate":0.5294117647058824,"single_parent_rate":0.10526315789473684,"social_housing_rate":0.0,"imputed":false,"vulnerability":38.9}},{"type":"Feature","geometry":{"type":"Polygon","coordinates":[[[2.302481,48.86144],[2.302203,48.863227],[2.29949,48.86304],[2.299768,48.861252],[2.302481,48.86144]]]},"properties":{"id":"CRS3035RES200mN2890400E3757000","population":139.0,"households":50.0,"poverty_rate":0.02,"senior_rate":0.0,"single_parent_rate":0.12,"social_housing_rate":0.0,"imputed":false,"vulnerability":6.2}},{"type":"Feature","geometry":{"type":"Polygon","coordinates":[[[2.305194,48.861627],[2.304916,48.863415],[2.302203,48.863227],[2.302481,48.86144],[2.305194,48.861627]]]},"properties":{"id":"CRS3035RES200mN2890400E3757200","population":291.5,"households":132.0,"poverty_rate":0.18181818181818182,"senior_rate":0.2504288164665523,"single_parent_rate":0.06060606060606061,"social_housing_rate":0.0,"imputed":false,"vulnerability":25.5}},{"type":"Feature","geometry":{"type":"Polygon","coordinates":[[[2.307907,48.861815],[2.307629,48.863603],[2.304916,48.863415],[2.305194,48.861627],[2.307907,48.861815]]]},"properties":{"id":"CRS3035RES200mN2890400E3757400","population":220.5,"households":105.0,"poverty_rate":0.12380952380952381,"senior_rate":0.24489795918367346,"single_parent_rate":0.06666666666666667,"social_housing_rate":0.0,"imputed":false,"vulnerability":22.5}},{"type":"Feature","geometry":{"type":"Polygon","coordinates":[[[2.31062,48.862002],[2.310341,48.86379],[2.307629,48.863603],[2.307907,48.861815],[2.31062,48.862002]]]},"properties":{"id":"CRS3035RES200mN2890400E3757600","population":56.0,"households":29.0,"poverty_rate":0.034482758620689655,"senior_rate":0.26785714285714285,"single_parent_rate":0.06896551724137931,"social_housing_rate":0.0,"imputed":false,"vulnerability":19.4}},{"type":"Feature","geometry":{"type":"Polygon","coordinates":[[[2.313333,48.86219],[2.313054,48.863978],[2.310341,48.86379],[2.31062,48.862002],[2.313333,48.86219]]]},"properties":{"id":"CRS3035RES200mN2890400E3757800","population":19.0,"households":7.8,"poverty_rate":0.05128205128205129,"senior_rate":0.15263157894736842,"single_parent_rate":0.05128205128205129,"social_housing_rate":0.0,"imputed":true,"vulnerability":13.2}},{"type":"Feature","geometry":{"type":"Polygon","coordinates":[[[2.32961,48.863313],[2.329333,48.865101],[2.32662,48.864914],[2.326897,48.863126],[2.32961,48.863313]]]},"properties":{"id":"CRS3035RES200mN2890400E3759000","population":19.0,"households":10.2,"poverty_rate":0.0,"senior_rate":0.11578947368421054,"single_parent_rate":0.14705882352941177,"social_housing_rate":0.0,"imputed":true,"vulnerability":12.7}},{"type":"Feature","geometry":{"type":"Polygon","coordinates":[[[2.332323,48.8635],[2.332046,48.865288],[2.329333,48.865101],[2.32961,48.863313],[2.332323,48.8635]]]},"properties":{"id":"CRS3035RES200mN2890400E3759200","population":469.5,"households":294.0,"poverty_rate":0.14965986394557823,"senior_rate":0.26198083067092653,"single_parent_rate":0.07482993197278912,"social_housing_rate":0.0,"imputed":false,"vulnerability":25.1}},{"type":"Feature","geometry":{"type":"Polygon","coordinates":[[[2.335036,48.863687],[2.334759,48.865475],[2.332046,48.865288],[2.332323,48.8635],[2.335036,48.863687]]]},"properties":{"id":"CRS3035RES200mN2890400E3759400","population":446.0,"households":277.0,"poverty_rate":0.1624548736462094,"senior_rate":0.2062780269058296,"single_parent_rate":0.07220216606498195,"social_housing_rate":0.0,"imputed":false,"vulnerability":22.6}},{"type":"Feature","geometry":{"type":"Polygon","coordinates":[[[2.337749,48.863874],[2.337472,48.865662],[2.334759,48.865475],[2.335036,48.863687],[2.337749,48.863874]]]},"properties":{"id":"CRS3035RES200mN2890400E3759600","population":624.5,"households":348.0,"poverty_rate":0.15804597701149425,"senior_rate":0.22257806244995998,"single_parent_rate":0.07471264367816093,"social_housing_rate":0.1235632183908046,"imputed":false,"vulnerability":25.2}},{"type":"Feature","geometry":{"type":"Polygon","coordinates":[[[2.340462,48.864061],[2.340185,48.865849],[2.337472,48.865662],[2.337749,48.863874],[2.340462,48.864061]]]},"properties":{"id":"CRS3035RES200mN2890400E3759800","population":138.0,"households":67.0,"poverty_rate":0.07462686567164178,"senior_rate":0.2608695652173913,"single_parent_rate":0.08955223880597014,"social_housing_rate":0.0,"imputed":false,"vulnerability":22.0}},{"type":"Feature","geometry":{"type":"Polygon","coordinates":[[[2.343176,48.864248],[2.342898,48.866036],[2.340185,48.865849],[2.340462,48.864061],[2.343176,48.864248]]]},"properties":{"id":"CRS3035RES200mN2890400E3760000","population":623.0,"households":343.0,"poverty_rate":0.1457725947521866,"senior_rate":0.16693418940609953,"single_parent_rate":0.061224489795918366,"social_housing_rate":0.0,"imputed":false,"vulnerability":19.1}},{"type":"Feature","geometry":{"type":"Polygon","coordinates":[[[2.345889,48.864434],[2.345612,48.866222],[2.342898,48.866036],[2.343176,48.864248],[2.345889,48.864434]]]},"properties":{"id":"CRS3035RES200mN2890400E3760200","population":796.0,"households":450.0,"poverty_rate":0.15555555555555556,"senior_rate":0.15577889447236182,"single_parent_rate":0.07555555555555556,"social_housing_rate":0.057777777777777775,"imputed":false,"vulnerability":20.5}},{"type":"Feature","geometry":{"type":"Polygon","coordinates":[[[2.348602,48.864621],[2.348325,48.866409],[2.345612,48.866222],[2.345889,48.864434],[2.348602,48.864621]]]},"properties":{"id":"CRS3035RES200mN2890400E3760400","population":1836.5,"households":1157.0,"poverty_rate":0.14606741573033707,"senior_rate":0.1606316362646338,"single_parent_rate":0.07433016421780467,"social_housing_rate":0.02247191011235955,"imputed":false,"vulnerability":19.7}},{"type":"Feature","geometry":{"type":"Polygon","coordinates":[[[2.351315,48.864808],[2.351038,48.866595],[2.348325,48.866409],[2.348602,48.864621],[2.351315,48.864808]]]},"properties":{"id":"CRS3035RES200mN2890400E3760600","population":1625.5,"households":988.0,"poverty_rate":0.19230769230769232,"senior_rate":0.15872039372500768,"single_parent_rate":0.06174089068825911,"social_housing_rate":0.07995951417004049,"imputed":false,"vulnerability":22.2}},{"type":"Feature","geometry":{"type":"Polygon","coordinates":[[[2.354028,48.864994],[2.353751,48.866782],[2.351038,48.866595],[2.351315,48.864808],[2.354028,48.864994]]]},"properties":{"id":"CRS3035RES200mN2890400E3760800","population":868.0,"households":443.0,"poverty_rate":0.12189616252821671,"senior_rate":0.11866359447004608,"single_parent_rate":0.0835214446952596,"social_housing_rate":0.11286681715575621,"imputed":false,"vulnerability":17.9}},{"type":"Feature","geometry":{"type":"Polygon","coordinates":[[[2.356741,48.86518],[2.356465,48.866968],[2.353751,48.866782],[2.354028,48.864994],[2.356741,48.86518]]]},"properties":{"id":"CRS3035RES200mN2890400E3761000","population":302.5,"households":137.0,"poverty_rate":0.072992700729927,"senior_rate":0.15537190082644628,"single_parent_rate":0.10218978102189781,"social_housing_rate":0.41605839416058393,"imputed":false,"vulnerability":22.9}},{"type":"Feature","geometry":{"type":"Polygon","coordinates":[[[2.359454,48.865367],[2.359178,48.867155],[2.356465,48.866968],[2.356741,48.86518],[2.359454,48.865367]]]},"properties":{"id":"CRS3035RES200mN2890400E3761200","population":1115.5,"households":627.0,"poverty_rate":0.13237639553429026,"senior_rate":0.11116091438816675,"single_parent_rate":0.07655502392344497,"social_housing_rate":0.02073365231259968,"imputed":false,"vulnerability":16.4}},{"type":"Feature","geometry":{"type":"Polygon","coordinates":[[[2.362168,48.865553],[2.361891,48.867341],[2.359178,48.867155],[2.359454,48.865367],[2.362168,48.865553]]]},"properties":{"id":"CRS3035RES200mN2890400E3761400","population":1268.5,"households":696.0,"poverty_rate":0.15517241379310345,"senior_rate":0.15372487189594009,"single_parent_rate":0.07327586206896551,"social_housing_rate":0.020114942528735632,"imputed":false,"vulnerability":19.7}},{"type":"Feature","geometry":{"type":"Polygon","coordinates":[[[2.364881,48.865739],[2.364605,48.867527],[2.361891,48.867341],[2.362168,48.865553],[2.364881,48.865739]]]},"properties":{"id":"CRS3035RES200mN2890400E3761600","population":1050.0,"households":548.0,"poverty_rate":0.145985401459854,"senior_rate":0.1295238095238095,"single_parent_rate":0.08576642335766424,"social_housing_rate":0.16970802919708028,"imputed":false,"vulnerability":20.7}},{"type":"Feature","geometry":{"type":"Polygon","coordinates":[[[2.367594,48.865926],[2.367318,48.867713],[2.364605,48.867527],[2.364881,48.865739],[2.367594,48.865926]]]},"properties":{"id":"CRS3035RES200mN2890400E3761800","population":929.5,"households":471.0,"poverty_rate":0.11252653927813164,"senior_rate":0.16030123722431414,"single_parent_rate":0.07855626326963906,"social_housing_rate":0.006369426751592357,"imputed":false,"vulnerability":17.9}},{"type":"Feature","geometry":{"type":"Polygon","coordinates":[[[2.370307,48.866112],[2.370031,48.8679],[2.367318,48.867713],[2.367594,48.865926],[2.370307,48.866112]]]},"properties":{"id":"CRS3035RES200mN2890400E3762000","population":1118.0,"households":669.0,"poverty_rate":0.13901345291479822,"senior_rate":0.16547406082289803,"single_parent_rate":0.05680119581464873,"social_housing_rate":0.06576980568011959,"imputed":false,"vulnerability":19.5}},{"type":"Feature","geometry":{"type":"Polygon","coordinates":[[[2.373021,48.866298],[2.372745,48.868086],[2.370031,48.8679],[2.370307,48.866112],[2.373021,48.866298]]]},"properties":{"id":"CRS3035RES200mN2890400E3762200","population":1361.5,"households":749.0,"poverty_rate":0.11081441922563418,"senior_rate":0.14175541681968418,"single_parent_rate":0.08811748998664887,"social_housing_rate":0.16955941255006676,"imputed":false,"vulnerability":19.7}},{"type":"Feature","geometry":{"type":"Polygon","coordinates":[[[2.375734,48.866484],[2.375458,48.868272],[2.372745,48.868086],[2.373021,48.866298],[2.375734,48.866484]]]},"properties":{"id":"CRS3035RES200mN2890400E3762400","population":1801.5,"households":1103.0,"poverty_rate":0.19673617407071622,"senior_rate":0.13211212878157091,"single_parent_rate":0.07524932003626474,"social_housing_rate":0.03626473254759746,"imputed":false,"vulnerability":20.9}},{"type":"Feature","geometry":{"type":"Polygon","coordinates":[[[2.378447,48.866669],[2.378171,48.868457],[2.375458,48.868272],[2.375734,48.866484],[2.378447,48.866669]]]},"properties":{"id":"CRS3035RES200mN2890400E3762600","population":1876.0,"households":1180.0,"poverty_rate":0.17288135593220338,"senior_rate":0.12846481876332622,"single_parent_rate":0.059322033898305086,"social_housing_rate":0.07966101694915254,"imputed":false,"vulnerability":19.5}},{"type":"Feature","geometry":{"type":"Polygon","coordinates":[[[2.381161,48.866855],[2.380885,48.868643],[2.378171,48.868457],[2.378447,48.866669],[2.381161,48.866855]]]},"properties":{"id":"CRS3035RES200mN2890400E3762800","population":2276.5,"households":1225.0,"poverty_rate":0.2220408163265306,"senior_rate":0.20294311443004612,"single_parent_rate":0.09795918367346938,"social_housing_rate":0.40816326530612246,"imputed":false,"vulnerability":32.6}},{"type":"Feature","geometry":{"type":"Polygon","coordinates":[[[2.383874,48.867041],[2.383598,48.868829],[2.380885,48.868643],[2.381161,48.866855],[2.383874,48.867041]]]},"properties":{"id":"CRS3035RES200mN2890400E3763000","population":1668.0,"households":881.0,"poverty_rate":0.170261066969353,"senior_rate":0.17146282973621102,"single_parent_rate":0.0771850170261067,"social_housing_rate":0.08853575482406356,"imputed":false,"vulnerability":22.6}},{"type":"Feature","geometry":{"type":"Polygon","coordinates":[[[2.386587,48.867227],[2.386312,48.869015],[2.383598,48.868829],[2.383874,48.867041],[2.386587,48.867227]]]},"properties":{"id":"CRS3035RES200mN2890400E3763200","population":1676.5,"households":908.0,"poverty_rate":0.1486784140969163,"senior_rate":0.13480465254995527,"single_parent_rate":0.07488986784140969,"social_housing_rate":0.1696035242290749,"imputed":false,"vulnerability":20.6}},{"type":"Feature","geometry":{"type":"Polygon","coordinates":[[[2.389301,48.867412],[2.389025,48.8692],[2.386312,48.869015],[2.386587,48.867227],[2.389301,48.867412]]]},"properties":{"id":"CRS3035RES200mN2890400E3763400","population":927.5,"households":531.0,"poverty_rate":0.1657250470809793,"senior_rate":0.1778975741239892,"single_parent_rate":0.08286252354048965,"social_housing_rate":0.2128060263653484,"imputed":false,"vulnerability":24.8}},{"type":"Feature","geometry":{"type":"Polygon","coordinates":[[[2.392014,48.867598],[2.391739,48.869386],[2.389025,48.8692],[2.389301,48.867412],[2.392014,48.867598]]]},"properties":{"id":"CRS3035RES200mN2890400E3763600","population":1708.0,"households":882.0,"poverty_rate":0.18140589569160998,"senior_rate":0.13056206088992975,"single_parent_rate":0.09750566893424037,"social_housing_rate":0.3299319727891156,"imputed":false,"vulnerability":25.4}},{"type":"Feature","geometry":{"type":"Polygon","coordinates":[[[2.394728,48.867783],[2.394452,48.869571],[2.391739,48.869386],[2.392014,48.867598],[2.394728,48.867783]]]},"properties":{"id":"CRS3035RES200mN2890400E3763800","population":1469.5,"households":649.0,"poverty_rate":0.21263482280431434,"senior_rate":0.11500510377679483,"single_parent_rate":0.1140215716486903,"social_housing_rate":0.4252696456086287,"imputed":false,"vulnerability":28.3}},{"type":"Feature","geometry":{"type":"Polygon","coordinates":[[[2.397441,48.867969],[2.397166,48.869757],[2.394452,48.869571],[2.394728,48.867783],[2.397441,48.867969]]]},"properties":{"id":"CRS3035RES200mN2890400E3764000","population":1411.5,"households":826.0,"poverty_rate":0.11016949152542373,"senior_rate":0.171448813319164,"single_parent_rate":0.07506053268765134,"social_housing_rate":0.09322033898305085,"imputed":false,"vulnerability":19.6}},{"type":"Feature","geometry":{"type":"Polygon","coordinates":[[[2.400155,48.868154],[2.39988,48.869942],[2.397166,48.869757],[2.397441,48.867969],[2.400155,48.868154]]]},"properties":{"id":"CRS3035RES200mN2890400E3764200","population":2339.0,"households":1197.0,"poverty_rate":0.13450292397660818,"senior_rate":0.1923899102180419,"single_parent_rate":0.1035923141186299,"social_housing_rate":0.21804511278195488,"imputed":false,"vulnerability":25.1}},{"type":"Feature","geometry":{"type":"Polygon","coordinates":[[[2.402868,48.86834],[2.402593,48.870128],[2.39988,48.869942],[2.400155,48.868154],[2.402868,48.86834]]]},"properties":{"id":"CRS3035RES200mN2890400E3764400","population":1922.5,"households":1091.0,"poverty_rate":0.1310724106324473,"senior_rate":0.17321196358907673,"single_parent_rate":0.08524289642529789,"social_housing_rate":0.06507791017415215,"imputed":false,"vulnerability":20.7}},{"type":"Feature","geometry":{"type":"Polygon","coordinates":[[[2.405582,48.868525],[2.405307,48.870313],[2.402593,48.870128],[2.402868,48.86834],[2.405582,48.868525]]]},"properties":{"id":"CRS3035RES200mN2890400E3764600","population":1695.0,"households":858.0,"poverty_rate":0.12121212121212122,"senior_rate":0.17404129793510326,"single_parent_rate":0.09090909090909091,"social_housing_rate":0.04895104895104895,"imputed":false,"vulnerability":20.3}},{"type":"Feature","geometry":{"type":"Polygon","coordinates":[[[2.408295,48.86871],[2.40802,48.870498],[2.405307,48.870313],[2.405582,48.868525],[2.408295,48.86871]]]},"properties":{"id":"CRS3035RES200mN2890400E3764800","population":1261.5,"households":697.0,"poverty_rate":0.10616929698708752,"senior_rate":0.19342053111375346,"single_parent_rate":0.06743185078909612,"social_housing_rate":0.08034433285509325,"imputed":false,"vulnerability":20.1}},{"type":"Feature","geometry":{"type":"Polygon","coordinates":[[[2.411009,48.868895],[2.410734,48.870683],[2.40802,48.870498],[2.408295,48.86871],[2.411009,48.868895]]]},"properties":{"id":"CRS3035RES200mN2890400E3765000","population":1925.0,"households":784.0,"poverty_rate":0.2767857142857143,"senior_rate":0.18545454545454546,"single_parent_rate":0.21556122448979592,"social_housing_rate":0.9936224489795918,"imputed":false,"vulnerability":48.3}},{"type":"Feature","geometry":{"type":"Polygon","coordinates":[[[2.416436,48.869265],[2.416161,48.871053],[2.413448,48.870868],[2.413722,48.86908],[2.416436,48.869265]]]},"properties":{"id":"CRS3035RES200mN2890400E3765400","population":703.5,"households":273.0,"poverty_rate":0.2600732600732601,"senior_rate":0.17768301350390903,"single_parent_rate":0.15018315018315018,"social_housing_rate":0.6410256410256411,"imputed":false,"vulnerability":38.9}},{"type":"Feature","geometry":{"type":"Polygon","coordinates":[[[2.234386,48.858514],[2.234105,48.860301],[2.231392,48.860112],[2.231673,48.858325],[2.234386,48.858514]]]},"properties":{"id":"CRS3035RES200mN2890600E3752000","population":5.0,"households":2.5,"poverty_rate":0.0,"senior_rate":0.0,"single_parent_rate":0.04,"social_housing_rate":0.0,"imputed":true,"vulnerability":1.7}},{"type":"Feature","geometry":{"type":"Polygon","coordinates":[[[2.256086,48.860027],[2.255806,48.861814],[2.253093,48.861625],[2.253373,48.859838],[2.256086,48.860027]]]},"properties":{"id":"CRS3035RES200mN2890600E3753600","population":4.0,"households":2.0,"poverty_rate":0.0,"senior_rate":0.0,"single_parent_rate":0.05,"social_housing_rate":0.0,"imputed":true,"vulnerability":2.2}},{"type":"Feature","geometry":{"type":"Polygon","coordinates":[[[2.266936,48.860781],[2.266657,48.862569],[2.263944,48.86238],[2.264224,48.860593],[2.266936,48.860781]]]},"properties":{"id":"CRS3035RES200mN2890600E3754400","population":26.0,"households":11.0,"poverty_rate":0.09090909090909091,"senior_rate":0.11538461538461539,"single_parent_rate":0.18181818181818182,"social_housing_rate":0.0,"imputed":false,"vulnerability":18.8}},{"type":"Feature","geometry":{"type":"Polygon","coordinates":[[[2.269649,48.86097],[2.269369,48.862758],[2.266657,48.862569],[2.266936,48.860781],[2.269649,48.86097]]]},"properties":{"id":"CRS3035RES200mN2890600E3754600","population":112.0,"households":56.0,"poverty_rate":0.2857142857142857,"senior_rate":0.3125,"single_parent_rate":0.10714285714285714,"social_housing_rate":0.0,"imputed":false,"vulnerability":36.1}},{"type":"Feature","geometry":{"type":"Polygon","coordinates":[[[2.272362,48.861158],[2.272082,48.862946],[2.269369,48.862758],[2.269649,48.86097],[2.272362,48.861158]]]},"properties":{"id":"CRS3035RES200mN2890600E3754800","population":790.0,"households":304.0,"poverty_rate":0.18421052631578946,"senior_rate":0.19240506329113924,"single_parent_rate":0.049342105263157895,"social_housing_rate":0.0,"imputed":false,"vulnerability":21.9}},{"type":"Feature","geometry":{"type":"Polygon","coordinates":[[[2.275074,48.861347],[2.274795,48.863135],[2.272082,48.862946],[2.272362,48.861158],[2.275074,48.861347]]]},"properties":{"id":"CRS3035RES200mN2890600E3755000","population":1508.0,"households":638.0,"poverty_rate":0.1426332288401254,"senior_rate":0.20557029177718833,"single_parent_rate":0.09090909090909091,"social_housing_rate":0.0,"imputed":false,"vulnerability":22.4}},{"type":"Feature","geometry":{"type":"Polygon","coordinates":[[[2.277787,48.861535],[2.277508,48.863323],[2.274795,48.863135],[2.275074,48.861347],[2.277787,48.861535]]]},"properties":{"id":"CRS3035RES200mN2890600E3755200","population":1301.0,"households":605.0,"poverty_rate":0.15041322314049588,"senior_rate":0.18524212144504226,"single_parent_rate":0.10909090909090909,"social_housing_rate":0.06115702479338843,"imputed":false,"vulnerability":23.3}},{"type":"Feature","geometry":{"type":"Polygon","coordinates":[[[2.2805,48.861723],[2.280221,48.863511],[2.277508,48.863323],[2.277787,48.861535],[2.2805,48.861723]]]},"properties":{"id":"CRS3035RES200mN2890600E3755400","population":704.0,"households":318.0,"poverty_rate":0.12578616352201258,"senior_rate":0.24431818181818182,"single_parent_rate":0.09119496855345911,"social_housing_rate":0.0,"imputed":false,"vulnerability":23.7}},{"type":"Feature","geometry":{"type":"Polygon","coordinates":[[[2.283213,48.861912],[2.282933,48.863699],[2.280221,48.863511],[2.2805,48.861723],[2.283213,48.861912]]]},"properties":{"id":"CRS3035RES200mN2890600E3755600","population":988.0,"households":439.0,"poverty_rate":0.15261958997722094,"senior_rate":0.18421052631578946,"single_parent_rate":0.09111617312072894,"social_housing_rate":0.0,"imputed":false,"vulnerability":21.7}},{"type":"Feature","geometry":{"type":"Polygon","coordinates":[[[2.285926,48.8621],[2.285646,48.863888],[2.282933,48.863699],[2.283213,48.861912],[2.285926,48.8621]]]},"properties":{"id":"CRS3035RES200mN2890600E3755800","population":575.5,"households":311.0,"poverty_rate":0.17363344051446947,"senior_rate":0.2849695916594266,"single_parent_rate":0.0932475884244373,"social_housing_rate":0.09646302250803858,"imputed":false,"vulnerability":29.8}},{"type":"Feature","geometry":{"type":"Polygon","coordinates":[[[2.288638,48.862288],[2.288359,48.864076],[2.285646,48.863888],[2.285926,48.8621],[2.288638,48.862288]]]},"properties":{"id":"CRS3035RES200mN2890600E3756000","population":124.0,"households":62.0,"poverty_rate":0.11290322580645161,"senior_rate":0.22580645161290322,"single_parent_rate":0.14516129032258066,"social_housing_rate":0.0,"imputed":false,"vulnerability":24.3}},{"type":"Feature","geometry":{"type":"Polygon","coordinates":[[[2.291351,48.862476],[2.291072,48.864264],[2.288359,48.864076],[2.288638,48.862288],[2.291351,48.862476]]]},"properties":{"id":"CRS3035RES200mN2890600E3756200","population":188.0,"households":81.0,"poverty_rate":0.1728395061728395,"senior_rate":0.2074468085106383,"single_parent_rate":0.07407407407407407,"social_housing_rate":0.0,"imputed":false,"vulnerability":23.3}},{"type":"Feature","geometry":{"type":"Polygon","coordinates":[[[2.294064,48.862664],[2.293785,48.864452],[2.291072,48.864264],[2.291351,48.862476],[2.294064,48.862664]]]},"properties":{"id":"CRS3035RES200mN2890600E3756400","population":153.0,"households":86.0,"poverty_rate":0.12790697674418605,"senior_rate":0.24836601307189543,"single_parent_rate":0.03488372093023256,"social_housing_rate":0.0,"imputed":false,"vulnerability":21.6}},{"type":"Feature","geometry":{"type":"Polygon","coordinates":[[[2.296777,48.862852],[2.296498,48.864639],[2.293785,48.864452],[2.294064,48.862664],[2.296777,48.862852]]]},"properties":{"id":"CRS3035RES200mN2890600E3756600","population":268.5,"households":133.0,"poverty_rate":0.18796992481203006,"senior_rate":0.24208566108007448,"single_parent_rate":0.11278195488721804,"social_housing_rate":0.0,"imputed":false,"vulnerability":27.6}},{"type":"Feature","geometry":{"type":"Polygon","coordinates":[[[2.29949,48.86304],[2.299211,48.864827],[2.296498,48.864639],[2.296777,48.862852],[2.29949,48.86304]]]},"properties":{"id":"CRS3035RES200mN2890600E3756800","population":150.5,"households":72.0,"poverty_rate":0.16666666666666666,"senior_rate":0.25249169435215946,"single_parent_rate":0.06944444444444445,"social_housing_rate":0.0,"imputed":false,"vulnerability":25.2}},{"type":"Feature","geometry":{"type":"Polygon","coordinates":[[[2.302203,48.863227],[2.301924,48.865015],[2.299211,48.864827],[2.29949,48.86304],[2.302203,48.863227]]]},"properties":{"id":"CRS3035RES200mN2890600E3757000","population":162.0,"households":87.0,"poverty_rate":0.16091954022988506,"senior_rate":0.2839506172839506,"single_parent_rate":0.09195402298850575,"social_housing_rate":0.0,"imputed":false,"vulnerability":27.6}},{"type":"Feature","geometry":{"type":"Polygon","coordinates":[[[2.304916,48.863415],[2.304637,48.865203],[2.301924,48.865015],[2.302203,48.863227],[2.304916,48.863415]]]},"properties":{"id":"CRS3035RES200mN2890600E3757200","population":22.0,"households":11.0,"poverty_rate":0.18181818181818182,"senior_rate":0.4090909090909091,"single_parent_rate":0.09090909090909091,"social_housing_rate":0.0,"imputed":false,"vulnerability":35.5}},{"type":"Feature","geometry":{"type":"Polygon","coordinates":[[[2.307629,48.863603],[2.30735,48.86539],[2.304637,48.865203],[2.304916,48.863415],[2.307629,48.863603]]]},"properties":{"id":"CRS3035RES200mN2890600E3757400","population":27.0,"households":11.2,"poverty_rate":0.053571428571428575,"senior_rate":0.15555555555555556,"single_parent_rate":0.053571428571428575,"social_housing_rate":0.0,"imputed":true,"vulnerability":13.6}},{"type":"Feature","geometry":{"type":"Polygon","coordinates":[[[2.310341,48.86379],[2.310063,48.865578],[2.30735,48.86539],[2.307629,48.863603],[2.310341,48.86379]]]},"properties":{"id":"CRS3035RES200mN2890600E3757600","population":41.0,"households":28.0,"poverty_rate":0.32142857142857145,"senior_rate":0.21951219512195122,"single_parent_rate":0.17857142857142858,"social_housing_rate":0.03571428571428571,"imputed":false,"vulnerability":36.4}},{"type":"Feature","geometry":{"type":"Polygon","coordinates":[[[2.313054,48.863978],[2.312776,48.865765],[2.310063,48.865578],[2.310341,48.86379],[2.313054,48.863978]]]},"properties":{"id":"CRS3035RES200mN2890600E3757800","population":24.0,"households":11.0,"poverty_rate":0.18181818181818182,"senior_rate":0.16666666666666666,"single_parent_rate":0.2727272727272727,"social_housing_rate":0.0,"imputed":false,"vulnerability":30.0}},{"type":"Feature","geometry":{"type":"Polygon","coordinates":[[[2.32662,48.864914],[2.326342,48.866702],[2.323629,48.866515],[2.323907,48.864727],[2.32662,48.864914]]]},"properties":{"id":"CRS3035RES200mN2890600E3758800","population":105.0,"households":49.0,"poverty_rate":0.10204081632653061,"senior_rate":0.24761904761904763,"single_parent_rate":0.04081632653061224,"social_housing_rate":0.0,"imputed":false,"vulnerability":20.5}},{"type":"Feature","geometry":{"type":"Polygon","coordinates":[[[2.329333,48.865101],[2.329055,48.866889],[2.326342,48.866702],[2.32662,48.864914],[2.329333,48.865101]]]},"properties":{"id":"CRS3035RES200mN2890600E3759000","population":289.0,"households":132.0,"poverty_rate":0.11363636363636363,"senior_rate":0.17647058823529413,"single_parent_rate":0.12121212121212122,"social_housing_rate":0.0,"imputed":false,"vulnerability":20.6}},{"type":"Feature","geometry":{"type":"Polygon","coordinates":[[[2.332046,48.865288],[2.331768,48.867076],[2.329055,48.866889],[2.329333,48.865101],[2.332046,48.865288]]]},"properties":{"id":"CRS3035RES200mN2890600E3759200","population":672.0,"households":388.0,"poverty_rate":0.18814432989690721,"senior_rate":0.20684523809523808,"single_parent_rate":0.08247422680412371,"social_housing_rate":0.030927835051546393,"imputed":false,"vulnerability":24.8}},{"type":"Feature","geometry":{"type":"Polygon","coordinates":[[[2.334759,48.865475],[2.334481,48.867263],[2.331768,48.867076],[2.332046,48.865288],[2.334759,48.865475]]]},"properties":{"id":"CRS3035RES200mN2890600E3759400","population":476.5,"households":271.0,"poverty_rate":0.11439114391143912,"senior_rate":0.23714585519412382,"single_parent_rate":0.07011070110701106,"social_housing_rate":0.11070110701107011,"imputed":false,"vulnerability":23.5}},{"type":"Feature","geometry":{"type":"Polygon","coordinates":[[[2.337472,48.865662],[2.337195,48.86745],[2.334481,48.867263],[2.334759,48.865475],[2.337472,48.865662]]]},"properties":{"id":"CRS3035RES200mN2890600E3759600","population":1194.5,"households":637.0,"poverty_rate":0.12401883830455258,"senior_rate":0.17580577647551276,"single_parent_rate":0.06279434850863422,"social_housing_rate":0.07849293563579278,"imputed":false,"vulnerability":19.8}},{"type":"Feature","geometry":{"type":"Polygon","coordinates":[[[2.340185,48.865849],[2.339908,48.867637],[2.337195,48.86745],[2.337472,48.865662],[2.340185,48.865849]]]},"properties":{"id":"CRS3035RES200mN2890600E3759800","population":406.0,"households":242.0,"poverty_rate":0.1322314049586777,"senior_rate":0.22167487684729065,"single_parent_rate":0.08264462809917356,"social_housing_rate":0.05371900826446281,"imputed":false,"vulnerability":23.2}},{"type":"Feature","geometry":{"type":"Polygon","coordinates":[[[2.342898,48.866036],[2.342621,48.867823],[2.339908,48.867637],[2.340185,48.865849],[2.342898,48.866036]]]},"properties":{"id":"CRS3035RES200mN2890600E3760000","population":571.5,"households":278.0,"poverty_rate":0.11870503597122302,"senior_rate":0.14173228346456693,"single_parent_rate":0.10431654676258993,"social_housing_rate":0.1079136690647482,"imputed":false,"vulnerability":19.9}},{"type":"Feature","geometry":{"type":"Polygon","coordinates":[[[2.345612,48.866222],[2.345335,48.86801],[2.342621,48.867823],[2.342898,48.866036],[2.345612,48.866222]]]},"properties":{"id":"CRS3035RES200mN2890600E3760200","population":775.0,"households":436.0,"poverty_rate":0.10779816513761468,"senior_rate":0.1032258064516129,"single_parent_rate":0.07110091743119266,"social_housing_rate":0.027522935779816515,"imputed":false,"vulnerability":14.6}},{"type":"Feature","geometry":{"type":"Polygon","coordinates":[[[2.348325,48.866409],[2.348048,48.868197],[2.345335,48.86801],[2.345612,48.866222],[2.348325,48.866409]]]},"properties":{"id":"CRS3035RES200mN2890600E3760400","population":1463.5,"households":838.0,"poverty_rate":0.1730310262529833,"senior_rate":0.14622480355312606,"single_parent_rate":0.07517899761336516,"social_housing_rate":0.08233890214797136,"imputed":false,"vulnerability":21.2}},{"type":"Feature","geometry":{"type":"Polygon","coordinates":[[[2.351038,48.866595],[2.350761,48.868383],[2.348048,48.868197],[2.348325,48.866409],[2.351038,48.866595]]]},"properties":{"id":"CRS3035RES200mN2890600E3760600","population":619.0,"households":363.0,"poverty_rate":0.14049586776859505,"senior_rate":0.10823909531502424,"single_parent_rate":0.09090909090909091,"social_housing_rate":0.07713498622589532,"imputed":false,"vulnerability":18.1}},{"type":"Feature","geometry":{"type":"Polygon","coordinates":[[[2.353751,48.866782],[2.353475,48.86857],[2.350761,48.868383],[2.351038,48.866595],[2.353751,48.866782]]]},"properties":{"id":"CRS3035RES200mN2890600E3760800","population":1113.5,"households":642.0,"poverty_rate":0.17133956386292834,"senior_rate":0.13650651100134711,"single_parent_rate":0.07476635514018691,"social_housing_rate":0.006230529595015576,"imputed":false,"vulnerability":19.4}},{"type":"Feature","geometry":{"type":"Polygon","coordinates":[[[2.356465,48.866968],[2.356188,48.868756],[2.353475,48.86857],[2.353751,48.866782],[2.356465,48.866968]]]},"properties":{"id":"CRS3035RES200mN2890600E3761000","population":829.5,"households":490.0,"poverty_rate":0.1489795918367347,"senior_rate":0.10126582278481013,"single_parent_rate":0.07551020408163266,"social_housing_rate":0.0020408163265306124,"imputed":false,"vulnerability":16.3}},{"type":"Feature","geometry":{"type":"Polygon","coordinates":[[[2.359178,48.867155],[2.358901,48.868943],[2.356188,48.868756],[2.356465,48.866968],[2.359178,48.867155]]]},"properties":{"id":"CRS3035RES200mN2890600E3761200","population":1463.0,"households":844.0,"poverty_rate":0.15758293838862558,"senior_rate":0.15857826384142173,"single_parent_rate":0.04976303317535545,"social_housing_rate":0.12322274881516587,"imputed":false,"vulnerability":20.6}},{"type":"Feature","geometry":{"type":"Polygon","coordinates":[[[2.361891,48.867341],[2.361615,48.869129],[2.358901,48.868943],[2.359178,48.867155],[2.361891,48.867341]]]},"properties":{"id":"CRS3035RES200mN2890600E3761400","population":1142.0,"households":595.0,"poverty_rate":0.17478991596638654,"senior_rate":0.19352014010507881,"single_parent_rate":0.08571428571428572,"social_housing_rate":0.10084033613445378,"imputed":false,"vulnerability":24.6}},{"type":"Feature","geometry":{"type":"Polygon","coordinates":[[[2.364605,48.867527],[2.364328,48.869315],[2.361615,48.869129],[2.361891,48.867341],[2.364605,48.867527]]]},"properties":{"id":"CRS3035RES200mN2890600E3761600","population":819.5,"households":358.0,"poverty_rate":0.07541899441340782,"senior_rate":0.10006101281269067,"single_parent_rate":0.0670391061452514,"social_housing_rate":0.0,"imputed":false,"vulnerability":12.2}},{"type":"Feature","geometry":{"type":"Polygon","coordinates":[[[2.367318,48.867713],[2.367042,48.869501],[2.364328,48.869315],[2.364605,48.867527],[2.367318,48.867713]]]},"properties":{"id":"CRS3035RES200mN2890600E3761800","population":1151.5,"households":640.0,"poverty_rate":0.1453125,"senior_rate":0.14068606165870604,"single_parent_rate":0.0734375,"social_housing_rate":0.090625,"imputed":false,"vulnerability":19.5}},{"type":"Feature","geometry":{"type":"Polygon","coordinates":[[[2.370031,48.8679],[2.369755,48.869687],[2.367042,48.869501],[2.367318,48.867713],[2.370031,48.8679]]]},"properties":{"id":"CRS3035RES200mN2890600E3762000","population":1211.5,"households":726.0,"poverty_rate":0.14325068870523416,"senior_rate":0.15270326042096574,"single_parent_rate":0.06473829201101929,"social_housing_rate":0.0,"imputed":false,"vulnerability":18.4}},{"type":"Feature","geometry":{"type":"Polygon","coordinates":[[[2.372745,48.868086],[2.372469,48.869873],[2.369755,48.869687],[2.370031,48.8679],[2.372745,48.868086]]]},"properties":{"id":"CRS3035RES200mN2890600E3762200","population":1912.0,"households":1123.0,"poverty_rate":0.09973285841495994,"senior_rate":0.1344142259414226,"single_parent_rate":0.0730186999109528,"social_housing_rate":0.017809439002671415,"imputed":false,"vulnerability":15.8}},{"type":"Feature","geometry":{"type":"Polygon","coordinates":[[[2.375458,48.868272],[2.375182,48.870059],[2.372469,48.869873],[2.372745,48.868086],[2.375458,48.868272]]]},"properties":{"id":"CRS3035RES200mN2890600E3762400","population":1616.5,"households":971.0,"poverty_rate":0.17301750772399588,"senior_rate":0.1305289205072688,"single_parent_rate":0.07415036045314109,"social_housing_rate":0.010298661174047374,"imputed":false,"vulnerability":19.2}},{"type":"Feature","geometry":{"type":"Polygon","coordinates":[[[2.378171,48.868457],[2.377896,48.870245],[2.375182,48.870059],[2.375458,48.868272],[2.378171,48.868457]]]},"properties":{"id":"CRS3035RES200mN2890600E3762600","population":2070.0,"households":912.0,"poverty_rate":0.3366228070175439,"senior_rate":0.18647342995169083,"single_parent_rate":0.12171052631578948,"social_housing_rate":0.5745614035087719,"imputed":false,"vulnerability":41.0}},{"type":"Feature","geometry":{"type":"Polygon","coordinates":[[[2.380885,48.868643],[2.380609,48.870431],[2.377896,48.870245],[2.378171,48.868457],[2.380885,48.868643]]]},"properties":{"id":"CRS3035RES200mN2890600E3762800","population":1536.0,"households":839.0,"poverty_rate":0.23122765196662692,"senior_rate":0.1796875,"single_parent_rate":0.07747318235995232,"social_housing_rate":0.2550655542312277,"imputed":false,"vulnerability":28.6}},{"type":"Feature","geometry":{"type":"Polygon","coordinates":[[[2.383598,48.868829],[2.383323,48.870617],[2.380609,48.870431],[2.380885,48.868643],[2.383598,48.868829]]]},"properties":{"id":"CRS3035RES200mN2890600E3763000","population":2465.0,"households":1036.0,"poverty_rate":0.22586872586872586,"senior_rate":0.17606490872210953,"single_parent_rate":0.14671814671814673,"social_housing_rate":0.7963320463320464,"imputed":false,"vulnerability":39.3}},{"type":"Feature","geometry":{"type":"Polygon","coordinates":[[[2.386312,48.869015],[2.386036,48.870803],[2.383323,48.870617],[2.383598,48.868829],[2.386312,48.869015]]]},"properties":{"id":"CRS3035RES200mN2890600E3763200","population":1281.5,"households":546.0,"poverty_rate":0.13553113553113552,"senior_rate":0.17245415528677333,"single_parent_rate":0.10256410256410256,"social_housing_rate":0.027472527472527472,"imputed":false,"vulnerability":21.1}},{"type":"Feature","geometry":{"type":"Polygon","coordinates":[[[2.389025,48.8692],[2.38875,48.870988],[2.386036,48.870803],[2.386312,48.869015],[2.389025,48.8692]]]},"properties":{"id":"CRS3035RES200mN2890600E3763400","population":1782.5,"households":753.0,"poverty_rate":0.20451527224435592,"senior_rate":0.1935483870967742,"single_parent_rate":0.14209827357237717,"social_housing_rate":0.7463479415670651,"imputed":false,"vulnerability":38.2}},{"type":"Feature","geometry":{"type":"Polygon","coordinates":[[[2.391739,48.869386],[2.391463,48.871174],[2.38875,48.870988],[2.389025,48.8692],[2.391739,48.869386]]]},"properties":{"id":"CRS3035RES200mN2890600E3763600","population":1593.0,"households":733.0,"poverty_rate":0.1882673942701228,"senior_rate":0.13873195229127433,"single_parent_rate":0.13096862210095497,"social_housing_rate":0.4897680763983629,"imputed":false,"vulnerability":30.1}},{"type":"Feature","geometry":{"type":"Polygon","coordinates":[[[2.394452,48.869571],[2.394177,48.871359],[2.391463,48.871174],[2.391739,48.869386],[2.394452,48.869571]]]},"properties":{"id":"CRS3035RES200mN2890600E3763800","population":1046.0,"households":580.0,"poverty_rate":0.12586206896551724,"senior_rate":0.16730401529636713,"single_parent_rate":0.08275862068965517,"social_housing_rate":0.08620689655172414,"imputed":false,"vulnerability":20.4}},{"type":"Feature","geometry":{"type":"Polygon","coordinates":[[[2.397166,48.869757],[2.396891,48.871545],[2.394177,48.871359],[2.394452,48.869571],[2.397166,48.869757]]]},"properties":{"id":"CRS3035RES200mN2890600E3764000","population":1546.5,"households":831.0,"poverty_rate":0.15643802647412755,"senior_rate":0.15066278693824767,"single_parent_rate":0.10348977135980746,"social_housing_rate":0.3574007220216607,"imputed":false,"vulnerability":25.9}},{"type":"Feature","geometry":{"type":"Polygon","coordinates":[[[2.39988,48.869942],[2.399604,48.87173],[2.396891,48.871545],[2.397166,48.869757],[2.39988,48.869942]]]},"properties":{"id":"CRS3035RES200mN2890600E3764200","population":1611.5,"households":776.0,"poverty_rate":0.17654639175257733,"senior_rate":0.2358051504809184,"single_parent_rate":0.10438144329896908,"social_housing_rate":0.297680412371134,"imputed":false,"vulnerability":30.8}},{"type":"Feature","geometry":{"type":"Polygon","coordinates":[[[2.402593,48.870128],[2.402318,48.871916],[2.399604,48.87173],[2.39988,48.869942],[2.402593,48.870128]]]},"properties":{"id":"CRS3035RES200mN2890600E3764400","population":2722.5,"households":1210.0,"poverty_rate":0.19421487603305784,"senior_rate":0.19210284664830118,"single_parent_rate":0.1652892561983471,"social_housing_rate":0.7090909090909091,"imputed":false,"vulnerability":38.1}},{"type":"Feature","geometry":{"type":"Polygon","coordinates":[[[2.405307,48.870313],[2.405032,48.872101],[2.402318,48.871916],[2.402593,48.870128],[2.405307,48.870313]]]},"properties":{"id":"CRS3035RES200mN2890600E3764600","population":795.0,"households":436.0,"poverty_rate":0.11467889908256881,"senior_rate":0.23144654088050315,"single_parent_rate":0.07568807339449542,"social_housing_rate":0.12844036697247707,"imputed":false,"vulnerability":23.7}},{"type":"Feature","geometry":{"type":"Polygon","coordinates":[[[2.40802,48.870498],[2.407745,48.872286],[2.405032,48.872101],[2.405307,48.870313],[2.40802,48.870498]]]},"properties":{"id":"CRS3035RES200mN2890600E3764800","population":1038.5,"households":433.0,"poverty_rate":0.10392609699769054,"senior_rate":0.17043813192103996,"single_parent_rate":0.12933025404157045,"social_housing_rate":0.5681293302540416,"imputed":false,"vulnerability":28.7}},{"type":"Feature","geometry":{"type":"Polygon","coordinates":[[[2.410734,48.870683],[2.410459,48.872471],[2.407745,48.872286],[2.40802,48.870498],[2.410734,48.870683]]]},"properties":{"id":"CRS3035RES200mN2890600E3765000","population":1223.0,"households":579.0,"poverty_rate":0.14335060449050085,"senior_rate":0.1733442354865086,"single_parent_rate":0.14162348877374784,"social_housing_rate":0.6286701208981001,"imputed":false,"vulnerability":32.3}},{"type":"Feature","geometry":{"type":"Polygon","coordinates":[[[2.413448,48.870868],[2.413173,48.872656],[2.410459,48.872471],[2.410734,48.870683],[2.413448,48.870868]]]},"properties":{"id":"CRS3035RES200mN2890600E3765200","population":834.0,"households":297.0,"poverty_rate":0.2222222222222222,"senior_rate":0.15587529976019185,"single_parent_rate":0.17845117845117844,"social_housing_rate":1.0,"imputed":false,"vulnerability":42.4}},{"type":"Feature","geometry":{"type":"Polygon","coordinates":[[[2.416161,48.871053],[2.415887,48.872841],[2.413173,48.872656],[2.413448,48.870868],[2.416161,48.871053]]]},"properties":{"id":"CRS3035RES200mN2890600E3765400","population":946.5,"households":364.0,"poverty_rate":0.2087912087912088,"senior_rate":0.15742208135235078,"single_parent_rate":0.08791208791208792,"social_housing_rate":0.0,"imputed":false,"vulnerability":22.9}},{"type":"Feature","geometry":{"type":"Polygon","coordinates":[[[2.225967,48.859733],[2.225686,48.861521],[2.222973,48.861331],[2.223255,48.859543],[2.225967,48.859733]]]},"properties":{"id":"CRS3035RES200mN2890800E3751400","population":5.0,"households":1.9,"poverty_rate":0.0,"senior_rate":0.3,"single_parent_rate":0.15789473684210525,"social_housing_rate":0.0,"imputed":true,"vulnerability":23.3}},{"type":"Feature","geometry":{"type":"Polygon","coordinates":[[[2.269369,48.862758],[2.269089,48.864545],[2.266377,48.864357],[2.266657,48.862569],[2.269369,48.862758]]]},"properties":{"id":"CRS3035RES200mN2890800E3754600","population":12.0,"households":3.9,"poverty_rate":0.0,"senior_rate":0.21666666666666667,"single_parent_rate":0.25641025641025644,"social_housing_rate":0.0,"imputed":true,"vulnerability":23.0}},{"type":"Feature","geometry":{"type":"Polygon","coordinates":[[[2.272082,48.862946],[2.271802,48.864734],[2.269089,48.864545],[2.269369,48.862758],[2.272082,48.862946]]]},"properties":{"id":"CRS3035RES200mN2890800E3754800","population":702.5,"households":309.0,"poverty_rate":0.16828478964401294,"senior_rate":0.20782918149466192,"single_parent_rate":0.10679611650485436,"social_housing_rate":0.0,"imputed":false,"vulnerability":24.5}},{"type":"Feature","geometry":{"type":"Polygon","coordinates":[[[2.274795,48.863135],[2.274515,48.864922],[2.271802,48.864734],[2.272082,48.862946],[2.274795,48.863135]]]},"properties":{"id":"CRS3035RES200mN2890800E3755000","population":897.0,"households":403.0,"poverty_rate":0.1488833746898263,"senior_rate":0.24860646599777034,"single_parent_rate":0.07196029776674938,"social_housing_rate":0.04962779156327544,"imputed":false,"vulnerability":25.0}},{"type":"Feature","geometry":{"type":"Polygon","coordinates":[[[2.277508,48.863323],[2.277228,48.865111],[2.274515,48.864922],[2.274795,48.863135],[2.277508,48.863323]]]},"properties":{"id":"CRS3035RES200mN2890800E3755200","population":737.5,"households":356.0,"poverty_rate":0.1404494382022472,"senior_rate":0.29966101694915254,"single_parent_rate":0.08146067415730338,"social_housing_rate":0.0,"imputed":false,"vulnerability":27.0}},{"type":"Feature","geometry":{"type":"Polygon","coordinates":[[[2.280221,48.863511],[2.279941,48.865299],[2.277228,48.865111],[2.277508,48.863323],[2.280221,48.863511]]]},"properties":{"id":"CRS3035RES200mN2890800E3755400","population":548.5,"households":256.0,"poverty_rate":0.12890625,"senior_rate":0.26071103008204194,"single_parent_rate":0.0859375,"social_housing_rate":0.0,"imputed":false,"vulnerability":24.5}},{"type":"Feature","geometry":{"type":"Polygon","coordinates":[[[2.282933,48.863699],[2.282654,48.865487],[2.279941,48.865299],[2.280221,48.863511],[2.282933,48.863699]]]},"properties":{"id":"CRS3035RES200mN2890800E3755600","population":932.5,"households":465.0,"poverty_rate":0.14193548387096774,"senior_rate":0.23378016085790884,"single_parent_rate":0.08387096774193549,"social_housing_rate":0.047311827956989246,"imputed":false,"vulnerability":24.3}},{"type":"Feature","geometry":{"type":"Polygon","coordinates":[[[2.285646,48.863888],[2.285367,48.865675],[2.282654,48.865487],[2.282933,48.863699],[2.285646,48.863888]]]},"properties":{"id":"CRS3035RES200mN2890800E3755800","population":1153.5,"households":513.0,"poverty_rate":0.14814814814814814,"senior_rate":0.20979627221499783,"single_parent_rate":0.09551656920077972,"social_housing_rate":0.050682261208576995,"imputed":false,"vulnerability":23.8}},{"type":"Feature","geometry":{"type":"Polygon","coordinates":[[[2.288359,48.864076],[2.28808,48.865863],[2.285367,48.865675],[2.285646,48.863888],[2.288359,48.864076]]]},"properties":{"id":"CRS3035RES200mN2890800E3756000","population":576.5,"households":306.0,"poverty_rate":0.17320261437908496,"senior_rate":0.2168256721595837,"single_parent_rate":0.0915032679738562,"social_housing_rate":0.0,"imputed":false,"vulnerability":24.5}},{"type":"Feature","geometry":{"type":"Polygon","coordinates":[[[2.291072,48.864264],[2.290793,48.866051],[2.28808,48.865863],[2.288359,48.864076],[2.291072,48.864264]]]},"properties":{"id":"CRS3035RES200mN2890800E3756200","population":1305.5,"households":670.0,"poverty_rate":0.1746268656716418,"senior_rate":0.18230563002680966,"single_parent_rate":0.08955223880597014,"social_housing_rate":0.0,"imputed":false,"vulnerability":22.6}},{"type":"Feature","geometry":{"type":"Polygon","coordinates":[[[2.293785,48.864452],[2.293506,48.866239],[2.290793,48.866051],[2.291072,48.864264],[2.293785,48.864452]]]},"properties":{"id":"CRS3035RES200mN2890800E3756400","population":730.5,"households":321.0,"poverty_rate":0.14953271028037382,"senior_rate":0.2026009582477755,"single_parent_rate":0.09034267912772585,"social_housing_rate":0.11526479750778816,"imputed":false,"vulnerability":24.3}},{"type":"Feature","geometry":{"type":"Polygon","coordinates":[[[2.296498,48.864639],[2.296219,48.866427],[2.293506,48.866239],[2.293785,48.864452],[2.296498,48.864639]]]},"properties":{"id":"CRS3035RES200mN2890800E3756600","population":305.5,"households":159.0,"poverty_rate":0.1761006289308176,"senior_rate":0.19967266775777415,"single_parent_rate":0.08176100628930817,"social_housing_rate":0.0880503144654088,"imputed":false,"vulnerability":24.6}},{"type":"Feature","geometry":{"type":"Polygon","coordinates":[[[2.299211,48.864827],[2.298932,48.866615],[2.296219,48.866427],[2.296498,48.864639],[2.299211,48.864827]]]},"properties":{"id":"CRS3035RES200mN2890800E3756800","population":371.5,"households":158.0,"poverty_rate":0.16455696202531644,"senior_rate":0.20995962314939434,"single_parent_rate":0.0949367088607595,"social_housing_rate":0.0,"imputed":false,"vulnerability":23.9}},{"type":"Feature","geometry":{"type":"Polygon","coordinates":[[[2.301924,48.865015],[2.301645,48.866803],[2.298932,48.866615],[2.299211,48.864827],[2.301924,48.865015]]]},"properties":{"id":"CRS3035RES200mN2890800E3757000","population":184.0,"households":89.0,"poverty_rate":0.14606741573033707,"senior_rate":0.16847826086956522,"single_parent_rate":0.15730337078651685,"social_housing_rate":0.0,"imputed":false,"vulnerability":23.4}},{"type":"Feature","geometry":{"type":"Polygon","coordinates":[[[2.304637,48.865203],[2.304358,48.86699],[2.301645,48.866803],[2.301924,48.865015],[2.304637,48.865203]]]},"properties":{"id":"CRS3035RES200mN2890800E3757200","population":217.0,"households":108.0,"poverty_rate":0.1574074074074074,"senior_rate":0.19815668202764977,"single_parent_rate":0.07407407407407407,"social_housing_rate":0.1111111111111111,"imputed":false,"vulnerability":23.6}},{"type":"Feature","geometry":{"type":"Polygon","coordinates":[[[2.30735,48.86539],[2.307072,48.867178],[2.304358,48.86699],[2.304637,48.865203],[2.30735,48.86539]]]},"properties":{"id":"CRS3035RES200mN2890800E3757400","population":162.5,"households":97.0,"poverty_rate":0.2268041237113402,"senior_rate":0.3384615384615385,"single_parent_rate":0.08247422680412371,"social_housing_rate":0.0,"imputed":false,"vulnerability":33.5}},{"type":"Feature","geometry":{"type":"Polygon","coordinates":[[[2.310063,48.865578],[2.309785,48.867366],[2.307072,48.867178],[2.30735,48.86539],[2.310063,48.865578]]]},"properties":{"id":"CRS3035RES200mN2890800E3757600","population":260.0,"households":147.0,"poverty_rate":0.19727891156462585,"senior_rate":0.2153846153846154,"single_parent_rate":0.05442176870748299,"social_housing_rate":0.0,"imputed":false,"vulnerability":24.1}},{"type":"Feature","geometry":{"type":"Polygon","coordinates":[[[2.323629,48.866515],[2.323351,48.868302],[2.320638,48.868115],[2.320916,48.866327],[2.323629,48.866515]]]},"properties":{"id":"CRS3035RES200mN2890800E3758600","population":46.5,"households":26.0,"poverty_rate":0.0,"senior_rate":0.23655913978494625,"single_parent_rate":0.19230769230769232,"social_housing_rate":0.0,"imputed":false,"vulnerability":21.3}},{"type":"Feature","geometry":{"type":"Polygon","coordinates":[[[2.326342,48.866702],[2.326064,48.86849],[2.323351,48.868302],[2.323629,48.866515],[2.326342,48.866702]]]},"properties":{"id":"CRS3035RES200mN2890800E3758800","population":297.5,"households":159.0,"poverty_rate":0.10062893081761007,"senior_rate":0.1411764705882353,"single_parent_rate":0.0880503144654088,"social_housing_rate":0.0,"imputed":false,"vulnerability":16.6}},{"type":"Feature","geometry":{"type":"Polygon","coordinates":[[[2.329055,48.866889],[2.328777,48.868677],[2.326064,48.86849],[2.326342,48.866702],[2.329055,48.866889]]]},"properties":{"id":"CRS3035RES200mN2890800E3759000","population":81.0,"households":44.0,"poverty_rate":0.06818181818181818,"senior_rate":0.16049382716049382,"single_parent_rate":0.13636363636363635,"social_housing_rate":0.0,"imputed":false,"vulnerability":18.1}},{"type":"Feature","geometry":{"type":"Polygon","coordinates":[[[2.331768,48.867076],[2.331491,48.868864],[2.328777,48.868677],[2.329055,48.866889],[2.331768,48.867076]]]},"properties":{"id":"CRS3035RES200mN2890800E3759200","population":166.0,"households":88.0,"poverty_rate":0.11363636363636363,"senior_rate":0.23493975903614459,"single_parent_rate":0.07954545454545454,"social_housing_rate":0.0,"imputed":false,"vulnerability":22.0}},{"type":"Feature","geometry":{"type":"Polygon","coordinates":[[[2.334481,48.867263],[2.334204,48.869051],[2.331491,48.868864],[2.331768,48.867076],[2.334481,48.867263]]]},"properties":{"id":"CRS3035RES200mN2890800E3759400","population":168.0,"households":104.0,"poverty_rate":0.18269230769230768,"senior_rate":0.20238095238095238,"single_parent_rate":0.057692307692307696,"social_housing_rate":0.0,"imputed":false,"vulnerability":22.8}},{"type":"Feature","geometry":{"type":"Polygon","coordinates":[[[2.337195,48.86745],[2.336917,48.869238],[2.334204,48.869051],[2.334481,48.867263],[2.337195,48.86745]]]},"properties":{"id":"CRS3035RES200mN2890800E3759600","population":630.5,"households":366.0,"poverty_rate":0.09562841530054644,"senior_rate":0.14908802537668517,"single_parent_rate":0.07103825136612021,"social_housing_rate":0.0,"imputed":false,"vulnerability":16.1}},{"type":"Feature","geometry":{"type":"Polygon","coordinates":[[[2.339908,48.867637],[2.339631,48.869425],[2.336917,48.869238],[2.337195,48.86745],[2.339908,48.867637]]]},"properties":{"id":"CRS3035RES200mN2890800E3759800","population":492.0,"households":248.0,"poverty_rate":0.11693548387096774,"senior_rate":0.16463414634146342,"single_parent_rate":0.08064516129032258,"social_housing_rate":0.1532258064516129,"imputed":false,"vulnerability":20.7}},{"type":"Feature","geometry":{"type":"Polygon","coordinates":[[[2.342621,48.867823],[2.342344,48.869611],[2.339631,48.869425],[2.339908,48.867637],[2.342621,48.867823]]]},"properties":{"id":"CRS3035RES200mN2890800E3760000","population":167.0,"households":74.0,"poverty_rate":0.13513513513513514,"senior_rate":0.1497005988023952,"single_parent_rate":0.08108108108108109,"social_housing_rate":0.22972972972972974,"imputed":false,"vulnerability":21.9}},{"type":"Feature","geometry":{"type":"Polygon","coordinates":[[[2.345335,48.86801],[2.345057,48.869798],[2.342344,48.869611],[2.342621,48.867823],[2.345335,48.86801]]]},"properties":{"id":"CRS3035RES200mN2890800E3760200","population":724.0,"households":441.0,"poverty_rate":0.17006802721088435,"senior_rate":0.12845303867403315,"single_parent_rate":0.061224489795918366,"social_housing_rate":0.12698412698412698,"imputed":false,"vulnerability":20.1}},{"type":"Feature","geometry":{"type":"Polygon","coordinates":[[[2.348048,48.868197],[2.347771,48.869985],[2.345057,48.869798],[2.345335,48.86801],[2.348048,48.868197]]]},"properties":{"id":"CRS3035RES200mN2890800E3760400","population":1091.0,"households":596.0,"poverty_rate":0.11912751677852348,"senior_rate":0.09440879926672777,"single_parent_rate":0.08053691275167785,"social_housing_rate":0.07885906040268456,"imputed":false,"vulnerability":15.8}},{"type":"Feature","geometry":{"type":"Polygon","coordinates":[[[2.350761,48.868383],[2.350484,48.870171],[2.347771,48.869985],[2.348048,48.868197],[2.350761,48.868383]]]},"properties":{"id":"CRS3035RES200mN2890800E3760600","population":1716.0,"households":1087.0,"poverty_rate":0.16743330266789327,"senior_rate":0.11888111888111888,"single_parent_rate":0.05427782888684453,"social_housing_rate":0.09015639374425023,"imputed":false,"vulnerability":18.6}},{"type":"Feature","geometry":{"type":"Polygon","coordinates":[[[2.353475,48.86857],[2.353198,48.870358],[2.350484,48.870171],[2.350761,48.868383],[2.353475,48.86857]]]},"properties":{"id":"CRS3035RES200mN2890800E3760800","population":1314.5,"households":831.0,"poverty_rate":0.22623345367027678,"senior_rate":0.11715481171548117,"single_parent_rate":0.04332129963898917,"social_housing_rate":0.006016847172081829,"imputed":false,"vulnerability":19.7}},{"type":"Feature","geometry":{"type":"Polygon","coordinates":[[[2.356188,48.868756],[2.355911,48.870544],[2.353198,48.870358],[2.353475,48.86857],[2.356188,48.868756]]]},"properties":{"id":"CRS3035RES200mN2890800E3761000","population":1289.0,"households":600.0,"poverty_rate":0.20166666666666666,"senior_rate":0.1295577967416602,"single_parent_rate":0.07333333333333333,"social_housing_rate":0.15,"imputed":false,"vulnerability":22.6}},{"type":"Feature","geometry":{"type":"Polygon","coordinates":[[[2.358901,48.868943],[2.358625,48.870731],[2.355911,48.870544],[2.356188,48.868756],[2.358901,48.868943]]]},"properties":{"id":"CRS3035RES200mN2890800E3761200","population":1567.5,"households":873.0,"poverty_rate":0.20504009163802978,"senior_rate":0.14800637958532695,"single_parent_rate":0.06758304696449026,"social_housing_rate":0.045819014891179836,"imputed":false,"vulnerability":22.0}},{"type":"Feature","geometry":{"type":"Polygon","coordinates":[[[2.361615,48.869129],[2.361338,48.870917],[2.358625,48.870731],[2.358901,48.868943],[2.361615,48.869129]]]},"properties":{"id":"CRS3035RES200mN2890800E3761400","population":1616.0,"households":796.0,"poverty_rate":0.15577889447236182,"senior_rate":0.18564356435643564,"single_parent_rate":0.09547738693467336,"social_housing_rate":0.1658291457286432,"imputed":false,"vulnerability":24.6}},{"type":"Feature","geometry":{"type":"Polygon","coordinates":[[[2.364328,48.869315],[2.364052,48.871103],[2.361338,48.870917],[2.361615,48.869129],[2.364328,48.869315]]]},"properties":{"id":"CRS3035RES200mN2890800E3761600","population":1441.5,"households":689.0,"poverty_rate":0.10014513788098693,"senior_rate":0.15955601803676725,"single_parent_rate":0.07256894049346879,"social_housing_rate":0.06821480406386067,"imputed":false,"vulnerability":17.9}},{"type":"Feature","geometry":{"type":"Polygon","coordinates":[[[2.367042,48.869501],[2.366765,48.871289],[2.364052,48.871103],[2.364328,48.869315],[2.367042,48.869501]]]},"properties":{"id":"CRS3035RES200mN2890800E3761800","population":709.0,"households":375.0,"poverty_rate":0.11733333333333333,"senior_rate":0.1382228490832158,"single_parent_rate":0.08533333333333333,"social_housing_rate":0.05333333333333334,"imputed":false,"vulnerability":18.0}},{"type":"Feature","geometry":{"type":"Polygon","coordinates":[[[2.369755,48.869687],[2.369479,48.871475],[2.366765,48.871289],[2.367042,48.869501],[2.369755,48.869687]]]},"properties":{"id":"CRS3035RES200mN2890800E3762000","population":2192.5,"households":1278.0,"poverty_rate":0.18857589984350548,"senior_rate":0.1701254275940707,"single_parent_rate":0.09076682316118936,"social_housing_rate":0.24100156494522693,"imputed":false,"vulnerability":26.3}},{"type":"Feature","geometry":{"type":"Polygon","coordinates":[[[2.372469,48.869873],[2.372192,48.871661],[2.369479,48.871475],[2.369755,48.869687],[2.372469,48.869873]]]},"properties":{"id":"CRS3035RES200mN2890800E3762200","population":1819.5,"households":1099.0,"poverty_rate":0.15195632393084624,"senior_rate":0.14014839241549876,"single_parent_rate":0.06915377616014559,"social_housing_rate":0.0272975432211101,"imputed":false,"vulnerability":18.7}},{"type":"Feature","geometry":{"type":"Polygon","coordinates":[[[2.375182,48.870059],[2.374906,48.871847],[2.372192,48.871661],[2.372469,48.869873],[2.375182,48.870059]]]},"properties":{"id":"CRS3035RES200mN2890800E3762400","population":1564.5,"households":861.0,"poverty_rate":0.21602787456445993,"senior_rate":0.13486736976669864,"single_parent_rate":0.08362369337979095,"social_housing_rate":0.08130081300813008,"imputed":false,"vulnerability":23.1}},{"type":"Feature","geometry":{"type":"Polygon","coordinates":[[[2.377896,48.870245],[2.37762,48.872033],[2.374906,48.871847],[2.375182,48.870059],[2.377896,48.870245]]]},"properties":{"id":"CRS3035RES200mN2890800E3762600","population":1991.0,"households":917.0,"poverty_rate":0.2584514721919302,"senior_rate":0.1737820190858865,"single_parent_rate":0.12540894220283533,"social_housing_rate":0.4983642311886587,"imputed":false,"vulnerability":35.4}},{"type":"Feature","geometry":{"type":"Polygon","coordinates":[[[2.380609,48.870431],[2.380333,48.872219],[2.37762,48.872033],[2.377896,48.870245],[2.380609,48.870431]]]},"properties":{"id":"CRS3035RES200mN2890800E3762800","population":1789.0,"households":748.0,"poverty_rate":0.32620320855614976,"senior_rate":0.16489659027389603,"single_parent_rate":0.13502673796791445,"social_housing_rate":0.5855614973262032,"imputed":false,"vulnerability":40.0}},{"type":"Feature","geometry":{"type":"Polygon","coordinates":[[[2.383323,48.870617],[2.383047,48.872405],[2.380333,48.872219],[2.380609,48.870431],[2.383323,48.870617]]]},"properties":{"id":"CRS3035RES200mN2890800E3763000","population":1628.5,"households":690.0,"poverty_rate":0.2608695652173913,"senior_rate":0.1565858151673319,"single_parent_rate":0.11304347826086956,"social_housing_rate":0.5159420289855072,"imputed":false,"vulnerability":34.3}},{"type":"Feature","geometry":{"type":"Polygon","coordinates":[[[2.386036,48.870803],[2.385761,48.872591],[2.383047,48.872405],[2.383323,48.870617],[2.386036,48.870803]]]},"properties":{"id":"CRS3035RES200mN2890800E3763200","population":472.5,"households":293.0,"poverty_rate":0.39590443686006827,"senior_rate":0.28359788359788357,"single_parent_rate":0.06484641638225255,"social_housing_rate":0.5187713310580204,"imputed":false,"vulnerability":46.0}},{"type":"Feature","geometry":{"type":"Polygon","coordinates":[[[2.38875,48.870988],[2.388474,48.872776],[2.385761,48.872591],[2.386036,48.870803],[2.38875,48.870988]]]},"properties":{"id":"CRS3035RES200mN2890800E3763400","population":2133.5,"households":1064.0,"poverty_rate":0.19266917293233082,"senior_rate":0.18139207874384813,"single_parent_rate":0.1099624060150376,"social_housing_rate":0.39849624060150374,"imputed":false,"vulnerability":30.3}},{"type":"Feature","geometry":{"type":"Polygon","coordinates":[[[2.391463,48.871174],[2.391188,48.872962],[2.388474,48.872776],[2.38875,48.870988],[2.391463,48.871174]]]},"properties":{"id":"CRS3035RES200mN2890800E3763600","population":1747.5,"households":965.0,"poverty_rate":0.16787564766839377,"senior_rate":0.12703862660944207,"single_parent_rate":0.09326424870466321,"social_housing_rate":0.18134715025906736,"imputed":false,"vulnerability":22.1}},{"type":"Feature","geometry":{"type":"Polygon","coordinates":[[[2.394177,48.871359],[2.393902,48.873147],[2.391188,48.872962],[2.391463,48.871174],[2.394177,48.871359]]]},"properties":{"id":"CRS3035RES200mN2890800E3763800","population":1251.5,"households":720.0,"poverty_rate":0.11805555555555555,"senior_rate":0.13264083100279664,"single_parent_rate":0.075,"social_housing_rate":0.15555555555555556,"imputed":false,"vulnerability":18.8}},{"type":"Feature","geometry":{"type":"Polygon","coordinates":[[[2.396891,48.871545],[2.396615,48.873333],[2.393902,48.873147],[2.394177,48.871359],[2.396891,48.871545]]]},"properties":{"id":"CRS3035RES200mN2890800E3764000","population":2186.5,"households":998.0,"poverty_rate":0.17234468937875752,"senior_rate":0.15229819345986736,"single_parent_rate":0.11823647294589178,"social_housing_rate":0.4529058116232465,"imputed":false,"vulnerability":28.9}},{"type":"Feature","geometry":{"type":"Polygon","coordinates":[[[2.399604,48.87173],[2.399329,48.873518],[2.396615,48.873333],[2.396891,48.871545],[2.399604,48.87173]]]},"properties":{"id":"CRS3035RES200mN2890800E3764200","population":1923.0,"households":798.0,"poverty_rate":0.20927318295739347,"senior_rate":0.14768590743629745,"single_parent_rate":0.09022556390977443,"social_housing_rate":0.3609022556390977,"imputed":false,"vulnerability":27.9}},{"type":"Feature","geometry":{"type":"Polygon","coordinates":[[[2.402318,48.871916],[2.402043,48.873704],[2.399329,48.873518],[2.399604,48.87173],[2.402318,48.871916]]]},"properties":{"id":"CRS3035RES200mN2890800E3764400","population":3161.0,"households":1553.0,"poverty_rate":0.19703799098518995,"senior_rate":0.1926605504587156,"single_parent_rate":0.11912427559562137,"social_housing_rate":0.5556986477784932,"imputed":false,"vulnerability":33.9}},{"type":"Feature","geometry":{"type":"Polygon","coordinates":[[[2.405032,48.872101],[2.404757,48.873889],[2.402043,48.873704],[2.402318,48.871916],[2.405032,48.872101]]]},"properties":{"id":"CRS3035RES200mN2890800E3764600","population":1910.0,"households":969.0,"poverty_rate":0.12487100103199174,"senior_rate":0.20157068062827224,"single_parent_rate":0.0846233230134159,"social_housing_rate":0.12074303405572756,"imputed":false,"vulnerability":22.8}},{"type":"Feature","geometry":{"type":"Polygon","coordinates":[[[2.407745,48.872286],[2.407471,48.874074],[2.404757,48.873889],[2.405032,48.872101],[2.407745,48.872286]]]},"properties":{"id":"CRS3035RES200mN2890800E3764800","population":1260.5,"households":623.0,"poverty_rate":0.07704654895666131,"senior_rate":0.19754065846886157,"single_parent_rate":0.09149277688603531,"social_housing_rate":0.0,"imputed":false,"vulnerability":18.7}},{"type":"Feature","geometry":{"type":"Polygon","coordinates":[[[2.410459,48.872471],[2.410184,48.874259],[2.407471,48.874074],[2.407745,48.872286],[2.410459,48.872471]]]},"properties":{"id":"CRS3035RES200mN2890800E3765000","population":90.0,"households":52.0,"poverty_rate":0.09615384615384616,"senior_rate":0.2111111111111111,"single_parent_rate":0.07692307692307693,"social_housing_rate":0.0,"imputed":false,"vulnerability":19.7}},{"type":"Feature","geometry":{"type":"Polygon","coordinates":[[[2.413173,48.872656],[2.412898,48.874444],[2.410184,48.874259],[2.410459,48.872471],[2.413173,48.872656]]]},"properties":{"id":"CRS3035RES200mN2890800E3765200","population":1125.0,"households":367.0,"poverty_rate":0.2888283378746594,"senior_rate":0.18044444444444444,"single_parent_rate":0.23433242506811988,"social_housing_rate":0.997275204359673,"imputed":false,"vulnerability":49.5}},{"type":"Feature","geometry":{"type":"Polygon","coordinates":[[[2.415887,48.872841],[2.415612,48.874629],[2.412898,48.874444],[2.413173,48.872656],[2.415887,48.872841]]]},"properties":{"id":"CRS3035RES200mN2890800E3765400","population":557.0,"households":292.0,"poverty_rate":0.1780821917808219,"senior_rate":0.13285457809694792,"single_parent_rate":0.0958904109589041,"social_housing_rate":0.17123287671232876,"imputed":false,"vulnerability":22.9}},{"type":"Feature","geometry":{"type":"Polygon","coordinates":[[[2.271802,48.864734],[2.271523,48.866521],[2.26881,48.866333],[2.269089,48.864545],[2.271802,48.864734]]]},"properties":{"id":"CRS3035RES200mN2891000E3754800","population":571.0,"households":273.0,"poverty_rate":0.1794871794871795,"senior_rate":0.23992994746059546,"single_parent_rate":0.0695970695970696,"social_housing_rate":0.0,"imputed":false,"vulnerability":25.2}},{"type":"Feature","geometry":{"type":"Polygon","coordinates":[[[2.274515,48.864922],[2.274236,48.86671],[2.271523,48.866521],[2.271802,48.864734],[2.274515,48.864922]]]},"properties":{"id":"CRS3035RES200mN2891000E3755000","population":1203.5,"households":535.0,"poverty_rate":0.1383177570093458,"senior_rate":0.20689655172413793,"single_parent_rate":0.0691588785046729,"social_housing_rate":0.0,"imputed":false,"vulnerability":21.3}},{"type":"Feature","geometry":{"type":"Polygon","coordinates":[[[2.277228,48.865111],[2.276949,48.866898],[2.274236,48.86671],[2.274515,48.864922],[2.277228,48.865111]]]},"properties":{"id":"CRS3035RES200mN2891000E3755200","population":1164.5,"households":594.0,"poverty_rate":0.1835016835016835,"senior_rate":0.22413052812365822,"single_parent_rate":0.06565656565656566,"social_housing_rate":0.0,"imputed":false,"vulnerability":24.3}},{"type":"Feature","geometry":{"type":"Polygon","coordinates":[[[2.279941,48.865299],[2.279662,48.867087],[2.276949,48.866898],[2.277228,48.865111],[2.279941,48.865299]]]},"properties":{"id":"CRS3035RES200mN2891000E3755400","population":966.5,"households":434.0,"poverty_rate":0.14055299539170507,"senior_rate":0.2214174857734092,"single_parent_rate":0.10829493087557604,"social_housing_rate":0.004608294930875576,"imputed":false,"vulnerability":24.0}},{"type":"Feature","geometry":{"type":"Polygon","coordinates":[[[2.282654,48.865487],[2.282375,48.867275],[2.279662,48.867087],[2.279941,48.865299],[2.282654,48.865487]]]},"properties":{"id":"CRS3035RES200mN2891000E3755600","population":1313.0,"households":621.0,"poverty_rate":0.14653784219001612,"senior_rate":0.178979436405179,"single_parent_rate":0.0998389694041868,"social_housing_rate":0.008051529790660225,"imputed":false,"vulnerability":21.6}},{"type":"Feature","geometry":{"type":"Polygon","coordinates":[[[2.285367,48.865675],[2.285088,48.867463],[2.282375,48.867275],[2.282654,48.865487],[2.285367,48.865675]]]},"properties":{"id":"CRS3035RES200mN2891000E3755800","population":1314.0,"households":661.0,"poverty_rate":0.20121028744326777,"senior_rate":0.197869101978691,"single_parent_rate":0.09531013615733737,"social_housing_rate":0.17246596066565809,"imputed":false,"vulnerability":27.7}},{"type":"Feature","geometry":{"type":"Polygon","coordinates":[[[2.28808,48.865863],[2.287801,48.867651],[2.285088,48.867463],[2.285367,48.865675],[2.28808,48.865863]]]},"properties":{"id":"CRS3035RES200mN2891000E3756000","population":1214.5,"households":554.0,"poverty_rate":0.1552346570397112,"senior_rate":0.15479621243310004,"single_parent_rate":0.10108303249097472,"social_housing_rate":0.0,"imputed":false,"vulnerability":20.6}},{"type":"Feature","geometry":{"type":"Polygon","coordinates":[[[2.290793,48.866051],[2.290514,48.867839],[2.287801,48.867651],[2.28808,48.865863],[2.290793,48.866051]]]},"properties":{"id":"CRS3035RES200mN2891000E3756200","population":806.5,"households":395.0,"poverty_rate":0.12658227848101267,"senior_rate":0.16738995660260383,"single_parent_rate":0.07341772151898734,"social_housing_rate":0.0,"imputed":false,"vulnerability":18.7}},{"type":"Feature","geometry":{"type":"Polygon","coordinates":[[[2.293506,48.866239],[2.293227,48.868027],[2.290514,48.867839],[2.290793,48.866051],[2.293506,48.866239]]]},"properties":{"id":"CRS3035RES200mN2891000E3756400","population":593.5,"households":291.0,"poverty_rate":0.16838487972508592,"senior_rate":0.20893007582139847,"single_parent_rate":0.06872852233676977,"social_housing_rate":0.0,"imputed":false,"vulnerability":22.9}},{"type":"Feature","geometry":{"type":"Polygon","coordinates":[[[2.296219,48.866427],[2.29594,48.868215],[2.293227,48.868027],[2.293506,48.866239],[2.296219,48.866427]]]},"properties":{"id":"CRS3035RES200mN2891000E3756600","population":138.5,"households":68.0,"poverty_rate":0.16176470588235295,"senior_rate":0.33212996389891697,"single_parent_rate":0.04411764705882353,"social_housing_rate":0.0,"imputed":false,"vulnerability":28.3}},{"type":"Feature","geometry":{"type":"Polygon","coordinates":[[[2.298932,48.866615],[2.298653,48.868403],[2.29594,48.868215],[2.296219,48.866427],[2.298932,48.866615]]]},"properties":{"id":"CRS3035RES200mN2891000E3756800","population":772.5,"households":449.0,"poverty_rate":0.1759465478841871,"senior_rate":0.22135922330097088,"single_parent_rate":0.051224944320712694,"social_housing_rate":0.0,"imputed":false,"vulnerability":23.2}},{"type":"Feature","geometry":{"type":"Polygon","coordinates":[[[2.301645,48.866803],[2.301367,48.868591],[2.298653,48.868403],[2.298932,48.866615],[2.301645,48.866803]]]},"properties":{"id":"CRS3035RES200mN2891000E3757000","population":168.0,"households":92.0,"poverty_rate":0.16304347826086957,"senior_rate":0.3273809523809524,"single_parent_rate":0.03260869565217391,"social_housing_rate":0.0,"imputed":false,"vulnerability":27.6}},{"type":"Feature","geometry":{"type":"Polygon","coordinates":[[[2.304358,48.86699],[2.30408,48.868778],[2.301367,48.868591],[2.301645,48.866803],[2.304358,48.86699]]]},"properties":{"id":"CRS3035RES200mN2891000E3757200","population":304.0,"households":180.0,"poverty_rate":0.1388888888888889,"senior_rate":0.2565789473684211,"single_parent_rate":0.09444444444444444,"social_housing_rate":0.0,"imputed":false,"vulnerability":25.1}},{"type":"Feature","geometry":{"type":"Polygon","coordinates":[[[2.307072,48.867178],[2.306793,48.868966],[2.30408,48.868778],[2.304358,48.86699],[2.307072,48.867178]]]},"properties":{"id":"CRS3035RES200mN2891000E3757400","population":276.5,"households":158.0,"poverty_rate":0.17088607594936708,"senior_rate":0.21699819168173598,"single_parent_rate":0.0759493670886076,"social_housing_rate":0.0,"imputed":false,"vulnerability":23.8}},{"type":"Feature","geometry":{"type":"Polygon","coordinates":[[[2.309785,48.867366],[2.309506,48.869153],[2.306793,48.868966],[2.307072,48.867178],[2.309785,48.867366]]]},"properties":{"id":"CRS3035RES200mN2891000E3757600","population":124.0,"households":79.0,"poverty_rate":0.13924050632911392,"senior_rate":0.27419354838709675,"single_parent_rate":0.06329113924050633,"social_housing_rate":0.0,"imputed":false,"vulnerability":24.8}},{"type":"Feature","geometry":{"type":"Polygon","coordinates":[[[2.312498,48.867553],[2.31222,48.869341],[2.309506,48.869153],[2.309785,48.867366],[2.312498,48.867553]]]},"properties":{"id":"CRS3035RES200mN2891000E3757800","population":4.0,"households":1.9,"poverty_rate":0.2105263157894737,"senior_rate":0.1,"single_parent_rate":0.10526315789473685,"social_housing_rate":0.0,"imputed":true,"vulnerability":20.6}},{"type":"Feature","geometry":{"type":"Polygon","coordinates":[[[2.317924,48.867928],[2.317646,48.869716],[2.314933,48.869528],[2.315211,48.867741],[2.317924,48.867928]]]},"properties":{"id":"CRS3035RES200mN2891000E3758200","population":16.0,"households":11.0,"poverty_rate":0.2727272727272727,"senior_rate":0.3125,"single_parent_rate":0.0,"social_housing_rate":0.0,"imputed":false,"vulnerability":30.8}},{"type":"Feature","geometry":{"type":"Polygon","coordinates":[[[2.320638,48.868115],[2.32036,48.869903],[2.317646,48.869716],[2.317924,48.867928],[2.320638,48.868115]]]},"properties":{"id":"CRS3035RES200mN2891000E3758400","population":97.0,"households":60.0,"poverty_rate":0.1,"senior_rate":0.24742268041237114,"single_parent_rate":0.06666666666666667,"social_housing_rate":0.0,"imputed":false,"vulnerability":21.5}},{"type":"Feature","geometry":{"type":"Polygon","coordinates":[[[2.323351,48.868302],[2.323073,48.87009],[2.32036,48.869903],[2.320638,48.868115],[2.323351,48.868302]]]},"properties":{"id":"CRS3035RES200mN2891000E3758600","population":262.0,"households":137.0,"poverty_rate":0.08029197080291971,"senior_rate":0.13358778625954199,"single_parent_rate":0.051094890510948905,"social_housing_rate":0.0,"imputed":false,"vulnerability":13.6}},{"type":"Feature","geometry":{"type":"Polygon","coordinates":[[[2.326064,48.86849],[2.325786,48.870277],[2.323073,48.87009],[2.323351,48.868302],[2.326064,48.86849]]]},"properties":{"id":"CRS3035RES200mN2891000E3758800","population":107.5,"households":65.0,"poverty_rate":0.1076923076923077,"senior_rate":0.20465116279069767,"single_parent_rate":0.03076923076923077,"social_housing_rate":0.0,"imputed":false,"vulnerability":18.0}},{"type":"Feature","geometry":{"type":"Polygon","coordinates":[[[2.328777,48.868677],[2.3285,48.870465],[2.325786,48.870277],[2.326064,48.86849],[2.328777,48.868677]]]},"properties":{"id":"CRS3035RES200mN2891000E3759000","population":90.0,"households":56.0,"poverty_rate":0.17857142857142858,"senior_rate":0.17777777777777778,"single_parent_rate":0.03571428571428571,"social_housing_rate":0.0,"imputed":false,"vulnerability":20.3}},{"type":"Feature","geometry":{"type":"Polygon","coordinates":[[[2.331491,48.868864],[2.331213,48.870652],[2.3285,48.870465],[2.328777,48.868677],[2.331491,48.868864]]]},"properties":{"id":"CRS3035RES200mN2891000E3759200","population":93.0,"households":58.0,"poverty_rate":0.08620689655172414,"senior_rate":0.1827956989247312,"single_parent_rate":0.05172413793103448,"social_housing_rate":0.0,"imputed":false,"vulnerability":16.6}},{"type":"Feature","geometry":{"type":"Polygon","coordinates":[[[2.334204,48.869051],[2.333926,48.870839],[2.331213,48.870652],[2.331491,48.868864],[2.334204,48.869051]]]},"properties":{"id":"CRS3035RES200mN2891000E3759400","population":61.0,"households":36.0,"poverty_rate":0.19444444444444445,"senior_rate":0.18032786885245902,"single_parent_rate":0.08333333333333333,"social_housing_rate":0.0,"imputed":false,"vulnerability":23.2}},{"type":"Feature","geometry":{"type":"Polygon","coordinates":[[[2.336917,48.869238],[2.33664,48.871026],[2.333926,48.870839],[2.334204,48.869051],[2.336917,48.869238]]]},"properties":{"id":"CRS3035RES200mN2891000E3759600","population":464.0,"households":262.0,"poverty_rate":0.16793893129770993,"senior_rate":0.14439655172413793,"single_parent_rate":0.0916030534351145,"social_housing_rate":0.1183206106870229,"imputed":false,"vulnerability":22.1}},{"type":"Feature","geometry":{"type":"Polygon","coordinates":[[[2.339631,48.869425],[2.339353,48.871212],[2.33664,48.871026],[2.336917,48.869238],[2.339631,48.869425]]]},"properties":{"id":"CRS3035RES200mN2891000E3759800","population":289.0,"households":170.0,"poverty_rate":0.15294117647058825,"senior_rate":0.21107266435986158,"single_parent_rate":0.07647058823529412,"social_housing_rate":0.11764705882352941,"imputed":false,"vulnerability":24.3}},{"type":"Feature","geometry":{"type":"Polygon","coordinates":[[[2.342344,48.869611],[2.342067,48.871399],[2.339353,48.871212],[2.339631,48.869425],[2.342344,48.869611]]]},"properties":{"id":"CRS3035RES200mN2891000E3760000","population":606.0,"households":350.0,"poverty_rate":0.1457142857142857,"senior_rate":0.15841584158415842,"single_parent_rate":0.06857142857142857,"social_housing_rate":0.0,"imputed":false,"vulnerability":19.0}},{"type":"Feature","geometry":{"type":"Polygon","coordinates":[[[2.345057,48.869798],[2.34478,48.871586],[2.342067,48.871399],[2.342344,48.869611],[2.345057,48.869798]]]},"properties":{"id":"CRS3035RES200mN2891000E3760200","population":601.5,"households":303.0,"poverty_rate":0.1254125412541254,"senior_rate":0.09476309226932668,"single_parent_rate":0.06930693069306931,"social_housing_rate":0.1353135313531353,"imputed":false,"vulnerability":16.5}},{"type":"Feature","geometry":{"type":"Polygon","coordinates":[[[2.347771,48.869985],[2.347494,48.871772],[2.34478,48.871586],[2.345057,48.869798],[2.347771,48.869985]]]},"properties":{"id":"CRS3035RES200mN2891000E3760400","population":569.0,"households":300.0,"poverty_rate":0.13,"senior_rate":0.1616871704745167,"single_parent_rate":0.056666666666666664,"social_housing_rate":0.06666666666666667,"imputed":false,"vulnerability":18.8}},{"type":"Feature","geometry":{"type":"Polygon","coordinates":[[[2.350484,48.870171],[2.350207,48.871959],[2.347494,48.871772],[2.347771,48.869985],[2.350484,48.870171]]]},"properties":{"id":"CRS3035RES200mN2891000E3760600","population":808.0,"households":450.0,"poverty_rate":0.13111111111111112,"senior_rate":0.16336633663366337,"single_parent_rate":0.044444444444444446,"social_housing_rate":0.0,"imputed":false,"vulnerability":17.5}},{"type":"Feature","geometry":{"type":"Polygon","coordinates":[[[2.353198,48.870358],[2.352921,48.872146],[2.350207,48.871959],[2.350484,48.870171],[2.353198,48.870358]]]},"properties":{"id":"CRS3035RES200mN2891000E3760800","population":1357.0,"households":742.0,"poverty_rate":0.15498652291105122,"senior_rate":0.13411938098747236,"single_parent_rate":0.08086253369272237,"social_housing_rate":0.07681940700808626,"imputed":false,"vulnerability":19.8}},{"type":"Feature","geometry":{"type":"Polygon","coordinates":[[[2.355911,48.870544],[2.355634,48.872332],[2.352921,48.872146],[2.353198,48.870358],[2.355911,48.870544]]]},"properties":{"id":"CRS3035RES200mN2891000E3761000","population":1446.5,"households":744.0,"poverty_rate":0.22983870967741934,"senior_rate":0.12512962322848253,"single_parent_rate":0.06854838709677419,"social_housing_rate":0.18413978494623656,"imputed":false,"vulnerability":24.1}},{"type":"Feature","geometry":{"type":"Polygon","coordinates":[[[2.358625,48.870731],[2.358348,48.872518],[2.355634,48.872332],[2.355911,48.870544],[2.358625,48.870731]]]},"properties":{"id":"CRS3035RES200mN2891000E3761200","population":1530.0,"households":829.0,"poverty_rate":0.15560916767189384,"senior_rate":0.11437908496732026,"single_parent_rate":0.09167671893848009,"social_housing_rate":0.1881785283474065,"imputed":false,"vulnerability":20.9}},{"type":"Feature","geometry":{"type":"Polygon","coordinates":[[[2.361338,48.870917],[2.361062,48.872705],[2.358348,48.872518],[2.358625,48.870731],[2.361338,48.870917]]]},"properties":{"id":"CRS3035RES200mN2891000E3761400","population":1762.0,"households":1025.0,"poverty_rate":0.1404878048780488,"senior_rate":0.14982973893303064,"single_parent_rate":0.04878048780487805,"social_housing_rate":0.003902439024390244,"imputed":false,"vulnerability":17.4}},{"type":"Feature","geometry":{"type":"Polygon","coordinates":[[[2.364052,48.871103],[2.363775,48.872891],[2.361062,48.872705],[2.361338,48.870917],[2.364052,48.871103]]]},"properties":{"id":"CRS3035RES200mN2891000E3761600","population":1842.0,"households":997.0,"poverty_rate":0.14844533600802406,"senior_rate":0.1758957654723127,"single_parent_rate":0.08324974924774323,"social_housing_rate":0.09227683049147442,"imputed":false,"vulnerability":22.1}},{"type":"Feature","geometry":{"type":"Polygon","coordinates":[[[2.366765,48.871289],[2.366489,48.873077],[2.363775,48.872891],[2.364052,48.871103],[2.366765,48.871289]]]},"properties":{"id":"CRS3035RES200mN2891000E3761800","population":1353.0,"households":727.0,"poverty_rate":0.15543328748280605,"senior_rate":0.15964523281596452,"single_parent_rate":0.09766162310866575,"social_housing_rate":0.23796423658872076,"imputed":false,"vulnerability":24.3}},{"type":"Feature","geometry":{"type":"Polygon","coordinates":[[[2.369479,48.871475],[2.369202,48.873263],[2.366489,48.873077],[2.366765,48.871289],[2.369479,48.871475]]]},"properties":{"id":"CRS3035RES200mN2891000E3762000","population":510.0,"households":331.0,"poverty_rate":0.1661631419939577,"senior_rate":0.15098039215686274,"single_parent_rate":0.07250755287009064,"social_housing_rate":0.19637462235649547,"imputed":false,"vulnerability":22.7}},{"type":"Feature","geometry":{"type":"Polygon","coordinates":[[[2.372192,48.871661],[2.371916,48.873449],[2.369202,48.873263],[2.369479,48.871475],[2.372192,48.871661]]]},"properties":{"id":"CRS3035RES200mN2891000E3762200","population":1548.5,"households":949.0,"poverty_rate":0.1970495258166491,"senior_rate":0.12786567646109137,"single_parent_rate":0.0821917808219178,"social_housing_rate":0.0547945205479452,"imputed":false,"vulnerability":21.3}},{"type":"Feature","geometry":{"type":"Polygon","coordinates":[[[2.374906,48.871847],[2.37463,48.873635],[2.371916,48.873449],[2.372192,48.871661],[2.374906,48.871847]]]},"properties":{"id":"CRS3035RES200mN2891000E3762400","population":1693.5,"households":801.0,"poverty_rate":0.20724094881398253,"senior_rate":0.15707115441393563,"single_parent_rate":0.15480649188514356,"social_housing_rate":0.5730337078651685,"imputed":false,"vulnerability":34.3}},{"type":"Feature","geometry":{"type":"Polygon","coordinates":[[[2.37762,48.872033],[2.377344,48.873821],[2.37463,48.873635],[2.374906,48.871847],[2.37762,48.872033]]]},"properties":{"id":"CRS3035RES200mN2891000E3762600","population":1409.5,"households":711.0,"poverty_rate":0.22081575246132207,"senior_rate":0.1312522170982618,"single_parent_rate":0.06751054852320675,"social_housing_rate":0.11814345991561181,"imputed":false,"vulnerability":23.0}},{"type":"Feature","geometry":{"type":"Polygon","coordinates":[[[2.380333,48.872219],[2.380057,48.874007],[2.377344,48.873821],[2.37762,48.872033],[2.380333,48.872219]]]},"properties":{"id":"CRS3035RES200mN2891000E3762800","population":2667.0,"households":1185.0,"poverty_rate":0.22616033755274262,"senior_rate":0.19797525309336333,"single_parent_rate":0.10717299578059072,"social_housing_rate":0.21518987341772153,"imputed":false,"vulnerability":30.1}},{"type":"Feature","geometry":{"type":"Polygon","coordinates":[[[2.383047,48.872405],[2.382771,48.874193],[2.380057,48.874007],[2.380333,48.872219],[2.383047,48.872405]]]},"properties":{"id":"CRS3035RES200mN2891000E3763000","population":1929.0,"households":1062.0,"poverty_rate":0.17325800376647835,"senior_rate":0.1410057024364956,"single_parent_rate":0.09133709981167608,"social_housing_rate":0.15630885122410546,"imputed":false,"vulnerability":22.7}},{"type":"Feature","geometry":{"type":"Polygon","coordinates":[[[2.385761,48.872591],[2.385485,48.874379],[2.382771,48.874193],[2.383047,48.872405],[2.385761,48.872591]]]},"properties":{"id":"CRS3035RES200mN2891000E3763200","population":1827.0,"households":929.0,"poverty_rate":0.20667384284176535,"senior_rate":0.16748768472906403,"single_parent_rate":0.10656620021528525,"social_housing_rate":0.42734122712594186,"imputed":false,"vulnerability":30.6}},{"type":"Feature","geometry":{"type":"Polygon","coordinates":[[[2.388474,48.872776],[2.388199,48.874564],[2.385485,48.874379],[2.385761,48.872591],[2.388474,48.872776]]]},"properties":{"id":"CRS3035RES200mN2891000E3763400","population":1213.5,"households":627.0,"poverty_rate":0.15789473684210525,"senior_rate":0.14173877214668315,"single_parent_rate":0.08452950558213716,"social_housing_rate":0.24561403508771928,"imputed":false,"vulnerability":23.0}},{"type":"Feature","geometry":{"type":"Polygon","coordinates":[[[2.391188,48.872962],[2.390912,48.87475],[2.388199,48.874564],[2.388474,48.872776],[2.391188,48.872962]]]},"properties":{"id":"CRS3035RES200mN2891000E3763600","population":1280.0,"households":706.0,"poverty_rate":0.1643059490084986,"senior_rate":0.17109375,"single_parent_rate":0.09206798866855524,"social_housing_rate":0.1501416430594901,"imputed":false,"vulnerability":23.9}},{"type":"Feature","geometry":{"type":"Polygon","coordinates":[[[2.393902,48.873147],[2.393626,48.874935],[2.390912,48.87475],[2.391188,48.872962],[2.393902,48.873147]]]},"properties":{"id":"CRS3035RES200mN2891000E3763800","population":2413.5,"households":1110.0,"poverty_rate":0.25225225225225223,"senior_rate":0.20178164491402528,"single_parent_rate":0.13333333333333333,"social_housing_rate":0.5936936936936937,"imputed":false,"vulnerability":38.4}},{"type":"Feature","geometry":{"type":"Polygon","coordinates":[[[2.396615,48.873333],[2.39634,48.875121],[2.393626,48.874935],[2.393902,48.873147],[2.396615,48.873333]]]},"properties":{"id":"CRS3035RES200mN2891000E3764000","population":1891.0,"households":1020.0,"poverty_rate":0.16568627450980392,"senior_rate":0.18878900052882072,"single_parent_rate":0.09803921568627451,"social_housing_rate":0.1323529411764706,"imputed":false,"vulnerability":24.9}},{"type":"Feature","geometry":{"type":"Polygon","coordinates":[[[2.399329,48.873518],[2.399054,48.875306],[2.39634,48.875121],[2.396615,48.873333],[2.399329,48.873518]]]},"properties":{"id":"CRS3035RES200mN2891000E3764200","population":1965.5,"households":1005.0,"poverty_rate":0.14029850746268657,"senior_rate":0.19944034596794707,"single_parent_rate":0.10746268656716418,"social_housing_rate":0.2517412935323383,"imputed":false,"vulnerability":26.4}},{"type":"Feature","geometry":{"type":"Polygon","coordinates":[[[2.402043,48.873704],[2.401768,48.875492],[2.399054,48.875306],[2.399329,48.873518],[2.402043,48.873704]]]},"properties":{"id":"CRS3035RES200mN2891000E3764400","population":307.0,"households":175.0,"poverty_rate":0.13714285714285715,"senior_rate":0.1791530944625407,"single_parent_rate":0.10857142857142857,"social_housing_rate":0.24,"imputed":false,"vulnerability":25.0}},{"type":"Feature","geometry":{"type":"Polygon","coordinates":[[[2.404757,48.873889],[2.404482,48.875677],[2.401768,48.875492],[2.402043,48.873704],[2.404757,48.873889]]]},"properties":{"id":"CRS3035RES200mN2891000E3764600","population":2043.0,"households":940.0,"poverty_rate":0.14680851063829786,"senior_rate":0.20411160058737152,"single_parent_rate":0.12978723404255318,"social_housing_rate":0.5989361702127659,"imputed":false,"vulnerability":33.2}},{"type":"Feature","geometry":{"type":"Polygon","coordinates":[[[2.407471,48.874074],[2.407196,48.875862],[2.404482,48.875677],[2.404757,48.873889],[2.407471,48.874074]]]},"properties":{"id":"CRS3035RES200mN2891000E3764800","population":575.0,"households":229.0,"poverty_rate":0.2445414847161572,"senior_rate":0.12869565217391304,"single_parent_rate":0.1965065502183406,"social_housing_rate":0.6724890829694323,"imputed":false,"vulnerability":37.9}},{"type":"Feature","geometry":{"type":"Polygon","coordinates":[[[2.410184,48.874259],[2.40991,48.876047],[2.407196,48.875862],[2.407471,48.874074],[2.410184,48.874259]]]},"properties":{"id":"CRS3035RES200mN2891000E3765000","population":27.5,"households":8.1,"poverty_rate":0.20987654320987656,"senior_rate":0.025454545454545452,"single_parent_rate":0.16049382716049385,"social_housing_rate":0.8024691358024691,"imputed":true,"vulnerability":30.9}},{"type":"Feature","geometry":{"type":"Polygon","coordinates":[[[2.412898,48.874444],[2.412624,48.876232],[2.40991,48.876047],[2.410184,48.874259],[2.412898,48.874444]]]},"properties":{"id":"CRS3035RES200mN2891000E3765200","population":121.5,"households":35.9,"poverty_rate":0.20334261838440112,"senior_rate":0.027160493827160494,"single_parent_rate":0.15877437325905294,"social_housing_rate":0.7938718662952646,"imputed":true,"vulnerability":30.4}},{"type":"Feature","geometry":{"type":"Polygon","coordinates":[[[2.415612,48.874629],[2.415337,48.876417],[2.412624,48.876232],[2.412898,48.874444],[2.415612,48.874629]]]},"properties":{"id":"CRS3035RES200mN2891000E3765400","population":685.5,"households":327.0,"poverty_rate":0.14678899082568808,"senior_rate":0.12691466083150985,"single_parent_rate":0.12538226299694188,"social_housing_rate":0.12538226299694188,"imputed":false,"vulnerability":21.6}},{"type":"Feature","geometry":{"type":"Polygon","coordinates":[[[2.23083,48.863687],[2.230549,48.865475],[2.227836,48.865285],[2.228117,48.863498],[2.23083,48.863687]]]},"properties":{"id":"CRS3035RES200mN2891200E3751800","population":1.0,"households":0.4,"poverty_rate":0.0,"senior_rate":0.1,"single_parent_rate":0.0,"social_housing_rate":0.0,"imputed":true,"vulnerability":5.5}},{"type":"Feature","geometry":{"type":"Polygon","coordinates":[[[2.271523,48.866521],[2.271243,48.868309],[2.26853,48.868121],[2.26881,48.866333],[2.271523,48.866521]]]},"properties":{"id":"CRS3035RES200mN2891200E3754800","population":284.5,"households":92.7,"poverty_rate":0.21251348435814454,"senior_rate":0.048506151142355014,"single_parent_rate":0.2664509169363538,"social_housing_rate":0.9784250269687162,"imputed":true,"vulnerability":39.5}},{"type":"Feature","geometry":{"type":"Polygon","coordinates":[[[2.274236,48.86671],[2.273956,48.868498],[2.271243,48.868309],[2.271523,48.866521],[2.274236,48.86671]]]},"properties":{"id":"CRS3035RES200mN2891200E3755000","population":673.0,"households":310.0,"poverty_rate":0.1774193548387097,"senior_rate":0.1887072808320951,"single_parent_rate":0.09032258064516129,"social_housing_rate":0.0,"imputed":false,"vulnerability":23.2}},{"type":"Feature","geometry":{"type":"Polygon","coordinates":[[[2.276949,48.866898],[2.276669,48.868686],[2.273956,48.868498],[2.274236,48.86671],[2.276949,48.866898]]]},"properties":{"id":"CRS3035RES200mN2891200E3755200","population":1088.5,"households":534.0,"poverty_rate":0.14606741573033707,"senior_rate":0.23334864492420762,"single_parent_rate":0.07677902621722846,"social_housing_rate":0.0,"imputed":false,"vulnerability":23.5}},{"type":"Feature","geometry":{"type":"Polygon","coordinates":[[[2.279662,48.867087],[2.279382,48.868874],[2.276669,48.868686],[2.276949,48.866898],[2.279662,48.867087]]]},"properties":{"id":"CRS3035RES200mN2891200E3755400","population":964.0,"households":420.0,"poverty_rate":0.1380952380952381,"senior_rate":0.18464730290456433,"single_parent_rate":0.07857142857142857,"social_housing_rate":0.0,"imputed":false,"vulnerability":20.5}},{"type":"Feature","geometry":{"type":"Polygon","coordinates":[[[2.282375,48.867275],[2.282095,48.869062],[2.279382,48.868874],[2.279662,48.867087],[2.282375,48.867275]]]},"properties":{"id":"CRS3035RES200mN2891200E3755600","population":1311.5,"households":595.0,"poverty_rate":0.13445378151260504,"senior_rate":0.17842165459397635,"single_parent_rate":0.08907563025210084,"social_housing_rate":0.0,"imputed":false,"vulnerability":20.4}},{"type":"Feature","geometry":{"type":"Polygon","coordinates":[[[2.285088,48.867463],[2.284809,48.869251],[2.282095,48.869062],[2.282375,48.867275],[2.285088,48.867463]]]},"properties":{"id":"CRS3035RES200mN2891200E3755800","population":1168.0,"households":554.0,"poverty_rate":0.13357400722021662,"senior_rate":0.1934931506849315,"single_parent_rate":0.11371841155234658,"social_housing_rate":0.09025270758122744,"imputed":false,"vulnerability":23.6}},{"type":"Feature","geometry":{"type":"Polygon","coordinates":[[[2.287801,48.867651],[2.287522,48.869439],[2.284809,48.869251],[2.285088,48.867463],[2.287801,48.867651]]]},"properties":{"id":"CRS3035RES200mN2891200E3756000","population":1151.0,"households":483.0,"poverty_rate":0.17184265010351968,"senior_rate":0.12771503040834056,"single_parent_rate":0.11801242236024845,"social_housing_rate":0.031055900621118012,"imputed":false,"vulnerability":21.2}},{"type":"Feature","geometry":{"type":"Polygon","coordinates":[[[2.290514,48.867839],[2.290235,48.869627],[2.287522,48.869439],[2.287801,48.867651],[2.290514,48.867839]]]},"properties":{"id":"CRS3035RES200mN2891200E3756200","population":1028.0,"households":565.0,"poverty_rate":0.1256637168141593,"senior_rate":0.20330739299610895,"single_parent_rate":0.09026548672566372,"social_housing_rate":0.08141592920353982,"imputed":false,"vulnerability":22.6}},{"type":"Feature","geometry":{"type":"Polygon","coordinates":[[[2.293227,48.868027],[2.292948,48.869815],[2.290235,48.869627],[2.290514,48.867839],[2.293227,48.868027]]]},"properties":{"id":"CRS3035RES200mN2891200E3756400","population":589.5,"households":298.0,"poverty_rate":0.14093959731543623,"senior_rate":0.23070398642917728,"single_parent_rate":0.06711409395973154,"social_housing_rate":0.0,"imputed":false,"vulnerability":22.6}},{"type":"Feature","geometry":{"type":"Polygon","coordinates":[[[2.29594,48.868215],[2.295661,48.870003],[2.292948,48.869815],[2.293227,48.868027],[2.29594,48.868215]]]},"properties":{"id":"CRS3035RES200mN2891200E3756600","population":346.5,"households":173.0,"poverty_rate":0.1676300578034682,"senior_rate":0.21645021645021645,"single_parent_rate":0.057803468208092484,"social_housing_rate":0.005780346820809248,"imputed":false,"vulnerability":22.9}},{"type":"Feature","geometry":{"type":"Polygon","coordinates":[[[2.298653,48.868403],[2.298375,48.87019],[2.295661,48.870003],[2.29594,48.868215],[2.298653,48.868403]]]},"properties":{"id":"CRS3035RES200mN2891200E3756800","population":556.0,"households":298.0,"poverty_rate":0.13087248322147652,"senior_rate":0.22661870503597123,"single_parent_rate":0.08389261744966443,"social_housing_rate":0.0,"imputed":false,"vulnerability":22.6}},{"type":"Feature","geometry":{"type":"Polygon","coordinates":[[[2.301367,48.868591],[2.301088,48.870378],[2.298375,48.87019],[2.298653,48.868403],[2.301367,48.868591]]]},"properties":{"id":"CRS3035RES200mN2891200E3757000","population":316.5,"households":171.0,"poverty_rate":0.25146198830409355,"senior_rate":0.24328593996840442,"single_parent_rate":0.08187134502923976,"social_housing_rate":0.0,"imputed":false,"vulnerability":29.5}},{"type":"Feature","geometry":{"type":"Polygon","coordinates":[[[2.30408,48.868778],[2.303801,48.870566],[2.301088,48.870378],[2.301367,48.868591],[2.30408,48.868778]]]},"properties":{"id":"CRS3035RES200mN2891200E3757200","population":272.0,"households":154.0,"poverty_rate":0.21428571428571427,"senior_rate":0.17279411764705882,"single_parent_rate":0.06493506493506493,"social_housing_rate":0.0,"imputed":false,"vulnerability":23.0}},{"type":"Feature","geometry":{"type":"Polygon","coordinates":[[[2.306793,48.868966],[2.306515,48.870754],[2.303801,48.870566],[2.30408,48.868778],[2.306793,48.868966]]]},"properties":{"id":"CRS3035RES200mN2891200E3757400","population":118.5,"households":64.0,"poverty_rate":0.203125,"senior_rate":0.16877637130801687,"single_parent_rate":0.0625,"social_housing_rate":0.0,"imputed":false,"vulnerability":22.1}},{"type":"Feature","geometry":{"type":"Polygon","coordinates":[[[2.309506,48.869153],[2.309228,48.870941],[2.306515,48.870754],[2.306793,48.868966],[2.309506,48.869153]]]},"properties":{"id":"CRS3035RES200mN2891200E3757600","population":139.0,"households":80.0,"poverty_rate":0.175,"senior_rate":0.16546762589928057,"single_parent_rate":0.1,"social_housing_rate":0.0,"imputed":false,"vulnerability":22.2}},{"type":"Feature","geometry":{"type":"Polygon","coordinates":[[[2.31222,48.869341],[2.311941,48.871129],[2.309228,48.870941],[2.309506,48.869153],[2.31222,48.869341]]]},"properties":{"id":"CRS3035RES200mN2891200E3757800","population":310.0,"households":185.0,"poverty_rate":0.10810810810810811,"senior_rate":0.22258064516129034,"single_parent_rate":0.08648648648648649,"social_housing_rate":0.0,"imputed":false,"vulnerability":21.4}},{"type":"Feature","geometry":{"type":"Polygon","coordinates":[[[2.314933,48.869528],[2.314655,48.871316],[2.311941,48.871129],[2.31222,48.869341],[2.314933,48.869528]]]},"properties":{"id":"CRS3035RES200mN2891200E3758000","population":170.5,"households":95.0,"poverty_rate":0.17894736842105263,"senior_rate":0.3343108504398827,"single_parent_rate":0.1368421052631579,"social_housing_rate":0.0,"imputed":false,"vulnerability":33.3}},{"type":"Feature","geometry":{"type":"Polygon","coordinates":[[[2.317646,48.869716],[2.317368,48.871504],[2.314655,48.871316],[2.314933,48.869528],[2.317646,48.869716]]]},"properties":{"id":"CRS3035RES200mN2891200E3758200","population":147.0,"households":91.0,"poverty_rate":0.2087912087912088,"senior_rate":0.23129251700680273,"single_parent_rate":0.0989010989010989,"social_housing_rate":0.0,"imputed":false,"vulnerability":27.4}},{"type":"Feature","geometry":{"type":"Polygon","coordinates":[[[2.32036,48.869903],[2.320081,48.871691],[2.317368,48.871504],[2.317646,48.869716],[2.32036,48.869903]]]},"properties":{"id":"CRS3035RES200mN2891200E3758400","population":231.0,"households":135.0,"poverty_rate":0.11851851851851852,"senior_rate":0.19047619047619047,"single_parent_rate":0.05925925925925926,"social_housing_rate":0.0,"imputed":false,"vulnerability":19.0}},{"type":"Feature","geometry":{"type":"Polygon","coordinates":[[[2.323073,48.87009],[2.322795,48.871878],[2.320081,48.871691],[2.32036,48.869903],[2.323073,48.87009]]]},"properties":{"id":"CRS3035RES200mN2891200E3758600","population":342.5,"households":183.0,"poverty_rate":0.14754098360655737,"senior_rate":0.181021897810219,"single_parent_rate":0.060109289617486336,"social_housing_rate":0.08743169398907104,"imputed":false,"vulnerability":21.2}},{"type":"Feature","geometry":{"type":"Polygon","coordinates":[[[2.325786,48.870277],[2.325508,48.872065],[2.322795,48.871878],[2.323073,48.87009],[2.325786,48.870277]]]},"properties":{"id":"CRS3035RES200mN2891200E3758800","population":266.5,"households":125.0,"poverty_rate":0.144,"senior_rate":0.150093808630394,"single_parent_rate":0.08,"social_housing_rate":0.0,"imputed":false,"vulnerability":18.9}},{"type":"Feature","geometry":{"type":"Polygon","coordinates":[[[2.3285,48.870465],[2.328222,48.872252],[2.325508,48.872065],[2.325786,48.870277],[2.3285,48.870465]]]},"properties":{"id":"CRS3035RES200mN2891200E3759000","population":659.5,"households":342.0,"poverty_rate":0.0935672514619883,"senior_rate":0.2047005307050796,"single_parent_rate":0.06432748538011696,"social_housing_rate":0.03216374269005848,"imputed":false,"vulnerability":19.2}},{"type":"Feature","geometry":{"type":"Polygon","coordinates":[[[2.331213,48.870652],[2.330935,48.872439],[2.328222,48.872252],[2.3285,48.870465],[2.331213,48.870652]]]},"properties":{"id":"CRS3035RES200mN2891200E3759200","population":180.0,"households":91.0,"poverty_rate":0.06593406593406594,"senior_rate":0.15,"single_parent_rate":0.10989010989010989,"social_housing_rate":0.0,"imputed":false,"vulnerability":16.3}},{"type":"Feature","geometry":{"type":"Polygon","coordinates":[[[2.333926,48.870839],[2.333649,48.872626],[2.330935,48.872439],[2.331213,48.870652],[2.333926,48.870839]]]},"properties":{"id":"CRS3035RES200mN2891200E3759400","population":10.0,"households":5.3,"poverty_rate":0.11320754716981132,"senior_rate":0.13,"single_parent_rate":0.11320754716981132,"social_housing_rate":0.0,"imputed":true,"vulnerability":17.7}},{"type":"Feature","geometry":{"type":"Polygon","coordinates":[[[2.33664,48.871026],[2.336362,48.872813],[2.333649,48.872626],[2.333926,48.870839],[2.33664,48.871026]]]},"properties":{"id":"CRS3035RES200mN2891200E3759600","population":232.5,"households":113.0,"poverty_rate":0.168141592920354,"senior_rate":0.12473118279569892,"single_parent_rate":0.11504424778761062,"social_housing_rate":0.37168141592920356,"imputed":false,"vulnerability":25.8}},{"type":"Feature","geometry":{"type":"Polygon","coordinates":[[[2.339353,48.871212],[2.339076,48.873],[2.336362,48.872813],[2.33664,48.871026],[2.339353,48.871212]]]},"properties":{"id":"CRS3035RES200mN2891200E3759800","population":61.5,"households":31.0,"poverty_rate":0.0967741935483871,"senior_rate":0.17886178861788618,"single_parent_rate":0.0967741935483871,"social_housing_rate":0.0,"imputed":false,"vulnerability":18.9}},{"type":"Feature","geometry":{"type":"Polygon","coordinates":[[[2.342067,48.871399],[2.341789,48.873187],[2.339076,48.873],[2.339353,48.871212],[2.342067,48.871399]]]},"properties":{"id":"CRS3035RES200mN2891200E3760000","population":466.0,"households":256.0,"poverty_rate":0.1328125,"senior_rate":0.16952789699570817,"single_parent_rate":0.0546875,"social_housing_rate":0.0,"imputed":false,"vulnerability":18.3}},{"type":"Feature","geometry":{"type":"Polygon","coordinates":[[[2.34478,48.871586],[2.344503,48.873374],[2.341789,48.873187],[2.342067,48.871399],[2.34478,48.871586]]]},"properties":{"id":"CRS3035RES200mN2891200E3760200","population":1083.0,"households":544.0,"poverty_rate":0.18382352941176472,"senior_rate":0.1523545706371191,"single_parent_rate":0.11397058823529412,"social_housing_rate":0.28125,"imputed":false,"vulnerability":26.7}},{"type":"Feature","geometry":{"type":"Polygon","coordinates":[[[2.347494,48.871772],[2.347217,48.87356],[2.344503,48.873374],[2.34478,48.871586],[2.347494,48.871772]]]},"properties":{"id":"CRS3035RES200mN2891200E3760400","population":609.0,"households":299.0,"poverty_rate":0.13377926421404682,"senior_rate":0.13628899835796388,"single_parent_rate":0.08361204013377926,"social_housing_rate":0.18394648829431437,"imputed":false,"vulnerability":20.6}},{"type":"Feature","geometry":{"type":"Polygon","coordinates":[[[2.350207,48.871959],[2.34993,48.873747],[2.347217,48.87356],[2.347494,48.871772],[2.350207,48.871959]]]},"properties":{"id":"CRS3035RES200mN2891200E3760600","population":1191.5,"households":584.0,"poverty_rate":0.15924657534246575,"senior_rate":0.15526647083508183,"single_parent_rate":0.09417808219178082,"social_housing_rate":0.18664383561643835,"imputed":false,"vulnerability":23.4}},{"type":"Feature","geometry":{"type":"Polygon","coordinates":[[[2.352921,48.872146],[2.352644,48.873933],[2.34993,48.873747],[2.350207,48.871959],[2.352921,48.872146]]]},"properties":{"id":"CRS3035RES200mN2891200E3760800","population":1594.5,"households":850.0,"poverty_rate":0.1376470588235294,"senior_rate":0.1442458450925055,"single_parent_rate":0.08352941176470588,"social_housing_rate":0.17411764705882352,"imputed":false,"vulnerability":21.0}},{"type":"Feature","geometry":{"type":"Polygon","coordinates":[[[2.355634,48.872332],[2.355358,48.87412],[2.352644,48.873933],[2.352921,48.872146],[2.355634,48.872332]]]},"properties":{"id":"CRS3035RES200mN2891200E3761000","population":1653.0,"households":894.0,"poverty_rate":0.16778523489932887,"senior_rate":0.14337568058076225,"single_parent_rate":0.09284116331096197,"social_housing_rate":0.07718120805369127,"imputed":false,"vulnerability":21.4}},{"type":"Feature","geometry":{"type":"Polygon","coordinates":[[[2.358348,48.872518],[2.358071,48.874306],[2.355358,48.87412],[2.355634,48.872332],[2.358348,48.872518]]]},"properties":{"id":"CRS3035RES200mN2891200E3761200","population":1529.0,"households":800.0,"poverty_rate":0.14375,"senior_rate":0.118378024852845,"single_parent_rate":0.07,"social_housing_rate":0.10125,"imputed":false,"vulnerability":18.2}},{"type":"Feature","geometry":{"type":"Polygon","coordinates":[[[2.361062,48.872705],[2.360785,48.874493],[2.358071,48.874306],[2.358348,48.872518],[2.361062,48.872705]]]},"properties":{"id":"CRS3035RES200mN2891200E3761400","population":1074.5,"households":568.0,"poverty_rate":0.16725352112676056,"senior_rate":0.14797580269892974,"single_parent_rate":0.06866197183098592,"social_housing_rate":0.10211267605633803,"imputed":false,"vulnerability":21.0}},{"type":"Feature","geometry":{"type":"Polygon","coordinates":[[[2.363775,48.872891],[2.363499,48.874679],[2.360785,48.874493],[2.361062,48.872705],[2.363775,48.872891]]]},"properties":{"id":"CRS3035RES200mN2891200E3761600","population":1536.0,"households":909.0,"poverty_rate":0.1342134213421342,"senior_rate":0.18684895833333334,"single_parent_rate":0.08360836083608361,"social_housing_rate":0.09020902090209021,"imputed":false,"vulnerability":22.0}},{"type":"Feature","geometry":{"type":"Polygon","coordinates":[[[2.366489,48.873077],[2.366212,48.874865],[2.363499,48.874679],[2.363775,48.872891],[2.366489,48.873077]]]},"properties":{"id":"CRS3035RES200mN2891200E3761800","population":1028.0,"households":566.0,"poverty_rate":0.14487632508833923,"senior_rate":0.1517509727626459,"single_parent_rate":0.07597173144876325,"social_housing_rate":0.028268551236749116,"imputed":false,"vulnerability":19.3}},{"type":"Feature","geometry":{"type":"Polygon","coordinates":[[[2.369202,48.873263],[2.368926,48.875051],[2.366212,48.874865],[2.366489,48.873077],[2.369202,48.873263]]]},"properties":{"id":"CRS3035RES200mN2891200E3762000","population":115.0,"households":45.0,"poverty_rate":0.044444444444444446,"senior_rate":0.043478260869565216,"single_parent_rate":0.044444444444444446,"social_housing_rate":0.0,"imputed":false,"vulnerability":6.5}},{"type":"Feature","geometry":{"type":"Polygon","coordinates":[[[2.371916,48.873449],[2.37164,48.875237],[2.368926,48.875051],[2.369202,48.873263],[2.371916,48.873449]]]},"properties":{"id":"CRS3035RES200mN2891200E3762200","population":1337.5,"households":749.0,"poverty_rate":0.20160213618157544,"senior_rate":0.14953271028037382,"single_parent_rate":0.07343124165554073,"social_housing_rate":0.19225634178905207,"imputed":false,"vulnerability":24.4}},{"type":"Feature","geometry":{"type":"Polygon","coordinates":[[[2.37463,48.873635],[2.374354,48.875423],[2.37164,48.875237],[2.371916,48.873449],[2.37463,48.873635]]]},"properties":{"id":"CRS3035RES200mN2891200E3762400","population":1865.0,"households":995.0,"poverty_rate":0.20301507537688443,"senior_rate":0.12815013404825737,"single_parent_rate":0.08844221105527639,"social_housing_rate":0.21708542713567838,"imputed":false,"vulnerability":24.3}},{"type":"Feature","geometry":{"type":"Polygon","coordinates":[[[2.377344,48.873821],[2.377068,48.875609],[2.374354,48.875423],[2.37463,48.873635],[2.377344,48.873821]]]},"properties":{"id":"CRS3035RES200mN2891200E3762600","population":1754.5,"households":715.0,"poverty_rate":0.1874125874125874,"senior_rate":0.17497862638928469,"single_parent_rate":0.11328671328671329,"social_housing_rate":0.2895104895104895,"imputed":false,"vulnerability":28.2}},{"type":"Feature","geometry":{"type":"Polygon","coordinates":[[[2.380057,48.874007],[2.379781,48.875795],[2.377068,48.875609],[2.377344,48.873821],[2.380057,48.874007]]]},"properties":{"id":"CRS3035RES200mN2891200E3762800","population":2365.5,"households":1022.0,"poverty_rate":0.19765166340508805,"senior_rate":0.1636017755231452,"single_parent_rate":0.13013698630136986,"social_housing_rate":0.44031311154598823,"imputed":false,"vulnerability":31.1}},{"type":"Feature","geometry":{"type":"Polygon","coordinates":[[[2.382771,48.874193],[2.382495,48.875981],[2.379781,48.875795],[2.380057,48.874007],[2.382771,48.874193]]]},"properties":{"id":"CRS3035RES200mN2891200E3763000","population":1472.5,"households":845.0,"poverty_rate":0.15857988165680473,"senior_rate":0.12699490662139218,"single_parent_rate":0.08757396449704143,"social_housing_rate":0.08757396449704143,"imputed":false,"vulnerability":20.0}},{"type":"Feature","geometry":{"type":"Polygon","coordinates":[[[2.385485,48.874379],[2.385209,48.876167],[2.382495,48.875981],[2.382771,48.874193],[2.385485,48.874379]]]},"properties":{"id":"CRS3035RES200mN2891200E3763200","population":1346.5,"households":730.0,"poverty_rate":0.11917808219178082,"senior_rate":0.17452655031563313,"single_parent_rate":0.08767123287671233,"social_housing_rate":0.12602739726027398,"imputed":false,"vulnerability":21.2}},{"type":"Feature","geometry":{"type":"Polygon","coordinates":[[[2.388199,48.874564],[2.387923,48.876352],[2.385209,48.876167],[2.385485,48.874379],[2.388199,48.874564]]]},"properties":{"id":"CRS3035RES200mN2891200E3763400","population":2066.5,"households":1152.0,"poverty_rate":0.12065972222222222,"senior_rate":0.16694894749576578,"single_parent_rate":0.10590277777777778,"social_housing_rate":0.109375,"imputed":false,"vulnerability":21.4}},{"type":"Feature","geometry":{"type":"Polygon","coordinates":[[[2.390912,48.87475],[2.390637,48.876538],[2.387923,48.876352],[2.388199,48.874564],[2.390912,48.87475]]]},"properties":{"id":"CRS3035RES200mN2891200E3763600","population":1089.5,"households":609.0,"poverty_rate":0.11330049261083744,"senior_rate":0.17255621844882973,"single_parent_rate":0.09195402298850575,"social_housing_rate":0.060755336617405585,"imputed":false,"vulnerability":20.0}},{"type":"Feature","geometry":{"type":"Polygon","coordinates":[[[2.393626,48.874935],[2.393351,48.876723],[2.390637,48.876538],[2.390912,48.87475],[2.393626,48.874935]]]},"properties":{"id":"CRS3035RES200mN2891200E3763800","population":1771.0,"households":970.0,"poverty_rate":0.13917525773195877,"senior_rate":0.19311123658949747,"single_parent_rate":0.10103092783505155,"social_housing_rate":0.4896907216494845,"imputed":false,"vulnerability":29.3}},{"type":"Feature","geometry":{"type":"Polygon","coordinates":[[[2.39634,48.875121],[2.396065,48.876909],[2.393351,48.876723],[2.393626,48.874935],[2.39634,48.875121]]]},"properties":{"id":"CRS3035RES200mN2891200E3764000","population":1534.5,"households":663.0,"poverty_rate":0.22021116138763197,"senior_rate":0.2274356467904855,"single_parent_rate":0.1568627450980392,"social_housing_rate":0.9004524886877828,"imputed":false,"vulnerability":43.8}},{"type":"Feature","geometry":{"type":"Polygon","coordinates":[[[2.399054,48.875306],[2.398779,48.877094],[2.396065,48.876909],[2.39634,48.875121],[2.399054,48.875306]]]},"properties":{"id":"CRS3035RES200mN2891200E3764200","population":692.5,"households":341.0,"poverty_rate":0.26099706744868034,"senior_rate":0.17906137184115523,"single_parent_rate":0.08211143695014662,"social_housing_rate":0.2697947214076246,"imputed":false,"vulnerability":30.5}},{"type":"Feature","geometry":{"type":"Polygon","coordinates":[[[2.401768,48.875492],[2.401493,48.87728],[2.398779,48.877094],[2.399054,48.875306],[2.401768,48.875492]]]},"properties":{"id":"CRS3035RES200mN2891200E3764400","population":1842.0,"households":901.0,"poverty_rate":0.15538290788013318,"senior_rate":0.15418023887079263,"single_parent_rate":0.1309655937846837,"social_housing_rate":0.22752497225305215,"imputed":false,"vulnerability":25.3}},{"type":"Feature","geometry":{"type":"Polygon","coordinates":[[[2.404482,48.875677],[2.404207,48.877465],[2.401493,48.87728],[2.401768,48.875492],[2.404482,48.875677]]]},"properties":{"id":"CRS3035RES200mN2891200E3764600","population":2345.5,"households":1179.0,"poverty_rate":0.21289228159457166,"senior_rate":0.1526327009166489,"single_parent_rate":0.10432569974554708,"social_housing_rate":0.24257845631891434,"imputed":false,"vulnerability":27.2}},{"type":"Feature","geometry":{"type":"Polygon","coordinates":[[[2.407196,48.875862],[2.406921,48.87765],[2.404207,48.877465],[2.404482,48.875677],[2.407196,48.875862]]]},"properties":{"id":"CRS3035RES200mN2891200E3764800","population":672.0,"households":338.0,"poverty_rate":0.26627218934911245,"senior_rate":0.16815476190476192,"single_parent_rate":0.09171597633136094,"social_housing_rate":0.46449704142011833,"imputed":false,"vulnerability":33.5}},{"type":"Feature","geometry":{"type":"Polygon","coordinates":[[[2.40991,48.876047],[2.409635,48.877835],[2.406921,48.87765],[2.407196,48.875862],[2.40991,48.876047]]]},"properties":{"id":"CRS3035RES200mN2891200E3765000","population":483.5,"households":211.0,"poverty_rate":0.24644549763033174,"senior_rate":0.09100310237849017,"single_parent_rate":0.2796208530805687,"social_housing_rate":0.995260663507109,"imputed":false,"vulnerability":44.3}},{"type":"Feature","geometry":{"type":"Polygon","coordinates":[[[2.412624,48.876232],[2.412349,48.87802],[2.409635,48.877835],[2.40991,48.876047],[2.412624,48.876232]]]},"properties":{"id":"CRS3035RES200mN2891200E3765200","population":884.5,"households":334.0,"poverty_rate":0.2245508982035928,"senior_rate":0.15602035048049745,"single_parent_rate":0.20658682634730538,"social_housing_rate":0.7964071856287425,"imputed":false,"vulnerability":40.7}},{"type":"Feature","geometry":{"type":"Polygon","coordinates":[[[2.238687,48.866043],[2.238406,48.86783],[2.235693,48.867641],[2.235974,48.865853],[2.238687,48.866043]]]},"properties":{"id":"CRS3035RES200mN2891400E3752400","population":4.0,"households":2.0,"poverty_rate":0.0,"senior_rate":0.0,"single_parent_rate":0.05,"social_housing_rate":0.0,"imputed":true,"vulnerability":2.2}},{"type":"Feature","geometry":{"type":"Polygon","coordinates":[[[2.273956,48.868498],[2.273676,48.870285],[2.270963,48.870097],[2.271243,48.868309],[2.273956,48.868498]]]},"properties":{"id":"CRS3035RES200mN2891400E3755000","population":55.0,"households":24.0,"poverty_rate":0.08333333333333333,"senior_rate":0.21818181818181817,"single_parent_rate":0.125,"social_housing_rate":0.0,"imputed":false,"vulnerability":21.6}},{"type":"Feature","geometry":{"type":"Polygon","coordinates":[[[2.276669,48.868686],[2.276389,48.870474],[2.273676,48.870285],[2.273956,48.868498],[2.276669,48.868686]]]},"properties":{"id":"CRS3035RES200mN2891400E3755200","population":792.0,"households":376.0,"poverty_rate":0.17553191489361702,"senior_rate":0.22095959595959597,"single_parent_rate":0.09042553191489362,"social_housing_rate":0.0,"imputed":false,"vulnerability":24.8}},{"type":"Feature","geometry":{"type":"Polygon","coordinates":[[[2.279382,48.868874],[2.279103,48.870662],[2.276389,48.870474],[2.276669,48.868686],[2.279382,48.868874]]]},"properties":{"id":"CRS3035RES200mN2891400E3755400","population":968.5,"households":448.0,"poverty_rate":0.18303571428571427,"senior_rate":0.20753742901393907,"single_parent_rate":0.09598214285714286,"social_housing_rate":0.0,"imputed":false,"vulnerability":24.7}},{"type":"Feature","geometry":{"type":"Polygon","coordinates":[[[2.282095,48.869062],[2.281816,48.87085],[2.279103,48.870662],[2.279382,48.868874],[2.282095,48.869062]]]},"properties":{"id":"CRS3035RES200mN2891400E3755600","population":622.5,"households":279.0,"poverty_rate":0.14336917562724014,"senior_rate":0.2570281124497992,"single_parent_rate":0.043010752688172046,"social_housing_rate":0.0,"imputed":false,"vulnerability":23.2}},{"type":"Feature","geometry":{"type":"Polygon","coordinates":[[[2.284809,48.869251],[2.284529,48.871038],[2.281816,48.87085],[2.282095,48.869062],[2.284809,48.869251]]]},"properties":{"id":"CRS3035RES200mN2891400E3755800","population":1098.5,"households":485.0,"poverty_rate":0.15670103092783505,"senior_rate":0.16841147018661812,"single_parent_rate":0.1154639175257732,"social_housing_rate":0.0,"imputed":false,"vulnerability":22.1}},{"type":"Feature","geometry":{"type":"Polygon","coordinates":[[[2.287522,48.869439],[2.287242,48.871226],[2.284529,48.871038],[2.284809,48.869251],[2.287522,48.869439]]]},"properties":{"id":"CRS3035RES200mN2891400E3756000","population":707.0,"households":310.0,"poverty_rate":0.14516129032258066,"senior_rate":0.2036775106082037,"single_parent_rate":0.0935483870967742,"social_housing_rate":0.0,"imputed":false,"vulnerability":22.5}},{"type":"Feature","geometry":{"type":"Polygon","coordinates":[[[2.290235,48.869627],[2.289956,48.871414],[2.287242,48.871226],[2.287522,48.869439],[2.290235,48.869627]]]},"properties":{"id":"CRS3035RES200mN2891400E3756200","population":718.5,"households":325.0,"poverty_rate":0.13846153846153847,"senior_rate":0.20041753653444677,"single_parent_rate":0.07076923076923076,"social_housing_rate":0.0,"imputed":false,"vulnerability":21.0}},{"type":"Feature","geometry":{"type":"Polygon","coordinates":[[[2.292948,48.869815],[2.292669,48.871602],[2.289956,48.871414],[2.290235,48.869627],[2.292948,48.869815]]]},"properties":{"id":"CRS3035RES200mN2891400E3756400","population":781.5,"households":442.0,"poverty_rate":0.167420814479638,"senior_rate":0.19705694177863084,"single_parent_rate":0.07013574660633484,"social_housing_rate":0.0,"imputed":false,"vulnerability":22.2}},{"type":"Feature","geometry":{"type":"Polygon","coordinates":[[[2.295661,48.870003],[2.295382,48.87179],[2.292669,48.871602],[2.292948,48.869815],[2.295661,48.870003]]]},"properties":{"id":"CRS3035RES200mN2891400E3756600","population":76.5,"households":34.0,"poverty_rate":0.23529411764705882,"senior_rate":0.23529411764705882,"single_parent_rate":0.14705882352941177,"social_housing_rate":0.0,"imputed":false,"vulnerability":31.1}},{"type":"Feature","geometry":{"type":"Polygon","coordinates":[[[2.298375,48.87019],[2.298096,48.871978],[2.295382,48.87179],[2.295661,48.870003],[2.298375,48.87019]]]},"properties":{"id":"CRS3035RES200mN2891400E3756800","population":391.5,"households":191.0,"poverty_rate":0.19895287958115182,"senior_rate":0.25798212005108556,"single_parent_rate":0.07329842931937172,"social_housing_rate":0.0,"imputed":false,"vulnerability":27.3}},{"type":"Feature","geometry":{"type":"Polygon","coordinates":[[[2.301088,48.870378],[2.300809,48.872166],[2.298096,48.871978],[2.298375,48.87019],[2.301088,48.870378]]]},"properties":{"id":"CRS3035RES200mN2891400E3757000","population":113.5,"households":58.0,"poverty_rate":0.10344827586206896,"senior_rate":0.22026431718061673,"single_parent_rate":0.034482758620689655,"social_housing_rate":0.0,"imputed":false,"vulnerability":18.8}},{"type":"Feature","geometry":{"type":"Polygon","coordinates":[[[2.303801,48.870566],[2.303523,48.872354],[2.300809,48.872166],[2.301088,48.870378],[2.303801,48.870566]]]},"properties":{"id":"CRS3035RES200mN2891400E3757200","population":34.0,"households":16.1,"poverty_rate":0.22360248447204967,"senior_rate":0.10588235294117647,"single_parent_rate":0.11180124223602483,"social_housing_rate":0.0,"imputed":true,"vulnerability":21.8}},{"type":"Feature","geometry":{"type":"Polygon","coordinates":[[[2.306515,48.870754],[2.306236,48.872541],[2.303523,48.872354],[2.303801,48.870566],[2.306515,48.870754]]]},"properties":{"id":"CRS3035RES200mN2891400E3757400","population":189.0,"households":120.0,"poverty_rate":0.25833333333333336,"senior_rate":0.19047619047619047,"single_parent_rate":0.08333333333333333,"social_housing_rate":0.0,"imputed":false,"vulnerability":27.0}},{"type":"Feature","geometry":{"type":"Polygon","coordinates":[[[2.309228,48.870941],[2.308949,48.872729],[2.306236,48.872541],[2.306515,48.870754],[2.309228,48.870941]]]},"properties":{"id":"CRS3035RES200mN2891400E3757600","population":626.0,"households":328.0,"poverty_rate":0.16463414634146342,"senior_rate":0.1757188498402556,"single_parent_rate":0.07621951219512195,"social_housing_rate":0.0,"imputed":false,"vulnerability":21.2}},{"type":"Feature","geometry":{"type":"Polygon","coordinates":[[[2.311941,48.871129],[2.311663,48.872916],[2.308949,48.872729],[2.309228,48.870941],[2.311941,48.871129]]]},"properties":{"id":"CRS3035RES200mN2891400E3757800","population":406.0,"households":205.0,"poverty_rate":0.15609756097560976,"senior_rate":0.15270935960591134,"single_parent_rate":0.08292682926829269,"social_housing_rate":0.0,"imputed":false,"vulnerability":19.8}},{"type":"Feature","geometry":{"type":"Polygon","coordinates":[[[2.314655,48.871316],[2.314376,48.873104],[2.311663,48.872916],[2.311941,48.871129],[2.314655,48.871316]]]},"properties":{"id":"CRS3035RES200mN2891400E3758000","population":473.5,"households":231.0,"poverty_rate":0.09090909090909091,"senior_rate":0.15417106652587118,"single_parent_rate":0.08225108225108226,"social_housing_rate":0.0,"imputed":false,"vulnerability":16.6}},{"type":"Feature","geometry":{"type":"Polygon","coordinates":[[[2.317368,48.871504],[2.31709,48.873291],[2.314376,48.873104],[2.314655,48.871316],[2.317368,48.871504]]]},"properties":{"id":"CRS3035RES200mN2891400E3758200","population":532.5,"households":295.0,"poverty_rate":0.16610169491525423,"senior_rate":0.19906103286384977,"single_parent_rate":0.07457627118644068,"social_housing_rate":0.05423728813559322,"imputed":false,"vulnerability":23.3}},{"type":"Feature","geometry":{"type":"Polygon","coordinates":[[[2.320081,48.871691],[2.319803,48.873479],[2.31709,48.873291],[2.317368,48.871504],[2.320081,48.871691]]]},"properties":{"id":"CRS3035RES200mN2891400E3758400","population":239.5,"households":122.0,"poverty_rate":0.13114754098360656,"senior_rate":0.19206680584551147,"single_parent_rate":0.06557377049180328,"social_housing_rate":0.0,"imputed":false,"vulnerability":20.0}},{"type":"Feature","geometry":{"type":"Polygon","coordinates":[[[2.322795,48.871878],[2.322517,48.873666],[2.319803,48.873479],[2.320081,48.871691],[2.322795,48.871878]]]},"properties":{"id":"CRS3035RES200mN2891400E3758600","population":243.0,"households":116.0,"poverty_rate":0.04310344827586207,"senior_rate":0.1728395061728395,"single_parent_rate":0.07758620689655173,"social_housing_rate":0.0,"imputed":false,"vulnerability":15.0}},{"type":"Feature","geometry":{"type":"Polygon","coordinates":[[[2.325508,48.872065],[2.32523,48.873853],[2.322517,48.873666],[2.322795,48.871878],[2.325508,48.872065]]]},"properties":{"id":"CRS3035RES200mN2891400E3758800","population":534.0,"households":272.0,"poverty_rate":0.11397058823529412,"senior_rate":0.13670411985018727,"single_parent_rate":0.058823529411764705,"social_housing_rate":0.11397058823529412,"imputed":false,"vulnerability":17.5}},{"type":"Feature","geometry":{"type":"Polygon","coordinates":[[[2.328222,48.872252],[2.327944,48.87404],[2.32523,48.873853],[2.325508,48.872065],[2.328222,48.872252]]]},"properties":{"id":"CRS3035RES200mN2891400E3759000","population":492.0,"households":250.0,"poverty_rate":0.148,"senior_rate":0.17479674796747968,"single_parent_rate":0.06,"social_housing_rate":0.052,"imputed":false,"vulnerability":20.4}},{"type":"Feature","geometry":{"type":"Polygon","coordinates":[[[2.330935,48.872439],[2.330658,48.874227],[2.327944,48.87404],[2.328222,48.872252],[2.330935,48.872439]]]},"properties":{"id":"CRS3035RES200mN2891400E3759200","population":58.0,"households":30.7,"poverty_rate":0.11074918566775244,"senior_rate":0.1327586206896552,"single_parent_rate":0.11074918566775244,"social_housing_rate":0.0,"imputed":true,"vulnerability":17.6}},{"type":"Feature","geometry":{"type":"Polygon","coordinates":[[[2.333649,48.872626],[2.333371,48.874414],[2.330658,48.874227],[2.330935,48.872439],[2.333649,48.872626]]]},"properties":{"id":"CRS3035RES200mN2891400E3759400","population":121.0,"households":70.0,"poverty_rate":0.11428571428571428,"senior_rate":0.1322314049586777,"single_parent_rate":0.02857142857142857,"social_housing_rate":0.0,"imputed":false,"vulnerability":14.2}},{"type":"Feature","geometry":{"type":"Polygon","coordinates":[[[2.336362,48.872813],[2.336085,48.874601],[2.333371,48.874414],[2.333649,48.872626],[2.336362,48.872813]]]},"properties":{"id":"CRS3035RES200mN2891400E3759600","population":308.5,"households":164.0,"poverty_rate":0.1402439024390244,"senior_rate":0.11345218800648298,"single_parent_rate":0.054878048780487805,"social_housing_rate":0.006097560975609756,"imputed":false,"vulnerability":15.7}},{"type":"Feature","geometry":{"type":"Polygon","coordinates":[[[2.339076,48.873],[2.338799,48.874788],[2.336085,48.874601],[2.336362,48.872813],[2.339076,48.873]]]},"properties":{"id":"CRS3035RES200mN2891400E3759800","population":224.5,"households":120.0,"poverty_rate":0.09166666666666666,"senior_rate":0.16481069042316257,"single_parent_rate":0.058333333333333334,"social_housing_rate":0.0,"imputed":false,"vulnerability":16.2}},{"type":"Feature","geometry":{"type":"Polygon","coordinates":[[[2.341789,48.873187],[2.341512,48.874975],[2.338799,48.874788],[2.339076,48.873],[2.341789,48.873187]]]},"properties":{"id":"CRS3035RES200mN2891400E3760000","population":686.0,"households":351.0,"poverty_rate":0.15954415954415954,"senior_rate":0.19825072886297376,"single_parent_rate":0.045584045584045586,"social_housing_rate":0.09116809116809117,"imputed":false,"vulnerability":22.2}},{"type":"Feature","geometry":{"type":"Polygon","coordinates":[[[2.344503,48.873374],[2.344226,48.875162],[2.341512,48.874975],[2.341789,48.873187],[2.344503,48.873374]]]},"properties":{"id":"CRS3035RES200mN2891400E3760200","population":1486.0,"households":819.0,"poverty_rate":0.15384615384615385,"senior_rate":0.12987886944818305,"single_parent_rate":0.09157509157509157,"social_housing_rate":0.07203907203907203,"imputed":false,"vulnerability":19.9}},{"type":"Feature","geometry":{"type":"Polygon","coordinates":[[[2.347217,48.87356],[2.34694,48.875348],[2.344226,48.875162],[2.344503,48.873374],[2.347217,48.87356]]]},"properties":{"id":"CRS3035RES200mN2891400E3760400","population":1414.0,"households":724.0,"poverty_rate":0.1298342541436464,"senior_rate":0.1562942008486563,"single_parent_rate":0.08287292817679558,"social_housing_rate":0.11740331491712708,"imputed":false,"vulnerability":20.4}},{"type":"Feature","geometry":{"type":"Polygon","coordinates":[[[2.34993,48.873747],[2.349653,48.875535],[2.34694,48.875348],[2.347217,48.87356],[2.34993,48.873747]]]},"properties":{"id":"CRS3035RES200mN2891400E3760600","population":1047.0,"households":527.0,"poverty_rate":0.12144212523719165,"senior_rate":0.17574021012416427,"single_parent_rate":0.08538899430740038,"social_housing_rate":0.08918406072106262,"imputed":false,"vulnerability":20.8}},{"type":"Feature","geometry":{"type":"Polygon","coordinates":[[[2.352644,48.873933],[2.352367,48.875721],[2.349653,48.875535],[2.34993,48.873747],[2.352644,48.873933]]]},"properties":{"id":"CRS3035RES200mN2891400E3760800","population":637.0,"households":294.0,"poverty_rate":0.09523809523809523,"senior_rate":0.10361067503924647,"single_parent_rate":0.09183673469387756,"social_housing_rate":0.18027210884353742,"imputed":false,"vulnerability":17.1}},{"type":"Feature","geometry":{"type":"Polygon","coordinates":[[[2.355358,48.87412],[2.355081,48.875908],[2.352367,48.875721],[2.352644,48.873933],[2.355358,48.87412]]]},"properties":{"id":"CRS3035RES200mN2891400E3761000","population":1136.0,"households":616.0,"poverty_rate":0.1314935064935065,"senior_rate":0.13556338028169015,"single_parent_rate":0.08116883116883117,"social_housing_rate":0.06168831168831169,"imputed":false,"vulnerability":18.5}},{"type":"Feature","geometry":{"type":"Polygon","coordinates":[[[2.358071,48.874306],[2.357795,48.876094],[2.355081,48.875908],[2.355358,48.87412],[2.358071,48.874306]]]},"properties":{"id":"CRS3035RES200mN2891400E3761200","population":884.5,"households":461.0,"poverty_rate":0.15184381778741865,"senior_rate":0.13566986998304126,"single_parent_rate":0.06724511930585683,"social_housing_rate":0.0,"imputed":false,"vulnerability":18.0}},{"type":"Feature","geometry":{"type":"Polygon","coordinates":[[[2.360785,48.874493],[2.360508,48.876281],[2.357795,48.876094],[2.358071,48.874306],[2.360785,48.874493]]]},"properties":{"id":"CRS3035RES200mN2891400E3761400","population":405.5,"households":248.0,"poverty_rate":0.10080645161290322,"senior_rate":0.09617755856966707,"single_parent_rate":0.08870967741935484,"social_housing_rate":0.0,"imputed":false,"vulnerability":14.2}},{"type":"Feature","geometry":{"type":"Polygon","coordinates":[[[2.363499,48.874679],[2.363222,48.876467],[2.360508,48.876281],[2.360785,48.874493],[2.363499,48.874679]]]},"properties":{"id":"CRS3035RES200mN2891400E3761600","population":278.0,"households":148.0,"poverty_rate":0.13513513513513514,"senior_rate":0.15467625899280577,"single_parent_rate":0.0945945945945946,"social_housing_rate":0.1891891891891892,"imputed":false,"vulnerability":22.2}},{"type":"Feature","geometry":{"type":"Polygon","coordinates":[[[2.366212,48.874865],[2.365936,48.876653],[2.363222,48.876467],[2.363499,48.874679],[2.366212,48.874865]]]},"properties":{"id":"CRS3035RES200mN2891400E3761800","population":477.5,"households":236.0,"poverty_rate":0.11864406779661017,"senior_rate":0.2617801047120419,"single_parent_rate":0.11864406779661017,"social_housing_rate":0.2033898305084746,"imputed":false,"vulnerability":28.5}},{"type":"Feature","geometry":{"type":"Polygon","coordinates":[[[2.368926,48.875051],[2.36865,48.876839],[2.365936,48.876653],[2.366212,48.874865],[2.368926,48.875051]]]},"properties":{"id":"CRS3035RES200mN2891400E3762000","population":1345.5,"households":639.0,"poverty_rate":0.13145539906103287,"senior_rate":0.07952434039390562,"single_parent_rate":0.1189358372456964,"social_housing_rate":0.3364632237871675,"imputed":false,"vulnerability":21.1}},{"type":"Feature","geometry":{"type":"Polygon","coordinates":[[[2.37164,48.875237],[2.371364,48.877025],[2.36865,48.876839],[2.368926,48.875051],[2.37164,48.875237]]]},"properties":{"id":"CRS3035RES200mN2891400E3762200","population":1606.0,"households":962.0,"poverty_rate":0.183991683991684,"senior_rate":0.149439601494396,"single_parent_rate":0.04885654885654886,"social_housing_rate":0.1340956340956341,"imputed":false,"vulnerability":21.5}},{"type":"Feature","geometry":{"type":"Polygon","coordinates":[[[2.374354,48.875423],[2.374078,48.877211],[2.371364,48.877025],[2.37164,48.875237],[2.374354,48.875423]]]},"properties":{"id":"CRS3035RES200mN2891400E3762400","population":1404.0,"households":727.0,"poverty_rate":0.1856946354883081,"senior_rate":0.15527065527065528,"single_parent_rate":0.10591471801925723,"social_housing_rate":0.3328748280605227,"imputed":false,"vulnerability":27.4}},{"type":"Feature","geometry":{"type":"Polygon","coordinates":[[[2.377068,48.875609],[2.376792,48.877397],[2.374078,48.877211],[2.374354,48.875423],[2.377068,48.875609]]]},"properties":{"id":"CRS3035RES200mN2891400E3762600","population":1257.0,"households":713.0,"poverty_rate":0.12622720897615708,"senior_rate":0.19331742243436753,"single_parent_rate":0.07433380084151472,"social_housing_rate":0.2720897615708275,"imputed":false,"vulnerability":24.2}},{"type":"Feature","geometry":{"type":"Polygon","coordinates":[[[2.379781,48.875795],[2.379505,48.877583],[2.376792,48.877397],[2.377068,48.875609],[2.379781,48.875795]]]},"properties":{"id":"CRS3035RES200mN2891400E3762800","population":1387.0,"households":793.0,"poverty_rate":0.11601513240857503,"senior_rate":0.17231434751261715,"single_parent_rate":0.06809583858764187,"social_housing_rate":0.0025220680958385876,"imputed":false,"vulnerability":18.3}},{"type":"Feature","geometry":{"type":"Polygon","coordinates":[[[2.382495,48.875981],[2.382219,48.877769],[2.379505,48.877583],[2.379781,48.875795],[2.382495,48.875981]]]},"properties":{"id":"CRS3035RES200mN2891400E3763000","population":955.0,"households":433.0,"poverty_rate":0.09699769053117784,"senior_rate":0.19790575916230366,"single_parent_rate":0.10161662817551963,"social_housing_rate":0.39260969976905313,"imputed":false,"vulnerability":26.0}},{"type":"Feature","geometry":{"type":"Polygon","coordinates":[[[2.385209,48.876167],[2.384933,48.877955],[2.382219,48.877769],[2.382495,48.875981],[2.385209,48.876167]]]},"properties":{"id":"CRS3035RES200mN2891400E3763200","population":1117.5,"households":552.0,"poverty_rate":0.11775362318840579,"senior_rate":0.21208053691275167,"single_parent_rate":0.10326086956521739,"social_housing_rate":0.34782608695652173,"imputed":false,"vulnerability":27.2}},{"type":"Feature","geometry":{"type":"Polygon","coordinates":[[[2.387923,48.876352],[2.387647,48.87814],[2.384933,48.877955],[2.385209,48.876167],[2.387923,48.876352]]]},"properties":{"id":"CRS3035RES200mN2891400E3763400","population":1359.0,"households":798.0,"poverty_rate":0.14536340852130325,"senior_rate":0.16629874908020603,"single_parent_rate":0.08395989974937343,"social_housing_rate":0.11904761904761904,"imputed":false,"vulnerability":21.8}},{"type":"Feature","geometry":{"type":"Polygon","coordinates":[[[2.390637,48.876538],[2.390361,48.878326],[2.387647,48.87814],[2.387923,48.876352],[2.390637,48.876538]]]},"properties":{"id":"CRS3035RES200mN2891400E3763600","population":1931.5,"households":968.0,"poverty_rate":0.16632231404958678,"senior_rate":0.20450427129174217,"single_parent_rate":0.12190082644628099,"social_housing_rate":0.15392561983471073,"imputed":false,"vulnerability":27.1}},{"type":"Feature","geometry":{"type":"Polygon","coordinates":[[[2.393351,48.876723],[2.393075,48.878511],[2.390361,48.878326],[2.390637,48.876538],[2.393351,48.876723]]]},"properties":{"id":"CRS3035RES200mN2891400E3763800","population":2526.5,"households":1049.0,"poverty_rate":0.23069590085795996,"senior_rate":0.2252127449040174,"single_parent_rate":0.13536701620591038,"social_housing_rate":0.6854146806482364,"imputed":false,"vulnerability":40.1}},{"type":"Feature","geometry":{"type":"Polygon","coordinates":[[[2.396065,48.876909],[2.395789,48.878697],[2.393075,48.878511],[2.393351,48.876723],[2.396065,48.876909]]]},"properties":{"id":"CRS3035RES200mN2891400E3764000","population":1400.0,"households":639.0,"poverty_rate":0.15805946791862285,"senior_rate":0.18142857142857144,"single_parent_rate":0.09702660406885759,"social_housing_rate":0.08607198748043818,"imputed":false,"vulnerability":23.4}},{"type":"Feature","geometry":{"type":"Polygon","coordinates":[[[2.398779,48.877094],[2.398503,48.878882],[2.395789,48.878697],[2.396065,48.876909],[2.398779,48.877094]]]},"properties":{"id":"CRS3035RES200mN2891400E3764200","population":1719.0,"households":787.0,"poverty_rate":0.16899618805590852,"senior_rate":0.18964514252472367,"single_parent_rate":0.15247776365946633,"social_housing_rate":0.7166454891994918,"imputed":false,"vulnerability":36.2}},{"type":"Feature","geometry":{"type":"Polygon","coordinates":[[[2.401493,48.87728],[2.401217,48.879068],[2.398503,48.878882],[2.398779,48.877094],[2.401493,48.87728]]]},"properties":{"id":"CRS3035RES200mN2891400E3764400","population":2633.0,"households":1166.0,"poverty_rate":0.2521440823327616,"senior_rate":0.1990125332320547,"single_parent_rate":0.13036020583190394,"social_housing_rate":0.6389365351629502,"imputed":false,"vulnerability":38.8}},{"type":"Feature","geometry":{"type":"Polygon","coordinates":[[[2.404207,48.877465],[2.403932,48.879253],[2.401217,48.879068],[2.401493,48.87728],[2.404207,48.877465]]]},"properties":{"id":"CRS3035RES200mN2891400E3764600","population":772.5,"households":432.0,"poverty_rate":0.16666666666666666,"senior_rate":0.1656957928802589,"single_parent_rate":0.08564814814814815,"social_housing_rate":0.09722222222222222,"imputed":false,"vulnerability":22.6}},{"type":"Feature","geometry":{"type":"Polygon","coordinates":[[[2.406921,48.87765],[2.406646,48.879438],[2.403932,48.879253],[2.404207,48.877465],[2.406921,48.87765]]]},"properties":{"id":"CRS3035RES200mN2891400E3764800","population":246.0,"households":104.0,"poverty_rate":0.1346153846153846,"senior_rate":0.14227642276422764,"single_parent_rate":0.0673076923076923,"social_housing_rate":0.0,"imputed":false,"vulnerability":17.5}},{"type":"Feature","geometry":{"type":"Polygon","coordinates":[[[2.409635,48.877835],[2.40936,48.879623],[2.406646,48.879438],[2.406921,48.87765],[2.409635,48.877835]]]},"properties":{"id":"CRS3035RES200mN2891400E3765000","population":125.5,"households":54.0,"poverty_rate":0.1111111111111111,"senior_rate":0.12749003984063745,"single_parent_rate":0.09259259259259259,"social_housing_rate":0.0,"imputed":false,"vulnerability":16.6}},{"type":"Feature","geometry":{"type":"Polygon","coordinates":[[[2.412349,48.87802],[2.412074,48.879808],[2.40936,48.879623],[2.409635,48.877835],[2.412349,48.87802]]]},"properties":{"id":"CRS3035RES200mN2891400E3765200","population":1536.5,"households":686.0,"poverty_rate":0.141399416909621,"senior_rate":0.21021802798568173,"single_parent_rate":0.10787172011661808,"social_housing_rate":0.21137026239067055,"imputed":false,"vulnerability":26.5}},{"type":"Feature","geometry":{"type":"Polygon","coordinates":[[[2.230267,48.867262],[2.229986,48.86905],[2.227273,48.86886],[2.227554,48.867073],[2.230267,48.867262]]]},"properties":{"id":"CRS3035RES200mN2891600E3751800","population":422.5,"households":214.0,"poverty_rate":0.06542056074766354,"senior_rate":0.2106508875739645,"single_parent_rate":0.04205607476635514,"social_housing_rate":0.0,"imputed":false,"vulnerability":16.7}},{"type":"Feature","geometry":{"type":"Polygon","coordinates":[[[2.23298,48.867452],[2.232699,48.869239],[2.229986,48.86905],[2.230267,48.867262],[2.23298,48.867452]]]},"properties":{"id":"CRS3035RES200mN2891600E3752000","population":6.0,"households":3.0,"poverty_rate":0.0,"senior_rate":0.0,"single_parent_rate":0.06666666666666667,"social_housing_rate":0.0,"imputed":true,"vulnerability":2.9}},{"type":"Feature","geometry":{"type":"Polygon","coordinates":[[[2.265537,48.86972],[2.265257,48.871507],[2.262543,48.871319],[2.262824,48.869531],[2.265537,48.86972]]]},"properties":{"id":"CRS3035RES200mN2891600E3754400","population":2.0,"households":0.7,"poverty_rate":0.14285714285714288,"senior_rate":0.05,"single_parent_rate":0.28571428571428575,"social_housing_rate":0.8571428571428572,"imputed":true,"vulnerability":35.1}},{"type":"Feature","geometry":{"type":"Polygon","coordinates":[[[2.270963,48.870097],[2.270683,48.871884],[2.26797,48.871696],[2.26825,48.869908],[2.270963,48.870097]]]},"properties":{"id":"CRS3035RES200mN2891600E3754800","population":2.0,"households":0.7,"poverty_rate":0.14285714285714288,"senior_rate":0.05,"single_parent_rate":0.28571428571428575,"social_housing_rate":0.8571428571428572,"imputed":true,"vulnerability":35.1}},{"type":"Feature","geometry":{"type":"Polygon","coordinates":[[[2.276389,48.870474],[2.27611,48.872261],[2.273396,48.872073],[2.273676,48.870285],[2.276389,48.870474]]]},"properties":{"id":"CRS3035RES200mN2891600E3755200","population":190.0,"households":62.0,"poverty_rate":0.06451612903225806,"senior_rate":0.09473684210526316,"single_parent_rate":0.08064516129032258,"social_housing_rate":0.0,"imputed":false,"vulnerability":11.9}},{"type":"Feature","geometry":{"type":"Polygon","coordinates":[[[2.279103,48.870662],[2.278823,48.87245],[2.27611,48.872261],[2.276389,48.870474],[2.279103,48.870662]]]},"properties":{"id":"CRS3035RES200mN2891600E3755400","population":326.5,"households":152.0,"poverty_rate":0.14473684210526316,"senior_rate":0.24196018376722817,"single_parent_rate":0.08552631578947369,"social_housing_rate":0.0,"imputed":false,"vulnerability":24.2}},{"type":"Feature","geometry":{"type":"Polygon","coordinates":[[[2.281816,48.87085],[2.281536,48.872638],[2.278823,48.87245],[2.279103,48.870662],[2.281816,48.87085]]]},"properties":{"id":"CRS3035RES200mN2891600E3755600","population":484.5,"households":225.0,"poverty_rate":0.24,"senior_rate":0.21259029927760578,"single_parent_rate":0.11555555555555555,"social_housing_rate":0.0,"imputed":false,"vulnerability":28.7}},{"type":"Feature","geometry":{"type":"Polygon","coordinates":[[[2.284529,48.871038],[2.28425,48.872826],[2.281536,48.872638],[2.281816,48.87085],[2.284529,48.871038]]]},"properties":{"id":"CRS3035RES200mN2891600E3755800","population":610.5,"households":282.0,"poverty_rate":0.18439716312056736,"senior_rate":0.19328419328419327,"single_parent_rate":0.12056737588652482,"social_housing_rate":0.0,"imputed":false,"vulnerability":25.1}},{"type":"Feature","geometry":{"type":"Polygon","coordinates":[[[2.287242,48.871226],[2.286963,48.873014],[2.28425,48.872826],[2.284529,48.871038],[2.287242,48.871226]]]},"properties":{"id":"CRS3035RES200mN2891600E3756000","population":358.0,"households":201.0,"poverty_rate":0.16417910447761194,"senior_rate":0.3240223463687151,"single_parent_rate":0.05472636815920398,"social_housing_rate":0.07462686567164178,"imputed":false,"vulnerability":29.5}},{"type":"Feature","geometry":{"type":"Polygon","coordinates":[[[2.289956,48.871414],[2.289677,48.873202],[2.286963,48.873014],[2.287242,48.871226],[2.289956,48.871414]]]},"properties":{"id":"CRS3035RES200mN2891600E3756200","population":397.0,"households":188.0,"poverty_rate":0.14361702127659576,"senior_rate":0.2695214105793451,"single_parent_rate":0.05851063829787234,"social_housing_rate":0.0,"imputed":false,"vulnerability":24.5}},{"type":"Feature","geometry":{"type":"Polygon","coordinates":[[[2.292669,48.871602],[2.29239,48.87339],[2.289677,48.873202],[2.289956,48.871414],[2.292669,48.871602]]]},"properties":{"id":"CRS3035RES200mN2891600E3756400","population":608.5,"households":333.0,"poverty_rate":0.1981981981981982,"senior_rate":0.21692686935086278,"single_parent_rate":0.08108108108108109,"social_housing_rate":0.0,"imputed":false,"vulnerability":25.3}},{"type":"Feature","geometry":{"type":"Polygon","coordinates":[[[2.295382,48.87179],[2.295103,48.873578],[2.29239,48.87339],[2.292669,48.871602],[2.295382,48.87179]]]},"properties":{"id":"CRS3035RES200mN2891600E3756600","population":246.0,"households":114.0,"poverty_rate":0.17543859649122806,"senior_rate":0.14634146341463414,"single_parent_rate":0.11403508771929824,"social_housing_rate":0.0,"imputed":false,"vulnerability":21.8}},{"type":"Feature","geometry":{"type":"Polygon","coordinates":[[[2.298096,48.871978],[2.297817,48.873766],[2.295103,48.873578],[2.295382,48.87179],[2.298096,48.871978]]]},"properties":{"id":"CRS3035RES200mN2891600E3756800","population":59.0,"households":34.0,"poverty_rate":0.2647058823529412,"senior_rate":0.22033898305084745,"single_parent_rate":0.14705882352941177,"social_housing_rate":0.0,"imputed":false,"vulnerability":31.7}},{"type":"Feature","geometry":{"type":"Polygon","coordinates":[[[2.300809,48.872166],[2.30053,48.873954],[2.297817,48.873766],[2.298096,48.871978],[2.300809,48.872166]]]},"properties":{"id":"CRS3035RES200mN2891600E3757000","population":118.5,"households":72.0,"poverty_rate":0.20833333333333334,"senior_rate":0.20253164556962025,"single_parent_rate":0.027777777777777776,"social_housing_rate":0.0,"imputed":false,"vulnerability":22.8}},{"type":"Feature","geometry":{"type":"Polygon","coordinates":[[[2.303523,48.872354],[2.303244,48.874141],[2.30053,48.873954],[2.300809,48.872166],[2.303523,48.872354]]]},"properties":{"id":"CRS3035RES200mN2891600E3757200","population":416.5,"households":226.0,"poverty_rate":0.15486725663716813,"senior_rate":0.14165666266506602,"single_parent_rate":0.061946902654867256,"social_housing_rate":0.0,"imputed":false,"vulnerability":18.2}},{"type":"Feature","geometry":{"type":"Polygon","coordinates":[[[2.306236,48.872541],[2.305957,48.874329],[2.303244,48.874141],[2.303523,48.872354],[2.306236,48.872541]]]},"properties":{"id":"CRS3035RES200mN2891600E3757400","population":656.5,"households":288.0,"poverty_rate":0.20833333333333334,"senior_rate":0.18126428027418126,"single_parent_rate":0.1076388888888889,"social_housing_rate":0.2881944444444444,"imputed":false,"vulnerability":29.4}},{"type":"Feature","geometry":{"type":"Polygon","coordinates":[[[2.308949,48.872729],[2.308671,48.874517],[2.305957,48.874329],[2.306236,48.872541],[2.308949,48.872729]]]},"properties":{"id":"CRS3035RES200mN2891600E3757600","population":695.0,"households":336.0,"poverty_rate":0.11011904761904762,"senior_rate":0.18992805755395684,"single_parent_rate":0.07142857142857142,"social_housing_rate":0.0,"imputed":false,"vulnerability":19.0}},{"type":"Feature","geometry":{"type":"Polygon","coordinates":[[[2.311663,48.872916],[2.311385,48.874704],[2.308671,48.874517],[2.308949,48.872729],[2.311663,48.872916]]]},"properties":{"id":"CRS3035RES200mN2891600E3757800","population":366.0,"households":184.0,"poverty_rate":0.14673913043478262,"senior_rate":0.14754098360655737,"single_parent_rate":0.07065217391304347,"social_housing_rate":0.09239130434782608,"imputed":false,"vulnerability":19.9}},{"type":"Feature","geometry":{"type":"Polygon","coordinates":[[[2.314376,48.873104],[2.314098,48.874892],[2.311385,48.874704],[2.311663,48.872916],[2.314376,48.873104]]]},"properties":{"id":"CRS3035RES200mN2891600E3758000","population":245.0,"households":128.0,"poverty_rate":0.1171875,"senior_rate":0.10204081632653061,"single_parent_rate":0.0703125,"social_housing_rate":0.0,"imputed":false,"vulnerability":14.5}},{"type":"Feature","geometry":{"type":"Polygon","coordinates":[[[2.31709,48.873291],[2.316812,48.875079],[2.314098,48.874892],[2.314376,48.873104],[2.31709,48.873291]]]},"properties":{"id":"CRS3035RES200mN2891600E3758200","population":475.0,"households":232.0,"poverty_rate":0.15948275862068967,"senior_rate":0.1957894736842105,"single_parent_rate":0.05603448275862069,"social_housing_rate":0.03017241379310345,"imputed":false,"vulnerability":21.6}},{"type":"Feature","geometry":{"type":"Polygon","coordinates":[[[2.319803,48.873479],[2.319525,48.875266],[2.316812,48.875079],[2.31709,48.873291],[2.319803,48.873479]]]},"properties":{"id":"CRS3035RES200mN2891600E3758400","population":416.5,"households":199.0,"poverty_rate":0.08040201005025126,"senior_rate":0.17046818727490998,"single_parent_rate":0.07035175879396985,"social_housing_rate":0.09045226130653267,"imputed":false,"vulnerability":17.8}},{"type":"Feature","geometry":{"type":"Polygon","coordinates":[[[2.322517,48.873666],[2.322239,48.875454],[2.319525,48.875266],[2.319803,48.873479],[2.322517,48.873666]]]},"properties":{"id":"CRS3035RES200mN2891600E3758600","population":277.0,"households":137.0,"poverty_rate":0.10948905109489052,"senior_rate":0.259927797833935,"single_parent_rate":0.072992700729927,"social_housing_rate":0.0,"imputed":false,"vulnerability":22.9}},{"type":"Feature","geometry":{"type":"Polygon","coordinates":[[[2.32523,48.873853],[2.324953,48.875641],[2.322239,48.875454],[2.322517,48.873666],[2.32523,48.873853]]]},"properties":{"id":"CRS3035RES200mN2891600E3758800","population":205.0,"households":96.0,"poverty_rate":0.13541666666666666,"senior_rate":0.0975609756097561,"single_parent_rate":0.13541666666666666,"social_housing_rate":0.07291666666666667,"imputed":false,"vulnerability":19.1}},{"type":"Feature","geometry":{"type":"Polygon","coordinates":[[[2.327944,48.87404],[2.327666,48.875828],[2.324953,48.875641],[2.32523,48.873853],[2.327944,48.87404]]]},"properties":{"id":"CRS3035RES200mN2891600E3759000","population":303.5,"households":163.0,"poverty_rate":0.09815950920245399,"senior_rate":0.10214168039538715,"single_parent_rate":0.06748466257668712,"social_housing_rate":0.0,"imputed":false,"vulnerability":13.4}},{"type":"Feature","geometry":{"type":"Polygon","coordinates":[[[2.330658,48.874227],[2.33038,48.876015],[2.327666,48.875828],[2.327944,48.87404],[2.330658,48.874227]]]},"properties":{"id":"CRS3035RES200mN2891600E3759200","population":376.0,"households":187.0,"poverty_rate":0.1711229946524064,"senior_rate":0.09042553191489362,"single_parent_rate":0.12834224598930483,"social_housing_rate":0.28342245989304815,"imputed":false,"vulnerability":23.3}},{"type":"Feature","geometry":{"type":"Polygon","coordinates":[[[2.333371,48.874414],[2.333094,48.876202],[2.33038,48.876015],[2.330658,48.874227],[2.333371,48.874414]]]},"properties":{"id":"CRS3035RES200mN2891600E3759400","population":569.5,"households":344.0,"poverty_rate":0.19767441860465115,"senior_rate":0.11589113257243196,"single_parent_rate":0.061046511627906974,"social_housing_rate":0.0,"imputed":false,"vulnerability":18.9}},{"type":"Feature","geometry":{"type":"Polygon","coordinates":[[[2.336085,48.874601],[2.335807,48.876389],[2.333094,48.876202],[2.333371,48.874414],[2.336085,48.874601]]]},"properties":{"id":"CRS3035RES200mN2891600E3759600","population":200.5,"households":98.0,"poverty_rate":0.061224489795918366,"senior_rate":0.10473815461346633,"single_parent_rate":0.08163265306122448,"social_housing_rate":0.0,"imputed":false,"vulnerability":12.4}},{"type":"Feature","geometry":{"type":"Polygon","coordinates":[[[2.338799,48.874788],[2.338521,48.876576],[2.335807,48.876389],[2.336085,48.874601],[2.338799,48.874788]]]},"properties":{"id":"CRS3035RES200mN2891600E3759800","population":585.5,"households":274.0,"poverty_rate":0.14233576642335766,"senior_rate":0.15883859948761742,"single_parent_rate":0.10583941605839416,"social_housing_rate":0.0,"imputed":false,"vulnerability":20.4}},{"type":"Feature","geometry":{"type":"Polygon","coordinates":[[[2.341512,48.874975],[2.341235,48.876763],[2.338521,48.876576],[2.338799,48.874788],[2.341512,48.874975]]]},"properties":{"id":"CRS3035RES200mN2891600E3760000","population":806.0,"households":403.0,"poverty_rate":0.141439205955335,"senior_rate":0.12655086848635236,"single_parent_rate":0.07196029776674938,"social_housing_rate":0.08436724565756824,"imputed":false,"vulnerability":18.4}},{"type":"Feature","geometry":{"type":"Polygon","coordinates":[[[2.344226,48.875162],[2.343949,48.876949],[2.341235,48.876763],[2.341512,48.874975],[2.344226,48.875162]]]},"properties":{"id":"CRS3035RES200mN2891600E3760200","population":957.0,"households":519.0,"poverty_rate":0.13872832369942195,"senior_rate":0.15673981191222572,"single_parent_rate":0.08670520231213873,"social_housing_rate":0.05394990366088632,"imputed":false,"vulnerability":20.1}},{"type":"Feature","geometry":{"type":"Polygon","coordinates":[[[2.34694,48.875348],[2.346662,48.877136],[2.343949,48.876949],[2.344226,48.875162],[2.34694,48.875348]]]},"properties":{"id":"CRS3035RES200mN2891600E3760400","population":1408.0,"households":677.0,"poverty_rate":0.12998522895125553,"senior_rate":0.12286931818181818,"single_parent_rate":0.10487444608567208,"social_housing_rate":0.21122599704579026,"imputed":false,"vulnerability":21.0}},{"type":"Feature","geometry":{"type":"Polygon","coordinates":[[[2.349653,48.875535],[2.349376,48.877323],[2.346662,48.877136],[2.34694,48.875348],[2.349653,48.875535]]]},"properties":{"id":"CRS3035RES200mN2891600E3760600","population":1432.5,"households":742.0,"poverty_rate":0.11455525606469003,"senior_rate":0.1549738219895288,"single_parent_rate":0.07951482479784366,"social_housing_rate":0.0215633423180593,"imputed":false,"vulnerability":18.0}},{"type":"Feature","geometry":{"type":"Polygon","coordinates":[[[2.352367,48.875721],[2.35209,48.877509],[2.349376,48.877323],[2.349653,48.875535],[2.352367,48.875721]]]},"properties":{"id":"CRS3035RES200mN2891600E3760800","population":1818.5,"households":819.0,"poverty_rate":0.115995115995116,"senior_rate":0.10888094583447896,"single_parent_rate":0.0757020757020757,"social_housing_rate":0.12576312576312576,"imputed":false,"vulnerability":16.9}},{"type":"Feature","geometry":{"type":"Polygon","coordinates":[[[2.355081,48.875908],[2.354804,48.877696],[2.35209,48.877509],[2.352367,48.875721],[2.355081,48.875908]]]},"properties":{"id":"CRS3035RES200mN2891600E3761000","population":943.5,"households":487.0,"poverty_rate":0.13552361396303902,"senior_rate":0.1505034446210917,"single_parent_rate":0.08213552361396304,"social_housing_rate":0.028747433264887063,"imputed":false,"vulnerability":19.0}},{"type":"Feature","geometry":{"type":"Polygon","coordinates":[[[2.357795,48.876094],[2.357518,48.877882],[2.354804,48.877696],[2.355081,48.875908],[2.357795,48.876094]]]},"properties":{"id":"CRS3035RES200mN2891600E3761200","population":1145.5,"households":557.0,"poverty_rate":0.15798922800718132,"senior_rate":0.11348756001745962,"single_parent_rate":0.07540394973070018,"social_housing_rate":0.10233393177737882,"imputed":false,"vulnerability":18.9}},{"type":"Feature","geometry":{"type":"Polygon","coordinates":[[[2.363222,48.876467],[2.362946,48.878255],[2.360232,48.878068],[2.360508,48.876281],[2.363222,48.876467]]]},"properties":{"id":"CRS3035RES200mN2891600E3761600","population":1212.5,"households":585.0,"poverty_rate":0.19145299145299147,"senior_rate":0.18309278350515465,"single_parent_rate":0.13504273504273503,"social_housing_rate":0.40512820512820513,"imputed":false,"vulnerability":31.6}},{"type":"Feature","geometry":{"type":"Polygon","coordinates":[[[2.365936,48.876653],[2.36566,48.878441],[2.362946,48.878255],[2.363222,48.876467],[2.365936,48.876653]]]},"properties":{"id":"CRS3035RES200mN2891600E3761800","population":1462.0,"households":804.0,"poverty_rate":0.16293532338308458,"senior_rate":0.1997264021887825,"single_parent_rate":0.07835820895522388,"social_housing_rate":0.36069651741293535,"imputed":false,"vulnerability":27.9}},{"type":"Feature","geometry":{"type":"Polygon","coordinates":[[[2.36865,48.876839],[2.368374,48.878627],[2.36566,48.878441],[2.365936,48.876653],[2.36865,48.876839]]]},"properties":{"id":"CRS3035RES200mN2891600E3762000","population":1073.5,"households":453.0,"poverty_rate":0.24944812362030905,"senior_rate":0.25523986958546807,"single_parent_rate":0.11699779249448124,"social_housing_rate":0.695364238410596,"imputed":false,"vulnerability":42.0}},{"type":"Feature","geometry":{"type":"Polygon","coordinates":[[[2.371364,48.877025],[2.371087,48.878813],[2.368374,48.878627],[2.36865,48.876839],[2.371364,48.877025]]]},"properties":{"id":"CRS3035RES200mN2891600E3762200","population":1738.5,"households":660.0,"poverty_rate":0.20757575757575758,"senior_rate":0.19557089444923784,"single_parent_rate":0.15151515151515152,"social_housing_rate":0.8227272727272728,"imputed":false,"vulnerability":40.0}},{"type":"Feature","geometry":{"type":"Polygon","coordinates":[[[2.374078,48.877211],[2.373801,48.878999],[2.371087,48.878813],[2.371364,48.877025],[2.374078,48.877211]]]},"properties":{"id":"CRS3035RES200mN2891600E3762400","population":1834.0,"households":851.0,"poverty_rate":0.20799059929494712,"senior_rate":0.2306434023991276,"single_parent_rate":0.11750881316098707,"social_housing_rate":0.418331374853114,"imputed":false,"vulnerability":34.4}},{"type":"Feature","geometry":{"type":"Polygon","coordinates":[[[2.376792,48.877397],[2.376515,48.879185],[2.373801,48.878999],[2.374078,48.877211],[2.376792,48.877397]]]},"properties":{"id":"CRS3035RES200mN2891600E3762600","population":1497.5,"households":867.0,"poverty_rate":0.12802768166089964,"senior_rate":0.2030050083472454,"single_parent_rate":0.0726643598615917,"social_housing_rate":0.0,"imputed":false,"vulnerability":20.7}},{"type":"Feature","geometry":{"type":"Polygon","coordinates":[[[2.379505,48.877583],[2.379229,48.879371],[2.376515,48.879185],[2.376792,48.877397],[2.379505,48.877583]]]},"properties":{"id":"CRS3035RES200mN2891600E3762800","population":451.5,"households":218.0,"poverty_rate":0.14220183486238533,"senior_rate":0.1638981173864895,"single_parent_rate":0.06880733944954129,"social_housing_rate":0.0963302752293578,"imputed":false,"vulnerability":20.5}},{"type":"Feature","geometry":{"type":"Polygon","coordinates":[[[2.382219,48.877769],[2.381944,48.879557],[2.379229,48.879371],[2.379505,48.877583],[2.382219,48.877769]]]},"properties":{"id":"CRS3035RES200mN2891600E3763000","population":219.0,"households":102.0,"poverty_rate":0.3137254901960784,"senior_rate":0.228310502283105,"single_parent_rate":0.17647058823529413,"social_housing_rate":1.0,"imputed":false,"vulnerability":50.9}},{"type":"Feature","geometry":{"type":"Polygon","coordinates":[[[2.384933,48.877955],[2.384658,48.879743],[2.381944,48.879557],[2.382219,48.877769],[2.384933,48.877955]]]},"properties":{"id":"CRS3035RES200mN2891600E3763200","population":963.5,"households":492.0,"poverty_rate":0.11585365853658537,"senior_rate":0.20653866113129216,"single_parent_rate":0.06707317073170732,"social_housing_rate":0.0020325203252032522,"imputed":false,"vulnerability":20.1}},{"type":"Feature","geometry":{"type":"Polygon","coordinates":[[[2.387647,48.87814],[2.387372,48.879928],[2.384658,48.879743],[2.384933,48.877955],[2.387647,48.87814]]]},"properties":{"id":"CRS3035RES200mN2891600E3763400","population":1825.5,"households":786.0,"poverty_rate":0.0916030534351145,"senior_rate":0.13694878115584772,"single_parent_rate":0.09796437659033079,"social_housing_rate":0.2786259541984733,"imputed":false,"vulnerability":20.5}},{"type":"Feature","geometry":{"type":"Polygon","coordinates":[[[2.390361,48.878326],[2.390086,48.880114],[2.387372,48.879928],[2.387647,48.87814],[2.390361,48.878326]]]},"properties":{"id":"CRS3035RES200mN2891600E3763600","population":1510.5,"households":813.0,"poverty_rate":0.15006150061500614,"senior_rate":0.13637868255544522,"single_parent_rate":0.09471094710947109,"social_housing_rate":0.26691266912669126,"imputed":false,"vulnerability":23.1}},{"type":"Feature","geometry":{"type":"Polygon","coordinates":[[[2.393075,48.878511],[2.3928,48.880299],[2.390086,48.880114],[2.390361,48.878326],[2.393075,48.878511]]]},"properties":{"id":"CRS3035RES200mN2891600E3763800","population":878.5,"households":478.0,"poverty_rate":0.10669456066945607,"senior_rate":0.186681844052362,"single_parent_rate":0.05439330543933055,"social_housing_rate":0.12761506276150628,"imputed":false,"vulnerability":19.9}},{"type":"Feature","geometry":{"type":"Polygon","coordinates":[[[2.395789,48.878697],[2.395514,48.880485],[2.3928,48.880299],[2.393075,48.878511],[2.395789,48.878697]]]},"properties":{"id":"CRS3035RES200mN2891600E3764000","population":1614.5,"households":630.0,"poverty_rate":0.14761904761904762,"senior_rate":0.17157014555589967,"single_parent_rate":0.12698412698412698,"social_housing_rate":0.44761904761904764,"imputed":false,"vulnerability":29.0}},{"type":"Feature","geometry":{"type":"Polygon","coordinates":[[[2.398503,48.878882],[2.398228,48.88067],[2.395514,48.880485],[2.395789,48.878697],[2.398503,48.878882]]]},"properties":{"id":"CRS3035RES200mN2891600E3764200","population":1375.5,"households":750.0,"poverty_rate":0.17066666666666666,"senior_rate":0.19047619047619047,"single_parent_rate":0.09066666666666667,"social_housing_rate":0.45066666666666666,"imputed":false,"vulnerability":29.7}},{"type":"Feature","geometry":{"type":"Polygon","coordinates":[[[2.401217,48.879068],[2.400942,48.880856],[2.398228,48.88067],[2.398503,48.878882],[2.401217,48.879068]]]},"properties":{"id":"CRS3035RES200mN2891600E3764400","population":889.0,"households":432.0,"poverty_rate":0.24074074074074073,"senior_rate":0.2170978627671541,"single_parent_rate":0.16898148148148148,"social_housing_rate":0.7939814814814815,"imputed":false,"vulnerability":43.2}},{"type":"Feature","geometry":{"type":"Polygon","coordinates":[[[2.403932,48.879253],[2.403656,48.881041],[2.400942,48.880856],[2.401217,48.879068],[2.403932,48.879253]]]},"properties":{"id":"CRS3035RES200mN2891600E3764600","population":1.0,"households":0.6,"poverty_rate":0.33333333333333337,"senior_rate":0.1,"single_parent_rate":0.0,"social_housing_rate":0.0,"imputed":true,"vulnerability":22.2}},{"type":"Feature","geometry":{"type":"Polygon","coordinates":[[[2.406646,48.879438],[2.406371,48.881226],[2.403656,48.881041],[2.403932,48.879253],[2.406646,48.879438]]]},"properties":{"id":"CRS3035RES200mN2891600E3764800","population":184.0,"households":121.0,"poverty_rate":0.2892561983471074,"senior_rate":0.11956521739130435,"single_parent_rate":0.06611570247933884,"social_housing_rate":1.0,"imputed":false,"vulnerability":38.9}},{"type":"Feature","geometry":{"type":"Polygon","coordinates":[[[2.40936,48.879623],[2.409085,48.881411],[2.406371,48.881226],[2.406646,48.879438],[2.40936,48.879623]]]},"properties":{"id":"CRS3035RES200mN2891600E3765000","population":153.0,"households":74.0,"poverty_rate":0.36486486486486486,"senior_rate":0.19607843137254902,"single_parent_rate":0.13513513513513514,"social_housing_rate":0.7837837837837838,"imputed":false,"vulnerability":46.6}},{"type":"Feature","geometry":{"type":"Polygon","coordinates":[[[2.412074,48.879808],[2.411799,48.881596],[2.409085,48.881411],[2.40936,48.879623],[2.412074,48.879808]]]},"properties":{"id":"CRS3035RES200mN2891600E3765200","population":792.5,"households":359.0,"poverty_rate":0.13370473537604458,"senior_rate":0.14132492113564668,"single_parent_rate":0.14484679665738162,"social_housing_rate":0.5041782729805014,"imputed":false,"vulnerability":28.3}},{"type":"Feature","geometry":{"type":"Polygon","coordinates":[[[2.238125,48.869618],[2.237844,48.871405],[2.235131,48.871216],[2.235412,48.869428],[2.238125,48.869618]]]},"properties":{"id":"CRS3035RES200mN2891800E3752400","population":3.0,"households":1.5,"poverty_rate":0.0,"senior_rate":0.0,"single_parent_rate":0.06666666666666667,"social_housing_rate":0.0,"imputed":true,"vulnerability":2.9}},{"type":"Feature","geometry":{"type":"Polygon","coordinates":[[[2.248978,48.870374],[2.248697,48.872162],[2.245984,48.871973],[2.246264,48.870185],[2.248978,48.870374]]]},"properties":{"id":"CRS3035RES200mN2891800E3753200","population":3.0,"households":1.5,"poverty_rate":0.0,"senior_rate":0.0,"single_parent_rate":0.06666666666666667,"social_housing_rate":0.0,"imputed":true,"vulnerability":2.9}},{"type":"Feature","geometry":{"type":"Polygon","coordinates":[[[2.278823,48.87245],[2.278544,48.874237],[2.27583,48.874049],[2.27611,48.872261],[2.278823,48.87245]]]},"properties":{"id":"CRS3035RES200mN2891800E3755400","population":109.0,"households":54.0,"poverty_rate":0.2037037037037037,"senior_rate":0.2018348623853211,"single_parent_rate":0.05555555555555555,"social_housing_rate":0.0,"imputed":false,"vulnerability":23.7}},{"type":"Feature","geometry":{"type":"Polygon","coordinates":[[[2.281536,48.872638],[2.281257,48.874425],[2.278544,48.874237],[2.278823,48.87245],[2.281536,48.872638]]]},"properties":{"id":"CRS3035RES200mN2891800E3755600","population":863.0,"households":407.0,"poverty_rate":0.1375921375921376,"senior_rate":0.21089223638470453,"single_parent_rate":0.07616707616707617,"social_housing_rate":0.0,"imputed":false,"vulnerability":21.8}},{"type":"Feature","geometry":{"type":"Polygon","coordinates":[[[2.28425,48.872826],[2.28397,48.874614],[2.281257,48.874425],[2.281536,48.872638],[2.28425,48.872826]]]},"properties":{"id":"CRS3035RES200mN2891800E3755800","population":786.5,"households":380.0,"poverty_rate":0.1736842105263158,"senior_rate":0.22377622377622378,"single_parent_rate":0.08157894736842106,"social_housing_rate":0.0,"imputed":false,"vulnerability":24.5}},{"type":"Feature","geometry":{"type":"Polygon","coordinates":[[[2.286963,48.873014],[2.286684,48.874802],[2.28397,48.874614],[2.28425,48.872826],[2.286963,48.873014]]]},"properties":{"id":"CRS3035RES200mN2891800E3756000","population":692.5,"households":354.0,"poverty_rate":0.1553672316384181,"senior_rate":0.2555956678700361,"single_parent_rate":0.07627118644067797,"social_housing_rate":0.0,"imputed":false,"vulnerability":25.1}},{"type":"Feature","geometry":{"type":"Polygon","coordinates":[[[2.289677,48.873202],[2.289397,48.87499],[2.286684,48.874802],[2.286963,48.873014],[2.289677,48.873202]]]},"properties":{"id":"CRS3035RES200mN2891800E3756200","population":754.5,"households":355.0,"poverty_rate":0.2,"senior_rate":0.22001325381047052,"single_parent_rate":0.09577464788732394,"social_housing_rate":0.10140845070422536,"imputed":false,"vulnerability":27.8}},{"type":"Feature","geometry":{"type":"Polygon","coordinates":[[[2.29239,48.87339],[2.292111,48.875178],[2.289397,48.87499],[2.289677,48.873202],[2.29239,48.87339]]]},"properties":{"id":"CRS3035RES200mN2891800E3756400","population":348.0,"households":165.0,"poverty_rate":0.14545454545454545,"senior_rate":0.14655172413793102,"single_parent_rate":0.05454545454545454,"social_housing_rate":0.0,"imputed":false,"vulnerability":17.7}},{"type":"Feature","geometry":{"type":"Polygon","coordinates":[[[2.295103,48.873578],[2.294825,48.875366],[2.292111,48.875178],[2.29239,48.87339],[2.295103,48.873578]]]},"properties":{"id":"CRS3035RES200mN2891800E3756600","population":135.0,"households":72.0,"poverty_rate":0.125,"senior_rate":0.22962962962962963,"single_parent_rate":0.06944444444444445,"social_housing_rate":0.0,"imputed":false,"vulnerability":21.9}},{"type":"Feature","geometry":{"type":"Polygon","coordinates":[[[2.297817,48.873766],[2.297538,48.875554],[2.294825,48.875366],[2.295103,48.873578],[2.297817,48.873766]]]},"properties":{"id":"CRS3035RES200mN2891800E3756800","population":48.0,"households":25.0,"poverty_rate":0.12,"senior_rate":0.3541666666666667,"single_parent_rate":0.16,"social_housing_rate":0.0,"imputed":false,"vulnerability":32.4}},{"type":"Feature","geometry":{"type":"Polygon","coordinates":[[[2.30053,48.873954],[2.300252,48.875741],[2.297538,48.875554],[2.297817,48.873766],[2.30053,48.873954]]]},"properties":{"id":"CRS3035RES200mN2891800E3757000","population":338.5,"households":168.0,"poverty_rate":0.13690476190476192,"senior_rate":0.20974889217134415,"single_parent_rate":0.07142857142857142,"social_housing_rate":0.0,"imputed":false,"vulnerability":21.5}},{"type":"Feature","geometry":{"type":"Polygon","coordinates":[[[2.303244,48.874141],[2.302965,48.875929],[2.300252,48.875741],[2.30053,48.873954],[2.303244,48.874141]]]},"properties":{"id":"CRS3035RES200mN2891800E3757200","population":298.5,"households":146.0,"poverty_rate":0.15753424657534246,"senior_rate":0.17755443886097153,"single_parent_rate":0.04794520547945205,"social_housing_rate":0.0,"imputed":false,"vulnerability":19.7}},{"type":"Feature","geometry":{"type":"Polygon","coordinates":[[[2.305957,48.874329],[2.305679,48.876117],[2.302965,48.875929],[2.303244,48.874141],[2.305957,48.874329]]]},"properties":{"id":"CRS3035RES200mN2891800E3757400","population":513.5,"households":222.0,"poverty_rate":0.18468468468468469,"senior_rate":0.10710808179162609,"single_parent_rate":0.10810810810810811,"social_housing_rate":0.34684684684684686,"imputed":false,"vulnerability":25.0}},{"type":"Feature","geometry":{"type":"Polygon","coordinates":[[[2.308671,48.874517],[2.308392,48.876304],[2.305679,48.876117],[2.305957,48.874329],[2.308671,48.874517]]]},"properties":{"id":"CRS3035RES200mN2891800E3757600","population":764.5,"households":353.0,"poverty_rate":0.13314447592067988,"senior_rate":0.18051013734466972,"single_parent_rate":0.08781869688385269,"social_housing_rate":0.059490084985835696,"imputed":false,"vulnerability":21.3}},{"type":"Feature","geometry":{"type":"Polygon","coordinates":[[[2.311385,48.874704],[2.311106,48.876492],[2.308392,48.876304],[2.308671,48.874517],[2.311385,48.874704]]]},"properties":{"id":"CRS3035RES200mN2891800E3757800","population":327.5,"households":136.0,"poverty_rate":0.125,"senior_rate":0.19541984732824427,"single_parent_rate":0.08823529411764706,"social_housing_rate":0.0,"imputed":false,"vulnerability":20.8}},{"type":"Feature","geometry":{"type":"Polygon","coordinates":[[[2.314098,48.874892],[2.31382,48.876679],[2.311106,48.876492],[2.311385,48.874704],[2.314098,48.874892]]]},"properties":{"id":"CRS3035RES200mN2891800E3758000","population":289.0,"households":139.0,"poverty_rate":0.07913669064748201,"senior_rate":0.1903114186851211,"single_parent_rate":0.04316546762589928,"social_housing_rate":0.0,"imputed":false,"vulnerability":16.3}},{"type":"Feature","geometry":{"type":"Polygon","coordinates":[[[2.316812,48.875079],[2.316533,48.876867],[2.31382,48.876679],[2.314098,48.874892],[2.316812,48.875079]]]},"properties":{"id":"CRS3035RES200mN2891800E3758200","population":568.5,"households":264.0,"poverty_rate":0.10984848484848485,"senior_rate":0.1284080914687775,"single_parent_rate":0.07954545454545454,"social_housing_rate":0.0946969696969697,"imputed":false,"vulnerability":17.4}},{"type":"Feature","geometry":{"type":"Polygon","coordinates":[[[2.319525,48.875266],[2.319247,48.877054],[2.316533,48.876867],[2.316812,48.875079],[2.319525,48.875266]]]},"properties":{"id":"CRS3035RES200mN2891800E3758400","population":555.5,"households":287.0,"poverty_rate":0.11846689895470383,"senior_rate":0.18361836183618363,"single_parent_rate":0.07665505226480836,"social_housing_rate":0.0,"imputed":false,"vulnerability":19.3}},{"type":"Feature","geometry":{"type":"Polygon","coordinates":[[[2.322239,48.875454],[2.321961,48.877241],[2.319247,48.877054],[2.319525,48.875266],[2.322239,48.875454]]]},"properties":{"id":"CRS3035RES200mN2891800E3758600","population":665.5,"households":324.0,"poverty_rate":0.1111111111111111,"senior_rate":0.1728024042073629,"single_parent_rate":0.08024691358024691,"social_housing_rate":0.0,"imputed":false,"vulnerability":18.5}},{"type":"Feature","geometry":{"type":"Polygon","coordinates":[[[2.324953,48.875641],[2.324675,48.877429],[2.321961,48.877241],[2.322239,48.875454],[2.324953,48.875641]]]},"properties":{"id":"CRS3035RES200mN2891800E3758800","population":509.0,"households":253.0,"poverty_rate":0.15019762845849802,"senior_rate":0.15324165029469547,"single_parent_rate":0.07905138339920949,"social_housing_rate":0.1857707509881423,"imputed":false,"vulnerability":22.1}},{"type":"Feature","geometry":{"type":"Polygon","coordinates":[[[2.327666,48.875828],[2.327388,48.877616],[2.324675,48.877429],[2.324953,48.875641],[2.327666,48.875828]]]},"properties":{"id":"CRS3035RES200mN2891800E3759000","population":217.0,"households":142.0,"poverty_rate":0.19718309859154928,"senior_rate":0.0967741935483871,"single_parent_rate":0.06338028169014084,"social_housing_rate":0.1267605633802817,"imputed":false,"vulnerability":19.8}},{"type":"Feature","geometry":{"type":"Polygon","coordinates":[[[2.33038,48.876015],[2.330102,48.877803],[2.327388,48.877616],[2.327666,48.875828],[2.33038,48.876015]]]},"properties":{"id":"CRS3035RES200mN2891800E3759200","population":365.5,"households":188.0,"poverty_rate":0.1595744680851064,"senior_rate":0.09849521203830369,"single_parent_rate":0.11170212765957446,"social_housing_rate":0.26595744680851063,"imputed":false,"vulnerability":22.2}},{"type":"Feature","geometry":{"type":"Polygon","coordinates":[[[2.333094,48.876202],[2.332816,48.87799],[2.330102,48.877803],[2.33038,48.876015],[2.333094,48.876202]]]},"properties":{"id":"CRS3035RES200mN2891800E3759400","population":404.0,"households":198.0,"poverty_rate":0.12121212121212122,"senior_rate":0.1485148514851485,"single_parent_rate":0.06565656565656566,"social_housing_rate":0.0,"imputed":false,"vulnerability":17.1}},{"type":"Feature","geometry":{"type":"Polygon","coordinates":[[[2.335807,48.876389],[2.33553,48.878177],[2.332816,48.87799],[2.333094,48.876202],[2.335807,48.876389]]]},"properties":{"id":"CRS3035RES200mN2891800E3759600","population":310.0,"households":151.0,"poverty_rate":0.046357615894039736,"senior_rate":0.12903225806451613,"single_parent_rate":0.07947019867549669,"social_housing_rate":0.11258278145695365,"imputed":false,"vulnerability":14.5}},{"type":"Feature","geometry":{"type":"Polygon","coordinates":[[[2.338521,48.876576],[2.338244,48.878364],[2.33553,48.878177],[2.335807,48.876389],[2.338521,48.876576]]]},"properties":{"id":"CRS3035RES200mN2891800E3759800","population":1354.0,"households":725.0,"poverty_rate":0.11724137931034483,"senior_rate":0.1602658788774003,"single_parent_rate":0.06758620689655172,"social_housing_rate":0.002758620689655172,"imputed":false,"vulnerability":17.6}},{"type":"Feature","geometry":{"type":"Polygon","coordinates":[[[2.341235,48.876763],[2.340958,48.878551],[2.338244,48.878364],[2.338521,48.876576],[2.341235,48.876763]]]},"properties":{"id":"CRS3035RES200mN2891800E3760000","population":1769.5,"households":1002.0,"poverty_rate":0.1187624750499002,"senior_rate":0.16671376094942075,"single_parent_rate":0.05588822355289421,"social_housing_rate":0.0,"imputed":false,"vulnerability":17.5}},{"type":"Feature","geometry":{"type":"Polygon","coordinates":[[[2.343949,48.876949],[2.343671,48.878737],[2.340958,48.878551],[2.341235,48.876763],[2.343949,48.876949]]]},"properties":{"id":"CRS3035RES200mN2891800E3760200","population":1852.5,"households":1044.0,"poverty_rate":0.12931034482758622,"senior_rate":0.13711201079622132,"single_parent_rate":0.06704980842911877,"social_housing_rate":0.0038314176245210726,"imputed":false,"vulnerability":17.0}},{"type":"Feature","geometry":{"type":"Polygon","coordinates":[[[2.346662,48.877136],[2.346385,48.878924],[2.343671,48.878737],[2.343949,48.876949],[2.346662,48.877136]]]},"properties":{"id":"CRS3035RES200mN2891800E3760400","population":1776.0,"households":1042.0,"poverty_rate":0.12859884836852206,"senior_rate":0.14076576576576577,"single_parent_rate":0.07005758157389635,"social_housing_rate":0.03262955854126679,"imputed":false,"vulnerability":17.7}},{"type":"Feature","geometry":{"type":"Polygon","coordinates":[[[2.349376,48.877323],[2.349099,48.879111],[2.346385,48.878924],[2.346662,48.877136],[2.349376,48.877323]]]},"properties":{"id":"CRS3035RES200mN2891800E3760600","population":1726.0,"households":894.0,"poverty_rate":0.12080536912751678,"senior_rate":0.14426419466975665,"single_parent_rate":0.06487695749440715,"social_housing_rate":0.0,"imputed":false,"vulnerability":16.8}},{"type":"Feature","geometry":{"type":"Polygon","coordinates":[[[2.35209,48.877509],[2.351813,48.879297],[2.349099,48.879111],[2.349376,48.877323],[2.35209,48.877509]]]},"properties":{"id":"CRS3035RES200mN2891800E3760800","population":908.0,"households":455.0,"poverty_rate":0.13186813186813187,"senior_rate":0.14757709251101322,"single_parent_rate":0.06373626373626373,"social_housing_rate":0.024175824175824177,"imputed":false,"vulnerability":17.8}},{"type":"Feature","geometry":{"type":"Polygon","coordinates":[[[2.354804,48.877696],[2.354527,48.879484],[2.351813,48.879297],[2.35209,48.877509],[2.354804,48.877696]]]},"properties":{"id":"CRS3035RES200mN2891800E3761000","population":971.0,"households":421.0,"poverty_rate":0.14014251781472684,"senior_rate":0.1349124613800206,"single_parent_rate":0.09263657957244656,"social_housing_rate":0.171021377672209,"imputed":false,"vulnerability":21.0}},{"type":"Feature","geometry":{"type":"Polygon","coordinates":[[[2.357518,48.877882],[2.357241,48.87967],[2.354527,48.879484],[2.354804,48.877696],[2.357518,48.877882]]]},"properties":{"id":"CRS3035RES200mN2891800E3761200","population":1325.0,"households":696.0,"poverty_rate":0.16379310344827586,"senior_rate":0.12452830188679245,"single_parent_rate":0.07902298850574713,"social_housing_rate":0.05603448275862069,"imputed":false,"vulnerability":19.3}},{"type":"Feature","geometry":{"type":"Polygon","coordinates":[[[2.360232,48.878068],[2.359955,48.879856],[2.357241,48.87967],[2.357518,48.877882],[2.360232,48.878068]]]},"properties":{"id":"CRS3035RES200mN2891800E3761400","population":773.5,"households":428.0,"poverty_rate":0.16355140186915887,"senior_rate":0.1305753070458953,"single_parent_rate":0.07710280373831775,"social_housing_rate":0.014018691588785047,"imputed":false,"vulnerability":18.9}},{"type":"Feature","geometry":{"type":"Polygon","coordinates":[[[2.362946,48.878255],[2.362669,48.880043],[2.359955,48.879856],[2.360232,48.878068],[2.362946,48.878255]]]},"properties":{"id":"CRS3035RES200mN2891800E3761600","population":279.0,"households":158.0,"poverty_rate":0.13924050632911392,"senior_rate":0.10752688172043011,"single_parent_rate":0.06329113924050633,"social_housing_rate":0.006329113924050633,"imputed":false,"vulnerability":15.7}},{"type":"Feature","geometry":{"type":"Polygon","coordinates":[[[2.36566,48.878441],[2.365383,48.880229],[2.362669,48.880043],[2.362946,48.878255],[2.36566,48.878441]]]},"properties":{"id":"CRS3035RES200mN2891800E3761800","population":1709.5,"households":994.0,"poverty_rate":0.13380281690140844,"senior_rate":0.12869260017548992,"single_parent_rate":0.05533199195171026,"social_housing_rate":0.07344064386317907,"imputed":false,"vulnerability":17.3}},{"type":"Feature","geometry":{"type":"Polygon","coordinates":[[[2.368374,48.878627],[2.368097,48.880415],[2.365383,48.880229],[2.36566,48.878441],[2.368374,48.878627]]]},"properties":{"id":"CRS3035RES200mN2891800E3762000","population":898.5,"households":477.0,"poverty_rate":0.09643605870020965,"senior_rate":0.112409571508069,"single_parent_rate":0.09014675052410902,"social_housing_rate":0.22012578616352202,"imputed":false,"vulnerability":18.2}},{"type":"Feature","geometry":{"type":"Polygon","coordinates":[[[2.371087,48.878813],[2.370811,48.880601],[2.368097,48.880415],[2.368374,48.878627],[2.371087,48.878813]]]},"properties":{"id":"CRS3035RES200mN2891800E3762200","population":784.0,"households":408.0,"poverty_rate":0.15196078431372548,"senior_rate":0.17346938775510204,"single_parent_rate":0.12745098039215685,"social_housing_rate":0.41421568627450983,"imputed":false,"vulnerability":28.9}},{"type":"Feature","geometry":{"type":"Polygon","coordinates":[[[2.373801,48.878999],[2.373525,48.880787],[2.370811,48.880601],[2.371087,48.878813],[2.373801,48.878999]]]},"properties":{"id":"CRS3035RES200mN2891800E3762400","population":2315.0,"households":990.0,"poverty_rate":0.1595959595959596,"senior_rate":0.1857451403887689,"single_parent_rate":0.11818181818181818,"social_housing_rate":0.26464646464646463,"imputed":false,"vulnerability":27.3}},{"type":"Feature","geometry":{"type":"Polygon","coordinates":[[[2.376515,48.879185],[2.376239,48.880973],[2.373525,48.880787],[2.373801,48.878999],[2.376515,48.879185]]]},"properties":{"id":"CRS3035RES200mN2891800E3762600","population":1119.0,"households":558.0,"poverty_rate":0.12007168458781362,"senior_rate":0.15013404825737264,"single_parent_rate":0.07885304659498207,"social_housing_rate":0.014336917562724014,"imputed":false,"vulnerability":17.9}},{"type":"Feature","geometry":{"type":"Polygon","coordinates":[[[2.379229,48.879371],[2.378953,48.881159],[2.376239,48.880973],[2.376515,48.879185],[2.379229,48.879371]]]},"properties":{"id":"CRS3035RES200mN2891800E3762800","population":689.5,"households":307.0,"poverty_rate":0.18241042345276873,"senior_rate":0.1986947063089195,"single_parent_rate":0.16938110749185667,"social_housing_rate":0.4527687296416938,"imputed":false,"vulnerability":34.2}},{"type":"Feature","geometry":{"type":"Polygon","coordinates":[[[2.381944,48.879557],[2.381668,48.881345],[2.378953,48.881159],[2.379229,48.879371],[2.381944,48.879557]]]},"properties":{"id":"CRS3035RES200mN2891800E3763000","population":281.5,"households":125.0,"poverty_rate":0.128,"senior_rate":0.19538188277087035,"single_parent_rate":0.056,"social_housing_rate":0.0,"imputed":false,"vulnerability":19.6}},{"type":"Feature","geometry":{"type":"Polygon","coordinates":[[[2.390086,48.880114],[2.38981,48.881902],[2.387096,48.881716],[2.387372,48.879928],[2.390086,48.880114]]]},"properties":{"id":"CRS3035RES200mN2891800E3763600","population":1166.0,"households":615.0,"poverty_rate":0.1073170731707317,"senior_rate":0.1792452830188679,"single_parent_rate":0.05853658536585366,"social_housing_rate":0.0,"imputed":false,"vulnerability":17.8}},{"type":"Feature","geometry":{"type":"Polygon","coordinates":[[[2.3928,48.880299],[2.392524,48.882087],[2.38981,48.881902],[2.390086,48.880114],[2.3928,48.880299]]]},"properties":{"id":"CRS3035RES200mN2891800E3763800","population":450.0,"households":179.0,"poverty_rate":0.0670391061452514,"senior_rate":0.18888888888888888,"single_parent_rate":0.0446927374301676,"social_housing_rate":0.0,"imputed":false,"vulnerability":15.7}},{"type":"Feature","geometry":{"type":"Polygon","coordinates":[[[2.395514,48.880485],[2.395239,48.882273],[2.392524,48.882087],[2.3928,48.880299],[2.395514,48.880485]]]},"properties":{"id":"CRS3035RES200mN2891800E3764000","population":657.5,"households":296.0,"poverty_rate":0.09121621621621621,"senior_rate":0.1520912547528517,"single_parent_rate":0.10135135135135136,"social_housing_rate":0.057432432432432436,"imputed":false,"vulnerability":18.2}},{"type":"Feature","geometry":{"type":"Polygon","coordinates":[[[2.398228,48.88067],[2.397953,48.882458],[2.395239,48.882273],[2.395514,48.880485],[2.398228,48.88067]]]},"properties":{"id":"CRS3035RES200mN2891800E3764200","population":1160.0,"households":605.0,"poverty_rate":0.228099173553719,"senior_rate":0.175,"single_parent_rate":0.1322314049586777,"social_housing_rate":0.9140495867768595,"imputed":false,"vulnerability":40.5}},{"type":"Feature","geometry":{"type":"Polygon","coordinates":[[[2.403656,48.881041],[2.403381,48.882829],[2.400667,48.882644],[2.400942,48.880856],[2.403656,48.881041]]]},"properties":{"id":"CRS3035RES200mN2891800E3764600","population":57.0,"households":32.4,"poverty_rate":0.271604938271605,"senior_rate":0.06842105263157895,"single_parent_rate":0.0617283950617284,"social_housing_rate":0.0,"imputed":true,"vulnerability":20.0}},{"type":"Feature","geometry":{"type":"Polygon","coordinates":[[[2.406371,48.881226],[2.406096,48.883014],[2.403381,48.882829],[2.403656,48.881041],[2.406371,48.881226]]]},"properties":{"id":"CRS3035RES200mN2891800E3764800","population":986.5,"households":496.0,"poverty_rate":0.1975806451612903,"senior_rate":0.2321338063862139,"single_parent_rate":0.13306451612903225,"social_housing_rate":0.41330645161290325,"imputed":false,"vulnerability":34.6}},{"type":"Feature","geometry":{"type":"Polygon","coordinates":[[[2.254123,48.87254],[2.253843,48.874327],[2.25113,48.874139],[2.25141,48.872351],[2.254123,48.87254]]]},"properties":{"id":"CRS3035RES200mN2892000E3753600","population":2.0,"households":0.9,"poverty_rate":0.22222222222222224,"senior_rate":0.1,"single_parent_rate":0.11111111111111112,"social_housing_rate":0.0,"imputed":true,"vulnerability":21.4}},{"type":"Feature","geometry":{"type":"Polygon","coordinates":[[[2.256837,48.872729],[2.256556,48.874516],[2.253843,48.874327],[2.254123,48.87254],[2.256837,48.872729]]]},"properties":{"id":"CRS3035RES200mN2892000E3753800","population":3.0,"households":1.4,"poverty_rate":0.14285714285714288,"senior_rate":0.09999999999999999,"single_parent_rate":0.14285714285714288,"social_housing_rate":0.0,"imputed":true,"vulnerability":18.8}},{"type":"Feature","geometry":{"type":"Polygon","coordinates":[[[2.278544,48.874237],[2.278264,48.876025],[2.27555,48.875836],[2.27583,48.874049],[2.278544,48.874237]]]},"properties":{"id":"CRS3035RES200mN2892000E3755400","population":4.0,"households":2.1,"poverty_rate":0.19047619047619047,"senior_rate":0.0,"single_parent_rate":0.047619047619047616,"social_housing_rate":0.0,"imputed":true,"vulnerability":11.6}},{"type":"Feature","geometry":{"type":"Polygon","coordinates":[[[2.281257,48.874425],[2.280978,48.876213],[2.278264,48.876025],[2.278544,48.874237],[2.281257,48.874425]]]},"properties":{"id":"CRS3035RES200mN2892000E3755600","population":476.0,"households":207.0,"poverty_rate":0.15458937198067632,"senior_rate":0.23949579831932774,"single_parent_rate":0.10144927536231885,"social_housing_rate":0.0,"imputed":false,"vulnerability":25.3}},{"type":"Feature","geometry":{"type":"Polygon","coordinates":[[[2.28397,48.874614],[2.283691,48.876401],[2.280978,48.876213],[2.281257,48.874425],[2.28397,48.874614]]]},"properties":{"id":"CRS3035RES200mN2892000E3755800","population":672.0,"households":314.0,"poverty_rate":0.13694267515923567,"senior_rate":0.21875,"single_parent_rate":0.10509554140127389,"social_housing_rate":0.0,"imputed":false,"vulnerability":23.4}},{"type":"Feature","geometry":{"type":"Polygon","coordinates":[[[2.286684,48.874802],[2.286405,48.876589],[2.283691,48.876401],[2.28397,48.874614],[2.286684,48.874802]]]},"properties":{"id":"CRS3035RES200mN2892000E3756000","population":753.5,"households":368.0,"poverty_rate":0.1358695652173913,"senior_rate":0.20437956204379562,"single_parent_rate":0.07880434782608696,"social_housing_rate":0.0,"imputed":false,"vulnerability":21.4}},{"type":"Feature","geometry":{"type":"Polygon","coordinates":[[[2.289397,48.87499],[2.289118,48.876778],[2.286405,48.876589],[2.286684,48.874802],[2.289397,48.87499]]]},"properties":{"id":"CRS3035RES200mN2892000E3756200","population":699.0,"households":350.0,"poverty_rate":0.13142857142857142,"senior_rate":0.1988555078683834,"single_parent_rate":0.06285714285714286,"social_housing_rate":0.07714285714285714,"imputed":false,"vulnerability":21.4}},{"type":"Feature","geometry":{"type":"Polygon","coordinates":[[[2.292111,48.875178],[2.291832,48.876966],[2.289118,48.876778],[2.289397,48.87499],[2.292111,48.875178]]]},"properties":{"id":"CRS3035RES200mN2892000E3756400","population":952.5,"households":467.0,"poverty_rate":0.09207708779443255,"senior_rate":0.1868766404199475,"single_parent_rate":0.06209850107066381,"social_housing_rate":0.0,"imputed":false,"vulnerability":17.6}},{"type":"Feature","geometry":{"type":"Polygon","coordinates":[[[2.294825,48.875366],[2.294546,48.877153],[2.291832,48.876966],[2.292111,48.875178],[2.294825,48.875366]]]},"properties":{"id":"CRS3035RES200mN2892000E3756600","population":1082.0,"households":559.0,"poverty_rate":0.12164579606440072,"senior_rate":0.18484288354898337,"single_parent_rate":0.07871198568872988,"social_housing_rate":0.017889087656529516,"imputed":false,"vulnerability":19.9}},{"type":"Feature","geometry":{"type":"Polygon","coordinates":[[[2.297538,48.875554],[2.297259,48.877341],[2.294546,48.877153],[2.294825,48.875366],[2.297538,48.875554]]]},"properties":{"id":"CRS3035RES200mN2892000E3756800","population":958.5,"households":566.0,"poverty_rate":0.13780918727915195,"senior_rate":0.18570683359415754,"single_parent_rate":0.05830388692579505,"social_housing_rate":0.01060070671378092,"imputed":false,"vulnerability":19.8}},{"type":"Feature","geometry":{"type":"Polygon","coordinates":[[[2.300252,48.875741],[2.299973,48.877529],[2.297259,48.877341],[2.297538,48.875554],[2.300252,48.875741]]]},"properties":{"id":"CRS3035RES200mN2892000E3757000","population":863.5,"households":394.0,"poverty_rate":0.1218274111675127,"senior_rate":0.1922408801389693,"single_parent_rate":0.07360406091370558,"social_housing_rate":0.0,"imputed":false,"vulnerability":19.8}},{"type":"Feature","geometry":{"type":"Polygon","coordinates":[[[2.302965,48.875929],[2.302687,48.877717],[2.299973,48.877529],[2.300252,48.875741],[2.302965,48.875929]]]},"properties":{"id":"CRS3035RES200mN2892000E3757200","population":541.5,"households":296.0,"poverty_rate":0.19256756756756757,"senior_rate":0.2585410895660203,"single_parent_rate":0.08445945945945946,"social_housing_rate":0.24324324324324326,"imputed":false,"vulnerability":31.1}},{"type":"Feature","geometry":{"type":"Polygon","coordinates":[[[2.305679,48.876117],[2.3054,48.877905],[2.302687,48.877717],[2.302965,48.875929],[2.305679,48.876117]]]},"properties":{"id":"CRS3035RES200mN2892000E3757400","population":453.5,"households":255.0,"poverty_rate":0.1568627450980392,"senior_rate":0.20948180815876516,"single_parent_rate":0.0784313725490196,"social_housing_rate":0.0,"imputed":false,"vulnerability":22.8}},{"type":"Feature","geometry":{"type":"Polygon","coordinates":[[[2.308392,48.876304],[2.308114,48.878092],[2.3054,48.877905],[2.305679,48.876117],[2.308392,48.876304]]]},"properties":{"id":"CRS3035RES200mN2892000E3757600","population":349.5,"households":140.0,"poverty_rate":0.11428571428571428,"senior_rate":0.17739628040057226,"single_parent_rate":0.07142857142857142,"social_housing_rate":0.0,"imputed":false,"vulnerability":18.6}},{"type":"Feature","geometry":{"type":"Polygon","coordinates":[[[2.311106,48.876492],[2.310828,48.87828],[2.308114,48.878092],[2.308392,48.876304],[2.311106,48.876492]]]},"properties":{"id":"CRS3035RES200mN2892000E3757800","population":392.5,"households":164.0,"poverty_rate":0.07317073170731707,"senior_rate":0.21910828025477708,"single_parent_rate":0.09146341463414634,"social_housing_rate":0.0,"imputed":false,"vulnerability":19.7}},{"type":"Feature","geometry":{"type":"Polygon","coordinates":[[[2.31382,48.876679],[2.313541,48.878467],[2.310828,48.87828],[2.311106,48.876492],[2.31382,48.876679]]]},"properties":{"id":"CRS3035RES200mN2892000E3758000","population":679.0,"households":280.0,"poverty_rate":0.075,"senior_rate":0.16936671575846834,"single_parent_rate":0.09285714285714286,"social_housing_rate":0.0,"imputed":false,"vulnerability":17.1}},{"type":"Feature","geometry":{"type":"Polygon","coordinates":[[[2.316533,48.876867],[2.316255,48.878655],[2.313541,48.878467],[2.31382,48.876679],[2.316533,48.876867]]]},"properties":{"id":"CRS3035RES200mN2892000E3758200","population":887.5,"households":389.0,"poverty_rate":0.07712082262210797,"senior_rate":0.2028169014084507,"single_parent_rate":0.08740359897172237,"social_housing_rate":0.0,"imputed":false,"vulnerability":18.8}},{"type":"Feature","geometry":{"type":"Polygon","coordinates":[[[2.319247,48.877054],[2.318969,48.878842],[2.316255,48.878655],[2.316533,48.876867],[2.319247,48.877054]]]},"properties":{"id":"CRS3035RES200mN2892000E3758400","population":590.5,"households":276.0,"poverty_rate":0.12681159420289856,"senior_rate":0.15918712955122777,"single_parent_rate":0.09782608695652174,"social_housing_rate":0.0,"imputed":false,"vulnerability":19.3}},{"type":"Feature","geometry":{"type":"Polygon","coordinates":[[[2.321961,48.877241],[2.321683,48.879029],[2.318969,48.878842],[2.319247,48.877054],[2.321961,48.877241]]]},"properties":{"id":"CRS3035RES200mN2892000E3758600","population":684.5,"households":290.0,"poverty_rate":0.06206896551724138,"senior_rate":0.17823228634039445,"single_parent_rate":0.05517241379310345,"social_housing_rate":0.03103448275862069,"imputed":false,"vulnerability":15.8}},{"type":"Feature","geometry":{"type":"Polygon","coordinates":[[[2.324675,48.877429],[2.324397,48.879216],[2.321683,48.879029],[2.321961,48.877241],[2.324675,48.877429]]]},"properties":{"id":"CRS3035RES200mN2892000E3758800","population":294.5,"households":108.0,"poverty_rate":0.1111111111111111,"senior_rate":0.12563667232597622,"single_parent_rate":0.08333333333333333,"social_housing_rate":0.37037037037037035,"imputed":false,"vulnerability":21.6}},{"type":"Feature","geometry":{"type":"Polygon","coordinates":[[[2.327388,48.877616],[2.327111,48.879404],[2.324397,48.879216],[2.324675,48.877429],[2.327388,48.877616]]]},"properties":{"id":"CRS3035RES200mN2892000E3759000","population":741.0,"households":325.0,"poverty_rate":0.12,"senior_rate":0.10121457489878542,"single_parent_rate":0.11692307692307692,"social_housing_rate":0.23384615384615384,"imputed":false,"vulnerability":20.1}},{"type":"Feature","geometry":{"type":"Polygon","coordinates":[[[2.330102,48.877803],[2.329824,48.879591],[2.327111,48.879404],[2.327388,48.877616],[2.330102,48.877803]]]},"properties":{"id":"CRS3035RES200mN2892000E3759200","population":670.5,"households":327.0,"poverty_rate":0.12232415902140673,"senior_rate":0.14914243102162567,"single_parent_rate":0.05198776758409786,"social_housing_rate":0.0,"imputed":false,"vulnerability":16.6}},{"type":"Feature","geometry":{"type":"Polygon","coordinates":[[[2.332816,48.87799],[2.332538,48.879778],[2.329824,48.879591],[2.330102,48.877803],[2.332816,48.87799]]]},"properties":{"id":"CRS3035RES200mN2892000E3759400","population":987.0,"households":477.0,"poverty_rate":0.10062893081761007,"senior_rate":0.171225937183384,"single_parent_rate":0.050314465408805034,"social_housing_rate":0.0,"imputed":false,"vulnerability":16.6}},{"type":"Feature","geometry":{"type":"Polygon","coordinates":[[[2.33553,48.878177],[2.335252,48.879965],[2.332538,48.879778],[2.332816,48.87799],[2.33553,48.878177]]]},"properties":{"id":"CRS3035RES200mN2892000E3759600","population":1557.0,"households":774.0,"poverty_rate":0.13178294573643412,"senior_rate":0.1599229287090559,"single_parent_rate":0.08527131782945736,"social_housing_rate":0.14987080103359174,"imputed":false,"vulnerability":21.3}},{"type":"Feature","geometry":{"type":"Polygon","coordinates":[[[2.338244,48.878364],[2.337966,48.880152],[2.335252,48.879965],[2.33553,48.878177],[2.338244,48.878364]]]},"properties":{"id":"CRS3035RES200mN2892000E3759800","population":1396.0,"households":757.0,"poverty_rate":0.11096433289299867,"senior_rate":0.1833810888252149,"single_parent_rate":0.07926023778071334,"social_housing_rate":0.019815059445178335,"imputed":false,"vulnerability":19.4}},{"type":"Feature","geometry":{"type":"Polygon","coordinates":[[[2.340958,48.878551],[2.34068,48.880338],[2.337966,48.880152],[2.338244,48.878364],[2.340958,48.878551]]]},"properties":{"id":"CRS3035RES200mN2892000E3760000","population":1370.5,"households":767.0,"poverty_rate":0.09908735332464146,"senior_rate":0.18387449835826342,"single_parent_rate":0.06779661016949153,"social_housing_rate":0.03389830508474576,"imputed":false,"vulnerability":18.5}},{"type":"Feature","geometry":{"type":"Polygon","coordinates":[[[2.343671,48.878737],[2.343394,48.880525],[2.34068,48.880338],[2.340958,48.878551],[2.343671,48.878737]]]},"properties":{"id":"CRS3035RES200mN2892000E3760200","population":1858.5,"households":1017.0,"poverty_rate":0.10324483775811209,"senior_rate":0.14958299704062417,"single_parent_rate":0.11012782694198624,"social_housing_rate":0.16912487708947885,"imputed":false,"vulnerability":20.7}},{"type":"Feature","geometry":{"type":"Polygon","coordinates":[[[2.346385,48.878924],[2.346108,48.880712],[2.343394,48.880525],[2.343671,48.878737],[2.346385,48.878924]]]},"properties":{"id":"CRS3035RES200mN2892000E3760400","population":1988.0,"households":1094.0,"poverty_rate":0.13071297989031078,"senior_rate":0.14839034205231388,"single_parent_rate":0.08592321755027423,"social_housing_rate":0.04753199268738574,"imputed":false,"vulnerability":19.1}},{"type":"Feature","geometry":{"type":"Polygon","coordinates":[[[2.349099,48.879111],[2.348822,48.880898],[2.346108,48.880712],[2.346385,48.878924],[2.349099,48.879111]]]},"properties":{"id":"CRS3035RES200mN2892000E3760600","population":1457.0,"households":714.0,"poverty_rate":0.10084033613445378,"senior_rate":0.1695264241592313,"single_parent_rate":0.05742296918767507,"social_housing_rate":0.02661064425770308,"imputed":false,"vulnerability":17.2}},{"type":"Feature","geometry":{"type":"Polygon","coordinates":[[[2.351813,48.879297],[2.351536,48.881085],[2.348822,48.880898],[2.349099,48.879111],[2.351813,48.879297]]]},"properties":{"id":"CRS3035RES200mN2892000E3760800","population":1607.5,"households":812.0,"poverty_rate":0.1268472906403941,"senior_rate":0.15800933125972005,"single_parent_rate":0.08497536945812807,"social_housing_rate":0.04064039408866995,"imputed":false,"vulnerability":19.3}},{"type":"Feature","geometry":{"type":"Polygon","coordinates":[[[2.354527,48.879484],[2.35425,48.881271],[2.351536,48.881085],[2.351813,48.879297],[2.354527,48.879484]]]},"properties":{"id":"CRS3035RES200mN2892000E3761000","population":1054.5,"households":505.0,"poverty_rate":0.12673267326732673,"senior_rate":0.12328117591275486,"single_parent_rate":0.07722772277227723,"social_housing_rate":0.027722772277227723,"imputed":false,"vulnerability":16.9}},{"type":"Feature","geometry":{"type":"Polygon","coordinates":[[[2.359955,48.879856],[2.359678,48.881644],[2.356964,48.881458],[2.357241,48.87967],[2.359955,48.879856]]]},"properties":{"id":"CRS3035RES200mN2892000E3761400","population":1040.5,"households":509.0,"poverty_rate":0.14145383104125736,"senior_rate":0.11532916866890917,"single_parent_rate":0.11394891944990176,"social_housing_rate":0.2632612966601179,"imputed":false,"vulnerability":22.3}},{"type":"Feature","geometry":{"type":"Polygon","coordinates":[[[2.362669,48.880043],[2.362392,48.881831],[2.359678,48.881644],[2.359955,48.879856],[2.362669,48.880043]]]},"properties":{"id":"CRS3035RES200mN2892000E3761600","population":308.0,"households":173.0,"poverty_rate":0.15606936416184972,"senior_rate":0.10714285714285714,"single_parent_rate":0.046242774566473986,"social_housing_rate":0.057803468208092484,"imputed":false,"vulnerability":16.6}},{"type":"Feature","geometry":{"type":"Polygon","coordinates":[[[2.365383,48.880229],[2.365107,48.882017],[2.362392,48.881831],[2.362669,48.880043],[2.365383,48.880229]]]},"properties":{"id":"CRS3035RES200mN2892000E3761800","population":1667.0,"households":860.0,"poverty_rate":0.19186046511627908,"senior_rate":0.11277744451109778,"single_parent_rate":0.08023255813953488,"social_housing_rate":0.1,"imputed":false,"vulnerability":20.8}},{"type":"Feature","geometry":{"type":"Polygon","coordinates":[[[2.368097,48.880415],[2.367821,48.882203],[2.365107,48.882017],[2.365383,48.880229],[2.368097,48.880415]]]},"properties":{"id":"CRS3035RES200mN2892000E3762000","population":1068.5,"households":566.0,"poverty_rate":0.1519434628975265,"senior_rate":0.1169864295741694,"single_parent_rate":0.08833922261484099,"social_housing_rate":0.13957597173144876,"imputed":false,"vulnerability":19.9}},{"type":"Feature","geometry":{"type":"Polygon","coordinates":[[[2.370811,48.880601],[2.370535,48.882389],[2.367821,48.882203],[2.368097,48.880415],[2.370811,48.880601]]]},"properties":{"id":"CRS3035RES200mN2892000E3762200","population":364.5,"households":200.0,"poverty_rate":0.14,"senior_rate":0.15637860082304528,"single_parent_rate":0.085,"social_housing_rate":0.16,"imputed":false,"vulnerability":21.7}},{"type":"Feature","geometry":{"type":"Polygon","coordinates":[[[2.373525,48.880787],[2.373249,48.882575],[2.370535,48.882389],[2.370811,48.880601],[2.373525,48.880787]]]},"properties":{"id":"CRS3035RES200mN2892000E3762400","population":1919.0,"households":1102.0,"poverty_rate":0.17150635208711434,"senior_rate":0.12923397602918185,"single_parent_rate":0.07168784029038112,"social_housing_rate":0.23502722323049002,"imputed":false,"vulnerability":22.3}},{"type":"Feature","geometry":{"type":"Polygon","coordinates":[[[2.376239,48.880973],[2.375963,48.882761],[2.373249,48.882575],[2.373525,48.880787],[2.376239,48.880973]]]},"properties":{"id":"CRS3035RES200mN2892000E3762600","population":1350.5,"households":729.0,"poverty_rate":0.14540466392318244,"senior_rate":0.12291743798593113,"single_parent_rate":0.12208504801097393,"social_housing_rate":0.3497942386831276,"imputed":false,"vulnerability":24.6}},{"type":"Feature","geometry":{"type":"Polygon","coordinates":[[[2.378953,48.881159],[2.378677,48.882947],[2.375963,48.882761],[2.376239,48.880973],[2.378953,48.881159]]]},"properties":{"id":"CRS3035RES200mN2892000E3762800","population":397.5,"households":171.0,"poverty_rate":0.25146198830409355,"senior_rate":0.25157232704402516,"single_parent_rate":0.2046783625730994,"social_housing_rate":0.7953216374269005,"imputed":false,"vulnerability":47.2}},{"type":"Feature","geometry":{"type":"Polygon","coordinates":[[[2.381668,48.881345],[2.381392,48.883133],[2.378677,48.882947],[2.378953,48.881159],[2.381668,48.881345]]]},"properties":{"id":"CRS3035RES200mN2892000E3763000","population":1065.5,"households":534.0,"poverty_rate":0.10112359550561797,"senior_rate":0.16236508681370249,"single_parent_rate":0.11235955056179775,"social_housing_rate":0.02247191011235955,"imputed":false,"vulnerability":19.2}},{"type":"Feature","geometry":{"type":"Polygon","coordinates":[[[2.384382,48.881531],[2.384106,48.883318],[2.381392,48.883133],[2.381668,48.881345],[2.384382,48.881531]]]},"properties":{"id":"CRS3035RES200mN2892000E3763200","population":407.5,"households":192.0,"poverty_rate":0.09375,"senior_rate":0.19141104294478528,"single_parent_rate":0.057291666666666664,"social_housing_rate":0.0,"imputed":false,"vulnerability":17.7}},{"type":"Feature","geometry":{"type":"Polygon","coordinates":[[[2.387096,48.881716],[2.38682,48.883504],[2.384106,48.883318],[2.384382,48.881531],[2.387096,48.881716]]]},"properties":{"id":"CRS3035RES200mN2892000E3763400","population":848.5,"households":401.0,"poverty_rate":0.10473815461346633,"senior_rate":0.11785503830288745,"single_parent_rate":0.09226932668329177,"social_housing_rate":0.3167082294264339,"imputed":false,"vulnerability":20.5}},{"type":"Feature","geometry":{"type":"Polygon","coordinates":[[[2.38981,48.881902],[2.389534,48.88369],[2.38682,48.883504],[2.387096,48.881716],[2.38981,48.881902]]]},"properties":{"id":"CRS3035RES200mN2892000E3763600","population":1428.0,"households":791.0,"poverty_rate":0.11757269279393173,"senior_rate":0.15266106442577032,"single_parent_rate":0.08091024020227561,"social_housing_rate":0.01390644753476612,"imputed":false,"vulnerability":18.0}},{"type":"Feature","geometry":{"type":"Polygon","coordinates":[[[2.392524,48.882087],[2.392249,48.883875],[2.389534,48.88369],[2.38981,48.881902],[2.392524,48.882087]]]},"properties":{"id":"CRS3035RES200mN2892000E3763800","population":1273.0,"households":564.0,"poverty_rate":0.3067375886524823,"senior_rate":0.20267085624509035,"single_parent_rate":0.17907801418439717,"social_housing_rate":0.8652482269503546,"imputed":false,"vulnerability":47.2}},{"type":"Feature","geometry":{"type":"Polygon","coordinates":[[[2.395239,48.882273],[2.394963,48.884061],[2.392249,48.883875],[2.392524,48.882087],[2.395239,48.882273]]]},"properties":{"id":"CRS3035RES200mN2892000E3764000","population":2096.0,"households":828.0,"poverty_rate":0.2741545893719807,"senior_rate":0.1765267175572519,"single_parent_rate":0.13405797101449277,"social_housing_rate":0.855072463768116,"imputed":false,"vulnerability":42.0}},{"type":"Feature","geometry":{"type":"Polygon","coordinates":[[[2.397953,48.882458],[2.397677,48.884246],[2.394963,48.884061],[2.395239,48.882273],[2.397953,48.882458]]]},"properties":{"id":"CRS3035RES200mN2892000E3764200","population":1960.0,"households":813.0,"poverty_rate":0.25338253382533826,"senior_rate":0.17704081632653063,"single_parent_rate":0.1980319803198032,"social_housing_rate":0.998769987699877,"imputed":false,"vulnerability":45.9}},{"type":"Feature","geometry":{"type":"Polygon","coordinates":[[[2.400667,48.882644],[2.400392,48.884432],[2.397677,48.884246],[2.397953,48.882458],[2.400667,48.882644]]]},"properties":{"id":"CRS3035RES200mN2892000E3764400","population":832.5,"households":307.0,"poverty_rate":0.20846905537459284,"senior_rate":0.16816816816816818,"single_parent_rate":0.18566775244299674,"social_housing_rate":0.990228013029316,"imputed":false,"vulnerability":42.6}},{"type":"Feature","geometry":{"type":"Polygon","coordinates":[[[2.403381,48.882829],[2.403106,48.884617],[2.400392,48.884432],[2.400667,48.882644],[2.403381,48.882829]]]},"properties":{"id":"CRS3035RES200mN2892000E3764600","population":599.0,"households":263.0,"poverty_rate":0.12167300380228137,"senior_rate":0.15859766277128548,"single_parent_rate":0.10646387832699619,"social_housing_rate":0.4068441064638783,"imputed":false,"vulnerability":25.5}},{"type":"Feature","geometry":{"type":"Polygon","coordinates":[[[2.25113,48.874139],[2.250849,48.875926],[2.248136,48.875737],[2.248416,48.87395],[2.25113,48.874139]]]},"properties":{"id":"CRS3035RES200mN2892200E3753400","population":8.0,"households":3.8,"poverty_rate":0.18421052631578946,"senior_rate":0.1,"single_parent_rate":0.13157894736842105,"social_housing_rate":0.0,"imputed":true,"vulnerability":20.4}},{"type":"Feature","geometry":{"type":"Polygon","coordinates":[[[2.253843,48.874327],[2.253562,48.876115],[2.250849,48.875926],[2.25113,48.874139],[2.253843,48.874327]]]},"properties":{"id":"CRS3035RES200mN2892200E3753600","population":1052.5,"households":420.0,"poverty_rate":0.07380952380952381,"senior_rate":0.19667458432304039,"single_parent_rate":0.11428571428571428,"social_housing_rate":0.0,"imputed":false,"vulnerability":19.4}},{"type":"Feature","geometry":{"type":"Polygon","coordinates":[[[2.256556,48.874516],[2.256276,48.876304],[2.253562,48.876115],[2.253843,48.874327],[2.256556,48.874516]]]},"properties":{"id":"CRS3035RES200mN2892200E3753800","population":114.0,"households":47.0,"poverty_rate":0.14893617021276595,"senior_rate":0.21929824561403508,"single_parent_rate":0.1276595744680851,"social_housing_rate":0.0,"imputed":false,"vulnerability":25.0}},{"type":"Feature","geometry":{"type":"Polygon","coordinates":[[[2.280978,48.876213],[2.280698,48.878001],[2.277984,48.877812],[2.278264,48.876025],[2.280978,48.876213]]]},"properties":{"id":"CRS3035RES200mN2892200E3755600","population":4.0,"households":2.1,"poverty_rate":0.19047619047619047,"senior_rate":0.0,"single_parent_rate":0.047619047619047616,"social_housing_rate":0.0,"imputed":true,"vulnerability":11.6}},{"type":"Feature","geometry":{"type":"Polygon","coordinates":[[[2.283691,48.876401],[2.283412,48.878189],[2.280698,48.878001],[2.280978,48.876213],[2.283691,48.876401]]]},"properties":{"id":"CRS3035RES200mN2892200E3755800","population":46.0,"households":23.9,"poverty_rate":0.1799163179916318,"senior_rate":0.0,"single_parent_rate":0.03765690376569038,"social_housing_rate":0.0,"imputed":true,"vulnerability":10.6}},{"type":"Feature","geometry":{"type":"Polygon","coordinates":[[[2.286405,48.876589],[2.286125,48.878377],[2.283412,48.878189],[2.283691,48.876401],[2.286405,48.876589]]]},"properties":{"id":"CRS3035RES200mN2892200E3756000","population":548.5,"households":296.0,"poverty_rate":0.11824324324324324,"senior_rate":0.16226071103008205,"single_parent_rate":0.060810810810810814,"social_housing_rate":0.0,"imputed":false,"vulnerability":17.5}},{"type":"Feature","geometry":{"type":"Polygon","coordinates":[[[2.289118,48.876778],[2.288839,48.878565],[2.286125,48.878377],[2.286405,48.876589],[2.289118,48.876778]]]},"properties":{"id":"CRS3035RES200mN2892200E3756200","population":1083.5,"households":534.0,"poverty_rate":0.10112359550561797,"senior_rate":0.22888786340562992,"single_parent_rate":0.06367041198501873,"social_housing_rate":0.0,"imputed":false,"vulnerability":20.4}},{"type":"Feature","geometry":{"type":"Polygon","coordinates":[[[2.291832,48.876966],[2.291553,48.878753],[2.288839,48.878565],[2.289118,48.876778],[2.291832,48.876966]]]},"properties":{"id":"CRS3035RES200mN2892200E3756400","population":1540.0,"households":800.0,"poverty_rate":0.12875,"senior_rate":0.21233766233766233,"single_parent_rate":0.0525,"social_housing_rate":0.00625,"imputed":false,"vulnerability":20.5}},{"type":"Feature","geometry":{"type":"Polygon","coordinates":[[[2.294546,48.877153],[2.294266,48.878941],[2.291553,48.878753],[2.291832,48.876966],[2.294546,48.877153]]]},"properties":{"id":"CRS3035RES200mN2892200E3756600","population":1121.5,"households":673.0,"poverty_rate":0.1515601783060921,"senior_rate":0.1881408827463219,"single_parent_rate":0.07280832095096583,"social_housing_rate":0.03268945022288262,"imputed":false,"vulnerability":21.6}},{"type":"Feature","geometry":{"type":"Polygon","coordinates":[[[2.297259,48.877341],[2.29698,48.879129],[2.294266,48.878941],[2.294546,48.877153],[2.297259,48.877341]]]},"properties":{"id":"CRS3035RES200mN2892200E3756800","population":744.5,"households":429.0,"poverty_rate":0.11888111888111888,"senior_rate":0.17192746809939558,"single_parent_rate":0.05128205128205128,"social_housing_rate":0.037296037296037296,"imputed":false,"vulnerability":18.2}},{"type":"Feature","geometry":{"type":"Polygon","coordinates":[[[2.299973,48.877529],[2.299694,48.879317],[2.29698,48.879129],[2.297259,48.877341],[2.299973,48.877529]]]},"properties":{"id":"CRS3035RES200mN2892200E3757000","population":734.0,"households":379.0,"poverty_rate":0.1266490765171504,"senior_rate":0.20708446866485014,"single_parent_rate":0.079155672823219,"social_housing_rate":0.0395778364116095,"imputed":false,"vulnerability":21.7}},{"type":"Feature","geometry":{"type":"Polygon","coordinates":[[[2.302687,48.877717],[2.302408,48.879505],[2.299694,48.879317],[2.299973,48.877529],[2.302687,48.877717]]]},"properties":{"id":"CRS3035RES200mN2892200E3757200","population":1498.0,"households":689.0,"poverty_rate":0.14078374455732948,"senior_rate":0.22897196261682243,"single_parent_rate":0.07256894049346879,"social_housing_rate":0.0,"imputed":false,"vulnerability":22.8}},{"type":"Feature","geometry":{"type":"Polygon","coordinates":[[[2.3054,48.877905],[2.305122,48.879692],[2.302408,48.879505],[2.302687,48.877717],[2.3054,48.877905]]]},"properties":{"id":"CRS3035RES200mN2892200E3757400","population":626.5,"households":278.0,"poverty_rate":0.11870503597122302,"senior_rate":0.21069433359936154,"single_parent_rate":0.050359712230215826,"social_housing_rate":0.0,"imputed":false,"vulnerability":19.7}},{"type":"Feature","geometry":{"type":"Polygon","coordinates":[[[2.308114,48.878092],[2.307835,48.87988],[2.305122,48.879692],[2.3054,48.877905],[2.308114,48.878092]]]},"properties":{"id":"CRS3035RES200mN2892200E3757600","population":182.0,"households":85.0,"poverty_rate":0.17647058823529413,"senior_rate":0.25274725274725274,"single_parent_rate":0.08235294117647059,"social_housing_rate":0.0,"imputed":false,"vulnerability":26.3}},{"type":"Feature","geometry":{"type":"Polygon","coordinates":[[[2.313541,48.878467],[2.313263,48.880255],[2.310549,48.880067],[2.310828,48.87828],[2.313541,48.878467]]]},"properties":{"id":"CRS3035RES200mN2892200E3758000","population":262.5,"households":123.0,"poverty_rate":0.17886178861788618,"senior_rate":0.2438095238095238,"single_parent_rate":0.056910569105691054,"social_housing_rate":0.0,"imputed":false,"vulnerability":24.8}},{"type":"Feature","geometry":{"type":"Polygon","coordinates":[[[2.316255,48.878655],[2.315977,48.880442],[2.313263,48.880255],[2.313541,48.878467],[2.316255,48.878655]]]},"properties":{"id":"CRS3035RES200mN2892200E3758200","population":973.5,"households":422.0,"poverty_rate":0.10900473933649289,"senior_rate":0.1746276322547509,"single_parent_rate":0.0924170616113744,"social_housing_rate":0.0,"imputed":false,"vulnerability":19.1}},{"type":"Feature","geometry":{"type":"Polygon","coordinates":[[[2.318969,48.878842],[2.318691,48.88063],[2.315977,48.880442],[2.316255,48.878655],[2.318969,48.878842]]]},"properties":{"id":"CRS3035RES200mN2892200E3758400","population":955.0,"households":408.0,"poverty_rate":0.07352941176470588,"senior_rate":0.15392670157068064,"single_parent_rate":0.08088235294117647,"social_housing_rate":0.014705882352941176,"imputed":false,"vulnerability":15.9}},{"type":"Feature","geometry":{"type":"Polygon","coordinates":[[[2.321683,48.879029],[2.321405,48.880817],[2.318691,48.88063],[2.318969,48.878842],[2.321683,48.879029]]]},"properties":{"id":"CRS3035RES200mN2892200E3758600","population":1755.5,"households":771.0,"poverty_rate":0.08300907911802853,"senior_rate":0.15038450583879237,"single_parent_rate":0.07782101167315175,"social_housing_rate":0.057068741893644616,"imputed":false,"vulnerability":16.6}},{"type":"Feature","geometry":{"type":"Polygon","coordinates":[[[2.324397,48.879216],[2.324119,48.881004],[2.321405,48.880817],[2.321683,48.879029],[2.324397,48.879216]]]},"properties":{"id":"CRS3035RES200mN2892200E3758800","population":982.0,"households":448.0,"poverty_rate":0.13839285714285715,"senior_rate":0.13747454175152748,"single_parent_rate":0.07366071428571429,"social_housing_rate":0.0,"imputed":false,"vulnerability":17.7}},{"type":"Feature","geometry":{"type":"Polygon","coordinates":[[[2.327111,48.879404],[2.326833,48.881191],[2.324119,48.881004],[2.324397,48.879216],[2.327111,48.879404]]]},"properties":{"id":"CRS3035RES200mN2892200E3759000","population":854.5,"households":406.0,"poverty_rate":0.12561576354679804,"senior_rate":0.17203042715038033,"single_parent_rate":0.059113300492610835,"social_housing_rate":0.029556650246305417,"imputed":false,"vulnerability":18.7}},{"type":"Feature","geometry":{"type":"Polygon","coordinates":[[[2.329824,48.879591],[2.329547,48.881378],[2.326833,48.881191],[2.327111,48.879404],[2.329824,48.879591]]]},"properties":{"id":"CRS3035RES200mN2892200E3759200","population":1267.0,"households":593.0,"poverty_rate":0.08431703204047218,"senior_rate":0.1452249408050513,"single_parent_rate":0.09106239460370995,"social_housing_rate":0.0,"imputed":false,"vulnerability":16.1}},{"type":"Feature","geometry":{"type":"Polygon","coordinates":[[[2.332538,48.879778],[2.332261,48.881565],[2.329547,48.881378],[2.329824,48.879591],[2.332538,48.879778]]]},"properties":{"id":"CRS3035RES200mN2892200E3759400","population":1459.5,"households":681.0,"poverty_rate":0.1027900146842878,"senior_rate":0.1527920520726276,"single_parent_rate":0.07929515418502203,"social_housing_rate":0.010279001468428781,"imputed":false,"vulnerability":17.1}},{"type":"Feature","geometry":{"type":"Polygon","coordinates":[[[2.335252,48.879965],[2.334975,48.881752],[2.332261,48.881565],[2.332538,48.879778],[2.335252,48.879965]]]},"properties":{"id":"CRS3035RES200mN2892200E3759600","population":1562.5,"households":863.0,"poverty_rate":0.10776361529548088,"senior_rate":0.16832,"single_parent_rate":0.08690614136732329,"social_housing_rate":0.038238702201622246,"imputed":false,"vulnerability":19.0}},{"type":"Feature","geometry":{"type":"Polygon","coordinates":[[[2.337966,48.880152],[2.337689,48.881939],[2.334975,48.881752],[2.335252,48.879965],[2.337966,48.880152]]]},"properties":{"id":"CRS3035RES200mN2892200E3759800","population":1800.5,"households":957.0,"poverty_rate":0.17450365726227796,"senior_rate":0.1577339627881144,"single_parent_rate":0.10762800417972831,"social_housing_rate":0.1922675026123302,"imputed":false,"vulnerability":24.9}},{"type":"Feature","geometry":{"type":"Polygon","coordinates":[[[2.34068,48.880338],[2.340403,48.882126],[2.337689,48.881939],[2.337966,48.880152],[2.34068,48.880338]]]},"properties":{"id":"CRS3035RES200mN2892200E3760000","population":1186.0,"households":623.0,"poverty_rate":0.11717495987158909,"senior_rate":0.22765598650927488,"single_parent_rate":0.0738362760834671,"social_housing_rate":0.0,"imputed":false,"vulnerability":21.6}},{"type":"Feature","geometry":{"type":"Polygon","coordinates":[[[2.343394,48.880525],[2.343117,48.882313],[2.340403,48.882126],[2.34068,48.880338],[2.343394,48.880525]]]},"properties":{"id":"CRS3035RES200mN2892200E3760200","population":1158.0,"households":582.0,"poverty_rate":0.1134020618556701,"senior_rate":0.18048359240069084,"single_parent_rate":0.08762886597938144,"social_housing_rate":0.03951890034364261,"imputed":false,"vulnerability":20.0}},{"type":"Feature","geometry":{"type":"Polygon","coordinates":[[[2.346108,48.880712],[2.345831,48.8825],[2.343117,48.882313],[2.343394,48.880525],[2.346108,48.880712]]]},"properties":{"id":"CRS3035RES200mN2892200E3760400","population":1150.5,"households":642.0,"poverty_rate":0.1043613707165109,"senior_rate":0.15123859191655803,"single_parent_rate":0.08255451713395638,"social_housing_rate":0.11682242990654206,"imputed":false,"vulnerability":18.9}},{"type":"Feature","geometry":{"type":"Polygon","coordinates":[[[2.348822,48.880898],[2.348545,48.882686],[2.345831,48.8825],[2.346108,48.880712],[2.348822,48.880898]]]},"properties":{"id":"CRS3035RES200mN2892200E3760600","population":1777.5,"households":985.0,"poverty_rate":0.15837563451776648,"senior_rate":0.1271448663853727,"single_parent_rate":0.11370558375634518,"social_housing_rate":0.09543147208121827,"imputed":false,"vulnerability":21.3}},{"type":"Feature","geometry":{"type":"Polygon","coordinates":[[[2.351536,48.881085],[2.351259,48.882873],[2.348545,48.882686],[2.348822,48.880898],[2.351536,48.881085]]]},"properties":{"id":"CRS3035RES200mN2892200E3760800","population":1828.0,"households":908.0,"poverty_rate":0.11784140969162996,"senior_rate":0.1526258205689278,"single_parent_rate":0.08700440528634361,"social_housing_rate":0.07929515418502203,"imputed":false,"vulnerability":19.2}},{"type":"Feature","geometry":{"type":"Polygon","coordinates":[[[2.35425,48.881271],[2.353973,48.883059],[2.351259,48.882873],[2.351536,48.881085],[2.35425,48.881271]]]},"properties":{"id":"CRS3035RES200mN2892200E3761000","population":760.0,"households":388.0,"poverty_rate":0.11082474226804123,"senior_rate":0.1763157894736842,"single_parent_rate":0.08505154639175258,"social_housing_rate":0.14948453608247422,"imputed":false,"vulnerability":21.2}},{"type":"Feature","geometry":{"type":"Polygon","coordinates":[[[2.359678,48.881644],[2.359402,48.883432],[2.356687,48.883246],[2.356964,48.881458],[2.359678,48.881644]]]},"properties":{"id":"CRS3035RES200mN2892200E3761400","population":612.5,"households":292.0,"poverty_rate":0.11986301369863013,"senior_rate":0.11591836734693878,"single_parent_rate":0.10273972602739725,"social_housing_rate":0.03767123287671233,"imputed":false,"vulnerability":17.4}},{"type":"Feature","geometry":{"type":"Polygon","coordinates":[[[2.362392,48.881831],[2.362116,48.883618],[2.359402,48.883432],[2.359678,48.881644],[2.362392,48.881831]]]},"properties":{"id":"CRS3035RES200mN2892200E3761600","population":1510.5,"households":782.0,"poverty_rate":0.17263427109974425,"senior_rate":0.12313803376365443,"single_parent_rate":0.1329923273657289,"social_housing_rate":0.13427109974424553,"imputed":false,"vulnerability":23.2}},{"type":"Feature","geometry":{"type":"Polygon","coordinates":[[[2.365107,48.882017],[2.36483,48.883805],[2.362116,48.883618],[2.362392,48.881831],[2.365107,48.882017]]]},"properties":{"id":"CRS3035RES200mN2892200E3761800","population":970.5,"households":528.0,"poverty_rate":0.1268939393939394,"senior_rate":0.17104585265327152,"single_parent_rate":0.056818181818181816,"social_housing_rate":0.043560606060606064,"imputed":false,"vulnerability":18.9}},{"type":"Feature","geometry":{"type":"Polygon","coordinates":[[[2.367821,48.882203],[2.367544,48.883991],[2.36483,48.883805],[2.365107,48.882017],[2.367821,48.882203]]]},"properties":{"id":"CRS3035RES200mN2892200E3762000","population":1692.0,"households":940.0,"poverty_rate":0.16595744680851063,"senior_rate":0.12943262411347517,"single_parent_rate":0.07659574468085106,"social_housing_rate":0.1127659574468085,"imputed":false,"vulnerability":20.4}},{"type":"Feature","geometry":{"type":"Polygon","coordinates":[[[2.370535,48.882389],[2.370259,48.884177],[2.367544,48.883991],[2.367821,48.882203],[2.370535,48.882389]]]},"properties":{"id":"CRS3035RES200mN2892200E3762200","population":1187.0,"households":590.0,"poverty_rate":0.22542372881355932,"senior_rate":0.11373209772535804,"single_parent_rate":0.10847457627118644,"social_housing_rate":0.3220338983050847,"imputed":false,"vulnerability":27.0}},{"type":"Feature","geometry":{"type":"Polygon","coordinates":[[[2.373249,48.882575],[2.372973,48.884363],[2.370259,48.884177],[2.370535,48.882389],[2.373249,48.882575]]]},"properties":{"id":"CRS3035RES200mN2892200E3762400","population":969.0,"households":477.0,"poverty_rate":0.12578616352201258,"senior_rate":0.13209494324045407,"single_parent_rate":0.09643605870020965,"social_housing_rate":0.25157232704402516,"imputed":false,"vulnerability":21.5}},{"type":"Feature","geometry":{"type":"Polygon","coordinates":[[[2.375963,48.882761],[2.375687,48.884549],[2.372973,48.884363],[2.373249,48.882575],[2.375963,48.882761]]]},"properties":{"id":"CRS3035RES200mN2892200E3762600","population":1838.0,"households":944.0,"poverty_rate":0.17584745762711865,"senior_rate":0.20565832426550598,"single_parent_rate":0.09427966101694915,"social_housing_rate":0.3103813559322034,"imputed":false,"vulnerability":28.8}},{"type":"Feature","geometry":{"type":"Polygon","coordinates":[[[2.378677,48.882947],[2.378401,48.884735],[2.375687,48.884549],[2.375963,48.882761],[2.378677,48.882947]]]},"properties":{"id":"CRS3035RES200mN2892200E3762800","population":1888.5,"households":980.0,"poverty_rate":0.20918367346938777,"senior_rate":0.19857029388403494,"single_parent_rate":0.13673469387755102,"social_housing_rate":0.44285714285714284,"imputed":false,"vulnerability":33.9}},{"type":"Feature","geometry":{"type":"Polygon","coordinates":[[[2.381392,48.883133],[2.381116,48.884921],[2.378401,48.884735],[2.378677,48.882947],[2.381392,48.883133]]]},"properties":{"id":"CRS3035RES200mN2892200E3763000","population":1637.0,"households":857.0,"poverty_rate":0.08168028004667445,"senior_rate":0.16371411117898596,"single_parent_rate":0.10151691948658109,"social_housing_rate":0.023337222870478413,"imputed":false,"vulnerability":17.8}},{"type":"Feature","geometry":{"type":"Polygon","coordinates":[[[2.384106,48.883318],[2.38383,48.885106],[2.381116,48.884921],[2.381392,48.883133],[2.384106,48.883318]]]},"properties":{"id":"CRS3035RES200mN2892200E3763200","population":1852.0,"households":801.0,"poverty_rate":0.19975031210986266,"senior_rate":0.17818574514038876,"single_parent_rate":0.10486891385767791,"social_housing_rate":0.5131086142322098,"imputed":false,"vulnerability":32.0}},{"type":"Feature","geometry":{"type":"Polygon","coordinates":[[[2.38682,48.883504],[2.386544,48.885292],[2.38383,48.885106],[2.384106,48.883318],[2.38682,48.883504]]]},"properties":{"id":"CRS3035RES200mN2892200E3763400","population":832.5,"households":384.0,"poverty_rate":0.11979166666666667,"senior_rate":0.12132132132132133,"single_parent_rate":0.13020833333333334,"social_housing_rate":0.4348958333333333,"imputed":false,"vulnerability":24.8}},{"type":"Feature","geometry":{"type":"Polygon","coordinates":[[[2.389534,48.88369],[2.389259,48.885478],[2.386544,48.885292],[2.38682,48.883504],[2.389534,48.88369]]]},"properties":{"id":"CRS3035RES200mN2892200E3763600","population":1291.5,"households":603.0,"poverty_rate":0.15091210613598674,"senior_rate":0.13240418118466898,"single_parent_rate":0.11276948590381426,"social_housing_rate":0.23880597014925373,"imputed":false,"vulnerability":23.3}},{"type":"Feature","geometry":{"type":"Polygon","coordinates":[[[2.392249,48.883875],[2.391973,48.885663],[2.389259,48.885478],[2.389534,48.88369],[2.392249,48.883875]]]},"properties":{"id":"CRS3035RES200mN2892200E3763800","population":2212.0,"households":999.0,"poverty_rate":0.14614614614614616,"senior_rate":0.17450271247739602,"single_parent_rate":0.0970970970970971,"social_housing_rate":0.26326326326326327,"imputed":false,"vulnerability":25.1}},{"type":"Feature","geometry":{"type":"Polygon","coordinates":[[[2.394963,48.884061],[2.394688,48.885849],[2.391973,48.885663],[2.392249,48.883875],[2.394963,48.884061]]]},"properties":{"id":"CRS3035RES200mN2892200E3764000","population":1679.0,"households":805.0,"poverty_rate":0.21366459627329193,"senior_rate":0.1292435973793925,"single_parent_rate":0.12546583850931678,"social_housing_rate":0.5614906832298137,"imputed":false,"vulnerability":31.6}},{"type":"Feature","geometry":{"type":"Polygon","coordinates":[[[2.397677,48.884246],[2.397402,48.886034],[2.394688,48.885849],[2.394963,48.884061],[2.397677,48.884246]]]},"properties":{"id":"CRS3035RES200mN2892200E3764200","population":1278.0,"households":556.0,"poverty_rate":0.3363309352517986,"senior_rate":0.2347417840375587,"single_parent_rate":0.210431654676259,"social_housing_rate":1.0,"imputed":false,"vulnerability":53.8}},{"type":"Feature","geometry":{"type":"Polygon","coordinates":[[[2.400392,48.884432],[2.400117,48.88622],[2.397402,48.886034],[2.397677,48.884246],[2.400392,48.884432]]]},"properties":{"id":"CRS3035RES200mN2892200E3764400","population":599.0,"households":224.0,"poverty_rate":0.21875,"senior_rate":0.11686143572621036,"single_parent_rate":0.20089285714285715,"social_housing_rate":0.71875,"imputed":false,"vulnerability":36.8}},{"type":"Feature","geometry":{"type":"Polygon","coordinates":[[[2.248136,48.875737],[2.247855,48.877525],[2.245141,48.877336],[2.245422,48.875548],[2.248136,48.875737]]]},"properties":{"id":"CRS3035RES200mN2892400E3753200","population":375.0,"households":126.0,"poverty_rate":0.1111111111111111,"senior_rate":0.13866666666666666,"single_parent_rate":0.07936507936507936,"social_housing_rate":0.0,"imputed":false,"vulnerability":16.6}},{"type":"Feature","geometry":{"type":"Polygon","coordinates":[[[2.250849,48.875926],[2.250568,48.877714],[2.247855,48.877525],[2.248136,48.875737],[2.250849,48.875926]]]},"properties":{"id":"CRS3035RES200mN2892400E3753400","population":858.5,"households":345.0,"poverty_rate":0.08405797101449275,"senior_rate":0.19103086779266162,"single_parent_rate":0.11884057971014493,"social_housing_rate":0.0,"imputed":false,"vulnerability":19.8}},{"type":"Feature","geometry":{"type":"Polygon","coordinates":[[[2.258989,48.876493],[2.258709,48.87828],[2.255996,48.878091],[2.256276,48.876304],[2.258989,48.876493]]]},"properties":{"id":"CRS3035RES200mN2892400E3754000","population":115.0,"households":49.8,"poverty_rate":0.05823293172690763,"senior_rate":0.25043478260869567,"single_parent_rate":0.05823293172690763,"social_housing_rate":0.0,"imputed":true,"vulnerability":19.2}},{"type":"Feature","geometry":{"type":"Polygon","coordinates":[[[2.261703,48.876681],[2.261423,48.878469],[2.258709,48.87828],[2.258989,48.876493],[2.261703,48.876681]]]},"properties":{"id":"CRS3035RES200mN2892400E3754200","population":3.0,"households":1.3,"poverty_rate":0.07692307692307693,"senior_rate":0.2333333333333333,"single_parent_rate":0.07692307692307693,"social_housing_rate":0.0,"imputed":true,"vulnerability":20.0}},{"type":"Feature","geometry":{"type":"Polygon","coordinates":[[[2.272557,48.877436],[2.272277,48.879223],[2.269564,48.879035],[2.269844,48.877247],[2.272557,48.877436]]]},"properties":{"id":"CRS3035RES200mN2892400E3755000","population":104.5,"households":49.0,"poverty_rate":0.061224489795918366,"senior_rate":0.2679425837320574,"single_parent_rate":0.12244897959183673,"social_housing_rate":0.0,"imputed":false,"vulnerability":23.1}},{"type":"Feature","geometry":{"type":"Polygon","coordinates":[[[2.275271,48.877624],[2.274991,48.879412],[2.272277,48.879223],[2.272557,48.877436],[2.275271,48.877624]]]},"properties":{"id":"CRS3035RES200mN2892400E3755200","population":346.0,"households":168.0,"poverty_rate":0.08333333333333333,"senior_rate":0.30346820809248554,"single_parent_rate":0.05357142857142857,"social_housing_rate":0.0,"imputed":false,"vulnerability":23.2}},{"type":"Feature","geometry":{"type":"Polygon","coordinates":[[[2.277984,48.877812],[2.277705,48.8796],[2.274991,48.879412],[2.275271,48.877624],[2.277984,48.877812]]]},"properties":{"id":"CRS3035RES200mN2892400E3755400","population":693.5,"households":349.0,"poverty_rate":0.10601719197707736,"senior_rate":0.26820475847152125,"single_parent_rate":0.07163323782234957,"social_housing_rate":0.0,"imputed":false,"vulnerability":23.1}},{"type":"Feature","geometry":{"type":"Polygon","coordinates":[[[2.280698,48.878001],[2.280418,48.879788],[2.277705,48.8796],[2.277984,48.877812],[2.280698,48.878001]]]},"properties":{"id":"CRS3035RES200mN2892400E3755600","population":670.5,"households":305.0,"poverty_rate":0.1540983606557377,"senior_rate":0.24459358687546606,"single_parent_rate":0.08196721311475409,"social_housing_rate":0.0,"imputed":false,"vulnerability":24.7}},{"type":"Feature","geometry":{"type":"Polygon","coordinates":[[[2.286125,48.878377],[2.285846,48.880165],[2.283132,48.879977],[2.283412,48.878189],[2.286125,48.878377]]]},"properties":{"id":"CRS3035RES200mN2892400E3756000","population":263.5,"households":146.0,"poverty_rate":0.17123287671232876,"senior_rate":0.16698292220113853,"single_parent_rate":0.06164383561643835,"social_housing_rate":0.0,"imputed":false,"vulnerability":20.4}},{"type":"Feature","geometry":{"type":"Polygon","coordinates":[[[2.288839,48.878565],[2.28856,48.880353],[2.285846,48.880165],[2.286125,48.878377],[2.288839,48.878565]]]},"properties":{"id":"CRS3035RES200mN2892400E3756200","population":860.5,"households":409.0,"poverty_rate":0.10268948655256724,"senior_rate":0.20918070889018012,"single_parent_rate":0.07090464547677261,"social_housing_rate":0.004889975550122249,"imputed":false,"vulnerability":19.8}},{"type":"Feature","geometry":{"type":"Polygon","coordinates":[[[2.291553,48.878753],[2.291274,48.880541],[2.28856,48.880353],[2.288839,48.878565],[2.291553,48.878753]]]},"properties":{"id":"CRS3035RES200mN2892400E3756400","population":1217.0,"households":657.0,"poverty_rate":0.0974124809741248,"senior_rate":0.209531635168447,"single_parent_rate":0.076103500761035,"social_housing_rate":0.0,"imputed":false,"vulnerability":19.7}},{"type":"Feature","geometry":{"type":"Polygon","coordinates":[[[2.294266,48.878941],[2.293987,48.880729],[2.291274,48.880541],[2.291553,48.878753],[2.294266,48.878941]]]},"properties":{"id":"CRS3035RES200mN2892400E3756600","population":1494.5,"households":695.0,"poverty_rate":0.12661870503597122,"senior_rate":0.1759785881565741,"single_parent_rate":0.07194244604316546,"social_housing_rate":0.014388489208633094,"imputed":false,"vulnerability":19.3}},{"type":"Feature","geometry":{"type":"Polygon","coordinates":[[[2.29698,48.879129],[2.296701,48.880917],[2.293987,48.880729],[2.294266,48.878941],[2.29698,48.879129]]]},"properties":{"id":"CRS3035RES200mN2892400E3756800","population":1258.5,"households":684.0,"poverty_rate":0.1111111111111111,"senior_rate":0.20421136273341278,"single_parent_rate":0.07163742690058479,"social_housing_rate":0.008771929824561403,"imputed":false,"vulnerability":20.0}},{"type":"Feature","geometry":{"type":"Polygon","coordinates":[[[2.299694,48.879317],[2.299415,48.881105],[2.296701,48.880917],[2.29698,48.879129],[2.299694,48.879317]]]},"properties":{"id":"CRS3035RES200mN2892400E3757000","population":1318.5,"households":737.0,"poverty_rate":0.10719131614654002,"senior_rate":0.18733409177095184,"single_parent_rate":0.05834464043419267,"social_housing_rate":0.0,"imputed":false,"vulnerability":18.2}},{"type":"Feature","geometry":{"type":"Polygon","coordinates":[[[2.302408,48.879505],[2.302129,48.881292],[2.299415,48.881105],[2.299694,48.879317],[2.302408,48.879505]]]},"properties":{"id":"CRS3035RES200mN2892400E3757200","population":1298.0,"households":557.0,"poverty_rate":0.1059245960502693,"senior_rate":0.1856702619414484,"single_parent_rate":0.06822262118491922,"social_housing_rate":0.0,"imputed":false,"vulnerability":18.5}},{"type":"Feature","geometry":{"type":"Polygon","coordinates":[[[2.305122,48.879692],[2.304843,48.88148],[2.302129,48.881292],[2.302408,48.879505],[2.305122,48.879692]]]},"properties":{"id":"CRS3035RES200mN2892400E3757400","population":1171.5,"households":602.0,"poverty_rate":0.10299003322259136,"senior_rate":0.20571916346564234,"single_parent_rate":0.07641196013289037,"social_housing_rate":0.0,"imputed":false,"vulnerability":19.8}},{"type":"Feature","geometry":{"type":"Polygon","coordinates":[[[2.307835,48.87988],[2.307557,48.881668],[2.304843,48.88148],[2.305122,48.879692],[2.307835,48.87988]]]},"properties":{"id":"CRS3035RES200mN2892400E3757600","population":899.0,"households":497.0,"poverty_rate":0.10261569416498995,"senior_rate":0.22135706340378197,"single_parent_rate":0.06841046277665996,"social_housing_rate":0.0,"imputed":false,"vulnerability":20.3}},{"type":"Feature","geometry":{"type":"Polygon","coordinates":[[[2.310549,48.880067],[2.310271,48.881855],[2.307557,48.881668],[2.307835,48.87988],[2.310549,48.880067]]]},"properties":{"id":"CRS3035RES200mN2892400E3757800","population":622.0,"households":265.0,"poverty_rate":0.09056603773584905,"senior_rate":0.19292604501607716,"single_parent_rate":0.07924528301886792,"social_housing_rate":0.0,"imputed":false,"vulnerability":18.6}},{"type":"Feature","geometry":{"type":"Polygon","coordinates":[[[2.313263,48.880255],[2.312985,48.882043],[2.310271,48.881855],[2.310549,48.880067],[2.313263,48.880255]]]},"properties":{"id":"CRS3035RES200mN2892400E3758000","population":434.5,"households":186.0,"poverty_rate":0.10215053763440861,"senior_rate":0.23245109321058688,"single_parent_rate":0.08064516129032258,"social_housing_rate":0.0,"imputed":false,"vulnerability":21.4}},{"type":"Feature","geometry":{"type":"Polygon","coordinates":[[[2.315977,48.880442],[2.315699,48.88223],[2.312985,48.882043],[2.313263,48.880255],[2.315977,48.880442]]]},"properties":{"id":"CRS3035RES200mN2892400E3758200","population":1133.5,"households":508.0,"poverty_rate":0.10236220472440945,"senior_rate":0.16762240846934273,"single_parent_rate":0.08464566929133858,"social_housing_rate":0.0,"imputed":false,"vulnerability":18.0}},{"type":"Feature","geometry":{"type":"Polygon","coordinates":[[[2.318691,48.88063],[2.318413,48.882417],[2.315699,48.88223],[2.315977,48.880442],[2.318691,48.88063]]]},"properties":{"id":"CRS3035RES200mN2892400E3758400","population":1436.5,"households":709.0,"poverty_rate":0.07898448519040903,"senior_rate":0.17960320222763662,"single_parent_rate":0.06346967559943582,"social_housing_rate":0.0,"imputed":false,"vulnerability":16.6}},{"type":"Feature","geometry":{"type":"Polygon","coordinates":[[[2.321405,48.880817],[2.321127,48.882605],[2.318413,48.882417],[2.318691,48.88063],[2.321405,48.880817]]]},"properties":{"id":"CRS3035RES200mN2892400E3758600","population":532.0,"households":255.0,"poverty_rate":0.10980392156862745,"senior_rate":0.17105263157894737,"single_parent_rate":0.09019607843137255,"social_housing_rate":0.0392156862745098,"imputed":false,"vulnerability":19.4}},{"type":"Feature","geometry":{"type":"Polygon","coordinates":[[[2.324119,48.881004],[2.323841,48.882792],[2.321127,48.882605],[2.321405,48.880817],[2.324119,48.881004]]]},"properties":{"id":"CRS3035RES200mN2892400E3758800","population":1390.5,"households":673.0,"poverty_rate":0.10549777117384844,"senior_rate":0.15677813736066162,"single_parent_rate":0.08469539375928678,"social_housing_rate":0.0,"imputed":false,"vulnerability":17.6}},{"type":"Feature","geometry":{"type":"Polygon","coordinates":[[[2.326833,48.881191],[2.326555,48.882979],[2.323841,48.882792],[2.324119,48.881004],[2.326833,48.881191]]]},"properties":{"id":"CRS3035RES200mN2892400E3759000","population":1867.0,"households":820.0,"poverty_rate":0.13414634146341464,"senior_rate":0.1638993036957686,"single_parent_rate":0.1048780487804878,"social_housing_rate":0.10609756097560975,"imputed":false,"vulnerability":21.8}},{"type":"Feature","geometry":{"type":"Polygon","coordinates":[[[2.329547,48.881378],[2.329269,48.883166],[2.326555,48.882979],[2.326833,48.881191],[2.329547,48.881378]]]},"properties":{"id":"CRS3035RES200mN2892400E3759200","population":1367.0,"households":713.0,"poverty_rate":0.11220196353436185,"senior_rate":0.14484272128749084,"single_parent_rate":0.056100981767180924,"social_housing_rate":0.011220196353436185,"imputed":false,"vulnerability":16.2}},{"type":"Feature","geometry":{"type":"Polygon","coordinates":[[[2.332261,48.881565],[2.331983,48.883353],[2.329269,48.883166],[2.329547,48.881378],[2.332261,48.881565]]]},"properties":{"id":"CRS3035RES200mN2892400E3759400","population":1029.0,"households":535.0,"poverty_rate":0.1383177570093458,"senior_rate":0.17103984450923226,"single_parent_rate":0.09158878504672897,"social_housing_rate":0.10093457943925234,"imputed":false,"vulnerability":21.8}},{"type":"Feature","geometry":{"type":"Polygon","coordinates":[[[2.334975,48.881752],[2.334697,48.88354],[2.331983,48.883353],[2.332261,48.881565],[2.334975,48.881752]]]},"properties":{"id":"CRS3035RES200mN2892400E3759600","population":1502.0,"households":858.0,"poverty_rate":0.1282051282051282,"senior_rate":0.13249001331557922,"single_parent_rate":0.08857808857808858,"social_housing_rate":0.029137529137529136,"imputed":false,"vulnerability":18.0}},{"type":"Feature","geometry":{"type":"Polygon","coordinates":[[[2.337689,48.881939],[2.337411,48.883727],[2.334697,48.88354],[2.334975,48.881752],[2.337689,48.881939]]]},"properties":{"id":"CRS3035RES200mN2892400E3759800","population":1423.5,"households":838.0,"poverty_rate":0.18257756563245822,"senior_rate":0.1742184755883386,"single_parent_rate":0.07875894988066826,"social_housing_rate":0.17422434367541767,"imputed":false,"vulnerability":24.7}},{"type":"Feature","geometry":{"type":"Polygon","coordinates":[[[2.340403,48.882126],[2.340125,48.883914],[2.337411,48.883727],[2.337689,48.881939],[2.340403,48.882126]]]},"properties":{"id":"CRS3035RES200mN2892400E3760000","population":1372.0,"households":821.0,"poverty_rate":0.1607795371498173,"senior_rate":0.15014577259475217,"single_parent_rate":0.08647990255785627,"social_housing_rate":0.06699147381242387,"imputed":false,"vulnerability":21.0}},{"type":"Feature","geometry":{"type":"Polygon","coordinates":[[[2.343117,48.882313],[2.34284,48.884101],[2.340125,48.883914],[2.340403,48.882126],[2.343117,48.882313]]]},"properties":{"id":"CRS3035RES200mN2892400E3760200","population":1502.5,"households":928.0,"poverty_rate":0.1336206896551724,"senior_rate":0.16971713810316139,"single_parent_rate":0.07543103448275862,"social_housing_rate":0.004310344827586207,"imputed":false,"vulnerability":19.3}},{"type":"Feature","geometry":{"type":"Polygon","coordinates":[[[2.345831,48.8825],[2.345554,48.884287],[2.34284,48.884101],[2.343117,48.882313],[2.345831,48.8825]]]},"properties":{"id":"CRS3035RES200mN2892400E3760400","population":1095.5,"households":686.0,"poverty_rate":0.15743440233236153,"senior_rate":0.15335463258785942,"single_parent_rate":0.0641399416909621,"social_housing_rate":0.0,"imputed":false,"vulnerability":19.1}},{"type":"Feature","geometry":{"type":"Polygon","coordinates":[[[2.348545,48.882686],[2.348268,48.884474],[2.345554,48.884287],[2.345831,48.8825],[2.348545,48.882686]]]},"properties":{"id":"CRS3035RES200mN2892400E3760600","population":1503.0,"households":870.0,"poverty_rate":0.13218390804597702,"senior_rate":0.11310711909514305,"single_parent_rate":0.08505747126436781,"social_housing_rate":0.1781609195402299,"imputed":false,"vulnerability":19.2}},{"type":"Feature","geometry":{"type":"Polygon","coordinates":[[[2.351259,48.882873],[2.350982,48.884661],[2.348268,48.884474],[2.348545,48.882686],[2.351259,48.882873]]]},"properties":{"id":"CRS3035RES200mN2892400E3760800","population":1461.5,"households":741.0,"poverty_rate":0.24426450742240216,"senior_rate":0.16968867601778995,"single_parent_rate":0.08367071524966262,"social_housing_rate":0.1592442645074224,"imputed":false,"vulnerability":27.6}},{"type":"Feature","geometry":{"type":"Polygon","coordinates":[[[2.353973,48.883059],[2.353696,48.884847],[2.350982,48.884661],[2.351259,48.882873],[2.353973,48.883059]]]},"properties":{"id":"CRS3035RES200mN2892400E3761000","population":746.0,"households":282.0,"poverty_rate":0.3404255319148936,"senior_rate":0.15013404825737264,"single_parent_rate":0.1702127659574468,"social_housing_rate":0.5283687943262412,"imputed":false,"vulnerability":40.6}},{"type":"Feature","geometry":{"type":"Polygon","coordinates":[[[2.356687,48.883246],[2.356411,48.885034],[2.353696,48.884847],[2.353973,48.883059],[2.356687,48.883246]]]},"properties":{"id":"CRS3035RES200mN2892400E3761200","population":898.0,"households":347.0,"poverty_rate":0.345821325648415,"senior_rate":0.20155902004454343,"single_parent_rate":0.13544668587896252,"social_housing_rate":0.7348703170028819,"imputed":false,"vulnerability":45.3}},{"type":"Feature","geometry":{"type":"Polygon","coordinates":[[[2.359402,48.883432],[2.359125,48.88522],[2.356411,48.885034],[2.356687,48.883246],[2.359402,48.883432]]]},"properties":{"id":"CRS3035RES200mN2892400E3761400","population":294.5,"households":154.0,"poverty_rate":0.16233766233766234,"senior_rate":0.200339558573854,"single_parent_rate":0.06493506493506493,"social_housing_rate":0.07142857142857142,"imputed":false,"vulnerability":23.0}},{"type":"Feature","geometry":{"type":"Polygon","coordinates":[[[2.362116,48.883618],[2.361839,48.885406],[2.359125,48.88522],[2.359402,48.883432],[2.362116,48.883618]]]},"properties":{"id":"CRS3035RES200mN2892400E3761600","population":1925.0,"households":939.0,"poverty_rate":0.1959531416400426,"senior_rate":0.15844155844155844,"single_parent_rate":0.10010649627263046,"social_housing_rate":0.30564430244941426,"imputed":false,"vulnerability":27.4}},{"type":"Feature","geometry":{"type":"Polygon","coordinates":[[[2.36483,48.883805],[2.364554,48.885593],[2.361839,48.885406],[2.362116,48.883618],[2.36483,48.883805]]]},"properties":{"id":"CRS3035RES200mN2892400E3761800","population":1008.0,"households":476.0,"poverty_rate":0.25630252100840334,"senior_rate":0.1378968253968254,"single_parent_rate":0.1092436974789916,"social_housing_rate":0.5105042016806722,"imputed":false,"vulnerability":32.8}},{"type":"Feature","geometry":{"type":"Polygon","coordinates":[[[2.367544,48.883991],[2.367268,48.885779],[2.364554,48.885593],[2.36483,48.883805],[2.367544,48.883991]]]},"properties":{"id":"CRS3035RES200mN2892400E3762000","population":1838.5,"households":759.0,"poverty_rate":0.2779973649538867,"senior_rate":0.10334511830296438,"single_parent_rate":0.13175230566534915,"social_housing_rate":0.3939393939393939,"imputed":false,"vulnerability":31.2}},{"type":"Feature","geometry":{"type":"Polygon","coordinates":[[[2.370259,48.884177],[2.369982,48.885965],[2.367268,48.885779],[2.367544,48.883991],[2.370259,48.884177]]]},"properties":{"id":"CRS3035RES200mN2892400E3762200","population":1146.5,"households":437.0,"poverty_rate":0.2700228832951945,"senior_rate":0.13344962930658527,"single_parent_rate":0.16018306636155608,"social_housing_rate":0.7208237986270023,"imputed":false,"vulnerability":38.6}},{"type":"Feature","geometry":{"type":"Polygon","coordinates":[[[2.372973,48.884363],[2.372697,48.886151],[2.369982,48.885965],[2.370259,48.884177],[2.372973,48.884363]]]},"properties":{"id":"CRS3035RES200mN2892400E3762400","population":501.0,"households":269.0,"poverty_rate":0.09293680297397769,"senior_rate":0.17764471057884232,"single_parent_rate":0.07434944237918216,"social_housing_rate":0.08921933085501858,"imputed":false,"vulnerability":19.0}},{"type":"Feature","geometry":{"type":"Polygon","coordinates":[[[2.375687,48.884549],[2.375411,48.886337],[2.372697,48.886151],[2.372973,48.884363],[2.375687,48.884549]]]},"properties":{"id":"CRS3035RES200mN2892400E3762600","population":523.5,"households":233.0,"poverty_rate":0.12446351931330472,"senior_rate":0.14326647564469913,"single_parent_rate":0.13304721030042918,"social_housing_rate":0.36909871244635195,"imputed":false,"vulnerability":25.4}},{"type":"Feature","geometry":{"type":"Polygon","coordinates":[[[2.378401,48.884735],[2.378125,48.886523],[2.375411,48.886337],[2.375687,48.884549],[2.378401,48.884735]]]},"properties":{"id":"CRS3035RES200mN2892400E3762800","population":1659.0,"households":670.0,"poverty_rate":0.1761194029850746,"senior_rate":0.17058468957203135,"single_parent_rate":0.14626865671641792,"social_housing_rate":0.5671641791044776,"imputed":false,"vulnerability":33.0}},{"type":"Feature","geometry":{"type":"Polygon","coordinates":[[[2.381116,48.884921],[2.38084,48.886709],[2.378125,48.886523],[2.378401,48.884735],[2.381116,48.884921]]]},"properties":{"id":"CRS3035RES200mN2892400E3763000","population":1105.0,"households":587.0,"poverty_rate":0.12265758091993186,"senior_rate":0.1321266968325792,"single_parent_rate":0.07495741056218058,"social_housing_rate":0.06814310051107325,"imputed":false,"vulnerability":17.7}},{"type":"Feature","geometry":{"type":"Polygon","coordinates":[[[2.38383,48.885106],[2.383554,48.886894],[2.38084,48.886709],[2.381116,48.884921],[2.38383,48.885106]]]},"properties":{"id":"CRS3035RES200mN2892400E3763200","population":1438.5,"households":761.0,"poverty_rate":0.2233902759526938,"senior_rate":0.14529023288147375,"single_parent_rate":0.08278580814717477,"social_housing_rate":0.22470433639947437,"imputed":false,"vulnerability":26.1}},{"type":"Feature","geometry":{"type":"Polygon","coordinates":[[[2.386544,48.885292],[2.386269,48.88708],[2.383554,48.886894],[2.38383,48.885106],[2.386544,48.885292]]]},"properties":{"id":"CRS3035RES200mN2892400E3763400","population":1806.0,"households":892.0,"poverty_rate":0.11883408071748879,"senior_rate":0.1699889258028793,"single_parent_rate":0.08408071748878924,"social_housing_rate":0.26121076233183854,"imputed":false,"vulnerability":22.8}},{"type":"Feature","geometry":{"type":"Polygon","coordinates":[[[2.389259,48.885478],[2.388983,48.887266],[2.386269,48.88708],[2.386544,48.885292],[2.389259,48.885478]]]},"properties":{"id":"CRS3035RES200mN2892400E3763600","population":1558.5,"households":782.0,"poverty_rate":0.170076726342711,"senior_rate":0.15142765479627848,"single_parent_rate":0.08951406649616368,"social_housing_rate":0.3414322250639386,"imputed":false,"vulnerability":25.8}},{"type":"Feature","geometry":{"type":"Polygon","coordinates":[[[2.391973,48.885663],[2.391698,48.887451],[2.388983,48.887266],[2.389259,48.885478],[2.391973,48.885663]]]},"properties":{"id":"CRS3035RES200mN2892400E3763800","population":1177.5,"households":554.0,"poverty_rate":0.12454873646209386,"senior_rate":0.14012738853503184,"single_parent_rate":0.09386281588447654,"social_housing_rate":0.34296028880866425,"imputed":false,"vulnerability":23.1}},{"type":"Feature","geometry":{"type":"Polygon","coordinates":[[[2.394688,48.885849],[2.394412,48.887637],[2.391698,48.887451],[2.391973,48.885663],[2.394688,48.885849]]]},"properties":{"id":"CRS3035RES200mN2892400E3764000","population":1315.0,"households":664.0,"poverty_rate":0.14156626506024098,"senior_rate":0.10950570342205324,"single_parent_rate":0.09789156626506024,"social_housing_rate":0.35843373493975905,"imputed":false,"vulnerability":22.7}},{"type":"Feature","geometry":{"type":"Polygon","coordinates":[[[2.397402,48.886034],[2.397127,48.887822],[2.394412,48.887637],[2.394688,48.885849],[2.397402,48.886034]]]},"properties":{"id":"CRS3035RES200mN2892400E3764200","population":1426.0,"households":584.0,"poverty_rate":0.23116438356164384,"senior_rate":0.18092566619915848,"single_parent_rate":0.25,"social_housing_rate":0.863013698630137,"imputed":false,"vulnerability":45.3}},{"type":"Feature","geometry":{"type":"Polygon","coordinates":[[[2.400117,48.88622],[2.399841,48.888008],[2.397127,48.887822],[2.397402,48.886034],[2.400117,48.88622]]]},"properties":{"id":"CRS3035RES200mN2892400E3764400","population":268.5,"households":122.0,"poverty_rate":0.09836065573770492,"senior_rate":0.11173184357541899,"single_parent_rate":0.14754098360655737,"social_housing_rate":0.10655737704918032,"imputed":false,"vulnerability":19.0}},{"type":"Feature","geometry":{"type":"Polygon","coordinates":[[[2.258709,48.87828],[2.258429,48.880068],[2.255715,48.879879],[2.255996,48.878091],[2.258709,48.87828]]]},"properties":{"id":"CRS3035RES200mN2892600E3754000","population":302.5,"households":156.0,"poverty_rate":0.10256410256410256,"senior_rate":0.2545454545454545,"single_parent_rate":0.038461538461538464,"social_housing_rate":0.0,"imputed":false,"vulnerability":20.8}},{"type":"Feature","geometry":{"type":"Polygon","coordinates":[[[2.261423,48.878469],[2.261142,48.880257],[2.258429,48.880068],[2.258709,48.87828],[2.261423,48.878469]]]},"properties":{"id":"CRS3035RES200mN2892600E3754200","population":2.0,"households":0.9,"poverty_rate":0.0,"senior_rate":0.25,"single_parent_rate":0.0,"social_housing_rate":0.0,"imputed":true,"vulnerability":13.8}},{"type":"Feature","geometry":{"type":"Polygon","coordinates":[[[2.264136,48.878658],[2.263856,48.880445],[2.261142,48.880257],[2.261423,48.878469],[2.264136,48.878658]]]},"properties":{"id":"CRS3035RES200mN2892600E3754400","population":159.0,"households":94.0,"poverty_rate":0.13829787234042554,"senior_rate":0.20754716981132076,"single_parent_rate":0.07446808510638298,"social_housing_rate":0.0,"imputed":false,"vulnerability":21.5}},{"type":"Feature","geometry":{"type":"Polygon","coordinates":[[[2.26685,48.878846],[2.26657,48.880634],[2.263856,48.880445],[2.264136,48.878658],[2.26685,48.878846]]]},"properties":{"id":"CRS3035RES200mN2892600E3754600","population":443.5,"households":179.0,"poverty_rate":0.1564245810055866,"senior_rate":0.1984216459977452,"single_parent_rate":0.07262569832402235,"social_housing_rate":0.0,"imputed":false,"vulnerability":21.9}},{"type":"Feature","geometry":{"type":"Polygon","coordinates":[[[2.269564,48.879035],[2.269284,48.880823],[2.26657,48.880634],[2.26685,48.878846],[2.269564,48.879035]]]},"properties":{"id":"CRS3035RES200mN2892600E3754800","population":781.0,"households":325.0,"poverty_rate":0.13846153846153847,"senior_rate":0.20102432778489115,"single_parent_rate":0.06153846153846154,"social_housing_rate":0.0,"imputed":false,"vulnerability":20.6}},{"type":"Feature","geometry":{"type":"Polygon","coordinates":[[[2.280418,48.879788],[2.280139,48.881576],[2.277425,48.881388],[2.277705,48.8796],[2.280418,48.879788]]]},"properties":{"id":"CRS3035RES200mN2892600E3755600","population":1236.5,"households":620.0,"poverty_rate":0.1435483870967742,"senior_rate":0.16417306914678528,"single_parent_rate":0.10967741935483871,"social_housing_rate":0.13709677419354838,"imputed":false,"vulnerability":23.0}},{"type":"Feature","geometry":{"type":"Polygon","coordinates":[[[2.283132,48.879977],[2.282853,48.881764],[2.280139,48.881576],[2.280418,48.879788],[2.283132,48.879977]]]},"properties":{"id":"CRS3035RES200mN2892600E3755800","population":407.0,"households":265.0,"poverty_rate":0.1169811320754717,"senior_rate":0.4275184275184275,"single_parent_rate":0.04905660377358491,"social_housing_rate":0.0,"imputed":false,"vulnerability":31.5}},{"type":"Feature","geometry":{"type":"Polygon","coordinates":[[[2.285846,48.880165],[2.285567,48.881952],[2.282853,48.881764],[2.283132,48.879977],[2.285846,48.880165]]]},"properties":{"id":"CRS3035RES200mN2892600E3756000","population":449.5,"households":211.0,"poverty_rate":0.10900473933649289,"senior_rate":0.24916573971078976,"single_parent_rate":0.052132701421800945,"social_housing_rate":0.0,"imputed":false,"vulnerability":21.4}},{"type":"Feature","geometry":{"type":"Polygon","coordinates":[[[2.28856,48.880353],[2.28828,48.882141],[2.285567,48.881952],[2.285846,48.880165],[2.28856,48.880353]]]},"properties":{"id":"CRS3035RES200mN2892600E3756200","population":1147.5,"households":597.0,"poverty_rate":0.11725293132328309,"senior_rate":0.16732026143790849,"single_parent_rate":0.08542713567839195,"social_housing_rate":0.05527638190954774,"imputed":false,"vulnerability":19.6}},{"type":"Feature","geometry":{"type":"Polygon","coordinates":[[[2.291274,48.880541],[2.290994,48.882329],[2.28828,48.882141],[2.28856,48.880353],[2.291274,48.880541]]]},"properties":{"id":"CRS3035RES200mN2892600E3756400","population":1205.5,"households":597.0,"poverty_rate":0.08375209380234507,"senior_rate":0.19079220240564082,"single_parent_rate":0.051926298157453935,"social_housing_rate":0.0,"imputed":false,"vulnerability":16.9}},{"type":"Feature","geometry":{"type":"Polygon","coordinates":[[[2.293987,48.880729],[2.293708,48.882517],[2.290994,48.882329],[2.291274,48.880541],[2.293987,48.880729]]]},"properties":{"id":"CRS3035RES200mN2892600E3756600","population":1477.5,"households":682.0,"poverty_rate":0.09090909090909091,"senior_rate":0.17597292724196278,"single_parent_rate":0.08651026392961877,"social_housing_rate":0.0,"imputed":false,"vulnerability":18.0}},{"type":"Feature","geometry":{"type":"Polygon","coordinates":[[[2.296701,48.880917],[2.296422,48.882704],[2.293708,48.882517],[2.293987,48.880729],[2.296701,48.880917]]]},"properties":{"id":"CRS3035RES200mN2892600E3756800","population":1646.5,"households":821.0,"poverty_rate":0.09622411693057248,"senior_rate":0.21257212268448222,"single_parent_rate":0.06090133982947625,"social_housing_rate":0.00243605359317905,"imputed":false,"vulnerability":19.2}},{"type":"Feature","geometry":{"type":"Polygon","coordinates":[[[2.299415,48.881105],[2.299136,48.882892],[2.296422,48.882704],[2.296701,48.880917],[2.299415,48.881105]]]},"properties":{"id":"CRS3035RES200mN2892600E3757000","population":1689.5,"households":837.0,"poverty_rate":0.13261648745519714,"senior_rate":0.20065108020124298,"single_parent_rate":0.07287933094384708,"social_housing_rate":0.025089605734767026,"imputed":false,"vulnerability":21.2}},{"type":"Feature","geometry":{"type":"Polygon","coordinates":[[[2.302129,48.881292],[2.30185,48.88308],[2.299136,48.882892],[2.299415,48.881105],[2.302129,48.881292]]]},"properties":{"id":"CRS3035RES200mN2892600E3757200","population":1439.0,"households":589.0,"poverty_rate":0.09168081494057725,"senior_rate":0.1931897150799166,"single_parent_rate":0.07809847198641766,"social_housing_rate":0.0,"imputed":false,"vulnerability":18.6}},{"type":"Feature","geometry":{"type":"Polygon","coordinates":[[[2.304843,48.88148],[2.304564,48.883268],[2.30185,48.88308],[2.302129,48.881292],[2.304843,48.88148]]]},"properties":{"id":"CRS3035RES200mN2892600E3757400","population":1281.5,"households":495.0,"poverty_rate":0.09292929292929293,"senior_rate":0.15294576667967225,"single_parent_rate":0.09898989898989899,"social_housing_rate":0.014141414141414142,"imputed":false,"vulnerability":17.6}},{"type":"Feature","geometry":{"type":"Polygon","coordinates":[[[2.307557,48.881668],[2.307278,48.883455],[2.304564,48.883268],[2.304843,48.88148],[2.307557,48.881668]]]},"properties":{"id":"CRS3035RES200mN2892600E3757600","population":1055.5,"households":470.0,"poverty_rate":0.08723404255319149,"senior_rate":0.24159166271909047,"single_parent_rate":0.06595744680851064,"social_housing_rate":0.0,"imputed":false,"vulnerability":20.5}},{"type":"Feature","geometry":{"type":"Polygon","coordinates":[[[2.310271,48.881855],[2.309992,48.883643],[2.307278,48.883455],[2.307557,48.881668],[2.310271,48.881855]]]},"properties":{"id":"CRS3035RES200mN2892600E3757800","population":613.0,"households":247.0,"poverty_rate":0.0728744939271255,"senior_rate":0.2039151712887439,"single_parent_rate":0.044534412955465584,"social_housing_rate":0.0,"imputed":false,"vulnerability":16.8}},{"type":"Feature","geometry":{"type":"Polygon","coordinates":[[[2.312985,48.882043],[2.312706,48.88383],[2.309992,48.883643],[2.310271,48.881855],[2.312985,48.882043]]]},"properties":{"id":"CRS3035RES200mN2892600E3758000","population":554.0,"households":221.0,"poverty_rate":0.06787330316742081,"senior_rate":0.19133574007220217,"single_parent_rate":0.04524886877828054,"social_housing_rate":0.0,"imputed":false,"vulnerability":15.9}},{"type":"Feature","geometry":{"type":"Polygon","coordinates":[[[2.315699,48.88223],[2.31542,48.884018],[2.312706,48.88383],[2.312985,48.882043],[2.315699,48.88223]]]},"properties":{"id":"CRS3035RES200mN2892600E3758200","population":1787.5,"households":1021.0,"poverty_rate":0.11557296767874632,"senior_rate":0.14825174825174825,"single_parent_rate":0.07051909892262488,"social_housing_rate":0.0,"imputed":false,"vulnerability":17.0}},{"type":"Feature","geometry":{"type":"Polygon","coordinates":[[[2.318413,48.882417],[2.318134,48.884205],[2.31542,48.884018],[2.315699,48.88223],[2.318413,48.882417]]]},"properties":{"id":"CRS3035RES200mN2892600E3758400","population":1806.0,"households":1106.0,"poverty_rate":0.14556962025316456,"senior_rate":0.13344407530454042,"single_parent_rate":0.05786618444846293,"social_housing_rate":0.05063291139240506,"imputed":false,"vulnerability":17.9}},{"type":"Feature","geometry":{"type":"Polygon","coordinates":[[[2.321127,48.882605],[2.320849,48.884393],[2.318134,48.884205],[2.318413,48.882417],[2.321127,48.882605]]]},"properties":{"id":"CRS3035RES200mN2892600E3758600","population":1210.0,"households":683.0,"poverty_rate":0.09224011713030747,"senior_rate":0.1347107438016529,"single_parent_rate":0.05417276720351391,"social_housing_rate":0.0,"imputed":false,"vulnerability":14.4}},{"type":"Feature","geometry":{"type":"Polygon","coordinates":[[[2.323841,48.882792],[2.323563,48.88458],[2.320849,48.884393],[2.321127,48.882605],[2.323841,48.882792]]]},"properties":{"id":"CRS3035RES200mN2892600E3758800","population":1148.0,"households":607.0,"poverty_rate":0.09719934102141681,"senior_rate":0.1602787456445993,"single_parent_rate":0.08072487644151564,"social_housing_rate":0.0016474464579901153,"imputed":false,"vulnerability":17.2}},{"type":"Feature","geometry":{"type":"Polygon","coordinates":[[[2.326555,48.882979],[2.326277,48.884767],[2.323563,48.88458],[2.323841,48.882792],[2.326555,48.882979]]]},"properties":{"id":"CRS3035RES200mN2892600E3759000","population":1340.0,"households":720.0,"poverty_rate":0.1486111111111111,"senior_rate":0.1455223880597015,"single_parent_rate":0.07222222222222222,"social_housing_rate":0.03194444444444444,"imputed":false,"vulnerability":19.0}},{"type":"Feature","geometry":{"type":"Polygon","coordinates":[[[2.329269,48.883166],[2.328991,48.884954],[2.326277,48.884767],[2.326555,48.882979],[2.329269,48.883166]]]},"properties":{"id":"CRS3035RES200mN2892600E3759200","population":896.0,"households":496.0,"poverty_rate":0.11290322580645161,"senior_rate":0.13169642857142858,"single_parent_rate":0.06854838709677419,"social_housing_rate":0.010080645161290322,"imputed":false,"vulnerability":16.0}},{"type":"Feature","geometry":{"type":"Polygon","coordinates":[[[2.331983,48.883353],[2.331705,48.885141],[2.328991,48.884954],[2.329269,48.883166],[2.331983,48.883353]]]},"properties":{"id":"CRS3035RES200mN2892600E3759400","population":1031.5,"households":553.0,"poverty_rate":0.10669077757685352,"senior_rate":0.18904507998061076,"single_parent_rate":0.08499095840867993,"social_housing_rate":0.07233273056057866,"imputed":false,"vulnerability":20.5}},{"type":"Feature","geometry":{"type":"Polygon","coordinates":[[[2.334697,48.88354],[2.334419,48.885328],[2.331705,48.885141],[2.331983,48.883353],[2.334697,48.88354]]]},"properties":{"id":"CRS3035RES200mN2892600E3759600","population":1174.0,"households":651.0,"poverty_rate":0.2073732718894009,"senior_rate":0.12265758091993186,"single_parent_rate":0.0890937019969278,"social_housing_rate":0.15668202764976957,"imputed":false,"vulnerability":23.3}},{"type":"Feature","geometry":{"type":"Polygon","coordinates":[[[2.337411,48.883727],[2.337134,48.885515],[2.334419,48.885328],[2.334697,48.88354],[2.337411,48.883727]]]},"properties":{"id":"CRS3035RES200mN2892600E3759800","population":1766.5,"households":1069.0,"poverty_rate":0.1646398503274088,"senior_rate":0.13133314463628645,"single_parent_rate":0.07390084190832553,"social_housing_rate":0.02806361085126286,"imputed":false,"vulnerability":19.1}},{"type":"Feature","geometry":{"type":"Polygon","coordinates":[[[2.340125,48.883914],[2.339848,48.885702],[2.337134,48.885515],[2.337411,48.883727],[2.340125,48.883914]]]},"properties":{"id":"CRS3035RES200mN2892600E3760000","population":1407.0,"households":885.0,"poverty_rate":0.1480225988700565,"senior_rate":0.1613361762615494,"single_parent_rate":0.0768361581920904,"social_housing_rate":0.03615819209039548,"imputed":false,"vulnerability":20.1}},{"type":"Feature","geometry":{"type":"Polygon","coordinates":[[[2.34284,48.884101],[2.342562,48.885889],[2.339848,48.885702],[2.340125,48.883914],[2.34284,48.884101]]]},"properties":{"id":"CRS3035RES200mN2892600E3760200","population":1487.0,"households":959.0,"poverty_rate":0.15641293013555788,"senior_rate":0.13920645595158038,"single_parent_rate":0.07194994786235662,"social_housing_rate":0.01981230448383733,"imputed":false,"vulnerability":18.9}},{"type":"Feature","geometry":{"type":"Polygon","coordinates":[[[2.345554,48.884287],[2.345276,48.886075],[2.342562,48.885889],[2.34284,48.884101],[2.345554,48.884287]]]},"properties":{"id":"CRS3035RES200mN2892600E3760400","population":377.0,"households":209.0,"poverty_rate":0.14832535885167464,"senior_rate":0.16445623342175067,"single_parent_rate":0.06220095693779904,"social_housing_rate":0.0,"imputed":false,"vulnerability":19.2}},{"type":"Feature","geometry":{"type":"Polygon","coordinates":[[[2.348268,48.884474],[2.347991,48.886262],[2.345276,48.886075],[2.345554,48.884287],[2.348268,48.884474]]]},"properties":{"id":"CRS3035RES200mN2892600E3760600","population":1266.5,"households":818.0,"poverty_rate":0.13691931540342298,"senior_rate":0.12949072246348203,"single_parent_rate":0.07334963325183375,"social_housing_rate":0.0,"imputed":false,"vulnerability":17.1}},{"type":"Feature","geometry":{"type":"Polygon","coordinates":[[[2.350982,48.884661],[2.350705,48.886449],[2.347991,48.886262],[2.348268,48.884474],[2.350982,48.884661]]]},"properties":{"id":"CRS3035RES200mN2892600E3760800","population":1775.0,"households":852.0,"poverty_rate":0.17253521126760563,"senior_rate":0.15098591549295776,"single_parent_rate":0.10446009389671361,"social_housing_rate":0.22769953051643194,"imputed":false,"vulnerability":24.9}},{"type":"Feature","geometry":{"type":"Polygon","coordinates":[[[2.353696,48.884847],[2.353419,48.886635],[2.350705,48.886449],[2.350982,48.884661],[2.353696,48.884847]]]},"properties":{"id":"CRS3035RES200mN2892600E3761000","population":1703.0,"households":698.0,"poverty_rate":0.3194842406876791,"senior_rate":0.16793893129770993,"single_parent_rate":0.1346704871060172,"social_housing_rate":0.5558739255014327,"imputed":false,"vulnerability":39.4}},{"type":"Feature","geometry":{"type":"Polygon","coordinates":[[[2.356411,48.885034],[2.356134,48.886822],[2.353419,48.886635],[2.353696,48.884847],[2.356411,48.885034]]]},"properties":{"id":"CRS3035RES200mN2892600E3761200","population":1055.5,"households":585.0,"poverty_rate":0.2205128205128205,"senior_rate":0.15253434391283752,"single_parent_rate":0.08888888888888889,"social_housing_rate":0.09401709401709402,"imputed":false,"vulnerability":24.7}},{"type":"Feature","geometry":{"type":"Polygon","coordinates":[[[2.359125,48.88522],[2.358848,48.887008],[2.356134,48.886822],[2.356411,48.885034],[2.359125,48.88522]]]},"properties":{"id":"CRS3035RES200mN2892600E3761400","population":834.5,"households":493.0,"poverty_rate":0.2129817444219067,"senior_rate":0.17855002995805871,"single_parent_rate":0.08113590263691683,"social_housing_rate":0.1359026369168357,"imputed":false,"vulnerability":26.0}},{"type":"Feature","geometry":{"type":"Polygon","coordinates":[[[2.361839,48.885406],[2.361563,48.887194],[2.358848,48.887008],[2.359125,48.88522],[2.361839,48.885406]]]},"properties":{"id":"CRS3035RES200mN2892600E3761600","population":1134.0,"households":605.0,"poverty_rate":0.228099173553719,"senior_rate":0.1402116402116402,"single_parent_rate":0.07768595041322314,"social_housing_rate":0.18016528925619835,"imputed":false,"vulnerability":25.2}},{"type":"Feature","geometry":{"type":"Polygon","coordinates":[[[2.364554,48.885593],[2.364277,48.88738],[2.361563,48.887194],[2.361839,48.885406],[2.364554,48.885593]]]},"properties":{"id":"CRS3035RES200mN2892600E3761800","population":594.5,"households":289.0,"poverty_rate":0.20069204152249134,"senior_rate":0.14634146341463414,"single_parent_rate":0.11072664359861592,"social_housing_rate":0.4013840830449827,"imputed":false,"vulnerability":28.9}},{"type":"Feature","geometry":{"type":"Polygon","coordinates":[[[2.367268,48.885779],[2.366991,48.887567],[2.364277,48.88738],[2.364554,48.885593],[2.367268,48.885779]]]},"properties":{"id":"CRS3035RES200mN2892600E3762000","population":445.0,"households":220.0,"poverty_rate":0.30454545454545456,"senior_rate":0.09662921348314607,"single_parent_rate":0.08181818181818182,"social_housing_rate":0.2,"imputed":false,"vulnerability":27.1}},{"type":"Feature","geometry":{"type":"Polygon","coordinates":[[[2.369982,48.885965],[2.369706,48.887753],[2.366991,48.887567],[2.367268,48.885779],[2.369982,48.885965]]]},"properties":{"id":"CRS3035RES200mN2892600E3762200","population":1875.0,"households":866.0,"poverty_rate":0.23325635103926096,"senior_rate":0.1392,"single_parent_rate":0.10854503464203233,"social_housing_rate":0.4607390300230947,"imputed":false,"vulnerability":30.9}},{"type":"Feature","geometry":{"type":"Polygon","coordinates":[[[2.372697,48.886151],[2.37242,48.887939],[2.369706,48.887753],[2.369982,48.885965],[2.372697,48.886151]]]},"properties":{"id":"CRS3035RES200mN2892600E3762400","population":1057.5,"households":467.0,"poverty_rate":0.278372591006424,"senior_rate":0.22884160756501182,"single_parent_rate":0.16059957173447537,"social_housing_rate":0.8179871520342612,"imputed":false,"vulnerability":45.7}},{"type":"Feature","geometry":{"type":"Polygon","coordinates":[[[2.375411,48.886337],[2.375135,48.888125],[2.37242,48.887939],[2.372697,48.886151],[2.375411,48.886337]]]},"properties":{"id":"CRS3035RES200mN2892600E3762600","population":1199.0,"households":558.0,"poverty_rate":0.1774193548387097,"senior_rate":0.1993327773144287,"single_parent_rate":0.0913978494623656,"social_housing_rate":0.3548387096774194,"imputed":false,"vulnerability":29.1}},{"type":"Feature","geometry":{"type":"Polygon","coordinates":[[[2.378125,48.886523],[2.377849,48.888311],[2.375135,48.888125],[2.375411,48.886337],[2.378125,48.886523]]]},"properties":{"id":"CRS3035RES200mN2892600E3762800","population":879.5,"households":406.0,"poverty_rate":0.13793103448275862,"senior_rate":0.18419556566230813,"single_parent_rate":0.1206896551724138,"social_housing_rate":0.4975369458128079,"imputed":false,"vulnerability":29.7}},{"type":"Feature","geometry":{"type":"Polygon","coordinates":[[[2.38084,48.886709],[2.380564,48.888497],[2.377849,48.888311],[2.378125,48.886523],[2.38084,48.886709]]]},"properties":{"id":"CRS3035RES200mN2892600E3763000","population":1073.0,"households":540.0,"poverty_rate":0.17777777777777778,"senior_rate":0.16589002795899346,"single_parent_rate":0.1,"social_housing_rate":0.31666666666666665,"imputed":false,"vulnerability":27.1}},{"type":"Feature","geometry":{"type":"Polygon","coordinates":[[[2.383554,48.886894],[2.383278,48.888682],[2.380564,48.888497],[2.38084,48.886709],[2.383554,48.886894]]]},"properties":{"id":"CRS3035RES200mN2892600E3763200","population":2694.5,"households":1114.0,"poverty_rate":0.24775583482944344,"senior_rate":0.1710892558916311,"single_parent_rate":0.11579892280071813,"social_housing_rate":0.45601436265709155,"imputed":false,"vulnerability":33.6}},{"type":"Feature","geometry":{"type":"Polygon","coordinates":[[[2.386269,48.88708],[2.385993,48.888868],[2.383278,48.888682],[2.383554,48.886894],[2.386269,48.88708]]]},"properties":{"id":"CRS3035RES200mN2892600E3763400","population":876.5,"households":373.0,"poverty_rate":0.2037533512064343,"senior_rate":0.13348545350827154,"single_parent_rate":0.10455764075067024,"social_housing_rate":0.6675603217158177,"imputed":false,"vulnerability":32.1}},{"type":"Feature","geometry":{"type":"Polygon","coordinates":[[[2.388983,48.887266],[2.388707,48.889054],[2.385993,48.888868],[2.386269,48.88708],[2.388983,48.887266]]]},"properties":{"id":"CRS3035RES200mN2892600E3763600","population":1165.0,"households":516.0,"poverty_rate":0.12015503875968993,"senior_rate":0.1459227467811159,"single_parent_rate":0.09883720930232558,"social_housing_rate":0.3624031007751938,"imputed":false,"vulnerability":23.7}},{"type":"Feature","geometry":{"type":"Polygon","coordinates":[[[2.391698,48.887451],[2.391422,48.889239],[2.388707,48.889054],[2.388983,48.887266],[2.391698,48.887451]]]},"properties":{"id":"CRS3035RES200mN2892600E3763800","population":1360.0,"households":569.0,"poverty_rate":0.19332161687170474,"senior_rate":0.11985294117647059,"single_parent_rate":0.14235500878734622,"social_housing_rate":0.5659050966608085,"imputed":false,"vulnerability":30.9}},{"type":"Feature","geometry":{"type":"Polygon","coordinates":[[[2.394412,48.887637],[2.394137,48.889425],[2.391422,48.889239],[2.391698,48.887451],[2.394412,48.887637]]]},"properties":{"id":"CRS3035RES200mN2892600E3764000","population":514.0,"households":300.0,"poverty_rate":0.11,"senior_rate":0.13229571984435798,"single_parent_rate":0.06,"social_housing_rate":0.0,"imputed":false,"vulnerability":15.4}},{"type":"Feature","geometry":{"type":"Polygon","coordinates":[[[2.397127,48.887822],[2.396851,48.88961],[2.394137,48.889425],[2.394412,48.887637],[2.397127,48.887822]]]},"properties":{"id":"CRS3035RES200mN2892600E3764200","population":478.5,"households":202.0,"poverty_rate":0.40594059405940597,"senior_rate":0.25287356321839083,"single_parent_rate":0.18811881188118812,"social_housing_rate":0.995049504950495,"imputed":false,"vulnerability":57.3}},{"type":"Feature","geometry":{"type":"Polygon","coordinates":[[[2.399841,48.888008],[2.399566,48.889796],[2.396851,48.88961],[2.397127,48.887822],[2.399841,48.888008]]]},"properties":{"id":"CRS3035RES200mN2892600E3764400","population":774.5,"households":310.0,"poverty_rate":0.2161290322580645,"senior_rate":0.1368624919302776,"single_parent_rate":0.13225806451612904,"social_housing_rate":0.3064516129032258,"imputed":false,"vulnerability":28.6}},{"type":"Feature","geometry":{"type":"Polygon","coordinates":[[[2.258429,48.880068],[2.258148,48.881855],[2.255435,48.881667],[2.255715,48.879879],[2.258429,48.880068]]]},"properties":{"id":"CRS3035RES200mN2892800E3754000","population":538.0,"households":233.0,"poverty_rate":0.12875536480686695,"senior_rate":0.26022304832713755,"single_parent_rate":0.06437768240343347,"social_housing_rate":0.0,"imputed":false,"vulnerability":23.5}},{"type":"Feature","geometry":{"type":"Polygon","coordinates":[[[2.261142,48.880257],[2.260862,48.882044],[2.258148,48.881855],[2.258429,48.880068],[2.261142,48.880257]]]},"properties":{"id":"CRS3035RES200mN2892800E3754200","population":364.0,"households":161.0,"poverty_rate":0.06832298136645963,"senior_rate":0.3076923076923077,"single_parent_rate":0.055900621118012424,"social_housing_rate":0.0,"imputed":false,"vulnerability":22.8}},{"type":"Feature","geometry":{"type":"Polygon","coordinates":[[[2.282853,48.881764],[2.282573,48.883552],[2.279859,48.883364],[2.280139,48.881576],[2.282853,48.881764]]]},"properties":{"id":"CRS3035RES200mN2892800E3755800","population":338.0,"households":132.0,"poverty_rate":0.11363636363636363,"senior_rate":0.16272189349112426,"single_parent_rate":0.07575757575757576,"social_housing_rate":0.0,"imputed":false,"vulnerability":17.9}},{"type":"Feature","geometry":{"type":"Polygon","coordinates":[[[2.285567,48.881952],[2.285287,48.88374],[2.282573,48.883552],[2.282853,48.881764],[2.285567,48.881952]]]},"properties":{"id":"CRS3035RES200mN2892800E3756000","population":766.5,"households":384.0,"poverty_rate":0.15885416666666666,"senior_rate":0.23483365949119372,"single_parent_rate":0.07552083333333333,"social_housing_rate":0.0,"imputed":false,"vulnerability":24.1}},{"type":"Feature","geometry":{"type":"Polygon","coordinates":[[[2.28828,48.882141],[2.288001,48.883928],[2.285287,48.88374],[2.285567,48.881952],[2.28828,48.882141]]]},"properties":{"id":"CRS3035RES200mN2892800E3756200","population":1846.0,"households":984.0,"poverty_rate":0.1483739837398374,"senior_rate":0.22697724810400866,"single_parent_rate":0.08638211382113821,"social_housing_rate":0.15853658536585366,"imputed":false,"vulnerability":26.0}},{"type":"Feature","geometry":{"type":"Polygon","coordinates":[[[2.290994,48.882329],[2.290715,48.884116],[2.288001,48.883928],[2.28828,48.882141],[2.290994,48.882329]]]},"properties":{"id":"CRS3035RES200mN2892800E3756400","population":1526.5,"households":850.0,"poverty_rate":0.11176470588235295,"senior_rate":0.22928267278087128,"single_parent_rate":0.06705882352941177,"social_housing_rate":0.02823529411764706,"imputed":false,"vulnerability":21.5}},{"type":"Feature","geometry":{"type":"Polygon","coordinates":[[[2.293708,48.882517],[2.293429,48.884304],[2.290715,48.884116],[2.290994,48.882329],[2.293708,48.882517]]]},"properties":{"id":"CRS3035RES200mN2892800E3756600","population":1305.0,"households":659.0,"poverty_rate":0.0819423368740516,"senior_rate":0.20153256704980843,"single_parent_rate":0.0622154779969651,"social_housing_rate":0.018209408194233688,"imputed":false,"vulnerability":18.1}},{"type":"Feature","geometry":{"type":"Polygon","coordinates":[[[2.296422,48.882704],[2.296143,48.884492],[2.293429,48.884304],[2.293708,48.882517],[2.296422,48.882704]]]},"properties":{"id":"CRS3035RES200mN2892800E3756800","population":1293.0,"households":702.0,"poverty_rate":0.09971509971509972,"senior_rate":0.24129930394431554,"single_parent_rate":0.05982905982905983,"social_housing_rate":0.027065527065527065,"imputed":false,"vulnerability":21.2}},{"type":"Feature","geometry":{"type":"Polygon","coordinates":[[[2.299136,48.882892],[2.298857,48.88468],[2.296143,48.884492],[2.296422,48.882704],[2.299136,48.882892]]]},"properties":{"id":"CRS3035RES200mN2892800E3757000","population":1013.0,"households":428.0,"poverty_rate":0.13317757009345793,"senior_rate":0.17867719644619942,"single_parent_rate":0.07476635514018691,"social_housing_rate":0.030373831775700934,"imputed":false,"vulnerability":20.2}},{"type":"Feature","geometry":{"type":"Polygon","coordinates":[[[2.30185,48.88308],[2.301571,48.884868],[2.298857,48.88468],[2.299136,48.882892],[2.30185,48.88308]]]},"properties":{"id":"CRS3035RES200mN2892800E3757200","population":1243.5,"households":535.0,"poverty_rate":0.07850467289719626,"senior_rate":0.19139525532770407,"single_parent_rate":0.08037383177570094,"social_housing_rate":0.0,"imputed":false,"vulnerability":17.9}},{"type":"Feature","geometry":{"type":"Polygon","coordinates":[[[2.304564,48.883268],[2.304285,48.885055],[2.301571,48.884868],[2.30185,48.88308],[2.304564,48.883268]]]},"properties":{"id":"CRS3035RES200mN2892800E3757400","population":944.0,"households":436.0,"poverty_rate":0.11926605504587157,"senior_rate":0.2309322033898305,"single_parent_rate":0.08486238532110092,"social_housing_rate":0.03669724770642202,"imputed":false,"vulnerability":22.9}},{"type":"Feature","geometry":{"type":"Polygon","coordinates":[[[2.307278,48.883455],[2.307,48.885243],[2.304285,48.885055],[2.304564,48.883268],[2.307278,48.883455]]]},"properties":{"id":"CRS3035RES200mN2892800E3757600","population":1033.5,"households":476.0,"poverty_rate":0.09243697478991597,"senior_rate":0.21190130624092887,"single_parent_rate":0.07773109243697479,"social_housing_rate":0.0,"imputed":false,"vulnerability":19.6}},{"type":"Feature","geometry":{"type":"Polygon","coordinates":[[[2.309992,48.883643],[2.309714,48.885431],[2.307,48.885243],[2.307278,48.883455],[2.309992,48.883643]]]},"properties":{"id":"CRS3035RES200mN2892800E3757800","population":1136.5,"households":544.0,"poverty_rate":0.11397058823529412,"senior_rate":0.18565772107347117,"single_parent_rate":0.09558823529411764,"social_housing_rate":0.2867647058823529,"imputed":false,"vulnerability":24.3}},{"type":"Feature","geometry":{"type":"Polygon","coordinates":[[[2.312706,48.88383],[2.312428,48.885618],[2.309714,48.885431],[2.309992,48.883643],[2.312706,48.88383]]]},"properties":{"id":"CRS3035RES200mN2892800E3758000","population":1103.5,"households":592.0,"poverty_rate":0.08445945945945946,"senior_rate":0.16311735387403714,"single_parent_rate":0.057432432432432436,"social_housing_rate":0.0,"imputed":false,"vulnerability":15.7}},{"type":"Feature","geometry":{"type":"Polygon","coordinates":[[[2.31542,48.884018],[2.315142,48.885806],[2.312428,48.885618],[2.312706,48.88383],[2.31542,48.884018]]]},"properties":{"id":"CRS3035RES200mN2892800E3758200","population":1715.5,"households":980.0,"poverty_rate":0.12142857142857143,"senior_rate":0.1818711745846692,"single_parent_rate":0.05408163265306123,"social_housing_rate":0.004081632653061225,"imputed":false,"vulnerability":18.5}},{"type":"Feature","geometry":{"type":"Polygon","coordinates":[[[2.318134,48.884205],[2.317856,48.885993],[2.315142,48.885806],[2.31542,48.884018],[2.318134,48.884205]]]},"properties":{"id":"CRS3035RES200mN2892800E3758400","population":1753.5,"households":988.0,"poverty_rate":0.12854251012145748,"senior_rate":0.12261191901910465,"single_parent_rate":0.08502024291497975,"social_housing_rate":0.06680161943319839,"imputed":false,"vulnerability":17.8}},{"type":"Feature","geometry":{"type":"Polygon","coordinates":[[[2.320849,48.884393],[2.32057,48.88618],[2.317856,48.885993],[2.318134,48.884205],[2.320849,48.884393]]]},"properties":{"id":"CRS3035RES200mN2892800E3758600","population":1539.0,"households":897.0,"poverty_rate":0.08472686733556299,"senior_rate":0.1539961013645224,"single_parent_rate":0.0713489409141583,"social_housing_rate":0.02564102564102564,"imputed":false,"vulnerability":16.2}},{"type":"Feature","geometry":{"type":"Polygon","coordinates":[[[2.323563,48.88458],[2.323285,48.886368],[2.32057,48.88618],[2.320849,48.884393],[2.323563,48.88458]]]},"properties":{"id":"CRS3035RES200mN2892800E3758800","population":1623.5,"households":895.0,"poverty_rate":0.1005586592178771,"senior_rate":0.13427779488758854,"single_parent_rate":0.07486033519553073,"social_housing_rate":0.0,"imputed":false,"vulnerability":15.6}},{"type":"Feature","geometry":{"type":"Polygon","coordinates":[[[2.326277,48.884767],[2.325999,48.886555],[2.323285,48.886368],[2.323563,48.88458],[2.326277,48.884767]]]},"properties":{"id":"CRS3035RES200mN2892800E3759000","population":2003.5,"households":1112.0,"poverty_rate":0.15017985611510792,"senior_rate":0.12028949338657349,"single_parent_rate":0.0710431654676259,"social_housing_rate":0.07553956834532374,"imputed":false,"vulnerability":18.3}},{"type":"Feature","geometry":{"type":"Polygon","coordinates":[[[2.328991,48.884954],[2.328713,48.886742],[2.325999,48.886555],[2.326277,48.884767],[2.328991,48.884954]]]},"properties":{"id":"CRS3035RES200mN2892800E3759200","population":1684.0,"households":991.0,"poverty_rate":0.1442986881937437,"senior_rate":0.12945368171021376,"single_parent_rate":0.07063572149344097,"social_housing_rate":0.010090817356205853,"imputed":false,"vulnerability":17.5}},{"type":"Feature","geometry":{"type":"Polygon","coordinates":[[[2.331705,48.885141],[2.331427,48.886929],[2.328713,48.886742],[2.328991,48.884954],[2.331705,48.885141]]]},"properties":{"id":"CRS3035RES200mN2892800E3759400","population":177.5,"households":99.0,"poverty_rate":0.1919191919191919,"senior_rate":0.14647887323943662,"single_parent_rate":0.1414141414141414,"social_housing_rate":0.030303030303030304,"imputed":false,"vulnerability":24.2}},{"type":"Feature","geometry":{"type":"Polygon","coordinates":[[[2.334419,48.885328],[2.334142,48.887116],[2.331427,48.886929],[2.331705,48.885141],[2.334419,48.885328]]]},"properties":{"id":"CRS3035RES200mN2892800E3759600","population":901.0,"households":584.0,"poverty_rate":0.11301369863013698,"senior_rate":0.20643729189789123,"single_parent_rate":0.06678082191780822,"social_housing_rate":0.011986301369863013,"imputed":false,"vulnerability":20.1}},{"type":"Feature","geometry":{"type":"Polygon","coordinates":[[[2.337134,48.885515],[2.336856,48.887303],[2.334142,48.887116],[2.334419,48.885328],[2.337134,48.885515]]]},"properties":{"id":"CRS3035RES200mN2892800E3759800","population":1689.5,"households":1081.0,"poverty_rate":0.15356151711378355,"senior_rate":0.16750517904705534,"single_parent_rate":0.060129509713228495,"social_housing_rate":0.02127659574468085,"imputed":false,"vulnerability":19.8}},{"type":"Feature","geometry":{"type":"Polygon","coordinates":[[[2.339848,48.885702],[2.33957,48.88749],[2.336856,48.887303],[2.337134,48.885515],[2.339848,48.885702]]]},"properties":{"id":"CRS3035RES200mN2892800E3760000","population":1057.5,"households":645.0,"poverty_rate":0.16434108527131783,"senior_rate":0.1739952718676123,"single_parent_rate":0.05581395348837209,"social_housing_rate":0.027906976744186046,"imputed":false,"vulnerability":20.6}},{"type":"Feature","geometry":{"type":"Polygon","coordinates":[[[2.342562,48.885889],[2.342285,48.887676],[2.33957,48.88749],[2.339848,48.885702],[2.342562,48.885889]]]},"properties":{"id":"CRS3035RES200mN2892800E3760200","population":398.5,"households":224.0,"poverty_rate":0.15178571428571427,"senior_rate":0.22082810539523212,"single_parent_rate":0.05357142857142857,"social_housing_rate":0.008928571428571428,"imputed":false,"vulnerability":22.2}},{"type":"Feature","geometry":{"type":"Polygon","coordinates":[[[2.345276,48.886075],[2.344999,48.887863],[2.342285,48.887676],[2.342562,48.885889],[2.345276,48.886075]]]},"properties":{"id":"CRS3035RES200mN2892800E3760400","population":401.0,"households":257.0,"poverty_rate":0.2178988326848249,"senior_rate":0.14463840399002495,"single_parent_rate":0.08171206225680934,"social_housing_rate":0.054474708171206226,"imputed":false,"vulnerability":23.2}},{"type":"Feature","geometry":{"type":"Polygon","coordinates":[[[2.347991,48.886262],[2.347714,48.88805],[2.344999,48.887863],[2.345276,48.886075],[2.347991,48.886262]]]},"properties":{"id":"CRS3035RES200mN2892800E3760600","population":1917.0,"households":1167.0,"poverty_rate":0.18851756640959727,"senior_rate":0.13458528951486698,"single_parent_rate":0.07969151670951156,"social_housing_rate":0.03427592116538132,"imputed":false,"vulnerability":20.8}},{"type":"Feature","geometry":{"type":"Polygon","coordinates":[[[2.350705,48.886449],[2.350428,48.888236],[2.347714,48.88805],[2.347991,48.886262],[2.350705,48.886449]]]},"properties":{"id":"CRS3035RES200mN2892800E3760800","population":1975.5,"households":1129.0,"poverty_rate":0.1966341895482728,"senior_rate":0.13363705391040243,"single_parent_rate":0.09034543844109831,"social_housing_rate":0.12843224092116917,"imputed":false,"vulnerability":23.0}},{"type":"Feature","geometry":{"type":"Polygon","coordinates":[[[2.353419,48.886635],[2.353142,48.888423],[2.350428,48.888236],[2.350705,48.886449],[2.353419,48.886635]]]},"properties":{"id":"CRS3035RES200mN2892800E3761000","population":2530.0,"households":1317.0,"poverty_rate":0.2611996962794229,"senior_rate":0.12845849802371542,"single_parent_rate":0.10098709187547457,"social_housing_rate":0.21716021260440393,"imputed":false,"vulnerability":27.7}},{"type":"Feature","geometry":{"type":"Polygon","coordinates":[[[2.356134,48.886822],[2.355857,48.888609],[2.353142,48.888423],[2.353419,48.886635],[2.356134,48.886822]]]},"properties":{"id":"CRS3035RES200mN2892800E3761200","population":1820.0,"households":946.0,"poverty_rate":0.22832980972515857,"senior_rate":0.1401098901098901,"single_parent_rate":0.08773784355179703,"social_housing_rate":0.1543340380549683,"imputed":false,"vulnerability":25.2}},{"type":"Feature","geometry":{"type":"Polygon","coordinates":[[[2.358848,48.887008],[2.358571,48.888796],[2.355857,48.888609],[2.356134,48.886822],[2.358848,48.887008]]]},"properties":{"id":"CRS3035RES200mN2892800E3761400","population":969.0,"households":569.0,"poverty_rate":0.22847100175746923,"senior_rate":0.15376676986584106,"single_parent_rate":0.08084358523725835,"social_housing_rate":0.10896309314586995,"imputed":false,"vulnerability":25.0}},{"type":"Feature","geometry":{"type":"Polygon","coordinates":[[[2.361563,48.887194],[2.361286,48.888982],[2.358571,48.888796],[2.358848,48.887008],[2.361563,48.887194]]]},"properties":{"id":"CRS3035RES200mN2892800E3761600","population":1336.5,"households":739.0,"poverty_rate":0.19079837618403248,"senior_rate":0.13617658062102506,"single_parent_rate":0.07848443843031123,"social_housing_rate":0.08254397834912043,"imputed":false,"vulnerability":21.7}},{"type":"Feature","geometry":{"type":"Polygon","coordinates":[[[2.364277,48.88738],[2.364,48.889168],[2.361286,48.888982],[2.361563,48.887194],[2.364277,48.88738]]]},"properties":{"id":"CRS3035RES200mN2892800E3761800","population":226.0,"households":122.0,"poverty_rate":0.16393442622950818,"senior_rate":0.1592920353982301,"single_parent_rate":0.09836065573770492,"social_housing_rate":0.00819672131147541,"imputed":false,"vulnerability":21.3}},{"type":"Feature","geometry":{"type":"Polygon","coordinates":[[[2.369706,48.887753],[2.369429,48.889541],[2.366715,48.889355],[2.366991,48.887567],[2.369706,48.887753]]]},"properties":{"id":"CRS3035RES200mN2892800E3762200","population":1624.5,"households":619.0,"poverty_rate":0.2827140549273021,"senior_rate":0.17051400430901817,"single_parent_rate":0.1777059773828756,"social_housing_rate":0.9806138933764136,"imputed":false,"vulnerability":45.9}},{"type":"Feature","geometry":{"type":"Polygon","coordinates":[[[2.37242,48.887939],[2.372144,48.889727],[2.369429,48.889541],[2.369706,48.887753],[2.37242,48.887939]]]},"properties":{"id":"CRS3035RES200mN2892800E3762400","population":3024.0,"households":1199.0,"poverty_rate":0.2994161801501251,"senior_rate":0.21164021164021163,"single_parent_rate":0.17097581317764804,"social_housing_rate":0.9316096747289407,"imputed":false,"vulnerability":48.0}},{"type":"Feature","geometry":{"type":"Polygon","coordinates":[[[2.375135,48.888125],[2.374859,48.889913],[2.372144,48.889727],[2.37242,48.887939],[2.375135,48.888125]]]},"properties":{"id":"CRS3035RES200mN2892800E3762600","population":1518.0,"households":694.0,"poverty_rate":0.22910662824207492,"senior_rate":0.19696969696969696,"single_parent_rate":0.12968299711815562,"social_housing_rate":0.8227665706051873,"imputed":false,"vulnerability":40.2}},{"type":"Feature","geometry":{"type":"Polygon","coordinates":[[[2.377849,48.888311],[2.377573,48.890099],[2.374859,48.889913],[2.375135,48.888125],[2.377849,48.888311]]]},"properties":{"id":"CRS3035RES200mN2892800E3762800","population":2072.0,"households":1006.0,"poverty_rate":0.15109343936381708,"senior_rate":0.1805019305019305,"single_parent_rate":0.08946322067594434,"social_housing_rate":0.13320079522862824,"imputed":false,"vulnerability":23.3}},{"type":"Feature","geometry":{"type":"Polygon","coordinates":[[[2.380564,48.888497],[2.380288,48.890285],[2.377573,48.890099],[2.377849,48.888311],[2.380564,48.888497]]]},"properties":{"id":"CRS3035RES200mN2892800E3763000","population":288.5,"households":94.4,"poverty_rate":0.18326271186440676,"senior_rate":0.06031195840554592,"single_parent_rate":0.15254237288135591,"social_housing_rate":0.836864406779661,"imputed":true,"vulnerability":31.6}},{"type":"Feature","geometry":{"type":"Polygon","coordinates":[[[2.383278,48.888682],[2.383002,48.89047],[2.380288,48.890285],[2.380564,48.888497],[2.383278,48.888682]]]},"properties":{"id":"CRS3035RES200mN2892800E3763200","population":1011.5,"households":585.0,"poverty_rate":0.08547008547008547,"senior_rate":0.22343054869006426,"single_parent_rate":0.044444444444444446,"social_housing_rate":0.041025641025641026,"imputed":false,"vulnerability":19.1}},{"type":"Feature","geometry":{"type":"Polygon","coordinates":[[[2.385993,48.888868],[2.385717,48.890656],[2.383002,48.89047],[2.383278,48.888682],[2.385993,48.888868]]]},"properties":{"id":"CRS3035RES200mN2892800E3763400","population":1418.0,"households":606.0,"poverty_rate":0.13036303630363036,"senior_rate":0.09873060648801128,"single_parent_rate":0.10561056105610561,"social_housing_rate":0.40264026402640263,"imputed":false,"vulnerability":22.6}},{"type":"Feature","geometry":{"type":"Polygon","coordinates":[[[2.388707,48.889054],[2.388432,48.890842],[2.385717,48.890656],[2.385993,48.888868],[2.388707,48.889054]]]},"properties":{"id":"CRS3035RES200mN2892800E3763600","population":1140.0,"households":504.0,"poverty_rate":0.11507936507936507,"senior_rate":0.13596491228070176,"single_parent_rate":0.12896825396825398,"social_housing_rate":0.2837301587301587,"imputed":false,"vulnerability":23.1}},{"type":"Feature","geometry":{"type":"Polygon","coordinates":[[[2.391422,48.889239],[2.391146,48.891027],[2.388432,48.890842],[2.388707,48.889054],[2.391422,48.889239]]]},"properties":{"id":"CRS3035RES200mN2892800E3763800","population":11.0,"households":3.6,"poverty_rate":0.19444444444444442,"senior_rate":0.05454545454545454,"single_parent_rate":0.16666666666666666,"social_housing_rate":0.8333333333333333,"imputed":true,"vulnerability":32.4}},{"type":"Feature","geometry":{"type":"Polygon","coordinates":[[[2.399566,48.889796],[2.399291,48.891584],[2.396576,48.891398],[2.396851,48.88961],[2.399566,48.889796]]]},"properties":{"id":"CRS3035RES200mN2892800E3764400","population":835.5,"households":269.0,"poverty_rate":0.2379182156133829,"senior_rate":0.14961101137043686,"single_parent_rate":0.20074349442379183,"social_housing_rate":1.0,"imputed":false,"vulnerability":43.8}},{"type":"Feature","geometry":{"type":"Polygon","coordinates":[[[2.282573,48.883552],[2.282294,48.88534],[2.27958,48.885151],[2.279859,48.883364],[2.282573,48.883552]]]},"properties":{"id":"CRS3035RES200mN2893000E3755800","population":1018.5,"households":430.0,"poverty_rate":0.09767441860465116,"senior_rate":0.21305841924398625,"single_parent_rate":0.07906976744186046,"social_housing_rate":0.0,"imputed":false,"vulnerability":20.0}},{"type":"Feature","geometry":{"type":"Polygon","coordinates":[[[2.285287,48.88374],[2.285008,48.885528],[2.282294,48.88534],[2.282573,48.883552],[2.285287,48.88374]]]},"properties":{"id":"CRS3035RES200mN2893000E3756000","population":676.0,"households":360.0,"poverty_rate":0.10555555555555556,"senior_rate":0.3165680473372781,"single_parent_rate":0.07222222222222222,"social_housing_rate":0.0,"imputed":false,"vulnerability":25.8}},{"type":"Feature","geometry":{"type":"Polygon","coordinates":[[[2.288001,48.883928],[2.287722,48.885716],[2.285008,48.885528],[2.285287,48.88374],[2.288001,48.883928]]]},"properties":{"id":"CRS3035RES200mN2893000E3756200","population":280.0,"households":155.0,"poverty_rate":0.14193548387096774,"senior_rate":0.26071428571428573,"single_parent_rate":0.13548387096774195,"social_housing_rate":0.9935483870967742,"imputed":false,"vulnerability":42.2}},{"type":"Feature","geometry":{"type":"Polygon","coordinates":[[[2.290715,48.884116],[2.290436,48.885904],[2.287722,48.885716],[2.288001,48.883928],[2.290715,48.884116]]]},"properties":{"id":"CRS3035RES200mN2893000E3756400","population":1923.5,"households":786.0,"poverty_rate":0.16412213740458015,"senior_rate":0.15180660254743955,"single_parent_rate":0.16666666666666666,"social_housing_rate":0.732824427480916,"imputed":false,"vulnerability":34.8}},{"type":"Feature","geometry":{"type":"Polygon","coordinates":[[[2.293429,48.884304],[2.29315,48.886092],[2.290436,48.885904],[2.290715,48.884116],[2.293429,48.884304]]]},"properties":{"id":"CRS3035RES200mN2893000E3756600","population":1044.0,"households":574.0,"poverty_rate":0.13414634146341464,"senior_rate":0.1781609195402299,"single_parent_rate":0.07491289198606271,"social_housing_rate":0.08188153310104529,"imputed":false,"vulnerability":21.0}},{"type":"Feature","geometry":{"type":"Polygon","coordinates":[[[2.296143,48.884492],[2.295864,48.88628],[2.29315,48.886092],[2.293429,48.884304],[2.296143,48.884492]]]},"properties":{"id":"CRS3035RES200mN2893000E3756800","population":971.5,"households":485.0,"poverty_rate":0.1134020618556701,"senior_rate":0.1688111168296449,"single_parent_rate":0.07628865979381444,"social_housing_rate":0.026804123711340205,"imputed":false,"vulnerability":18.7}},{"type":"Feature","geometry":{"type":"Polygon","coordinates":[[[2.298857,48.88468],[2.298578,48.886468],[2.295864,48.88628],[2.296143,48.884492],[2.298857,48.88468]]]},"properties":{"id":"CRS3035RES200mN2893000E3757000","population":664.5,"households":334.0,"poverty_rate":0.09281437125748503,"senior_rate":0.2528216704288939,"single_parent_rate":0.08682634730538923,"social_housing_rate":0.0,"imputed":false,"vulnerability":22.3}},{"type":"Feature","geometry":{"type":"Polygon","coordinates":[[[2.301571,48.884868],[2.301293,48.886655],[2.298578,48.886468],[2.298857,48.88468],[2.301571,48.884868]]]},"properties":{"id":"CRS3035RES200mN2893000E3757200","population":578.5,"households":279.0,"poverty_rate":0.1003584229390681,"senior_rate":0.22990492653414002,"single_parent_rate":0.07168458781362007,"social_housing_rate":0.0,"imputed":false,"vulnerability":20.8}},{"type":"Feature","geometry":{"type":"Polygon","coordinates":[[[2.304285,48.885055],[2.304007,48.886843],[2.301293,48.886655],[2.301571,48.884868],[2.304285,48.885055]]]},"properties":{"id":"CRS3035RES200mN2893000E3757400","population":1187.0,"households":472.0,"poverty_rate":0.0847457627118644,"senior_rate":0.19123841617523168,"single_parent_rate":0.08898305084745763,"social_housing_rate":0.09110169491525423,"imputed":false,"vulnerability":20.0}},{"type":"Feature","geometry":{"type":"Polygon","coordinates":[[[2.307,48.885243],[2.306721,48.887031],[2.304007,48.886843],[2.304285,48.885055],[2.307,48.885243]]]},"properties":{"id":"CRS3035RES200mN2893000E3757600","population":910.0,"households":431.0,"poverty_rate":0.08120649651972157,"senior_rate":0.25274725274725274,"single_parent_rate":0.058004640371229696,"social_housing_rate":0.004640371229698376,"imputed":false,"vulnerability":20.5}},{"type":"Feature","geometry":{"type":"Polygon","coordinates":[[[2.309714,48.885431],[2.309435,48.887218],[2.306721,48.887031],[2.307,48.885243],[2.309714,48.885431]]]},"properties":{"id":"CRS3035RES200mN2893000E3757800","population":1578.5,"households":730.0,"poverty_rate":0.0863013698630137,"senior_rate":0.18751979727589485,"single_parent_rate":0.06986301369863014,"social_housing_rate":0.0,"imputed":false,"vulnerability":17.6}},{"type":"Feature","geometry":{"type":"Polygon","coordinates":[[[2.312428,48.885618],[2.312149,48.887406],[2.309435,48.887218],[2.309714,48.885431],[2.312428,48.885618]]]},"properties":{"id":"CRS3035RES200mN2893000E3758000","population":1597.5,"households":961.0,"poverty_rate":0.14464099895941726,"senior_rate":0.1433489827856025,"single_parent_rate":0.07284079084287201,"social_housing_rate":0.021852237252861603,"imputed":false,"vulnerability":18.6}},{"type":"Feature","geometry":{"type":"Polygon","coordinates":[[[2.315142,48.885806],[2.314864,48.887593],[2.312149,48.887406],[2.312428,48.885618],[2.315142,48.885806]]]},"properties":{"id":"CRS3035RES200mN2893000E3758200","population":1615.0,"households":977.0,"poverty_rate":0.1105424769703173,"senior_rate":0.14613003095975233,"single_parent_rate":0.06345957011258956,"social_housing_rate":0.044012282497441144,"imputed":false,"vulnerability":17.0}},{"type":"Feature","geometry":{"type":"Polygon","coordinates":[[[2.317856,48.885993],[2.317578,48.887781],[2.314864,48.887593],[2.315142,48.885806],[2.317856,48.885993]]]},"properties":{"id":"CRS3035RES200mN2893000E3758400","population":757.5,"households":395.0,"poverty_rate":0.0810126582278481,"senior_rate":0.1504950495049505,"single_parent_rate":0.08860759493670886,"social_housing_rate":0.0,"imputed":false,"vulnerability":16.2}},{"type":"Feature","geometry":{"type":"Polygon","coordinates":[[[2.32057,48.88618],[2.320292,48.887968],[2.317578,48.887781],[2.317856,48.885993],[2.32057,48.88618]]]},"properties":{"id":"CRS3035RES200mN2893000E3758600","population":1759.0,"households":998.0,"poverty_rate":0.10721442885771543,"senior_rate":0.15918135304150086,"single_parent_rate":0.07114228456913828,"social_housing_rate":0.01903807615230461,"imputed":false,"vulnerability":17.5}},{"type":"Feature","geometry":{"type":"Polygon","coordinates":[[[2.323285,48.886368],[2.323007,48.888155],[2.320292,48.887968],[2.32057,48.88618],[2.323285,48.886368]]]},"properties":{"id":"CRS3035RES200mN2893000E3758800","population":1993.5,"households":1043.0,"poverty_rate":0.09971236816874401,"senior_rate":0.14697767745171808,"single_parent_rate":0.06903163950143816,"social_housing_rate":0.02109300095877277,"imputed":false,"vulnerability":16.4}},{"type":"Feature","geometry":{"type":"Polygon","coordinates":[[[2.325999,48.886555],[2.325721,48.888343],[2.323007,48.888155],[2.323285,48.886368],[2.325999,48.886555]]]},"properties":{"id":"CRS3035RES200mN2893000E3759000","population":1680.0,"households":939.0,"poverty_rate":0.14164004259850904,"senior_rate":0.11666666666666667,"single_parent_rate":0.08306709265175719,"social_housing_rate":0.09584664536741214,"imputed":false,"vulnerability":18.5}},{"type":"Feature","geometry":{"type":"Polygon","coordinates":[[[2.328713,48.886742],[2.328435,48.88853],[2.325721,48.888343],[2.325999,48.886555],[2.328713,48.886742]]]},"properties":{"id":"CRS3035RES200mN2893000E3759200","population":1731.5,"households":895.0,"poverty_rate":0.1441340782122905,"senior_rate":0.14265088073924342,"single_parent_rate":0.10391061452513967,"social_housing_rate":0.21564245810055865,"imputed":false,"vulnerability":22.8}},{"type":"Feature","geometry":{"type":"Polygon","coordinates":[[[2.334142,48.887116],[2.333864,48.888904],[2.33115,48.888717],[2.331427,48.886929],[2.334142,48.887116]]]},"properties":{"id":"CRS3035RES200mN2893000E3759600","population":1128.5,"households":622.0,"poverty_rate":0.13183279742765272,"senior_rate":0.20115197164377493,"single_parent_rate":0.06913183279742766,"social_housing_rate":0.02090032154340836,"imputed":false,"vulnerability":21.0}},{"type":"Feature","geometry":{"type":"Polygon","coordinates":[[[2.336856,48.887303],[2.336579,48.889091],[2.333864,48.888904],[2.334142,48.887116],[2.336856,48.887303]]]},"properties":{"id":"CRS3035RES200mN2893000E3759800","population":1207.5,"households":646.0,"poverty_rate":0.10990712074303406,"senior_rate":0.19461697722567287,"single_parent_rate":0.07894736842105263,"social_housing_rate":0.0,"imputed":false,"vulnerability":19.6}},{"type":"Feature","geometry":{"type":"Polygon","coordinates":[[[2.33957,48.88749],[2.339293,48.889277],[2.336579,48.889091],[2.336856,48.887303],[2.33957,48.88749]]]},"properties":{"id":"CRS3035RES200mN2893000E3760000","population":699.5,"households":363.0,"poverty_rate":0.07988980716253444,"senior_rate":0.2087205146533238,"single_parent_rate":0.0743801652892562,"social_housing_rate":0.0,"imputed":false,"vulnerability":18.7}},{"type":"Feature","geometry":{"type":"Polygon","coordinates":[[[2.342285,48.887676],[2.342007,48.889464],[2.339293,48.889277],[2.33957,48.88749],[2.342285,48.887676]]]},"properties":{"id":"CRS3035RES200mN2893000E3760200","population":1031.5,"households":595.0,"poverty_rate":0.1092436974789916,"senior_rate":0.2481822588463403,"single_parent_rate":0.0907563025210084,"social_housing_rate":0.0,"imputed":false,"vulnerability":23.0}},{"type":"Feature","geometry":{"type":"Polygon","coordinates":[[[2.344999,48.887863],[2.344722,48.889651],[2.342007,48.889464],[2.342285,48.887676],[2.344999,48.887863]]]},"properties":{"id":"CRS3035RES200mN2893000E3760400","population":1399.5,"households":755.0,"poverty_rate":0.12185430463576159,"senior_rate":0.17934976777420508,"single_parent_rate":0.09403973509933775,"social_housing_rate":0.1152317880794702,"imputed":false,"vulnerability":21.8}},{"type":"Feature","geometry":{"type":"Polygon","coordinates":[[[2.347714,48.88805],[2.347436,48.889838],[2.344722,48.889651],[2.344999,48.887863],[2.347714,48.88805]]]},"properties":{"id":"CRS3035RES200mN2893000E3760600","population":1733.5,"households":1063.0,"poverty_rate":0.15428033866415805,"senior_rate":0.12864147678107873,"single_parent_rate":0.06679209783631232,"social_housing_rate":0.10348071495766697,"imputed":false,"vulnerability":19.2}},{"type":"Feature","geometry":{"type":"Polygon","coordinates":[[[2.350428,48.888236],[2.350151,48.890024],[2.347436,48.889838],[2.347714,48.88805],[2.350428,48.888236]]]},"properties":{"id":"CRS3035RES200mN2893000E3760800","population":1460.0,"households":760.0,"poverty_rate":0.15263157894736842,"senior_rate":0.14794520547945206,"single_parent_rate":0.12894736842105264,"social_housing_rate":0.14078947368421052,"imputed":false,"vulnerability":23.5}},{"type":"Feature","geometry":{"type":"Polygon","coordinates":[[[2.353142,48.888423],[2.352865,48.890211],[2.350151,48.890024],[2.350428,48.888236],[2.353142,48.888423]]]},"properties":{"id":"CRS3035RES200mN2893000E3761000","population":1814.5,"households":1007.0,"poverty_rate":0.2005958291956306,"senior_rate":0.13392119041058143,"single_parent_rate":0.0804369414101291,"social_housing_rate":0.10625620655412116,"imputed":false,"vulnerability":22.5}},{"type":"Feature","geometry":{"type":"Polygon","coordinates":[[[2.355857,48.888609],[2.35558,48.890397],[2.352865,48.890211],[2.353142,48.888423],[2.355857,48.888609]]]},"properties":{"id":"CRS3035RES200mN2893000E3761200","population":1828.5,"households":932.0,"poverty_rate":0.27253218884120173,"senior_rate":0.14766201804757997,"single_parent_rate":0.09763948497854077,"social_housing_rate":0.3497854077253219,"imputed":false,"vulnerability":31.2}},{"type":"Feature","geometry":{"type":"Polygon","coordinates":[[[2.358571,48.888796],[2.358295,48.890584],[2.35558,48.890397],[2.355857,48.888609],[2.358571,48.888796]]]},"properties":{"id":"CRS3035RES200mN2893000E3761400","population":1082.5,"households":525.0,"poverty_rate":0.3047619047619048,"senior_rate":0.11270207852193996,"single_parent_rate":0.10095238095238095,"social_housing_rate":0.2819047619047619,"imputed":false,"vulnerability":30.0}},{"type":"Feature","geometry":{"type":"Polygon","coordinates":[[[2.361286,48.888982],[2.361009,48.89077],[2.358295,48.890584],[2.358571,48.888796],[2.361286,48.888982]]]},"properties":{"id":"CRS3035RES200mN2893000E3761600","population":1656.5,"households":918.0,"poverty_rate":0.19825708061002179,"senior_rate":0.13703591910654994,"single_parent_rate":0.10130718954248366,"social_housing_rate":0.08387799564270153,"imputed":false,"vulnerability":23.1}},{"type":"Feature","geometry":{"type":"Polygon","coordinates":[[[2.364,48.889168],[2.363724,48.890956],[2.361009,48.89077],[2.361286,48.888982],[2.364,48.889168]]]},"properties":{"id":"CRS3035RES200mN2893000E3761800","population":1462.0,"households":815.0,"poverty_rate":0.25398773006134967,"senior_rate":0.14227086183310533,"single_parent_rate":0.07730061349693251,"social_housing_rate":0.15460122699386503,"imputed":false,"vulnerability":26.2}},{"type":"Feature","geometry":{"type":"Polygon","coordinates":[[[2.366715,48.889355],[2.366438,48.891142],[2.363724,48.890956],[2.364,48.889168],[2.366715,48.889355]]]},"properties":{"id":"CRS3035RES200mN2893000E3762000","population":285.0,"households":168.0,"poverty_rate":0.21428571428571427,"senior_rate":0.11228070175438597,"single_parent_rate":0.08333333333333333,"social_housing_rate":0.017857142857142856,"imputed":false,"vulnerability":20.8}},{"type":"Feature","geometry":{"type":"Polygon","coordinates":[[[2.369429,48.889541],[2.369153,48.891329],[2.366438,48.891142],[2.366715,48.889355],[2.369429,48.889541]]]},"properties":{"id":"CRS3035RES200mN2893000E3762200","population":315.0,"households":179.0,"poverty_rate":0.24022346368715083,"senior_rate":0.15555555555555556,"single_parent_rate":0.10614525139664804,"social_housing_rate":0.7653631284916201,"imputed":false,"vulnerability":36.6}},{"type":"Feature","geometry":{"type":"Polygon","coordinates":[[[2.372144,48.889727],[2.371868,48.891515],[2.369153,48.891329],[2.369429,48.889541],[2.372144,48.889727]]]},"properties":{"id":"CRS3035RES200mN2893000E3762400","population":1433.5,"households":690.0,"poverty_rate":0.1956521739130435,"senior_rate":0.21206836414370422,"single_parent_rate":0.08550724637681159,"social_housing_rate":0.0927536231884058,"imputed":false,"vulnerability":26.5}},{"type":"Feature","geometry":{"type":"Polygon","coordinates":[[[2.374859,48.889913],[2.374582,48.891701],[2.371868,48.891515],[2.372144,48.889727],[2.374859,48.889913]]]},"properties":{"id":"CRS3035RES200mN2893000E3762600","population":3004.0,"households":1224.0,"poverty_rate":0.1715686274509804,"senior_rate":0.16877496671105194,"single_parent_rate":0.125,"social_housing_rate":0.46568627450980393,"imputed":false,"vulnerability":30.3}},{"type":"Feature","geometry":{"type":"Polygon","coordinates":[[[2.377573,48.890099],[2.377297,48.891887],[2.374582,48.891701],[2.374859,48.889913],[2.377573,48.890099]]]},"properties":{"id":"CRS3035RES200mN2893000E3762800","population":2084.0,"households":965.0,"poverty_rate":0.24248704663212436,"senior_rate":0.16746641074856047,"single_parent_rate":0.08290155440414508,"social_housing_rate":0.23730569948186528,"imputed":false,"vulnerability":28.5}},{"type":"Feature","geometry":{"type":"Polygon","coordinates":[[[2.380288,48.890285],[2.380012,48.892072],[2.377297,48.891887],[2.377573,48.890099],[2.380288,48.890285]]]},"properties":{"id":"CRS3035RES200mN2893000E3763000","population":1330.0,"households":654.0,"poverty_rate":0.20030581039755352,"senior_rate":0.12330827067669173,"single_parent_rate":0.10550458715596331,"social_housing_rate":0.20948012232415902,"imputed":false,"vulnerability":24.5}},{"type":"Feature","geometry":{"type":"Polygon","coordinates":[[[2.383002,48.89047],[2.382726,48.892258],[2.380012,48.892072],[2.380288,48.890285],[2.383002,48.89047]]]},"properties":{"id":"CRS3035RES200mN2893000E3763200","population":1820.5,"households":882.0,"poverty_rate":0.29138321995464855,"senior_rate":0.17687448503158473,"single_parent_rate":0.12811791383219956,"social_housing_rate":0.5986394557823129,"imputed":false,"vulnerability":38.8}},{"type":"Feature","geometry":{"type":"Polygon","coordinates":[[[2.385717,48.890656],[2.385441,48.892444],[2.382726,48.892258],[2.383002,48.89047],[2.385717,48.890656]]]},"properties":{"id":"CRS3035RES200mN2893000E3763400","population":940.0,"households":456.0,"poverty_rate":0.15350877192982457,"senior_rate":0.19787234042553192,"single_parent_rate":0.1162280701754386,"social_housing_rate":0.34649122807017546,"imputed":false,"vulnerability":28.8}},{"type":"Feature","geometry":{"type":"Polygon","coordinates":[[[2.388432,48.890842],[2.388156,48.89263],[2.385441,48.892444],[2.385717,48.890656],[2.388432,48.890842]]]},"properties":{"id":"CRS3035RES200mN2893000E3763600","population":675.5,"households":396.0,"poverty_rate":0.15404040404040403,"senior_rate":0.14507772020725387,"single_parent_rate":0.05303030303030303,"social_housing_rate":0.37373737373737376,"imputed":false,"vulnerability":23.6}},{"type":"Feature","geometry":{"type":"Polygon","coordinates":[[[2.393861,48.891213],[2.393586,48.893001],[2.390871,48.892815],[2.391146,48.891027],[2.393861,48.891213]]]},"properties":{"id":"CRS3035RES200mN2893000E3764000","population":19.0,"households":17.0,"poverty_rate":0.7647058823529411,"senior_rate":0.0,"single_parent_rate":0.0,"social_housing_rate":1.0,"imputed":false,"vulnerability":53.2}},{"type":"Feature","geometry":{"type":"Polygon","coordinates":[[[2.285008,48.885528],[2.284728,48.887315],[2.282014,48.887127],[2.282294,48.88534],[2.285008,48.885528]]]},"properties":{"id":"CRS3035RES200mN2893200E3756000","population":1162.0,"households":604.0,"poverty_rate":0.10430463576158941,"senior_rate":0.23580034423407917,"single_parent_rate":0.07119205298013245,"social_housing_rate":0.0,"imputed":false,"vulnerability":21.3}},{"type":"Feature","geometry":{"type":"Polygon","coordinates":[[[2.287722,48.885716],[2.287443,48.887504],[2.284728,48.887315],[2.285008,48.885528],[2.287722,48.885716]]]},"properties":{"id":"CRS3035RES200mN2893200E3756200","population":1083.0,"households":414.0,"poverty_rate":0.13043478260869565,"senior_rate":0.14312096029547552,"single_parent_rate":0.21256038647342995,"social_housing_rate":0.7995169082125604,"imputed":false,"vulnerability":35.6}},{"type":"Feature","geometry":{"type":"Polygon","coordinates":[[[2.29315,48.886092],[2.292871,48.88788],[2.290157,48.887692],[2.290436,48.885904],[2.29315,48.886092]]]},"properties":{"id":"CRS3035RES200mN2893200E3756600","population":1339.0,"households":684.0,"poverty_rate":0.14473684210526316,"senior_rate":0.2315160567587752,"single_parent_rate":0.1067251461988304,"social_housing_rate":0.36257309941520466,"imputed":false,"vulnerability":30.0}},{"type":"Feature","geometry":{"type":"Polygon","coordinates":[[[2.295864,48.88628],[2.295585,48.888068],[2.292871,48.88788],[2.29315,48.886092],[2.295864,48.88628]]]},"properties":{"id":"CRS3035RES200mN2893200E3756800","population":1134.5,"households":576.0,"poverty_rate":0.15104166666666666,"senior_rate":0.251211987659762,"single_parent_rate":0.09895833333333333,"social_housing_rate":0.3072916666666667,"imputed":false,"vulnerability":30.3}},{"type":"Feature","geometry":{"type":"Polygon","coordinates":[[[2.298578,48.886468],[2.298299,48.888255],[2.295585,48.888068],[2.295864,48.88628],[2.298578,48.886468]]]},"properties":{"id":"CRS3035RES200mN2893200E3757000","population":1224.0,"households":696.0,"poverty_rate":0.1824712643678161,"senior_rate":0.25245098039215685,"single_parent_rate":0.1235632183908046,"social_housing_rate":0.8836206896551724,"imputed":false,"vulnerability":41.6}},{"type":"Feature","geometry":{"type":"Polygon","coordinates":[[[2.301293,48.886655],[2.301014,48.888443],[2.298299,48.888255],[2.298578,48.886468],[2.301293,48.886655]]]},"properties":{"id":"CRS3035RES200mN2893200E3757200","population":1411.0,"households":585.0,"poverty_rate":0.13162393162393163,"senior_rate":0.18072289156626506,"single_parent_rate":0.08888888888888889,"social_housing_rate":0.25811965811965815,"imputed":false,"vulnerability":24.2}},{"type":"Feature","geometry":{"type":"Polygon","coordinates":[[[2.304007,48.886843],[2.303728,48.888631],[2.301014,48.888443],[2.301293,48.886655],[2.304007,48.886843]]]},"properties":{"id":"CRS3035RES200mN2893200E3757400","population":1100.0,"households":521.0,"poverty_rate":0.10748560460652591,"senior_rate":0.23,"single_parent_rate":0.0671785028790787,"social_housing_rate":0.0,"imputed":false,"vulnerability":20.9}},{"type":"Feature","geometry":{"type":"Polygon","coordinates":[[[2.306721,48.887031],[2.306442,48.888819],[2.303728,48.888631],[2.304007,48.886843],[2.306721,48.887031]]]},"properties":{"id":"CRS3035RES200mN2893200E3757600","population":973.0,"households":496.0,"poverty_rate":0.11693548387096774,"senior_rate":0.19938335046248715,"single_parent_rate":0.07862903225806452,"social_housing_rate":0.0,"imputed":false,"vulnerability":20.2}},{"type":"Feature","geometry":{"type":"Polygon","coordinates":[[[2.309435,48.887218],[2.309157,48.889006],[2.306442,48.888819],[2.306721,48.887031],[2.309435,48.887218]]]},"properties":{"id":"CRS3035RES200mN2893200E3757800","population":1598.0,"households":713.0,"poverty_rate":0.11079943899018233,"senior_rate":0.20901126408010012,"single_parent_rate":0.08415147265077139,"social_housing_rate":0.2131837307152875,"imputed":false,"vulnerability":23.9}},{"type":"Feature","geometry":{"type":"Polygon","coordinates":[[[2.312149,48.887406],[2.311871,48.889194],[2.309157,48.889006],[2.309435,48.887218],[2.312149,48.887406]]]},"properties":{"id":"CRS3035RES200mN2893200E3758000","population":1473.5,"households":702.0,"poverty_rate":0.10683760683760683,"senior_rate":0.1174075330844927,"single_parent_rate":0.08974358974358974,"social_housing_rate":0.29772079772079774,"imputed":false,"vulnerability":20.1}},{"type":"Feature","geometry":{"type":"Polygon","coordinates":[[[2.314864,48.887593],[2.314585,48.889381],[2.311871,48.889194],[2.312149,48.887406],[2.314864,48.887593]]]},"properties":{"id":"CRS3035RES200mN2893200E3758200","population":59.0,"households":28.6,"poverty_rate":0.031468531468531465,"senior_rate":0.37457627118644066,"single_parent_rate":0.0,"social_housing_rate":0.0,"imputed":true,"vulnerability":22.2}},{"type":"Feature","geometry":{"type":"Polygon","coordinates":[[[2.317578,48.887781],[2.3173,48.889569],[2.314585,48.889381],[2.314864,48.887593],[2.317578,48.887781]]]},"properties":{"id":"CRS3035RES200mN2893200E3758400","population":1214.0,"households":589.0,"poverty_rate":0.1035653650254669,"senior_rate":0.11367380560131796,"single_parent_rate":0.07130730050933787,"social_housing_rate":0.05602716468590832,"imputed":false,"vulnerability":15.4}},{"type":"Feature","geometry":{"type":"Polygon","coordinates":[[[2.320292,48.887968],[2.320014,48.889756],[2.3173,48.889569],[2.317578,48.887781],[2.320292,48.887968]]]},"properties":{"id":"CRS3035RES200mN2893200E3758600","population":2091.5,"households":1153.0,"poverty_rate":0.0745880312228968,"senior_rate":0.18838154434616305,"single_parent_rate":0.05897658282740677,"social_housing_rate":0.0,"imputed":false,"vulnerability":16.6}},{"type":"Feature","geometry":{"type":"Polygon","coordinates":[[[2.323007,48.888155],[2.322729,48.889943],[2.320014,48.889756],[2.320292,48.887968],[2.323007,48.888155]]]},"properties":{"id":"CRS3035RES200mN2893200E3758800","population":2008.0,"households":1099.0,"poverty_rate":0.13284804367606914,"senior_rate":0.1499003984063745,"single_parent_rate":0.07825295723384895,"social_housing_rate":0.11555959963603275,"imputed":false,"vulnerability":20.0}},{"type":"Feature","geometry":{"type":"Polygon","coordinates":[[[2.325721,48.888343],[2.325443,48.89013],[2.322729,48.889943],[2.323007,48.888155],[2.325721,48.888343]]]},"properties":{"id":"CRS3035RES200mN2893200E3759000","population":1698.5,"households":1001.0,"poverty_rate":0.12487512487512488,"senior_rate":0.12893729761554312,"single_parent_rate":0.056943056943056944,"social_housing_rate":0.08791208791208792,"imputed":false,"vulnerability":17.1}},{"type":"Feature","geometry":{"type":"Polygon","coordinates":[[[2.328435,48.88853],[2.328157,48.890317],[2.325443,48.89013],[2.325721,48.888343],[2.328435,48.88853]]]},"properties":{"id":"CRS3035RES200mN2893200E3759200","population":1527.5,"households":954.0,"poverty_rate":0.14465408805031446,"senior_rate":0.1839607201309329,"single_parent_rate":0.05660377358490566,"social_housing_rate":0.01781970649895178,"imputed":false,"vulnerability":20.1}},{"type":"Feature","geometry":{"type":"Polygon","coordinates":[[[2.33115,48.888717],[2.330872,48.890505],[2.328157,48.890317],[2.328435,48.88853],[2.33115,48.888717]]]},"properties":{"id":"CRS3035RES200mN2893200E3759400","population":434.0,"households":273.0,"poverty_rate":0.1391941391941392,"senior_rate":0.14055299539170507,"single_parent_rate":0.0695970695970696,"social_housing_rate":0.07326007326007326,"imputed":false,"vulnerability":18.8}},{"type":"Feature","geometry":{"type":"Polygon","coordinates":[[[2.333864,48.888904],[2.333586,48.890692],[2.330872,48.890505],[2.33115,48.888717],[2.333864,48.888904]]]},"properties":{"id":"CRS3035RES200mN2893200E3759600","population":2015.0,"households":1109.0,"poverty_rate":0.11812443642921551,"senior_rate":0.16674937965260547,"single_parent_rate":0.08025247971145176,"social_housing_rate":0.15058611361587015,"imputed":false,"vulnerability":20.8}},{"type":"Feature","geometry":{"type":"Polygon","coordinates":[[[2.336579,48.889091],[2.336301,48.890878],[2.333586,48.890692],[2.333864,48.888904],[2.336579,48.889091]]]},"properties":{"id":"CRS3035RES200mN2893200E3759800","population":2111.5,"households":1147.0,"poverty_rate":0.09241499564080209,"senior_rate":0.16812692398768647,"single_parent_rate":0.07846556233653008,"social_housing_rate":0.0,"imputed":false,"vulnerability":17.3}},{"type":"Feature","geometry":{"type":"Polygon","coordinates":[[[2.339293,48.889277],[2.339015,48.891065],[2.336301,48.890878],[2.336579,48.889091],[2.339293,48.889277]]]},"properties":{"id":"CRS3035RES200mN2893200E3760000","population":1641.5,"households":927.0,"poverty_rate":0.09492988133764833,"senior_rate":0.17240328967407859,"single_parent_rate":0.0744336569579288,"social_housing_rate":0.012944983818770227,"imputed":false,"vulnerability":17.6}},{"type":"Feature","geometry":{"type":"Polygon","coordinates":[[[2.342007,48.889464],[2.34173,48.891252],[2.339015,48.891065],[2.339293,48.889277],[2.342007,48.889464]]]},"properties":{"id":"CRS3035RES200mN2893200E3760200","population":2056.0,"households":1287.0,"poverty_rate":0.0979020979020979,"senior_rate":0.17607003891050585,"single_parent_rate":0.06526806526806526,"social_housing_rate":0.0,"imputed":false,"vulnerability":17.4}},{"type":"Feature","geometry":{"type":"Polygon","coordinates":[[[2.344722,48.889651],[2.344445,48.891439],[2.34173,48.891252],[2.342007,48.889464],[2.344722,48.889651]]]},"properties":{"id":"CRS3035RES200mN2893200E3760400","population":2192.5,"households":1314.0,"poverty_rate":0.11948249619482496,"senior_rate":0.14823261117445838,"single_parent_rate":0.07229832572298325,"social_housing_rate":0.07990867579908675,"imputed":false,"vulnerability":18.5}},{"type":"Feature","geometry":{"type":"Polygon","coordinates":[[[2.347436,48.889838],[2.347159,48.891626],[2.344445,48.891439],[2.344722,48.889651],[2.347436,48.889838]]]},"properties":{"id":"CRS3035RES200mN2893200E3760600","population":1929.5,"households":1222.0,"poverty_rate":0.12847790507364976,"senior_rate":0.1663643430940658,"single_parent_rate":0.06955810147299508,"social_housing_rate":0.05482815057283143,"imputed":false,"vulnerability":19.4}},{"type":"Feature","geometry":{"type":"Polygon","coordinates":[[[2.350151,48.890024],[2.349874,48.891812],[2.347159,48.891626],[2.347436,48.889838],[2.350151,48.890024]]]},"properties":{"id":"CRS3035RES200mN2893200E3760800","population":2122.0,"households":1270.0,"poverty_rate":0.14881889763779527,"senior_rate":0.13006597549481622,"single_parent_rate":0.05433070866141732,"social_housing_rate":0.04015748031496063,"imputed":false,"vulnerability":17.5}},{"type":"Feature","geometry":{"type":"Polygon","coordinates":[[[2.352865,48.890211],[2.352588,48.891999],[2.349874,48.891812],[2.350151,48.890024],[2.352865,48.890211]]]},"properties":{"id":"CRS3035RES200mN2893200E3761000","population":2571.5,"households":1189.0,"poverty_rate":0.17830109335576114,"senior_rate":0.12794089053081859,"single_parent_rate":0.09503784693019345,"social_housing_rate":0.32380151387720774,"imputed":false,"vulnerability":24.9}},{"type":"Feature","geometry":{"type":"Polygon","coordinates":[[[2.35558,48.890397],[2.355303,48.892185],[2.352588,48.891999],[2.352865,48.890211],[2.35558,48.890397]]]},"properties":{"id":"CRS3035RES200mN2893200E3761200","population":328.0,"households":181.0,"poverty_rate":0.2154696132596685,"senior_rate":0.125,"single_parent_rate":0.13812154696132597,"social_housing_rate":0.430939226519337,"imputed":false,"vulnerability":30.1}},{"type":"Feature","geometry":{"type":"Polygon","coordinates":[[[2.358295,48.890584],[2.358018,48.892372],[2.355303,48.892185],[2.35558,48.890397],[2.358295,48.890584]]]},"properties":{"id":"CRS3035RES200mN2893200E3761400","population":236.5,"households":111.0,"poverty_rate":0.2972972972972973,"senior_rate":0.12684989429175475,"single_parent_rate":0.06306306306306306,"social_housing_rate":0.12612612612612611,"imputed":false,"vulnerability":26.5}},{"type":"Feature","geometry":{"type":"Polygon","coordinates":[[[2.361009,48.89077],[2.360732,48.892558],[2.358018,48.892372],[2.358295,48.890584],[2.361009,48.89077]]]},"properties":{"id":"CRS3035RES200mN2893200E3761600","population":1156.0,"households":580.0,"poverty_rate":0.1793103448275862,"senior_rate":0.18858131487889274,"single_parent_rate":0.0896551724137931,"social_housing_rate":0.20862068965517241,"imputed":false,"vulnerability":26.3}},{"type":"Feature","geometry":{"type":"Polygon","coordinates":[[[2.363724,48.890956],[2.363447,48.892744],[2.360732,48.892558],[2.361009,48.89077],[2.363724,48.890956]]]},"properties":{"id":"CRS3035RES200mN2893200E3761800","population":1288.5,"households":733.0,"poverty_rate":0.17053206002728513,"senior_rate":0.16918897943344974,"single_parent_rate":0.08594815825375171,"social_housing_rate":0.07776261937244201,"imputed":false,"vulnerability":22.7}},{"type":"Feature","geometry":{"type":"Polygon","coordinates":[[[2.366438,48.891142],[2.366162,48.89293],[2.363447,48.892744],[2.363724,48.890956],[2.366438,48.891142]]]},"properties":{"id":"CRS3035RES200mN2893200E3762000","population":1284.0,"households":596.0,"poverty_rate":0.20973154362416108,"senior_rate":0.11214953271028037,"single_parent_rate":0.10570469798657718,"social_housing_rate":0.4077181208053691,"imputed":false,"vulnerability":27.3}},{"type":"Feature","geometry":{"type":"Polygon","coordinates":[[[2.371868,48.891515],[2.371591,48.893303],[2.368876,48.893116],[2.369153,48.891329],[2.371868,48.891515]]]},"properties":{"id":"CRS3035RES200mN2893200E3762400","population":1376.5,"households":551.0,"poverty_rate":0.27586206896551724,"senior_rate":0.24845622956774427,"single_parent_rate":0.17422867513611615,"social_housing_rate":0.9963702359346642,"imputed":false,"vulnerability":49.9}},{"type":"Feature","geometry":{"type":"Polygon","coordinates":[[[2.374582,48.891701],[2.374306,48.893489],[2.371591,48.893303],[2.371868,48.891515],[2.374582,48.891701]]]},"properties":{"id":"CRS3035RES200mN2893200E3762600","population":1457.5,"households":770.0,"poverty_rate":0.17662337662337663,"senior_rate":0.14476843910806175,"single_parent_rate":0.06883116883116883,"social_housing_rate":0.1,"imputed":false,"vulnerability":21.3}},{"type":"Feature","geometry":{"type":"Polygon","coordinates":[[[2.377297,48.891887],[2.377021,48.893675],[2.374306,48.893489],[2.374582,48.891701],[2.377297,48.891887]]]},"properties":{"id":"CRS3035RES200mN2893200E3762800","population":2416.5,"households":1222.0,"poverty_rate":0.16039279869067102,"senior_rate":0.20815228636457686,"single_parent_rate":0.07283142389525368,"social_housing_rate":0.10310965630114566,"imputed":false,"vulnerability":24.2}},{"type":"Feature","geometry":{"type":"Polygon","coordinates":[[[2.380012,48.892072],[2.379736,48.89386],[2.377021,48.893675],[2.377297,48.891887],[2.380012,48.892072]]]},"properties":{"id":"CRS3035RES200mN2893200E3763000","population":2980.0,"households":1211.0,"poverty_rate":0.1610239471511148,"senior_rate":0.14429530201342283,"single_parent_rate":0.08835672997522709,"social_housing_rate":0.18909991742361684,"imputed":false,"vulnerability":22.6}},{"type":"Feature","geometry":{"type":"Polygon","coordinates":[[[2.382726,48.892258],[2.38245,48.894046],[2.379736,48.89386],[2.380012,48.892072],[2.382726,48.892258]]]},"properties":{"id":"CRS3035RES200mN2893200E3763200","population":1714.0,"households":914.0,"poverty_rate":0.1925601750547046,"senior_rate":0.16802800466744458,"single_parent_rate":0.08096280087527352,"social_housing_rate":0.3085339168490153,"imputed":false,"vulnerability":27.0}},{"type":"Feature","geometry":{"type":"Polygon","coordinates":[[[2.385441,48.892444],[2.385165,48.894232],[2.38245,48.894046],[2.382726,48.892258],[2.385441,48.892444]]]},"properties":{"id":"CRS3035RES200mN2893200E3763400","population":1241.0,"households":591.0,"poverty_rate":0.24196277495769883,"senior_rate":0.1579371474617244,"single_parent_rate":0.11844331641285956,"social_housing_rate":0.4077834179357022,"imputed":false,"vulnerability":32.0}},{"type":"Feature","geometry":{"type":"Polygon","coordinates":[[[2.388156,48.89263],[2.38788,48.894418],[2.385165,48.894232],[2.385441,48.892444],[2.388156,48.89263]]]},"properties":{"id":"CRS3035RES200mN2893200E3763600","population":3.0,"households":1.3,"poverty_rate":0.15384615384615385,"senior_rate":0.06666666666666667,"single_parent_rate":0.15384615384615385,"social_housing_rate":0.6923076923076923,"imputed":true,"vulnerability":28.4}},{"type":"Feature","geometry":{"type":"Polygon","coordinates":[[[2.399015,48.893372],[2.39874,48.89516],[2.396025,48.894974],[2.3963,48.893186],[2.399015,48.893372]]]},"properties":{"id":"CRS3035RES200mN2893200E3764400","population":298.0,"households":112.0,"poverty_rate":0.21428571428571427,"senior_rate":0.2080536912751678,"single_parent_rate":0.14285714285714285,"social_housing_rate":0.9910714285714286,"imputed":false,"vulnerability":43.2}},{"type":"Feature","geometry":{"type":"Polygon","coordinates":[[[2.290157,48.887692],[2.289877,48.889479],[2.287163,48.889291],[2.287443,48.887504],[2.290157,48.887692]]]},"properties":{"id":"CRS3035RES200mN2893400E3756400","population":1111.0,"households":526.0,"poverty_rate":0.12737642585551331,"senior_rate":0.15931593159315932,"single_parent_rate":0.11026615969581749,"social_housing_rate":0.41634980988593157,"imputed":false,"vulnerability":26.1}},{"type":"Feature","geometry":{"type":"Polygon","coordinates":[[[2.292871,48.88788],[2.292592,48.889667],[2.289877,48.889479],[2.290157,48.887692],[2.292871,48.88788]]]},"properties":{"id":"CRS3035RES200mN2893400E3756600","population":235.5,"households":91.0,"poverty_rate":0.04395604395604396,"senior_rate":0.09341825902335456,"single_parent_rate":0.07692307692307693,"social_housing_rate":0.0,"imputed":false,"vulnerability":10.7}},{"type":"Feature","geometry":{"type":"Polygon","coordinates":[[[2.295585,48.888068],[2.295306,48.889855],[2.292592,48.889667],[2.292871,48.88788],[2.295585,48.888068]]]},"properties":{"id":"CRS3035RES200mN2893400E3756800","population":562.0,"households":216.0,"poverty_rate":0.14351851851851852,"senior_rate":0.25622775800711745,"single_parent_rate":0.1388888888888889,"social_housing_rate":0.9861111111111112,"imputed":false,"vulnerability":42.1}},{"type":"Feature","geometry":{"type":"Polygon","coordinates":[[[2.298299,48.888255],[2.29802,48.890043],[2.295306,48.889855],[2.295585,48.888068],[2.298299,48.888255]]]},"properties":{"id":"CRS3035RES200mN2893400E3757000","population":1022.0,"households":397.0,"poverty_rate":0.27204030226700254,"senior_rate":0.21037181996086105,"single_parent_rate":0.22418136020151133,"social_housing_rate":0.9974811083123426,"imputed":false,"vulnerability":49.8}},{"type":"Feature","geometry":{"type":"Polygon","coordinates":[[[2.301014,48.888443],[2.300735,48.890231],[2.29802,48.890043],[2.298299,48.888255],[2.301014,48.888443]]]},"properties":{"id":"CRS3035RES200mN2893400E3757200","population":2231.5,"households":1058.0,"poverty_rate":0.23156899810964082,"senior_rate":0.19807304503697065,"single_parent_rate":0.17107750472589792,"social_housing_rate":0.9877126654064272,"imputed":false,"vulnerability":44.7}},{"type":"Feature","geometry":{"type":"Polygon","coordinates":[[[2.303728,48.888631],[2.303449,48.890419],[2.300735,48.890231],[2.301014,48.888443],[2.303728,48.888631]]]},"properties":{"id":"CRS3035RES200mN2893400E3757400","population":1632.5,"households":556.0,"poverty_rate":0.24100719424460432,"senior_rate":0.13660030627871364,"single_parent_rate":0.23201438848920863,"social_housing_rate":0.7571942446043165,"imputed":false,"vulnerability":41.0}},{"type":"Feature","geometry":{"type":"Polygon","coordinates":[[[2.306442,48.888819],[2.306164,48.890606],[2.303449,48.890419],[2.303728,48.888631],[2.306442,48.888819]]]},"properties":{"id":"CRS3035RES200mN2893400E3757600","population":2260.5,"households":962.0,"poverty_rate":0.17671517671517672,"senior_rate":0.14819730148197302,"single_parent_rate":0.13201663201663202,"social_housing_rate":0.48544698544698545,"imputed":false,"vulnerability":30.0}},{"type":"Feature","geometry":{"type":"Polygon","coordinates":[[[2.309157,48.889006],[2.308878,48.890794],[2.306164,48.890606],[2.306442,48.888819],[2.309157,48.889006]]]},"properties":{"id":"CRS3035RES200mN2893400E3757800","population":1157.5,"households":497.0,"poverty_rate":0.18712273641851107,"senior_rate":0.20475161987041038,"single_parent_rate":0.1851106639839034,"social_housing_rate":0.6961770623742455,"imputed":false,"vulnerability":39.1}},{"type":"Feature","geometry":{"type":"Polygon","coordinates":[[[2.311871,48.889194],[2.311592,48.890981],[2.308878,48.890794],[2.309157,48.889006],[2.311871,48.889194]]]},"properties":{"id":"CRS3035RES200mN2893400E3758000","population":5.0,"households":2.4,"poverty_rate":0.04166666666666667,"senior_rate":0.38,"single_parent_rate":0.0,"social_housing_rate":0.0,"imputed":true,"vulnerability":23.0}},{"type":"Feature","geometry":{"type":"Polygon","coordinates":[[[2.314585,48.889381],[2.314307,48.891169],[2.311592,48.890981],[2.311871,48.889194],[2.314585,48.889381]]]},"properties":{"id":"CRS3035RES200mN2893400E3758200","population":990.5,"households":375.0,"poverty_rate":0.12533333333333332,"senior_rate":0.04644119131751641,"single_parent_rate":0.12533333333333332,"social_housing_rate":0.472,"imputed":false,"vulnerability":21.3}},{"type":"Feature","geometry":{"type":"Polygon","coordinates":[[[2.3173,48.889569],[2.317021,48.891356],[2.314307,48.891169],[2.314585,48.889381],[2.3173,48.889569]]]},"properties":{"id":"CRS3035RES200mN2893400E3758400","population":279.0,"households":125.0,"poverty_rate":0.088,"senior_rate":0.12544802867383512,"single_parent_rate":0.04,"social_housing_rate":0.152,"imputed":false,"vulnerability":15.3}},{"type":"Feature","geometry":{"type":"Polygon","coordinates":[[[2.320014,48.889756],[2.319736,48.891544],[2.317021,48.891356],[2.3173,48.889569],[2.320014,48.889756]]]},"properties":{"id":"CRS3035RES200mN2893400E3758600","population":1920.5,"households":940.0,"poverty_rate":0.14042553191489363,"senior_rate":0.12861234053631868,"single_parent_rate":0.11170212765957446,"social_housing_rate":0.2936170212765957,"imputed":false,"vulnerability":23.3}},{"type":"Feature","geometry":{"type":"Polygon","coordinates":[[[2.322729,48.889943],[2.32245,48.891731],[2.319736,48.891544],[2.320014,48.889756],[2.322729,48.889943]]]},"properties":{"id":"CRS3035RES200mN2893400E3758800","population":1919.0,"households":1151.0,"poverty_rate":0.1633362293657689,"senior_rate":0.13288170922355394,"single_parent_rate":0.05994787141615986,"social_housing_rate":0.09209383145091225,"imputed":false,"vulnerability":19.4}},{"type":"Feature","geometry":{"type":"Polygon","coordinates":[[[2.325443,48.89013],[2.325165,48.891918],[2.32245,48.891731],[2.322729,48.889943],[2.325443,48.89013]]]},"properties":{"id":"CRS3035RES200mN2893400E3759000","population":2329.0,"households":1315.0,"poverty_rate":0.12623574144486693,"senior_rate":0.13095749248604552,"single_parent_rate":0.061596958174904945,"social_housing_rate":0.02585551330798479,"imputed":false,"vulnerability":16.6}},{"type":"Feature","geometry":{"type":"Polygon","coordinates":[[[2.328157,48.890317],[2.327879,48.892105],[2.325165,48.891918],[2.325443,48.89013],[2.328157,48.890317]]]},"properties":{"id":"CRS3035RES200mN2893400E3759200","population":1776.5,"households":1102.0,"poverty_rate":0.13793103448275862,"senior_rate":0.1446664790318041,"single_parent_rate":0.06352087114337568,"social_housing_rate":0.013611615245009074,"imputed":false,"vulnerability":17.8}},{"type":"Feature","geometry":{"type":"Polygon","coordinates":[[[2.330872,48.890505],[2.330594,48.892292],[2.327879,48.892105],[2.328157,48.890317],[2.330872,48.890505]]]},"properties":{"id":"CRS3035RES200mN2893400E3759400","population":1941.5,"households":1151.0,"poverty_rate":0.09296264118158123,"senior_rate":0.17100180272984805,"single_parent_rate":0.0686359687228497,"social_housing_rate":0.0008688097306689834,"imputed":false,"vulnerability":17.0}},{"type":"Feature","geometry":{"type":"Polygon","coordinates":[[[2.333586,48.890692],[2.333309,48.892479],[2.330594,48.892292],[2.330872,48.890505],[2.333586,48.890692]]]},"properties":{"id":"CRS3035RES200mN2893400E3759600","population":1565.5,"households":871.0,"poverty_rate":0.10562571756601608,"senior_rate":0.17630150111785373,"single_parent_rate":0.06544202066590127,"social_housing_rate":0.01951779563719862,"imputed":false,"vulnerability":18.1}},{"type":"Feature","geometry":{"type":"Polygon","coordinates":[[[2.336301,48.890878],[2.336023,48.892666],[2.333309,48.892479],[2.333586,48.890692],[2.336301,48.890878]]]},"properties":{"id":"CRS3035RES200mN2893400E3759800","population":1630.0,"households":1006.0,"poverty_rate":0.12027833001988071,"senior_rate":0.16134969325153375,"single_parent_rate":0.05268389662027833,"social_housing_rate":0.0,"imputed":false,"vulnerability":17.2}},{"type":"Feature","geometry":{"type":"Polygon","coordinates":[[[2.339015,48.891065],[2.338738,48.892853],[2.336023,48.892666],[2.336301,48.890878],[2.339015,48.891065]]]},"properties":{"id":"CRS3035RES200mN2893400E3760000","population":1810.0,"households":1076.0,"poverty_rate":0.13011152416356878,"senior_rate":0.19116022099447513,"single_parent_rate":0.06784386617100371,"social_housing_rate":0.08921933085501858,"imputed":false,"vulnerability":21.3}},{"type":"Feature","geometry":{"type":"Polygon","coordinates":[[[2.34173,48.891252],[2.341453,48.89304],[2.338738,48.892853],[2.339015,48.891065],[2.34173,48.891252]]]},"properties":{"id":"CRS3035RES200mN2893400E3760200","population":1170.5,"households":731.0,"poverty_rate":0.12722298221614228,"senior_rate":0.21016659547202052,"single_parent_rate":0.06155950752393981,"social_housing_rate":0.10533515731874145,"imputed":false,"vulnerability":22.2}},{"type":"Feature","geometry":{"type":"Polygon","coordinates":[[[2.344445,48.891439],[2.344167,48.893227],[2.341453,48.89304],[2.34173,48.891252],[2.344445,48.891439]]]},"properties":{"id":"CRS3035RES200mN2893400E3760400","population":1847.0,"households":1098.0,"poverty_rate":0.11657559198542805,"senior_rate":0.16675690308608554,"single_parent_rate":0.0883424408014572,"social_housing_rate":0.05919854280510018,"imputed":false,"vulnerability":19.7}},{"type":"Feature","geometry":{"type":"Polygon","coordinates":[[[2.347159,48.891626],[2.346882,48.893413],[2.344167,48.893227],[2.344445,48.891439],[2.347159,48.891626]]]},"properties":{"id":"CRS3035RES200mN2893400E3760600","population":1218.0,"households":691.0,"poverty_rate":0.09696092619392185,"senior_rate":0.14614121510673234,"single_parent_rate":0.06222865412445731,"social_housing_rate":0.001447178002894356,"imputed":false,"vulnerability":15.6}},{"type":"Feature","geometry":{"type":"Polygon","coordinates":[[[2.349874,48.891812],[2.349597,48.8936],[2.346882,48.893413],[2.347159,48.891626],[2.349874,48.891812]]]},"properties":{"id":"CRS3035RES200mN2893400E3760800","population":1953.0,"households":1102.0,"poverty_rate":0.16696914700544466,"senior_rate":0.13773681515617,"single_parent_rate":0.07078039927404718,"social_housing_rate":0.11161524500907441,"imputed":false,"vulnerability":20.7}},{"type":"Feature","geometry":{"type":"Polygon","coordinates":[[[2.352588,48.891999],[2.352311,48.893787],[2.349597,48.8936],[2.349874,48.891812],[2.352588,48.891999]]]},"properties":{"id":"CRS3035RES200mN2893400E3761000","population":1983.5,"households":986.0,"poverty_rate":0.19776876267748478,"senior_rate":0.1426770859591631,"single_parent_rate":0.11663286004056796,"social_housing_rate":0.4553752535496957,"imputed":false,"vulnerability":29.6}},{"type":"Feature","geometry":{"type":"Polygon","coordinates":[[[2.355303,48.892185],[2.355026,48.893973],[2.352311,48.893787],[2.352588,48.891999],[2.355303,48.892185]]]},"properties":{"id":"CRS3035RES200mN2893400E3761200","population":93.5,"households":45.0,"poverty_rate":0.13333333333333333,"senior_rate":0.11764705882352941,"single_parent_rate":0.28888888888888886,"social_housing_rate":1.0,"imputed":false,"vulnerability":40.6}},{"type":"Feature","geometry":{"type":"Polygon","coordinates":[[[2.360732,48.892558],[2.360456,48.894346],[2.357741,48.894159],[2.358018,48.892372],[2.360732,48.892558]]]},"properties":{"id":"CRS3035RES200mN2893400E3761600","population":995.5,"households":521.0,"poverty_rate":0.31669865642994244,"senior_rate":0.14565544952285284,"single_parent_rate":0.1036468330134357,"social_housing_rate":0.09404990403071017,"imputed":false,"vulnerability":29.7}},{"type":"Feature","geometry":{"type":"Polygon","coordinates":[[[2.363447,48.892744],[2.36317,48.894532],[2.360456,48.894346],[2.360732,48.892558],[2.363447,48.892744]]]},"properties":{"id":"CRS3035RES200mN2893400E3761800","population":1314.5,"households":733.0,"poverty_rate":0.20463847203274216,"senior_rate":0.14454165081780146,"single_parent_rate":0.0927694406548431,"social_housing_rate":0.21828103683492497,"imputed":false,"vulnerability":25.5}},{"type":"Feature","geometry":{"type":"Polygon","coordinates":[[[2.366162,48.89293],[2.365885,48.894718],[2.36317,48.894532],[2.363447,48.892744],[2.366162,48.89293]]]},"properties":{"id":"CRS3035RES200mN2893400E3762000","population":227.0,"households":76.3,"poverty_rate":0.30799475753604194,"senior_rate":0.20308370044052865,"single_parent_rate":0.22280471821756226,"social_housing_rate":0.9134993446920053,"imputed":true,"vulnerability":49.9}},{"type":"Feature","geometry":{"type":"Polygon","coordinates":[[[2.371591,48.893303],[2.371315,48.89509],[2.3686,48.894904],[2.368876,48.893116],[2.371591,48.893303]]]},"properties":{"id":"CRS3035RES200mN2893400E3762400","population":581.5,"households":262.0,"poverty_rate":0.19083969465648856,"senior_rate":0.22012037833190026,"single_parent_rate":0.11450381679389313,"social_housing_rate":0.3053435114503817,"imputed":false,"vulnerability":31.2}},{"type":"Feature","geometry":{"type":"Polygon","coordinates":[[[2.374306,48.893489],[2.37403,48.895276],[2.371315,48.89509],[2.371591,48.893303],[2.374306,48.893489]]]},"properties":{"id":"CRS3035RES200mN2893400E3762600","population":1400.5,"households":561.0,"poverty_rate":0.2727272727272727,"senior_rate":0.123527311674402,"single_parent_rate":0.09269162210338681,"social_housing_rate":0.42602495543672014,"imputed":false,"vulnerability":30.8}},{"type":"Feature","geometry":{"type":"Polygon","coordinates":[[[2.377021,48.893675],[2.376745,48.895462],[2.37403,48.895276],[2.374306,48.893489],[2.377021,48.893675]]]},"properties":{"id":"CRS3035RES200mN2893400E3762800","population":3436.5,"households":1302.0,"poverty_rate":0.2534562211981567,"senior_rate":0.19758475192783356,"single_parent_rate":0.13748079877112135,"social_housing_rate":0.8225806451612904,"imputed":false,"vulnerability":41.8}},{"type":"Feature","geometry":{"type":"Polygon","coordinates":[[[2.379736,48.89386],[2.37946,48.895648],[2.376745,48.895462],[2.377021,48.893675],[2.379736,48.89386]]]},"properties":{"id":"CRS3035RES200mN2893400E3763000","population":1146.5,"households":443.0,"poverty_rate":0.2799097065462754,"senior_rate":0.218927169646751,"single_parent_rate":0.17832957110609482,"social_housing_rate":0.9977426636568849,"imputed":false,"vulnerability":48.7}},{"type":"Feature","geometry":{"type":"Polygon","coordinates":[[[2.38245,48.894046],[2.382174,48.895834],[2.37946,48.895648],[2.379736,48.89386],[2.38245,48.894046]]]},"properties":{"id":"CRS3035RES200mN2893400E3763200","population":1476.0,"households":596.0,"poverty_rate":0.32550335570469796,"senior_rate":0.2018970189701897,"single_parent_rate":0.14261744966442952,"social_housing_rate":0.9345637583892618,"imputed":false,"vulnerability":47.6}},{"type":"Feature","geometry":{"type":"Polygon","coordinates":[[[2.385165,48.894232],[2.384889,48.89602],[2.382174,48.895834],[2.38245,48.894046],[2.385165,48.894232]]]},"properties":{"id":"CRS3035RES200mN2893400E3763400","population":913.5,"households":476.0,"poverty_rate":0.1869747899159664,"senior_rate":0.09961685823754789,"single_parent_rate":0.08823529411764706,"social_housing_rate":0.23949579831932774,"imputed":false,"vulnerability":22.2}},{"type":"Feature","geometry":{"type":"Polygon","coordinates":[[[2.295306,48.889855],[2.295027,48.891643],[2.292313,48.891455],[2.292592,48.889667],[2.295306,48.889855]]]},"properties":{"id":"CRS3035RES200mN2893600E3756800","population":1726.0,"households":733.0,"poverty_rate":0.10914051841746249,"senior_rate":0.22190034762456548,"single_parent_rate":0.15143246930422918,"social_housing_rate":0.47066848567530695,"imputed":false,"vulnerability":31.3}},{"type":"Feature","geometry":{"type":"Polygon","coordinates":[[[2.29802,48.890043],[2.297741,48.891831],[2.295027,48.891643],[2.295306,48.889855],[2.29802,48.890043]]]},"properties":{"id":"CRS3035RES200mN2893600E3757000","population":2394.0,"households":1015.0,"poverty_rate":0.21773399014778325,"senior_rate":0.22514619883040934,"single_parent_rate":0.19704433497536947,"social_housing_rate":0.8827586206896552,"imputed":false,"vulnerability":45.0}},{"type":"Feature","geometry":{"type":"Polygon","coordinates":[[[2.303449,48.890419],[2.30317,48.892206],[2.300456,48.892019],[2.300735,48.890231],[2.303449,48.890419]]]},"properties":{"id":"CRS3035RES200mN2893600E3757400","population":561.5,"households":216.0,"poverty_rate":0.21296296296296297,"senior_rate":0.15672306322350846,"single_parent_rate":0.2037037037037037,"social_housing_rate":0.9259259259259259,"imputed":false,"vulnerability":42.0}},{"type":"Feature","geometry":{"type":"Polygon","coordinates":[[[2.306164,48.890606],[2.305885,48.892394],[2.30317,48.892206],[2.303449,48.890419],[2.306164,48.890606]]]},"properties":{"id":"CRS3035RES200mN2893600E3757600","population":1049.5,"households":378.0,"poverty_rate":0.10582010582010581,"senior_rate":0.15531205335874226,"single_parent_rate":0.12169312169312169,"social_housing_rate":0.544973544973545,"imputed":false,"vulnerability":27.3}},{"type":"Feature","geometry":{"type":"Polygon","coordinates":[[[2.308878,48.890794],[2.308599,48.892582],[2.305885,48.892394],[2.306164,48.890606],[2.308878,48.890794]]]},"properties":{"id":"CRS3035RES200mN2893600E3757800","population":193.0,"households":54.0,"poverty_rate":0.25925925925925924,"senior_rate":0.10362694300518134,"single_parent_rate":0.25925925925925924,"social_housing_rate":1.0,"imputed":false,"vulnerability":44.9}},{"type":"Feature","geometry":{"type":"Polygon","coordinates":[[[2.311592,48.890981],[2.311314,48.892769],[2.308599,48.892582],[2.308878,48.890794],[2.311592,48.890981]]]},"properties":{"id":"CRS3035RES200mN2893600E3758000","population":1172.0,"households":436.0,"poverty_rate":0.12614678899082568,"senior_rate":0.024744027303754267,"single_parent_rate":0.15137614678899083,"social_housing_rate":0.5229357798165137,"imputed":false,"vulnerability":22.1}},{"type":"Feature","geometry":{"type":"Polygon","coordinates":[[[2.314307,48.891169],[2.314028,48.892957],[2.311314,48.892769],[2.311592,48.890981],[2.314307,48.891169]]]},"properties":{"id":"CRS3035RES200mN2893600E3758200","population":498.5,"households":191.0,"poverty_rate":0.09947643979057591,"senior_rate":0.034102306920762285,"single_parent_rate":0.16753926701570682,"social_housing_rate":0.4031413612565445,"imputed":false,"vulnerability":20.1}},{"type":"Feature","geometry":{"type":"Polygon","coordinates":[[[2.317021,48.891356],[2.316743,48.893144],[2.314028,48.892957],[2.314307,48.891169],[2.317021,48.891356]]]},"properties":{"id":"CRS3035RES200mN2893600E3758400","population":690.5,"households":321.0,"poverty_rate":0.16199376947040497,"senior_rate":0.10716871832005793,"single_parent_rate":0.08411214953271028,"social_housing_rate":0.2336448598130841,"imputed":false,"vulnerability":21.1}},{"type":"Feature","geometry":{"type":"Polygon","coordinates":[[[2.319736,48.891544],[2.319458,48.893331],[2.316743,48.893144],[2.317021,48.891356],[2.319736,48.891544]]]},"properties":{"id":"CRS3035RES200mN2893600E3758600","population":2227.0,"households":1232.0,"poverty_rate":0.2159090909090909,"senior_rate":0.14593623709025594,"single_parent_rate":0.08928571428571429,"social_housing_rate":0.41964285714285715,"imputed":false,"vulnerability":29.0}},{"type":"Feature","geometry":{"type":"Polygon","coordinates":[[[2.32245,48.891731],[2.322172,48.893519],[2.319458,48.893331],[2.319736,48.891544],[2.32245,48.891731]]]},"properties":{"id":"CRS3035RES200mN2893600E3758800","population":1906.0,"households":1181.0,"poverty_rate":0.1955969517358171,"senior_rate":0.12749213011542498,"single_parent_rate":0.06096528365791702,"social_housing_rate":0.06858594411515664,"imputed":false,"vulnerability":20.5}},{"type":"Feature","geometry":{"type":"Polygon","coordinates":[[[2.325165,48.891918],[2.324887,48.893706],[2.322172,48.893519],[2.32245,48.891731],[2.325165,48.891918]]]},"properties":{"id":"CRS3035RES200mN2893600E3759000","population":1701.0,"households":981.0,"poverty_rate":0.1111111111111111,"senior_rate":0.1522633744855967,"single_parent_rate":0.0764525993883792,"social_housing_rate":0.020387359836901122,"imputed":false,"vulnerability":17.5}},{"type":"Feature","geometry":{"type":"Polygon","coordinates":[[[2.327879,48.892105],[2.327602,48.893893],[2.324887,48.893706],[2.325165,48.891918],[2.327879,48.892105]]]},"properties":{"id":"CRS3035RES200mN2893600E3759200","population":2085.0,"households":1219.0,"poverty_rate":0.12059064807219032,"senior_rate":0.15059952038369304,"single_parent_rate":0.06316652994257588,"social_housing_rate":0.009023789991796555,"imputed":false,"vulnerability":17.2}},{"type":"Feature","geometry":{"type":"Polygon","coordinates":[[[2.330594,48.892292],[2.330316,48.89408],[2.327602,48.893893],[2.327879,48.892105],[2.330594,48.892292]]]},"properties":{"id":"CRS3035RES200mN2893600E3759400","population":1813.0,"households":1025.0,"poverty_rate":0.1951219512195122,"senior_rate":0.21400992829564258,"single_parent_rate":0.08487804878048781,"social_housing_rate":0.3073170731707317,"imputed":false,"vulnerability":29.8}},{"type":"Feature","geometry":{"type":"Polygon","coordinates":[[[2.333309,48.892479],[2.333031,48.894267],[2.330316,48.89408],[2.330594,48.892292],[2.333309,48.892479]]]},"properties":{"id":"CRS3035RES200mN2893600E3759600","population":1911.0,"households":1010.0,"poverty_rate":0.1594059405940594,"senior_rate":0.23547880690737832,"single_parent_rate":0.10297029702970296,"social_housing_rate":0.3198019801980198,"imputed":false,"vulnerability":30.2}},{"type":"Feature","geometry":{"type":"Polygon","coordinates":[[[2.336023,48.892666],[2.335746,48.894454],[2.333031,48.894267],[2.333309,48.892479],[2.336023,48.892666]]]},"properties":{"id":"CRS3035RES200mN2893600E3759800","population":1618.0,"households":1025.0,"poverty_rate":0.13463414634146342,"senior_rate":0.18479604449938195,"single_parent_rate":0.07317073170731707,"social_housing_rate":0.11414634146341464,"imputed":false,"vulnerability":21.8}},{"type":"Feature","geometry":{"type":"Polygon","coordinates":[[[2.338738,48.892853],[2.33846,48.894641],[2.335746,48.894454],[2.336023,48.892666],[2.338738,48.892853]]]},"properties":{"id":"CRS3035RES200mN2893600E3760000","population":2449.0,"households":1294.0,"poverty_rate":0.14605873261205565,"senior_rate":0.1380155165373622,"single_parent_rate":0.08423493044822257,"social_housing_rate":0.2426584234930448,"imputed":false,"vulnerability":22.2}},{"type":"Feature","geometry":{"type":"Polygon","coordinates":[[[2.341453,48.89304],[2.341175,48.894828],[2.33846,48.894641],[2.338738,48.892853],[2.341453,48.89304]]]},"properties":{"id":"CRS3035RES200mN2893600E3760200","population":1863.5,"households":1134.0,"poverty_rate":0.12874779541446207,"senior_rate":0.1363026562919238,"single_parent_rate":0.05114638447971781,"social_housing_rate":0.0291005291005291,"imputed":false,"vulnerability":16.6}},{"type":"Feature","geometry":{"type":"Polygon","coordinates":[[[2.344167,48.893227],[2.34389,48.895015],[2.341175,48.894828],[2.341453,48.89304],[2.344167,48.893227]]]},"properties":{"id":"CRS3035RES200mN2893600E3760400","population":2075.0,"households":1201.0,"poverty_rate":0.18401332223147376,"senior_rate":0.20144578313253012,"single_parent_rate":0.09908409658617819,"social_housing_rate":0.2672772689425479,"imputed":false,"vulnerability":28.6}},{"type":"Feature","geometry":{"type":"Polygon","coordinates":[[[2.346882,48.893413],[2.346605,48.895201],[2.34389,48.895015],[2.344167,48.893227],[2.346882,48.893413]]]},"properties":{"id":"CRS3035RES200mN2893600E3760600","population":1894.5,"households":1218.0,"poverty_rate":0.15188834154351397,"senior_rate":0.17313275270519926,"single_parent_rate":0.060755336617405585,"social_housing_rate":0.053366174055829226,"imputed":false,"vulnerability":20.5}},{"type":"Feature","geometry":{"type":"Polygon","coordinates":[[[2.349597,48.8936],[2.349319,48.895388],[2.346605,48.895201],[2.346882,48.893413],[2.349597,48.8936]]]},"properties":{"id":"CRS3035RES200mN2893600E3760800","population":1895.5,"households":1003.0,"poverty_rate":0.1864406779661017,"senior_rate":0.1487734107095753,"single_parent_rate":0.09970089730807577,"social_housing_rate":0.09471585244267199,"imputed":false,"vulnerability":23.2}},{"type":"Feature","geometry":{"type":"Polygon","coordinates":[[[2.352311,48.893787],[2.352034,48.895574],[2.349319,48.895388],[2.349597,48.8936],[2.352311,48.893787]]]},"properties":{"id":"CRS3035RES200mN2893600E3761000","population":1399.5,"households":797.0,"poverty_rate":0.1794228356336261,"senior_rate":0.1850660950339407,"single_parent_rate":0.10163111668757842,"social_housing_rate":0.19824341279799249,"imputed":false,"vulnerability":26.5}},{"type":"Feature","geometry":{"type":"Polygon","coordinates":[[[2.355026,48.893973],[2.354749,48.895761],[2.352034,48.895574],[2.352311,48.893787],[2.355026,48.893973]]]},"properties":{"id":"CRS3035RES200mN2893600E3761200","population":1185.0,"households":510.0,"poverty_rate":0.2803921568627451,"senior_rate":0.19071729957805908,"single_parent_rate":0.1568627450980392,"social_housing_rate":0.7941176470588235,"imputed":false,"vulnerability":43.2}},{"type":"Feature","geometry":{"type":"Polygon","coordinates":[[[2.360456,48.894346],[2.360179,48.896134],[2.357464,48.895947],[2.357741,48.894159],[2.360456,48.894346]]]},"properties":{"id":"CRS3035RES200mN2893600E3761600","population":508.0,"households":214.0,"poverty_rate":0.16355140186915887,"senior_rate":0.1515748031496063,"single_parent_rate":0.19158878504672897,"social_housing_rate":0.43457943925233644,"imputed":false,"vulnerability":31.3}},{"type":"Feature","geometry":{"type":"Polygon","coordinates":[[[2.36317,48.894532],[2.362894,48.89632],[2.360179,48.896134],[2.360456,48.894346],[2.36317,48.894532]]]},"properties":{"id":"CRS3035RES200mN2893600E3761800","population":1995.5,"households":855.0,"poverty_rate":0.2046783625730994,"senior_rate":0.1713856176396893,"single_parent_rate":0.12748538011695906,"social_housing_rate":0.38596491228070173,"imputed":false,"vulnerability":31.0}},{"type":"Feature","geometry":{"type":"Polygon","coordinates":[[[2.365885,48.894718],[2.365609,48.896506],[2.362894,48.89632],[2.36317,48.894532],[2.365885,48.894718]]]},"properties":{"id":"CRS3035RES200mN2893600E3762000","population":965.5,"households":326.0,"poverty_rate":0.25766871165644173,"senior_rate":0.13153806317969963,"single_parent_rate":0.15644171779141106,"social_housing_rate":1.0,"imputed":false,"vulnerability":41.9}},{"type":"Feature","geometry":{"type":"Polygon","coordinates":[[[2.3686,48.894904],[2.368324,48.896692],[2.365609,48.896506],[2.365885,48.894718],[2.3686,48.894904]]]},"properties":{"id":"CRS3035RES200mN2893600E3762200","population":14.0,"households":4.7,"poverty_rate":0.3191489361702127,"senior_rate":0.20714285714285713,"single_parent_rate":0.2127659574468085,"social_housing_rate":0.9148936170212765,"imputed":true,"vulnerability":50.3}},{"type":"Feature","geometry":{"type":"Polygon","coordinates":[[[2.37403,48.895276],[2.373753,48.897064],[2.371038,48.896878],[2.371315,48.89509],[2.37403,48.895276]]]},"properties":{"id":"CRS3035RES200mN2893600E3762600","population":113.0,"households":93.0,"poverty_rate":0.24731182795698925,"senior_rate":0.0,"single_parent_rate":0.08602150537634409,"social_housing_rate":0.989247311827957,"imputed":false,"vulnerability":30.9}},{"type":"Feature","geometry":{"type":"Polygon","coordinates":[[[2.376745,48.895462],[2.376468,48.89725],[2.373753,48.897064],[2.37403,48.895276],[2.376745,48.895462]]]},"properties":{"id":"CRS3035RES200mN2893600E3762800","population":1349.0,"households":584.0,"poverty_rate":0.285958904109589,"senior_rate":0.24166048925129727,"single_parent_rate":0.17294520547945205,"social_housing_rate":1.0,"imputed":false,"vulnerability":50.1}},{"type":"Feature","geometry":{"type":"Polygon","coordinates":[[[2.382174,48.895834],[2.381898,48.897622],[2.379183,48.897436],[2.37946,48.895648],[2.382174,48.895834]]]},"properties":{"id":"CRS3035RES200mN2893600E3763200","population":14.0,"households":5.9,"poverty_rate":0.15254237288135591,"senior_rate":0.07142857142857142,"single_parent_rate":0.1864406779661017,"social_housing_rate":0.6949152542372881,"imputed":true,"vulnerability":30.0}},{"type":"Feature","geometry":{"type":"Polygon","coordinates":[[[2.384889,48.89602],[2.384613,48.897808],[2.381898,48.897622],[2.382174,48.895834],[2.384889,48.89602]]]},"properties":{"id":"CRS3035RES200mN2893600E3763400","population":231.5,"households":131.0,"poverty_rate":0.24427480916030533,"senior_rate":0.22462203023758098,"single_parent_rate":0.06870229007633588,"social_housing_rate":0.3511450381679389,"imputed":false,"vulnerability":32.8}},{"type":"Feature","geometry":{"type":"Polygon","coordinates":[[[2.387604,48.896206],[2.387329,48.897994],[2.384613,48.897808],[2.384889,48.89602],[2.387604,48.896206]]]},"properties":{"id":"CRS3035RES200mN2893600E3763600","population":531.5,"households":255.0,"poverty_rate":0.2,"senior_rate":0.08842897460018814,"single_parent_rate":0.12156862745098039,"social_housing_rate":0.6705882352941176,"imputed":false,"vulnerability":30.2}},{"type":"Feature","geometry":{"type":"Polygon","coordinates":[[[2.398464,48.896948],[2.398189,48.898736],[2.395474,48.89855],[2.395749,48.896762],[2.398464,48.896948]]]},"properties":{"id":"CRS3035RES200mN2893600E3764400","population":47.0,"households":22.0,"poverty_rate":0.18181818181818182,"senior_rate":0.0,"single_parent_rate":0.09090909090909091,"social_housing_rate":0.0,"imputed":false,"vulnerability":13.0}},{"type":"Feature","geometry":{"type":"Polygon","coordinates":[[[2.300456,48.892019],[2.300177,48.893806],[2.297462,48.893619],[2.297741,48.891831],[2.300456,48.892019]]]},"properties":{"id":"CRS3035RES200mN2893800E3757200","population":1759.0,"households":833.0,"poverty_rate":0.15846338535414164,"senior_rate":0.31949971574758385,"single_parent_rate":0.15366146458583432,"social_housing_rate":0.7262905162064826,"imputed":false,"vulnerability":43.0}},{"type":"Feature","geometry":{"type":"Polygon","coordinates":[[[2.30317,48.892206],[2.302891,48.893994],[2.300177,48.893806],[2.300456,48.892019],[2.30317,48.892206]]]},"properties":{"id":"CRS3035RES200mN2893800E3757400","population":1723.0,"households":575.0,"poverty_rate":0.43478260869565216,"senior_rate":0.16308763784097505,"single_parent_rate":0.1617391304347826,"social_housing_rate":1.0,"imputed":false,"vulnerability":52.7}},{"type":"Feature","geometry":{"type":"Polygon","coordinates":[[[2.305885,48.892394],[2.305606,48.894182],[2.302891,48.893994],[2.30317,48.892206],[2.305885,48.892394]]]},"properties":{"id":"CRS3035RES200mN2893800E3757600","population":517.0,"households":171.0,"poverty_rate":0.25146198830409355,"senior_rate":0.10638297872340426,"single_parent_rate":0.19298245614035087,"social_housing_rate":0.695906432748538,"imputed":false,"vulnerability":37.2}},{"type":"Feature","geometry":{"type":"Polygon","coordinates":[[[2.314028,48.892957],[2.31375,48.894744],[2.311035,48.894557],[2.311314,48.892769],[2.314028,48.892957]]]},"properties":{"id":"CRS3035RES200mN2893800E3758200","population":1112.0,"households":416.0,"poverty_rate":0.1346153846153846,"senior_rate":0.06654676258992806,"single_parent_rate":0.1201923076923077,"social_housing_rate":0.6947115384615384,"imputed":false,"vulnerability":26.0}},{"type":"Feature","geometry":{"type":"Polygon","coordinates":[[[2.316743,48.893144],[2.316465,48.894932],[2.31375,48.894744],[2.314028,48.892957],[2.316743,48.893144]]]},"properties":{"id":"CRS3035RES200mN2893800E3758400","population":2043.0,"households":799.0,"poverty_rate":0.18773466833541927,"senior_rate":0.13803230543318648,"single_parent_rate":0.1376720901126408,"social_housing_rate":0.6946182728410513,"imputed":false,"vulnerability":33.4}},{"type":"Feature","geometry":{"type":"Polygon","coordinates":[[[2.319458,48.893331],[2.319179,48.895119],[2.316465,48.894932],[2.316743,48.893144],[2.319458,48.893331]]]},"properties":{"id":"CRS3035RES200mN2893800E3758600","population":1165.5,"households":663.0,"poverty_rate":0.21266968325791855,"senior_rate":0.18275418275418276,"single_parent_rate":0.09803921568627451,"social_housing_rate":0.5113122171945701,"imputed":false,"vulnerability":32.6}},{"type":"Feature","geometry":{"type":"Polygon","coordinates":[[[2.322172,48.893519],[2.321894,48.895306],[2.319179,48.895119],[2.319458,48.893331],[2.322172,48.893519]]]},"properties":{"id":"CRS3035RES200mN2893800E3758800","population":1740.5,"households":1009.0,"poverty_rate":0.17046580773042616,"senior_rate":0.13444412525136454,"single_parent_rate":0.0802775024777007,"social_housing_rate":0.1159563924677899,"imputed":false,"vulnerability":21.1}},{"type":"Feature","geometry":{"type":"Polygon","coordinates":[[[2.324887,48.893706],[2.324609,48.895494],[2.321894,48.895306],[2.322172,48.893519],[2.324887,48.893706]]]},"properties":{"id":"CRS3035RES200mN2893800E3759000","population":2072.0,"households":1172.0,"poverty_rate":0.14505119453924914,"senior_rate":0.16312741312741313,"single_parent_rate":0.07167235494880546,"social_housing_rate":0.15784982935153583,"imputed":false,"vulnerability":21.7}},{"type":"Feature","geometry":{"type":"Polygon","coordinates":[[[2.327602,48.893893],[2.327324,48.895681],[2.324609,48.895494],[2.324887,48.893706],[2.327602,48.893893]]]},"properties":{"id":"CRS3035RES200mN2893800E3759200","population":1398.0,"households":719.0,"poverty_rate":0.1043115438108484,"senior_rate":0.2017167381974249,"single_parent_rate":0.0737134909596662,"social_housing_rate":0.07927677329624479,"imputed":false,"vulnerability":20.7}},{"type":"Feature","geometry":{"type":"Polygon","coordinates":[[[2.330316,48.89408],[2.330038,48.895868],[2.327324,48.895681],[2.327602,48.893893],[2.330316,48.89408]]]},"properties":{"id":"CRS3035RES200mN2893800E3759400","population":1762.0,"households":982.0,"poverty_rate":0.15071283095723015,"senior_rate":0.17593643586833144,"single_parent_rate":0.09063136456211812,"social_housing_rate":0.24439918533604887,"imputed":false,"vulnerability":24.8}},{"type":"Feature","geometry":{"type":"Polygon","coordinates":[[[2.333031,48.894267],[2.332753,48.896055],[2.330038,48.895868],[2.330316,48.89408],[2.333031,48.894267]]]},"properties":{"id":"CRS3035RES200mN2893800E3759600","population":1622.0,"households":761.0,"poverty_rate":0.1773981603153745,"senior_rate":0.2281134401972873,"single_parent_rate":0.11038107752956636,"social_housing_rate":0.5308804204993429,"imputed":false,"vulnerability":34.2}},{"type":"Feature","geometry":{"type":"Polygon","coordinates":[[[2.335746,48.894454],[2.335468,48.896242],[2.332753,48.896055],[2.333031,48.894267],[2.335746,48.894454]]]},"properties":{"id":"CRS3035RES200mN2893800E3759800","population":619.5,"households":363.0,"poverty_rate":0.17355371900826447,"senior_rate":0.25181598062953997,"single_parent_rate":0.0881542699724518,"social_housing_rate":0.2534435261707989,"imputed":false,"vulnerability":30.1}},{"type":"Feature","geometry":{"type":"Polygon","coordinates":[[[2.33846,48.894641],[2.338183,48.896429],[2.335468,48.896242],[2.335746,48.894454],[2.33846,48.894641]]]},"properties":{"id":"CRS3035RES200mN2893800E3760000","population":1734.5,"households":1000.0,"poverty_rate":0.107,"senior_rate":0.20870567886999136,"single_parent_rate":0.068,"social_housing_rate":0.03,"imputed":false,"vulnerability":20.2}},{"type":"Feature","geometry":{"type":"Polygon","coordinates":[[[2.341175,48.894828],[2.340898,48.896616],[2.338183,48.896429],[2.33846,48.894641],[2.341175,48.894828]]]},"properties":{"id":"CRS3035RES200mN2893800E3760200","population":1177.5,"households":748.0,"poverty_rate":0.1497326203208556,"senior_rate":0.1494692144373673,"single_parent_rate":0.06283422459893048,"social_housing_rate":0.07620320855614973,"imputed":false,"vulnerability":19.6}},{"type":"Feature","geometry":{"type":"Polygon","coordinates":[[[2.34389,48.895015],[2.343612,48.896802],[2.340898,48.896616],[2.341175,48.894828],[2.34389,48.895015]]]},"properties":{"id":"CRS3035RES200mN2893800E3760400","population":1853.5,"households":1001.0,"poverty_rate":0.2757242757242757,"senior_rate":0.1834367413002428,"single_parent_rate":0.12087912087912088,"social_housing_rate":0.44555444555444557,"imputed":false,"vulnerability":35.8}},{"type":"Feature","geometry":{"type":"Polygon","coordinates":[[[2.346605,48.895201],[2.346327,48.896989],[2.343612,48.896802],[2.34389,48.895015],[2.346605,48.895201]]]},"properties":{"id":"CRS3035RES200mN2893800E3760600","population":1463.5,"households":855.0,"poverty_rate":0.1543859649122807,"senior_rate":0.14622480355312606,"single_parent_rate":0.07134502923976609,"social_housing_rate":0.07602339181286549,"imputed":false,"vulnerability":20.0}},{"type":"Feature","geometry":{"type":"Polygon","coordinates":[[[2.349319,48.895388],[2.349042,48.897176],[2.346327,48.896989],[2.346605,48.895201],[2.349319,48.895388]]]},"properties":{"id":"CRS3035RES200mN2893800E3760800","population":942.0,"households":528.0,"poverty_rate":0.22727272727272727,"senior_rate":0.11571125265392782,"single_parent_rate":0.09848484848484848,"social_housing_rate":0.10227272727272728,"imputed":false,"vulnerability":23.5}},{"type":"Feature","geometry":{"type":"Polygon","coordinates":[[[2.352034,48.895574],[2.351757,48.897362],[2.349042,48.897176],[2.349319,48.895388],[2.352034,48.895574]]]},"properties":{"id":"CRS3035RES200mN2893800E3761000","population":56.0,"households":39.0,"poverty_rate":0.20512820512820512,"senior_rate":0.125,"single_parent_rate":0.02564102564102564,"social_housing_rate":0.0,"imputed":false,"vulnerability":18.2}},{"type":"Feature","geometry":{"type":"Polygon","coordinates":[[[2.354749,48.895761],[2.354472,48.897549],[2.351757,48.897362],[2.352034,48.895574],[2.354749,48.895761]]]},"properties":{"id":"CRS3035RES200mN2893800E3761200","population":27.5,"households":13.0,"poverty_rate":0.0,"senior_rate":0.14545454545454545,"single_parent_rate":0.23076923076923078,"social_housing_rate":0.15384615384615385,"imputed":false,"vulnerability":20.3}},{"type":"Feature","geometry":{"type":"Polygon","coordinates":[[[2.357464,48.895947],[2.357187,48.897735],[2.354472,48.897549],[2.354749,48.895761],[2.357464,48.895947]]]},"properties":{"id":"CRS3035RES200mN2893800E3761400","population":131.0,"households":77.0,"poverty_rate":0.05194805194805195,"senior_rate":0.030534351145038167,"single_parent_rate":0.0,"social_housing_rate":0.0,"imputed":false,"vulnerability":4.3}},{"type":"Feature","geometry":{"type":"Polygon","coordinates":[[[2.360179,48.896134],[2.359902,48.897922],[2.357187,48.897735],[2.357464,48.895947],[2.360179,48.896134]]]},"properties":{"id":"CRS3035RES200mN2893800E3761600","population":921.5,"households":355.0,"poverty_rate":0.3126760563380282,"senior_rate":0.13239283776451438,"single_parent_rate":0.14647887323943662,"social_housing_rate":0.5859154929577465,"imputed":false,"vulnerability":38.0}},{"type":"Feature","geometry":{"type":"Polygon","coordinates":[[[2.362894,48.89632],[2.362617,48.898108],[2.359902,48.897922],[2.360179,48.896134],[2.362894,48.89632]]]},"properties":{"id":"CRS3035RES200mN2893800E3761800","population":1197.5,"households":462.0,"poverty_rate":0.2813852813852814,"senior_rate":0.1778705636743215,"single_parent_rate":0.13636363636363635,"social_housing_rate":0.4805194805194805,"imputed":false,"vulnerability":37.0}},{"type":"Feature","geometry":{"type":"Polygon","coordinates":[[[2.379183,48.897436],[2.378907,48.899224],[2.376192,48.899038],[2.376468,48.89725],[2.379183,48.897436]]]},"properties":{"id":"CRS3035RES200mN2893800E3763000","population":1791.5,"households":693.0,"poverty_rate":0.18326118326118326,"senior_rate":0.029025955902874687,"single_parent_rate":0.15007215007215008,"social_housing_rate":0.7893217893217893,"imputed":false,"vulnerability":29.1}},{"type":"Feature","geometry":{"type":"Polygon","coordinates":[[[2.381898,48.897622],[2.381622,48.89941],[2.378907,48.899224],[2.379183,48.897436],[2.381898,48.897622]]]},"properties":{"id":"CRS3035RES200mN2893800E3763200","population":190.0,"households":79.9,"poverty_rate":0.16145181476846057,"senior_rate":0.07263157894736842,"single_parent_rate":0.19524405506883602,"social_housing_rate":0.7008760951188986,"imputed":true,"vulnerability":31.0}},{"type":"Feature","geometry":{"type":"Polygon","coordinates":[[[2.384613,48.897808],[2.384338,48.899596],[2.381622,48.89941],[2.381898,48.897622],[2.384613,48.897808]]]},"properties":{"id":"CRS3035RES200mN2893800E3763400","population":634.5,"households":256.0,"poverty_rate":0.22265625,"senior_rate":0.09298660362490149,"single_parent_rate":0.1171875,"social_housing_rate":0.99609375,"imputed":false,"vulnerability":36.3}},{"type":"Feature","geometry":{"type":"Polygon","coordinates":[[[2.387329,48.897994],[2.387053,48.899781],[2.384338,48.899596],[2.384613,48.897808],[2.387329,48.897994]]]},"properties":{"id":"CRS3035RES200mN2893800E3763600","population":273.5,"households":112.0,"poverty_rate":0.21428571428571427,"senior_rate":0.10968921389396709,"single_parent_rate":0.07142857142857142,"social_housing_rate":0.6160714285714286,"imputed":false,"vulnerability":29.1}},{"type":"Feature","geometry":{"type":"Polygon","coordinates":[[[2.392759,48.898365],[2.392483,48.900153],[2.389768,48.899967],[2.390044,48.898179],[2.392759,48.898365]]]},"properties":{"id":"CRS3035RES200mN2893800E3764000","population":17.0,"households":9.3,"poverty_rate":0.3333333333333333,"senior_rate":0.14117647058823532,"single_parent_rate":0.08602150537634408,"social_housing_rate":0.8279569892473118,"imputed":true,"vulnerability":40.6}},{"type":"Feature","geometry":{"type":"Polygon","coordinates":[[[2.395474,48.89855],[2.395198,48.900338],[2.392483,48.900153],[2.392759,48.898365],[2.395474,48.89855]]]},"properties":{"id":"CRS3035RES200mN2893800E3764200","population":717.5,"households":363.0,"poverty_rate":0.512396694214876,"senior_rate":0.20766550522648083,"single_parent_rate":0.11294765840220386,"social_housing_rate":0.6446280991735537,"imputed":false,"vulnerability":51.6}},{"type":"Feature","geometry":{"type":"Polygon","coordinates":[[[2.305606,48.894182],[2.305327,48.895969],[2.302613,48.895782],[2.302891,48.893994],[2.305606,48.894182]]]},"properties":{"id":"CRS3035RES200mN2894000E3757600","population":46.0,"households":16.9,"poverty_rate":0.18934911242603553,"senior_rate":0.10434782608695654,"single_parent_rate":0.28402366863905326,"social_housing_rate":0.8106508875739645,"imputed":true,"vulnerability":39.6}},{"type":"Feature","geometry":{"type":"Polygon","coordinates":[[[2.308321,48.894369],[2.308042,48.896157],[2.305327,48.895969],[2.305606,48.894182],[2.308321,48.894369]]]},"properties":{"id":"CRS3035RES200mN2894000E3757800","population":642.5,"households":300.0,"poverty_rate":0.11666666666666667,"senior_rate":0.22568093385214008,"single_parent_rate":0.1,"social_housing_rate":0.0,"imputed":false,"vulnerability":22.6}},{"type":"Feature","geometry":{"type":"Polygon","coordinates":[[[2.316465,48.894932],[2.316186,48.89672],[2.313471,48.896532],[2.31375,48.894744],[2.316465,48.894932]]]},"properties":{"id":"CRS3035RES200mN2894000E3758400","population":157.0,"households":82.5,"poverty_rate":0.19272727272727272,"senior_rate":0.21528662420382164,"single_parent_rate":0.14424242424242426,"social_housing_rate":0.5054545454545455,"imputed":true,"vulnerability":35.3}},{"type":"Feature","geometry":{"type":"Polygon","coordinates":[[[2.319179,48.895119],[2.318901,48.896907],[2.316186,48.89672],[2.316465,48.894932],[2.319179,48.895119]]]},"properties":{"id":"CRS3035RES200mN2894000E3758600","population":768.0,"households":427.0,"poverty_rate":0.18969555035128804,"senior_rate":0.1171875,"single_parent_rate":0.0585480093676815,"social_housing_rate":0.1053864168618267,"imputed":false,"vulnerability":20.0}},{"type":"Feature","geometry":{"type":"Polygon","coordinates":[[[2.321894,48.895306],[2.321616,48.897094],[2.318901,48.896907],[2.319179,48.895119],[2.321894,48.895306]]]},"properties":{"id":"CRS3035RES200mN2894000E3758800","population":1256.0,"households":594.0,"poverty_rate":0.2558922558922559,"senior_rate":0.214171974522293,"single_parent_rate":0.1632996632996633,"social_housing_rate":0.7474747474747475,"imputed":false,"vulnerability":42.8}},{"type":"Feature","geometry":{"type":"Polygon","coordinates":[[[2.324609,48.895494],[2.324331,48.897281],[2.321616,48.897094],[2.321894,48.895306],[2.324609,48.895494]]]},"properties":{"id":"CRS3035RES200mN2894000E3759000","population":1440.5,"households":814.0,"poverty_rate":0.14250614250614252,"senior_rate":0.15133634154807357,"single_parent_rate":0.08108108108108109,"social_housing_rate":0.12653562653562653,"imputed":false,"vulnerability":20.9}},{"type":"Feature","geometry":{"type":"Polygon","coordinates":[[[2.327324,48.895681],[2.327046,48.897469],[2.324331,48.897281],[2.324609,48.895494],[2.327324,48.895681]]]},"properties":{"id":"CRS3035RES200mN2894000E3759200","population":1326.0,"households":645.0,"poverty_rate":0.22945736434108527,"senior_rate":0.1975867269984917,"single_parent_rate":0.14728682170542637,"social_housing_rate":0.4108527131782946,"imputed":false,"vulnerability":34.9}},{"type":"Feature","geometry":{"type":"Polygon","coordinates":[[[2.330038,48.895868],[2.32976,48.897656],[2.327046,48.897469],[2.327324,48.895681],[2.330038,48.895868]]]},"properties":{"id":"CRS3035RES200mN2894000E3759400","population":1742.0,"households":941.0,"poverty_rate":0.2199787460148778,"senior_rate":0.17853042479908152,"single_parent_rate":0.10414452709883103,"social_housing_rate":0.32624867162592985,"imputed":false,"vulnerability":30.2}},{"type":"Feature","geometry":{"type":"Polygon","coordinates":[[[2.332753,48.896055],[2.332475,48.897843],[2.32976,48.897656],[2.330038,48.895868],[2.332753,48.896055]]]},"properties":{"id":"CRS3035RES200mN2894000E3759600","population":1690.0,"households":760.0,"poverty_rate":0.17105263157894737,"senior_rate":0.15621301775147928,"single_parent_rate":0.1723684210526316,"social_housing_rate":0.3368421052631579,"imputed":false,"vulnerability":29.6}},{"type":"Feature","geometry":{"type":"Polygon","coordinates":[[[2.335468,48.896242],[2.33519,48.89803],[2.332475,48.897843],[2.332753,48.896055],[2.335468,48.896242]]]},"properties":{"id":"CRS3035RES200mN2894000E3759800","population":1397.0,"households":639.0,"poverty_rate":0.24100156494522693,"senior_rate":0.13457408732999285,"single_parent_rate":0.14397496087636932,"social_housing_rate":0.4460093896713615,"imputed":false,"vulnerability":32.4}},{"type":"Feature","geometry":{"type":"Polygon","coordinates":[[[2.338183,48.896429],[2.337905,48.898217],[2.33519,48.89803],[2.335468,48.896242],[2.338183,48.896429]]]},"properties":{"id":"CRS3035RES200mN2894000E3760000","population":1265.5,"households":555.0,"poverty_rate":0.20540540540540542,"senior_rate":0.19280916633741604,"single_parent_rate":0.12792792792792793,"social_housing_rate":0.4306306306306306,"imputed":false,"vulnerability":32.9}},{"type":"Feature","geometry":{"type":"Polygon","coordinates":[[[2.340898,48.896616],[2.34062,48.898403],[2.337905,48.898217],[2.338183,48.896429],[2.340898,48.896616]]]},"properties":{"id":"CRS3035RES200mN2894000E3760200","population":2058.0,"households":1151.0,"poverty_rate":0.21025195482189402,"senior_rate":0.1360544217687075,"single_parent_rate":0.0999131190269331,"social_housing_rate":0.21198957428323198,"imputed":false,"vulnerability":25.5}},{"type":"Feature","geometry":{"type":"Polygon","coordinates":[[[2.343612,48.896802],[2.343335,48.89859],[2.34062,48.898403],[2.340898,48.896616],[2.343612,48.896802]]]},"properties":{"id":"CRS3035RES200mN2894000E3760400","population":794.0,"households":440.0,"poverty_rate":0.1431818181818182,"senior_rate":0.16624685138539042,"single_parent_rate":0.07272727272727272,"social_housing_rate":0.21136363636363636,"imputed":false,"vulnerability":22.6}},{"type":"Feature","geometry":{"type":"Polygon","coordinates":[[[2.346327,48.896989],[2.34605,48.898777],[2.343335,48.89859],[2.343612,48.896802],[2.346327,48.896989]]]},"properties":{"id":"CRS3035RES200mN2894000E3760600","population":683.0,"households":364.0,"poverty_rate":0.20604395604395603,"senior_rate":0.16471449487554904,"single_parent_rate":0.07142857142857142,"social_housing_rate":0.03021978021978022,"imputed":false,"vulnerability":22.9}},{"type":"Feature","geometry":{"type":"Polygon","coordinates":[[[2.349042,48.897176],[2.348765,48.898964],[2.34605,48.898777],[2.346327,48.896989],[2.349042,48.897176]]]},"properties":{"id":"CRS3035RES200mN2894000E3760800","population":412.0,"households":254.0,"poverty_rate":0.14173228346456693,"senior_rate":0.1407766990291262,"single_parent_rate":0.06299212598425197,"social_housing_rate":0.01968503937007874,"imputed":false,"vulnerability":17.8}},{"type":"Feature","geometry":{"type":"Polygon","coordinates":[[[2.354472,48.897549],[2.354195,48.899337],[2.35148,48.89915],[2.351757,48.897362],[2.354472,48.897549]]]},"properties":{"id":"CRS3035RES200mN2894000E3761200","population":672.0,"households":227.0,"poverty_rate":0.29955947136563876,"senior_rate":0.15773809523809523,"single_parent_rate":0.2026431718061674,"social_housing_rate":1.0,"imputed":false,"vulnerability":47.4}},{"type":"Feature","geometry":{"type":"Polygon","coordinates":[[[2.357187,48.897735],[2.35691,48.899523],[2.354195,48.899337],[2.354472,48.897549],[2.357187,48.897735]]]},"properties":{"id":"CRS3035RES200mN2894000E3761400","population":148.5,"households":49.0,"poverty_rate":0.32653061224489793,"senior_rate":0.013468013468013467,"single_parent_rate":0.3469387755102041,"social_housing_rate":1.0,"imputed":false,"vulnerability":47.1}},{"type":"Feature","geometry":{"type":"Polygon","coordinates":[[[2.359902,48.897922],[2.359625,48.899709],[2.35691,48.899523],[2.357187,48.897735],[2.359902,48.897922]]]},"properties":{"id":"CRS3035RES200mN2894000E3761600","population":431.0,"households":133.0,"poverty_rate":0.2631578947368421,"senior_rate":0.14617169373549885,"single_parent_rate":0.15789473684210525,"social_housing_rate":1.0,"imputed":false,"vulnerability":43.0}},{"type":"Feature","geometry":{"type":"Polygon","coordinates":[[[2.365332,48.898294],[2.365055,48.900082],[2.36234,48.899896],[2.362617,48.898108],[2.365332,48.898294]]]},"properties":{"id":"CRS3035RES200mN2894000E3762000","population":236.5,"households":94.0,"poverty_rate":0.3617021276595745,"senior_rate":0.23678646934460887,"single_parent_rate":0.13829787234042554,"social_housing_rate":1.0,"imputed":false,"vulnerability":52.1}},{"type":"Feature","geometry":{"type":"Polygon","coordinates":[[[2.368047,48.89848],[2.36777,48.900268],[2.365055,48.900082],[2.365332,48.898294],[2.368047,48.89848]]]},"properties":{"id":"CRS3035RES200mN2894000E3762200","population":746.5,"households":307.0,"poverty_rate":0.38762214983713356,"senior_rate":0.23442732752846618,"single_parent_rate":0.17263843648208468,"social_housing_rate":0.993485342019544,"imputed":false,"vulnerability":54.6}},{"type":"Feature","geometry":{"type":"Polygon","coordinates":[[[2.370762,48.898666],[2.370486,48.900454],[2.36777,48.900268],[2.368047,48.89848],[2.370762,48.898666]]]},"properties":{"id":"CRS3035RES200mN2894000E3762400","population":1450.0,"households":637.0,"poverty_rate":0.33437990580847726,"senior_rate":0.2296551724137931,"single_parent_rate":0.17425431711145997,"social_housing_rate":0.9937205651491365,"imputed":false,"vulnerability":51.8}},{"type":"Feature","geometry":{"type":"Polygon","coordinates":[[[2.373477,48.898852],[2.373201,48.90064],[2.370486,48.900454],[2.370762,48.898666],[2.373477,48.898852]]]},"properties":{"id":"CRS3035RES200mN2894000E3762600","population":1466.5,"households":414.0,"poverty_rate":0.34541062801932365,"senior_rate":0.10433003750426184,"single_parent_rate":0.1642512077294686,"social_housing_rate":1.0,"imputed":false,"vulnerability":45.1}},{"type":"Feature","geometry":{"type":"Polygon","coordinates":[[[2.378907,48.899224],[2.378631,48.901012],[2.375916,48.900826],[2.376192,48.899038],[2.378907,48.899224]]]},"properties":{"id":"CRS3035RES200mN2894000E3763000","population":364.0,"households":134.0,"poverty_rate":0.20149253731343283,"senior_rate":0.054945054945054944,"single_parent_rate":0.13432835820895522,"social_housing_rate":0.44776119402985076,"imputed":false,"vulnerability":25.6}},{"type":"Feature","geometry":{"type":"Polygon","coordinates":[[[2.381622,48.89941],[2.381346,48.901198],[2.378631,48.901012],[2.378907,48.899224],[2.381622,48.89941]]]},"properties":{"id":"CRS3035RES200mN2894000E3763200","population":39.5,"households":18.2,"poverty_rate":0.10989010989010989,"senior_rate":0.01772151898734177,"single_parent_rate":0.18681318681318682,"social_housing_rate":0.0,"imputed":true,"vulnerability":14.5}},{"type":"Feature","geometry":{"type":"Polygon","coordinates":[[[2.389768,48.899967],[2.389492,48.901755],[2.386777,48.901569],[2.387053,48.899781],[2.389768,48.899967]]]},"properties":{"id":"CRS3035RES200mN2894000E3763800","population":329.5,"households":166.0,"poverty_rate":0.4457831325301205,"senior_rate":0.042488619119878605,"single_parent_rate":0.12048192771084337,"social_housing_rate":0.0,"imputed":false,"vulnerability":29.8}},{"type":"Feature","geometry":{"type":"Polygon","coordinates":[[[2.392483,48.900153],[2.392207,48.901941],[2.389492,48.901755],[2.389768,48.899967],[2.392483,48.900153]]]},"properties":{"id":"CRS3035RES200mN2894000E3764000","population":567.5,"households":260.0,"poverty_rate":0.4076923076923077,"senior_rate":0.10220264317180616,"single_parent_rate":0.1423076923076923,"social_housing_rate":0.17307692307692307,"imputed":false,"vulnerability":34.8}},{"type":"Feature","geometry":{"type":"Polygon","coordinates":[[[2.310757,48.896345],[2.310478,48.898132],[2.307763,48.897945],[2.308042,48.896157],[2.310757,48.896345]]]},"properties":{"id":"CRS3035RES200mN2894200E3758000","population":1040.5,"households":482.0,"poverty_rate":0.26141078838174275,"senior_rate":0.15569437770302738,"single_parent_rate":0.12240663900414937,"social_housing_rate":0.24688796680497926,"imputed":false,"vulnerability":30.6}},{"type":"Feature","geometry":{"type":"Polygon","coordinates":[[[2.313471,48.896532],[2.313193,48.89832],[2.310478,48.898132],[2.310757,48.896345],[2.313471,48.896532]]]},"properties":{"id":"CRS3035RES200mN2894200E3758200","population":581.5,"households":191.0,"poverty_rate":0.5602094240837696,"senior_rate":0.12209802235597593,"single_parent_rate":0.07853403141361257,"social_housing_rate":0.7172774869109948,"imputed":false,"vulnerability":48.9}},{"type":"Feature","geometry":{"type":"Polygon","coordinates":[[[2.316186,48.89672],[2.315908,48.898507],[2.313193,48.89832],[2.313471,48.896532],[2.316186,48.89672]]]},"properties":{"id":"CRS3035RES200mN2894200E3758400","population":1.0,"households":0.5,"poverty_rate":0.2,"senior_rate":0.2,"single_parent_rate":0.2,"social_housing_rate":0.6,"imputed":true,"vulnerability":38.6}},{"type":"Feature","geometry":{"type":"Polygon","coordinates":[[[2.318901,48.896907],[2.318623,48.898695],[2.315908,48.898507],[2.316186,48.89672],[2.318901,48.896907]]]},"properties":{"id":"CRS3035RES200mN2894200E3758600","population":289.5,"households":112.0,"poverty_rate":0.22321428571428573,"senior_rate":0.037996545768566495,"single_parent_rate":0.19642857142857142,"social_housing_rate":0.5982142857142857,"imputed":false,"vulnerability":30.7}},{"type":"Feature","geometry":{"type":"Polygon","coordinates":[[[2.321616,48.897094],[2.321338,48.898882],[2.318623,48.898695],[2.318901,48.896907],[2.321616,48.897094]]]},"properties":{"id":"CRS3035RES200mN2894200E3758800","population":533.5,"households":227.0,"poverty_rate":0.3392070484581498,"senior_rate":0.204311152764761,"single_parent_rate":0.16740088105726872,"social_housing_rate":0.9823788546255506,"imputed":false,"vulnerability":50.2}},{"type":"Feature","geometry":{"type":"Polygon","coordinates":[[[2.324331,48.897281],[2.324053,48.899069],[2.321338,48.898882],[2.321616,48.897094],[2.324331,48.897281]]]},"properties":{"id":"CRS3035RES200mN2894200E3759000","population":152.5,"households":75.0,"poverty_rate":0.04,"senior_rate":0.03934426229508197,"single_parent_rate":0.12,"social_housing_rate":0.6933333333333334,"imputed":false,"vulnerability":19.8}},{"type":"Feature","geometry":{"type":"Polygon","coordinates":[[[2.327046,48.897469],[2.326767,48.899256],[2.324053,48.899069],[2.324331,48.897281],[2.327046,48.897469]]]},"properties":{"id":"CRS3035RES200mN2894200E3759200","population":1473.5,"households":735.0,"poverty_rate":0.33877551020408164,"senior_rate":0.22395656599932134,"single_parent_rate":0.22448979591836735,"social_housing_rate":1.0,"imputed":false,"vulnerability":54.0}},{"type":"Feature","geometry":{"type":"Polygon","coordinates":[[[2.32976,48.897656],[2.329482,48.899443],[2.326767,48.899256],[2.327046,48.897469],[2.32976,48.897656]]]},"properties":{"id":"CRS3035RES200mN2894200E3759400","population":910.5,"households":327.0,"poverty_rate":0.3058103975535168,"senior_rate":0.22295442064799562,"single_parent_rate":0.19571865443425077,"social_housing_rate":0.9969418960244648,"imputed":false,"vulnerability":51.0}},{"type":"Feature","geometry":{"type":"Polygon","coordinates":[[[2.332475,48.897843],[2.332197,48.899631],[2.329482,48.899443],[2.32976,48.897656],[2.332475,48.897843]]]},"properties":{"id":"CRS3035RES200mN2894200E3759600","population":321.0,"households":127.0,"poverty_rate":0.2755905511811024,"senior_rate":0.14953271028037382,"single_parent_rate":0.16535433070866143,"social_housing_rate":0.8582677165354331,"imputed":false,"vulnerability":42.0}},{"type":"Feature","geometry":{"type":"Polygon","coordinates":[[[2.33519,48.89803],[2.334912,48.899817],[2.332197,48.899631],[2.332475,48.897843],[2.33519,48.89803]]]},"properties":{"id":"CRS3035RES200mN2894200E3759800","population":547.5,"households":258.0,"poverty_rate":0.35271317829457366,"senior_rate":0.228310502283105,"single_parent_rate":0.1511627906976744,"social_housing_rate":0.9844961240310077,"imputed":false,"vulnerability":51.5}},{"type":"Feature","geometry":{"type":"Polygon","coordinates":[[[2.337905,48.898217],[2.337627,48.900004],[2.334912,48.899817],[2.33519,48.89803],[2.337905,48.898217]]]},"properties":{"id":"CRS3035RES200mN2894200E3760000","population":2134.0,"households":951.0,"poverty_rate":0.3711882229232387,"senior_rate":0.21227741330834116,"single_parent_rate":0.17560462670872765,"social_housing_rate":0.9968454258675079,"imputed":false,"vulnerability":52.8}},{"type":"Feature","geometry":{"type":"Polygon","coordinates":[[[2.34062,48.898403],[2.340342,48.900191],[2.337627,48.900004],[2.337905,48.898217],[2.34062,48.898403]]]},"properties":{"id":"CRS3035RES200mN2894200E3760200","population":1771.5,"households":725.0,"poverty_rate":0.3641379310344828,"senior_rate":0.20660457239627433,"single_parent_rate":0.20275862068965517,"social_housing_rate":1.0,"imputed":false,"vulnerability":53.3}},{"type":"Feature","geometry":{"type":"Polygon","coordinates":[[[2.343335,48.89859],[2.343058,48.900378],[2.340342,48.900191],[2.34062,48.898403],[2.343335,48.89859]]]},"properties":{"id":"CRS3035RES200mN2894200E3760400","population":1600.0,"households":708.0,"poverty_rate":0.3686440677966102,"senior_rate":0.218125,"single_parent_rate":0.18926553672316385,"social_housing_rate":0.9943502824858758,"imputed":false,"vulnerability":53.5}},{"type":"Feature","geometry":{"type":"Polygon","coordinates":[[[2.34605,48.898777],[2.345773,48.900565],[2.343058,48.900378],[2.343335,48.89859],[2.34605,48.898777]]]},"properties":{"id":"CRS3035RES200mN2894200E3760600","population":284.0,"households":85.0,"poverty_rate":0.32941176470588235,"senior_rate":0.05985915492957746,"single_parent_rate":0.17647058823529413,"social_housing_rate":1.0,"imputed":false,"vulnerability":42.4}},{"type":"Feature","geometry":{"type":"Polygon","coordinates":[[[2.348765,48.898964],[2.348488,48.900751],[2.345773,48.900565],[2.34605,48.898777],[2.348765,48.898964]]]},"properties":{"id":"CRS3035RES200mN2894200E3760800","population":515.0,"households":182.0,"poverty_rate":0.29120879120879123,"senior_rate":0.17475728155339806,"single_parent_rate":0.23076923076923078,"social_housing_rate":1.0,"imputed":false,"vulnerability":49.1}},{"type":"Feature","geometry":{"type":"Polygon","coordinates":[[[2.35148,48.89915],[2.351203,48.900938],[2.348488,48.900751],[2.348765,48.898964],[2.35148,48.89915]]]},"properties":{"id":"CRS3035RES200mN2894200E3761000","population":9.0,"households":3.5,"poverty_rate":0.4571428571428572,"senior_rate":0.06666666666666667,"single_parent_rate":0.1142857142857143,"social_housing_rate":0.0,"imputed":true,"vulnerability":31.5}},{"type":"Feature","geometry":{"type":"Polygon","coordinates":[[[2.354195,48.899337],[2.353918,48.901124],[2.351203,48.900938],[2.35148,48.89915],[2.354195,48.899337]]]},"properties":{"id":"CRS3035RES200mN2894200E3761200","population":324.0,"households":163.0,"poverty_rate":0.18404907975460122,"senior_rate":0.05246913580246913,"single_parent_rate":0.1165644171779141,"social_housing_rate":0.6319018404907976,"imputed":false,"vulnerability":26.6}},{"type":"Feature","geometry":{"type":"Polygon","coordinates":[[[2.365055,48.900082],[2.364779,48.90187],[2.362063,48.901684],[2.36234,48.899896],[2.365055,48.900082]]]},"properties":{"id":"CRS3035RES200mN2894200E3762000","population":342.0,"households":155.0,"poverty_rate":0.41935483870967744,"senior_rate":0.03508771929824561,"single_parent_rate":0.11612903225806452,"social_housing_rate":1.0,"imputed":false,"vulnerability":42.9}},{"type":"Feature","geometry":{"type":"Polygon","coordinates":[[[2.384062,48.901384],[2.383786,48.903172],[2.38107,48.902986],[2.381346,48.901198],[2.384062,48.901384]]]},"properties":{"id":"CRS3035RES200mN2894200E3763400","population":50.0,"households":29.0,"poverty_rate":0.4827586206896552,"senior_rate":0.2,"single_parent_rate":0.1724137931034483,"social_housing_rate":0.0,"imputed":false,"vulnerability":42.6}},{"type":"Feature","geometry":{"type":"Polygon","coordinates":[[[2.386777,48.901569],[2.386501,48.903357],[2.383786,48.903172],[2.384062,48.901384],[2.386777,48.901569]]]},"properties":{"id":"CRS3035RES200mN2894200E3763600","population":2458.0,"households":923.0,"poverty_rate":0.4008667388949079,"senior_rate":0.1322213181448332,"single_parent_rate":0.1105092091007584,"social_housing_rate":0.25568797399783316,"imputed":false,"vulnerability":35.9}},{"type":"Feature","geometry":{"type":"Polygon","coordinates":[[[2.389492,48.901755],[2.389216,48.903543],[2.386501,48.903357],[2.386777,48.901569],[2.389492,48.901755]]]},"properties":{"id":"CRS3035RES200mN2894200E3763800","population":1060.0,"households":457.0,"poverty_rate":0.45295404814004375,"senior_rate":0.1311320754716981,"single_parent_rate":0.17286652078774617,"social_housing_rate":0.5404814004376368,"imputed":false,"vulnerability":45.4}},{"type":"Feature","geometry":{"type":"Polygon","coordinates":[[[2.315908,48.898507],[2.315629,48.900295],[2.312914,48.900108],[2.313193,48.89832],[2.315908,48.898507]]]},"properties":{"id":"CRS3035RES200mN2894400E3758400","population":1271.0,"households":571.0,"poverty_rate":0.23467600700525393,"senior_rate":0.14162077104642015,"single_parent_rate":0.14010507880910683,"social_housing_rate":0.3257443082311734,"imputed":false,"vulnerability":30.5}},{"type":"Feature","geometry":{"type":"Polygon","coordinates":[[[2.318623,48.898695],[2.318344,48.900482],[2.315629,48.900295],[2.315908,48.898507],[2.318623,48.898695]]]},"properties":{"id":"CRS3035RES200mN2894400E3758600","population":566.0,"households":255.0,"poverty_rate":0.29411764705882354,"senior_rate":0.1607773851590106,"single_parent_rate":0.1411764705882353,"social_housing_rate":0.43137254901960786,"imputed":false,"vulnerability":36.1}},{"type":"Feature","geometry":{"type":"Polygon","coordinates":[[[2.321338,48.898882],[2.321059,48.90067],[2.318344,48.900482],[2.318623,48.898695],[2.321338,48.898882]]]},"properties":{"id":"CRS3035RES200mN2894400E3758800","population":284.5,"households":94.0,"poverty_rate":0.3723404255319149,"senior_rate":0.21441124780316345,"single_parent_rate":0.23404255319148937,"social_housing_rate":1.0,"imputed":false,"vulnerability":55.5}},{"type":"Feature","geometry":{"type":"Polygon","coordinates":[[[2.324053,48.899069],[2.323774,48.900857],[2.321059,48.90067],[2.321338,48.898882],[2.324053,48.899069]]]},"properties":{"id":"CRS3035RES200mN2894400E3759000","population":327.0,"households":117.0,"poverty_rate":0.24786324786324787,"senior_rate":0.17737003058103976,"single_parent_rate":0.1794871794871795,"social_housing_rate":1.0,"imputed":false,"vulnerability":44.9}},{"type":"Feature","geometry":{"type":"Polygon","coordinates":[[[2.326767,48.899256],[2.326489,48.901044],[2.323774,48.900857],[2.324053,48.899069],[2.326767,48.899256]]]},"properties":{"id":"CRS3035RES200mN2894400E3759200","population":6.0,"households":2.9,"poverty_rate":0.24137931034482757,"senior_rate":0.21666666666666667,"single_parent_rate":0.24137931034482757,"social_housing_rate":0.0,"imputed":true,"vulnerability":34.4}},{"type":"Feature","geometry":{"type":"Polygon","coordinates":[[[2.329482,48.899443],[2.329204,48.901231],[2.326489,48.901044],[2.326767,48.899256],[2.329482,48.899443]]]},"properties":{"id":"CRS3035RES200mN2894400E3759400","population":472.0,"households":189.0,"poverty_rate":0.2804232804232804,"senior_rate":0.211864406779661,"single_parent_rate":0.2804232804232804,"social_housing_rate":1.0,"imputed":false,"vulnerability":52.8}},{"type":"Feature","geometry":{"type":"Polygon","coordinates":[[[2.332197,48.899631],[2.33192,48.901418],[2.329204,48.901231],[2.329482,48.899443],[2.332197,48.899631]]]},"properties":{"id":"CRS3035RES200mN2894400E3759600","population":21.0,"households":10.1,"poverty_rate":0.2277227722772277,"senior_rate":0.22380952380952382,"single_parent_rate":0.2277227722772277,"social_housing_rate":0.0,"imputed":true,"vulnerability":33.5}},{"type":"Feature","geometry":{"type":"Polygon","coordinates":[[[2.334912,48.899817],[2.334635,48.901605],[2.33192,48.901418],[2.332197,48.899631],[2.334912,48.899817]]]},"properties":{"id":"CRS3035RES200mN2894400E3759800","population":102.0,"households":90.0,"poverty_rate":0.4666666666666667,"senior_rate":0.0,"single_parent_rate":0.011111111111111112,"social_housing_rate":0.0,"imputed":false,"vulnerability":23.8}},{"type":"Feature","geometry":{"type":"Polygon","coordinates":[[[2.337627,48.900004],[2.33735,48.901792],[2.334635,48.901605],[2.334912,48.899817],[2.337627,48.900004]]]},"properties":{"id":"CRS3035RES200mN2894400E3760000","population":759.0,"households":301.0,"poverty_rate":0.3023255813953488,"senior_rate":0.18050065876152832,"single_parent_rate":0.2159468438538206,"social_housing_rate":0.8803986710963455,"imputed":false,"vulnerability":47.6}},{"type":"Feature","geometry":{"type":"Polygon","coordinates":[[[2.340342,48.900191],[2.340065,48.901979],[2.33735,48.901792],[2.337627,48.900004],[2.340342,48.900191]]]},"properties":{"id":"CRS3035RES200mN2894400E3760200","population":17.0,"households":11.0,"poverty_rate":0.36363636363636365,"senior_rate":0.35294117647058826,"single_parent_rate":0.0,"social_housing_rate":0.0,"imputed":false,"vulnerability":37.6}},{"type":"Feature","geometry":{"type":"Polygon","coordinates":[[[2.343058,48.900378],[2.34278,48.902166],[2.340065,48.901979],[2.340342,48.900191],[2.343058,48.900378]]]},"properties":{"id":"CRS3035RES200mN2894400E3760400","population":61.0,"households":38.0,"poverty_rate":0.5526315789473685,"senior_rate":0.18032786885245902,"single_parent_rate":0.13157894736842105,"social_housing_rate":0.7631578947368421,"imputed":false,"vulnerability":54.7}},{"type":"Feature","geometry":{"type":"Polygon","coordinates":[[[2.345773,48.900565],[2.345495,48.902353],[2.34278,48.902166],[2.343058,48.900378],[2.345773,48.900565]]]},"properties":{"id":"CRS3035RES200mN2894400E3760600","population":86.0,"households":47.0,"poverty_rate":0.5319148936170213,"senior_rate":0.11627906976744186,"single_parent_rate":0.10638297872340426,"social_housing_rate":0.02127659574468085,"imputed":false,"vulnerability":37.9}},{"type":"Feature","geometry":{"type":"Polygon","coordinates":[[[2.348488,48.900751],[2.34821,48.902539],[2.345495,48.902353],[2.345773,48.900565],[2.348488,48.900751]]]},"properties":{"id":"CRS3035RES200mN2894400E3760800","population":267.5,"households":133.0,"poverty_rate":0.2706766917293233,"senior_rate":0.07850467289719626,"single_parent_rate":0.11278195488721804,"social_housing_rate":0.0,"imputed":false,"vulnerability":22.7}},{"type":"Feature","geometry":{"type":"Polygon","coordinates":[[[2.351203,48.900938],[2.350926,48.902726],[2.34821,48.902539],[2.348488,48.900751],[2.351203,48.900938]]]},"properties":{"id":"CRS3035RES200mN2894400E3761000","population":618.0,"households":254.0,"poverty_rate":0.3110236220472441,"senior_rate":0.16828478964401294,"single_parent_rate":0.15748031496062992,"social_housing_rate":0.5748031496062992,"imputed":false,"vulnerability":40.2}},{"type":"Feature","geometry":{"type":"Polygon","coordinates":[[[2.353918,48.901124],[2.353641,48.902912],[2.350926,48.902726],[2.351203,48.900938],[2.353918,48.901124]]]},"properties":{"id":"CRS3035RES200mN2894400E3761200","population":151.0,"households":78.0,"poverty_rate":0.3974358974358974,"senior_rate":0.24503311258278146,"single_parent_rate":0.0641025641025641,"social_housing_rate":0.47435897435897434,"imputed":false,"vulnerability":43.2}},{"type":"Feature","geometry":{"type":"Polygon","coordinates":[[[2.359348,48.901497],[2.359071,48.903285],[2.356356,48.903099],[2.356633,48.901311],[2.359348,48.901497]]]},"properties":{"id":"CRS3035RES200mN2894400E3761600","population":27.0,"households":26.0,"poverty_rate":0.2692307692307692,"senior_rate":0.037037037037037035,"single_parent_rate":0.0,"social_housing_rate":0.0,"imputed":false,"vulnerability":15.5}},{"type":"Feature","geometry":{"type":"Polygon","coordinates":[[[2.362063,48.901684],[2.361787,48.903471],[2.359071,48.903285],[2.359348,48.901497],[2.362063,48.901684]]]},"properties":{"id":"CRS3035RES200mN2894400E3761800","population":147.5,"households":72.0,"poverty_rate":0.4583333333333333,"senior_rate":0.2847457627118644,"single_parent_rate":0.125,"social_housing_rate":1.0,"imputed":false,"vulnerability":59.0}},{"type":"Feature","geometry":{"type":"Polygon","coordinates":[[[2.321059,48.90067],[2.320781,48.902458],[2.318066,48.90227],[2.318344,48.900482],[2.321059,48.90067]]]},"properties":{"id":"CRS3035RES200mN2894600E3758800","population":888.5,"households":341.0,"poverty_rate":0.18181818181818182,"senior_rate":0.10016882386043895,"single_parent_rate":0.17008797653958943,"social_housing_rate":0.6158357771260997,"imputed":false,"vulnerability":31.2}},{"type":"Feature","geometry":{"type":"Polygon","coordinates":[[[2.323774,48.900857],[2.323496,48.902645],[2.320781,48.902458],[2.321059,48.90067],[2.323774,48.900857]]]},"properties":{"id":"CRS3035RES200mN2894600E3759000","population":112.0,"households":44.0,"poverty_rate":0.13636363636363635,"senior_rate":0.08928571428571429,"single_parent_rate":0.045454545454545456,"social_housing_rate":0.22727272727272727,"imputed":false,"vulnerability":17.1}}]}
